hour_index,day_of_year,hour_of_day,temperature_c,wind_speed_ms,solar_irradiance_wm2,is_polar_night,is_polar_day,temperature_c_forecast,wind_speed_ms_forecast,solar_irradiance_wm2_forecast
48,3,0,1.87,3.76,0.0,False,True,1.2848370520781474,8.222126159245573,14.425999458293655
49,3,1,0.72,20.8,31.5,False,True,0.5104017763658196,11.341558490544564,48.475262133152334
50,3,2,1.36,14.88,147.8,False,True,1.038137316157488,10.581097349459803,125.19668864111762
51,3,3,2.36,5.97,225.8,False,True,1.295109198432165,9.046797342953488,152.4186666772565
52,3,4,-1.4,18.3,285.5,False,True,0.6364774757075414,11.743316673380424,204.70130124368424
53,3,5,1.36,14.09,201.8,False,True,0.5361031641460616,11.70511133635934,245.46281754076503
54,3,6,1.58,5.51,327.8,False,True,1.9137718432290114,8.345026472582877,314.8321036925779
55,3,7,1.76,14.38,333.1,False,True,2.4319433997331776,10.51865868604622,342.48111419903574
56,3,8,2.97,2.24,362.5,False,True,2.9154073560334077,6.905438038924782,377.5375142689814
57,3,9,6.92,6.88,364.2,False,True,3.9207245785528473,8.030404289340769,402.44647775520593
58,3,10,2.52,8.38,559.1,False,True,3.7218886198171153,7.814938536290464,446.32868148764356
59,3,11,6.38,5.69,520.2,False,True,4.60694779835096,10.178618504706314,458.46540002172935
60,3,12,1.15,5.58,544.9,False,True,2.1760093198803303,7.779681385529114,478.26956083327764
61,3,13,3.78,8.04,250.3,False,True,3.2646468899223438,7.917661841024301,340.8346315540423
62,3,14,4.57,15.16,375.1,False,True,3.6090209400289206,11.452970434450542,405.6491601170414
63,3,15,5.1,16.58,420.6,False,True,3.851530156819745,11.65540062107257,435.19156065556103
64,3,16,4.94,5.43,413.2,False,True,3.111969402983511,7.786057997382452,367.65502655368243
65,3,17,4.62,5.33,446.0,False,True,2.5882418478638716,7.304987644872589,361.52455535675557
66,3,18,1.82,10.45,212.2,False,True,2.3977648387148482,8.761010560830256,232.4060373988823
67,3,19,1.07,25.41,165.8,False,True,1.305425821811634,14.269347906109196,263.7621753413611
68,3,20,3.23,13.35,280.8,False,True,1.6431156598384908,12.03549769650937,209.8641864926049
69,3,21,0.72,13.52,161.6,False,True,1.3183079183180706,10.354618274998852,183.08087088881788
70,3,22,-1.77,4.5,112.4,False,True,0.9606498705380893,7.845057189327631,101.86291970142872
71,3,23,-1.68,2.9,73.1,False,True,0.3065751086902772,8.151698826611899,60.14930355319766
72,4,0,-1.4,9.72,0.0,False,True,-0.5349917213595142,8.263397787953483,1.9163511321721824
73,4,1,1.5,8.08,65.7,False,True,0.1055188144479752,8.696714636272455,33.02144346389939
74,4,2,0.99,2.04,79.4,False,True,0.9332780198315795,8.104635269238615,115.66845174141044
75,4,3,2.41,2.86,177.5,False,True,1.3290192967056382,7.3232818543196645,162.15703314696378
76,4,4,0.59,9.48,201.0,False,True,1.0001935912915083,7.899195764331781,192.62763354880863
77,4,5,2.24,6.74,280.0,False,True,1.7042410141225814,8.332880509898573,270.2037455830043
78,4,6,3.69,9.59,316.2,False,True,2.319890295644094,8.504254320909027,314.6352918267897
79,4,7,2.34,3.89,197.9,False,True,2.7444381350509683,8.062880519218263,315.89673231392743
80,4,8,4.36,9.94,315.1,False,True,2.8634235406688515,7.655296983014569,331.44226233671134
81,4,9,2.53,8.59,374.0,False,True,3.474059488036685,7.943160542503674,389.23220632184416
82,4,10,3.45,10.31,405.8,False,True,3.855430029674653,8.595321136075135,387.1265419334152
83,4,11,3.61,5.64,273.4,False,True,4.069347763380417,7.967597396807819,405.818590121679
84,4,12,2.05,4.99,563.5,False,True,4.325980673827517,8.551109061509118,503.5892913917202
85,4,13,5.35,3.13,357.3,False,True,3.552806315011616,8.378031893350851,418.1372218286929
86,4,14,3.24,6.14,402.0,False,True,3.806429355370297,8.235296145134201,372.3402056523739
87,4,15,3.88,12.16,442.5,False,True,3.762725286843442,8.96930170564133,403.1163315826217
88,4,16,4.4,13.82,432.0,False,True,2.8330497935391894,9.434673835410809,354.21990520990204
89,4,17,3.85,3.69,298.4,False,True,2.704454588597554,8.105602177798366,322.48868826201874
90,4,18,3.77,7.06,202.6,False,True,2.67668444815917,8.42980335847572,268.36398471276925
91,4,19,1.73,15.27,191.5,False,True,1.8746471978627384,9.2075361174777,238.40226433720287
92,4,20,0.6,16.3,149.7,False,True,1.515893564447766,8.324902929088667,246.35340327738913
93,4,21,0.87,6.01,125.5,False,True,1.3577471147969755,8.56583052793631,160.02495464762674
94,4,22,-2.66,12.69,118.4,False,True,0.0638429099401214,9.317981239237875,113.04765634571767
95,4,23,-2.38,11.63,56.5,False,True,-0.2538433633912064,8.822633721067579,76.70488908820892
96,5,0,-2.28,11.16,0.0,False,True,-1.2986110923697458,9.500146680540992,5.670292190830247
97,5,1,-1.56,17.61,63.4,False,True,-0.3939665497419229,8.947756864145854,65.90118217625285
98,5,2,1.43,5.25,68.1,False,True,0.06990578116608842,8.665258650856392,88.48064846051862
99,5,3,-0.86,6.67,217.2,False,True,0.8537556328642798,8.767626203028662,191.73185307861948
100,5,4,0.61,6.56,221.9,False,True,0.3210859142071923,8.763871613936635,273.37684801495914
101,5,5,4.44,7.02,275.5,False,True,1.5802444580893003,9.173134001658644,289.60765105986684
102,5,6,1.65,17.18,242.5,False,True,2.5166307727383166,8.22972194655653,318.2287305946616
103,5,7,4.36,6.12,336.5,False,True,2.4541363684441855,8.013827248985827,279.5674836296537
104,5,8,1.5,8.8,340.7,False,True,3.0521463997456197,8.27016221277949,356.2907693040545
105,5,9,3.37,8.64,537.9,False,True,3.500587513083783,8.112677878385224,387.43344026059265
106,5,10,2.2,7.07,258.3,False,True,3.822642306114275,7.956832401884407,361.9933255485789
107,5,11,3.62,3.83,401.7,False,True,3.4774219070682038,8.127407279083975,408.7752123980106
108,5,12,6.04,7.56,524.9,False,True,4.467963680902175,8.04845442382881,443.9507361526501
109,5,13,0.84,2.01,432.3,False,True,3.6835983817279083,8.086776535839538,413.38319839374293
110,5,14,4.96,9.25,428.4,False,True,3.310883048897108,8.902734696051471,382.39011406288154
111,5,15,4.25,1.79,524.8,False,True,3.5398029619768567,7.574416098884862,386.94142475445466
112,5,16,2.17,8.83,325.0,False,True,3.251208205296247,9.327337970742816,354.8726684905664
113,5,17,-0.01,5.1,191.0,False,True,2.0312542574764607,7.588060488830969,297.67578083100886
114,5,18,2.51,4.14,405.3,False,True,2.3449124845274842,8.715775218681522,268.70557868757834
115,5,19,0.79,10.53,153.3,False,True,1.7488782839907477,8.410803065013285,203.3842162396958
116,5,20,1.83,5.75,263.5,False,True,1.4788751466463517,8.10717717079678,182.85674019279537
117,5,21,0.99,7.36,111.1,False,True,0.919040780752793,8.641372341637824,138.25128704167426
118,5,22,3.83,2.67,64.0,False,True,0.7387319077515307,8.506888788348139,125.64909975539011
119,5,23,-0.05,14.33,48.0,False,True,-0.3165766284357057,8.919724838348818,45.24701920707676
120,6,0,-1.77,7.74,0.0,False,True,-0.25115313577374043,7.313488903372049,5.670292190830247
121,6,1,0.71,7.73,33.1,False,True,0.012929071785705744,8.257244380428386,65.90118217625285
122,6,2,0.99,12.88,86.6,False,True,0.685965588927315,9.806025636614443,70.59921362000577
123,6,3,3.58,9.35,130.3,False,True,0.7668723450704598,9.147407243234264,169.43958008351348
124,6,4,2.95,1.28,137.1,False,True,1.6482583222077736,8.179409484651991,217.54546020601592
125,6,5,2.47,15.05,166.4,False,True,2.1290666503514304,8.534490529514464,257.02887023966264
126,6,6,5.21,6.0,400.9,False,True,2.7932971035207323,8.009696792161094,277.8832643848025
127,6,7,0.42,14.6,389.0,False,True,2.638562315366695,9.830620701505294,311.0292283218392
128,6,8,2.0,5.89,304.8,False,True,2.873672036603295,6.9976777895016316,358.22807988135145
129,6,9,1.84,5.18,301.0,False,True,3.0361244738524853,8.017755528525807,391.1930188234425
130,6,10,3.23,9.03,246.7,False,True,3.5130371705802137,9.130328381791644,383.494564776195
131,6,11,1.46,18.9,366.0,False,True,3.7677236736749857,9.921726459862564,418.2534754469029
132,6,12,5.55,12.68,348.4,False,True,4.490243642806155,9.156561414434158,385.4261601362775
133,6,13,3.77,9.53,565.3,False,True,3.674062214481387,8.759505138424203,421.2900150793486
134,6,14,1.07,8.95,308.5,False,True,3.877773025928037,7.094317682738975,388.1714663173536
135,6,15,1.66,7.53,356.5,False,True,2.8109672780857586,7.333498068599208,392.35094254474967
136,6,16,3.91,14.27,420.5,False,True,2.760823959047251,8.203125069405347,359.16670134015425
137,6,17,4.47,10.67,282.1,False,True,2.750904840718337,7.9754823755057,257.43873499620116
138,6,18,6.27,18.09,368.7,False,True,2.67668444815917,10.959177760800111,305.00841121530505
139,6,19,7.59,4.15,305.3,False,True,3.8126779152164754,9.231678637384322,226.945424788174
140,6,20,2.11,9.7,126.4,False,True,1.4328630546121033,8.23100028298486,202.57949995576473
141,6,21,-1.11,3.74,209.7,False,True,0.0027910951387873214,7.47707525278138,137.57257333632776
142,6,22,-3.72,7.71,96.0,False,True,-2.187896472533706,8.403897686063164,89.1402836821261
143,6,23,0.88,11.11,35.8,False,True,-1.0076060357493524,8.139716548094647,42.4294518229692
144,7,0,-1.44,9.06,0.0,False,True,-1.3969561541405753,8.384538111528883,5.670292190830247
145,7,1,-0.57,3.4,66.4,False,True,-0.385674375931761,8.186408552551852,39.71955486568893
146,7,2,-0.77,4.29,68.7,False,True,0.5844127125977501,8.642667836638788,105.83672235120255
147,7,3,0.49,9.2,140.6,False,True,-0.06450167025425396,8.106455082906844,166.03138621265956
148,7,4,3.32,17.86,281.2,False,True,1.2305225610133932,9.045305948362266,182.15367398551987
149,7,5,1.99,6.89,292.8,False,True,2.028158888795292,8.763810977138695,261.9070264127909
150,7,6,1.87,26.31,305.6,False,True,2.4560768750735127,8.412339374259773,329.4087591130981
151,7,7,0.64,9.1,334.4,False,True,2.6057147708028943,10.539896585404344,330.15905255231536
152,7,8,-0.16,5.07,397.5,False,True,2.8634235406688515,6.923914193849233,351.7268880038828
153,7,9,2.63,11.37,438.9,False,True,3.160551066947984,7.613063824050837,388.99001471972423
154,7,10,3.81,2.62,255.8,False,True,3.677570023315006,8.178844751234402,392.4780499278935
155,7,11,7.66,10.96,357.2,False,True,3.9669947892506556,8.831484498126713,421.59801076351505
156,7,12,4.45,9.38,429.6,False,True,4.435014976084809,7.986265195703184,415.70458604052595
157,7,13,6.09,5.34,498.6,False,True,3.616183384008989,8.50489668557473,467.84245588706165
158,7,14,2.92,3.94,490.1,False,True,3.2748347230327424,6.681071776395821,379.0162506134866
159,7,15,1.23,5.6,423.1,False,True,3.4169202187353944,7.952016906845215,378.6696703634982
160,7,16,1.26,4.86,390.7,False,True,2.09392573290159,8.310645483387436,366.5795332854842
161,7,17,1.26,6.3,295.4,False,True,2.160002789121455,8.151137358369292,304.6963690125558
162,7,18,6.45,5.92,382.2,False,True,2.598940711097027,8.785967269646816,316.85612313253694
163,7,19,0.03,5.34,346.9,False,True,1.2266016579625822,8.202490279016049,242.37461053012842
164,7,20,2.87,2.55,272.3,False,True,1.6166621508493135,7.374956907027602,193.1383079927861
165,7,21,-1.03,3.61,212.0,False,True,-0.13303619233856462,8.13052053614443,202.9925895795865
166,7,22,2.32,12.28,146.8,False,True,0.5281356611201433,8.410797234534039,123.5108966668747
167,7,23,1.03,5.43,40.8,False,True,0.8258108361453241,8.534941280719915,49.368473268584616
168,8,0,-0.22,6.37,0.0,False,True,-0.4482539624196515,8.160427306791377,5.670292190830247
169,8,1,0.08,5.75,56.4,False,True,0.21811584238998816,8.049725320848852,65.90118217625285
170,8,2,-0.95,14.44,107.3,False,True,0.5059783397496048,8.644251460102744,70.59921362000577
171,8,3,1.57,4.79,208.7,False,True,1.012105016822128,7.513783103277178,143.56805288583706
172,8,4,0.18,4.6,178.5,False,True,1.5100202334424013,8.650282713970451,219.1159943804078
173,8,5,-0.87,9.49,181.5,False,True,1.6141545563627735,9.457010436566462,219.75300570280754
174,8,6,-0.46,8.02,239.5,False,True,1.8792734499348493,8.135503402884103,276.993171373436
175,8,7,2.96,9.62,231.3,False,True,1.6082529364339424,8.07768164996573,321.6329668001909
176,8,8,6.25,9.32,334.0,False,True,2.852150637788467,8.029111515212016,364.84074354603314
177,8,9,3.83,11.52,260.6,False,True,3.5613024750374547,8.288434077358577,376.8742139912684
178,8,10,3.59,3.35,262.3,False,True,3.8415163354446578,7.962954507640041,379.977073233638
179,8,11,4.6,9.03,398.9,False,True,3.6938455982022016,8.113124036846619,417.5167260902369
180,8,12,6.71,4.62,456.4,False,True,4.704436939729059,7.977411894192729,416.2907526778426
181,8,13,4.47,2.08,454.8,False,True,3.8330637165752557,8.241386392408897,384.2624650266491
182,8,14,3.01,9.29,263.9,False,True,3.5319679578199885,7.202464131864668,391.8261093396246
183,8,15,5.72,9.01,544.9,False,True,3.2712008932203926,7.8938976014784545,389.41695572723467
184,8,16,3.95,7.21,245.8,False,True,3.3390422735082095,8.540751300744297,337.45401710598975
185,8,17,5.68,11.62,379.0,False,True,2.7444867747927253,8.1183543550883,293.73910817293694
186,8,18,2.46,4.64,395.9,False,True,2.344206939213541,8.107089285379796,335.5006466057478
187,8,19,-0.87,10.05,340.0,False,True,0.9980910912542728,8.21174040029855,293.890151356992
188,8,20,-1.64,6.67,212.2,False,True,-0.029542596738582873,7.930477841831541,206.88525070369826
189,8,21,3.98,6.94,130.1,False,True,-0.5775899928095289,8.692498240968687,242.18355043177823
190,8,22,3.81,2.28,139.3,False,True,0.7231913835535557,8.030276396352694,117.33945952359002
191,8,23,-0.2,11.68,60.1,False,True,0.9354182639425244,7.286868869426393,47.47873541704558
192,9,0,-0.77,8.84,0.0,False,True,0.07314169530456259,7.906778821854335,5.670292190830247
193,9,1,2.99,9.86,50.1,False,True,-0.0671551006989681,9.081681953251172,41.94324381138015
194,9,2,-1.95,4.28,147.2,False,True,-0.1324321111866128,8.229080637708329,112.78260784791826
195,9,3,-1.21,8.32,219.9,False,True,0.5661471292518632,8.099013101007694,195.59850948465527
196,9,4,2.28,6.66,252.7,False,True,1.0135574557858424,8.012001239386633,257.1819296248276
197,9,5,0.69,9.07,352.7,False,True,0.9651519722513868,8.564073971091256,278.2737108670854
198,9,6,1.99,8.13,285.1,False,True,1.7342595144301014,7.879737763272724,318.9718319140995
199,9,7,2.19,15.83,245.9,False,True,1.9637865075056888,7.909569313354915,312.1215154556906
200,9,8,3.67,13.42,412.3,False,True,2.6945164346201973,8.757662011670499,359.509327234203
201,9,9,6.22,6.27,439.0,False,True,3.684201717099746,8.400487859739274,397.0299311406318
202,9,10,3.91,9.28,402.7,False,True,3.462089649711726,8.800858580669273,391.9401878086791
203,9,11,5.22,5.99,331.0,False,True,4.152638182711178,8.137889470431798,411.9947656182956
204,9,12,-0.1,11.47,464.8,False,True,1.497930913330891,7.835549188295235,418.26870614465474
205,9,13,3.83,6.81,302.5,False,True,3.372150406767327,8.602339644206145,423.08556761198736
206,9,14,2.04,5.56,493.8,False,True,3.350810612385163,8.440857164441148,395.10538926143363
207,9,15,0.97,8.27,523.3,False,True,3.3441126313325205,8.293575817662015,445.6068627495345
208,9,16,1.24,12.9,259.8,False,True,2.7178412454931458,8.146623051959216,340.1533278457089
209,9,17,1.84,11.91,424.7,False,True,2.3811905503205897,8.767695069985754,343.9883316991887
210,9,18,3.83,5.73,220.2,False,True,2.2957759118514627,8.20063807360149,332.95118006913344
211,9,19,-1.18,15.14,255.8,False,True,0.9940454364445349,8.267036686631418,287.01172965496215
212,9,20,1.06,4.43,287.3,False,True,0.3655804155317424,8.490789580618141,261.8095887908204
213,9,21,-0.39,5.2,103.2,False,True,0.3695839519175041,8.381266788379603,188.8661187753252
214,9,22,-0.39,11.23,70.5,False,True,0.19922069824212815,8.835267491071695,123.63298894239382
215,9,23,2.07,2.09,76.4,False,True,0.31301872992012336,8.795088129922798,66.45424649167548
216,10,0,0.97,7.37,0.0,False,True,0.4794129729714961,7.589784261293234,5.670292190830247
217,10,1,2.63,6.25,47.4,False,True,0.9662723993706989,8.272299670374787,41.94324381138015
218,10,2,-0.15,15.58,104.9,False,True,-0.027360278313911607,8.682772124456115,116.44098137365421
219,10,3,-0.92,3.98,92.8,False,True,0.44112867272486944,9.019641157240548,204.58148864362198
220,10,4,0.44,4.24,153.9,False,True,0.7048224406666493,7.80077805664887,170.88774568367327
221,10,5,1.86,16.64,327.7,False,True,0.7076165381362383,9.522162806067415,244.91184372912198
222,10,6,2.24,6.29,301.8,False,True,1.3051921025666693,8.162237799231027,308.8962590542391
223,10,7,0.24,12.66,302.9,False,True,2.321292261368856,8.257518027998008,317.1354805229941
224,10,8,3.07,5.76,420.5,False,True,2.7394279712175678,8.31169847539949,370.2409595361207
225,10,9,3.76,5.08,329.7,False,True,3.7696792526070655,7.953773213416437,384.92855807312105
226,10,10,8.66,27.97,384.3,False,True,4.101707196457508,9.720537937684455,392.46248343081896
227,10,11,7.58,18.63,592.6,False,True,5.678923660078536,14.615663573069343,412.4377504990876
228,10,12,2.18,13.46,518.7,False,True,3.731638414482237,11.261325534234178,466.18558284689664
229,10,13,3.25,5.57,435.7,False,True,2.87228221582065,7.400237216376174,435.329411208584
230,10,14,0.7,7.21,415.0,False,True,2.9262290063970307,7.158312733575467,420.0626330578748
231,10,15,2.12,4.34,502.5,False,True,3.2497024067728963,8.129993724550925,408.4499992509014
232,10,16,3.52,4.76,395.2,False,True,2.5465343319834455,8.219805222557621,349.12247537519704
233,10,17,4.82,4.63,287.3,False,True,2.6163956529274,7.325914489334808,317.3426543267908
234,10,18,0.43,5.84,276.1,False,True,2.3481296329711108,10.605541479810446,309.70571617430494
235,10,19,0.06,7.81,186.3,False,True,0.06418544089839612,8.316921008907949,285.81960331324535
236,10,20,-3.4,7.36,292.7,False,True,-0.7991782505093492,8.266920041000605,238.3034907157543
237,10,21,0.15,10.43,181.7,False,True,-0.0754606444182494,8.693224907360698,130.5922735955979
238,10,22,-1.97,8.01,99.3,False,True,0.15242035490910544,8.422048542553659,86.17006550378544
239,10,23,-1.1,9.94,48.2,False,True,-0.17235354028076807,8.369603984747407,78.44271933387067
240,11,0,-1.97,10.73,0.0,False,True,-1.055257483791924,8.063989639321116,5.670292190830247
241,11,1,-0.34,5.62,48.3,False,True,0.044019020390717055,8.396049281959245,39.71955486568893
242,11,2,-3.47,6.74,132.6,False,True,-0.9490733985579167,8.2987609220784,119.66730983257627
243,11,3,-2.57,27.99,206.9,False,True,-1.4152012627547554,8.086555681706844,183.3364204825533
244,11,4,5.04,5.37,283.8,False,True,0.5961295168395109,8.111237740957138,236.9892652649379
245,11,5,-1.31,10.23,227.9,False,True,0.8906742619639073,7.5958657395894695,306.92624922793016
246,11,6,-0.41,3.49,364.5,False,True,1.3669241172602733,6.212589388268723,316.89230403638965
247,11,7,5.97,10.88,283.8,False,True,2.509767311972345,8.101874989600837,322.15948940536936
248,11,8,8.59,4.9,502.2,False,True,4.917123322233849,7.970356786708227,369.564881091162
249,11,9,0.85,7.49,225.4,False,True,2.8673843754748707,7.8364348487753,385.2931089062772
250,11,10,2.78,3.15,430.1,False,True,2.823366721786594,8.382554364149906,394.29631869543454
251,11,11,4.4,7.11,420.0,False,True,3.9262014931560776,8.281121615913031,434.60998004960015
252,11,12,7.24,7.19,555.9,False,True,4.074386692978444,7.823166074064801,439.3936136994693
253,11,13,1.74,6.61,315.2,False,True,3.455871480520022,8.241242001486,404.5581126952854
254,11,14,3.02,9.12,262.2,False,True,2.909471726840084,8.223443687538886,384.5454456878552
255,11,15,4.75,12.42,503.3,False,True,3.538256082301962,7.784988599554107,424.1294265510235
256,11,16,3.65,4.22,317.0,False,True,2.833615977140952,8.083907130900258,350.4756927096113
257,11,17,1.55,6.69,283.2,False,True,2.6861941556253743,7.794001412778991,288.07173095764387
258,11,18,1.51,18.28,196.5,False,True,1.8633414560491541,7.987981989058534,294.4999749387015
259,11,19,-1.49,2.41,347.7,False,True,0.7930231732635152,8.128259513072777,234.0196342651196
260,11,20,0.3,7.96,233.9,False,True,0.14942168947455348,7.255082972523311,260.88587410914033
261,11,21,-0.17,4.04,187.2,False,True,0.3951745990281431,7.5127571947278815,170.58658068033841
262,11,22,0.51,7.32,145.8,False,True,-0.9936134126940277,7.513993748168301,119.98890793202331
263,11,23,-1.26,8.13,71.0,False,True,0.04956080558000137,8.12718284502002,55.39730578614227
264,12,0,0.61,2.68,0.0,False,True,-0.26171271632047327,8.232887601512974,5.670292190830247
265,12,1,1.76,8.76,38.8,False,True,0.3570733511549385,7.943613970310992,41.94324381138015
266,12,2,0.25,12.13,124.8,False,True,-0.27953226688710237,7.955378344035214,116.44098137365421
267,12,3,0.96,9.76,181.5,False,True,-0.019065653214858286,9.510893625744183,178.93659334626642
268,12,4,0.77,4.28,128.5,False,True,1.3225317185241308,8.24454088530751,203.99848485347954
269,12,5,1.15,7.08,343.2,False,True,0.9378662853115947,8.639293532480755,258.76636923069657
270,12,6,0.22,7.5,255.0,False,True,1.7462306136326486,7.784907023375546,320.95232327867154
271,12,7,2.82,6.76,312.9,False,True,2.416697125025468,8.432488425088103,307.46091472288435
272,12,8,2.47,3.39,368.0,False,True,2.6392012506290876,8.209631058363875,358.3567109044541
273,12,9,7.27,4.67,525.1,False,True,3.7653391020654965,8.0474319329241,388.13637381258707
274,12,10,6.55,6.45,291.1,False,True,4.777344299873709,7.6741558264584455,390.5433715997092
275,12,11,4.37,8.07,369.5,False,True,3.9763751919452606,8.052482941843804,382.0446325150428
276,12,12,2.14,5.36,420.5,False,True,2.6215756498839653,8.201910555073791,414.3620221363
277,12,13,1.37,1.45,592.0,False,True,2.8663596105476046,6.9087374484092345,414.43778206901635
278,12,14,5.78,2.24,384.7,False,True,2.978021647227316,7.894455579629792,385.38681075541245
279,12,15,3.61,5.53,354.3,False,True,3.613162572037803,7.339278781340641,365.421617174352
280,12,16,3.63,15.82,499.4,False,True,2.729113735957172,9.705069632204584,411.5958035743878
281,12,17,-1.3,8.79,379.3,False,True,1.8045703839006717,9.196555194418728,301.0853040259396
282,12,18,3.52,7.95,211.3,False,True,1.4511200403663955,8.453661741409073,262.57452632607766
283,12,19,2.06,4.63,184.6,False,True,0.7117173174807553,8.109376969578689,265.7389419402946
284,12,20,-1.55,5.67,236.0,False,True,0.22900231265916246,8.347109676101299,262.480265316076
285,12,21,-0.69,2.14,156.2,False,True,0.359496142509494,7.788822387988125,180.56188672965143
286,12,22,0.46,4.46,63.0,False,True,-0.3895160025973627,7.658381636476179,121.09967976469957
287,12,23,-0.16,8.56,52.4,False,True,-0.7331810149615825,7.808535580456407,67.50867898326794
288,13,0,-1.04,7.98,0.0,False,True,-0.36008789877512126,8.67502049172229,5.670292190830247
289,13,1,-0.59,5.08,66.4,False,True,-0.2726660862741135,8.745188289579433,39.71955486568893
290,13,2,-0.69,6.76,114.2,False,True,-0.4209545172140759,8.251109468527584,119.4223928000685
291,13,3,0.44,7.36,118.7,False,True,-0.34867507646738194,7.925582813801649,198.6686119888389
292,13,4,3.49,5.23,180.4,False,True,1.553264243913012,8.726851433495971,182.95230007712797
293,13,5,-4.1,9.04,364.5,False,True,0.9256419791923388,8.351016208088483,287.1757992021906
294,13,6,1.07,7.91,337.5,False,True,0.3644943776816535,8.445266890970816,332.55063966238686
295,13,7,2.42,5.78,269.3,False,True,2.1892228973637917,8.321706277139219,320.34648189017094
296,13,8,3.14,3.52,437.9,False,True,2.797280685263086,8.163425783472231,367.362402943028
297,13,9,2.22,5.56,252.1,False,True,2.903723806923504,7.647679545543064,340.6703126935126
298,13,10,-0.23,5.36,360.7,False,True,2.9031956966044086,8.791223424915604,380.25877902820787
299,13,11,4.13,5.08,319.7,False,True,3.6926828987138687,6.890519776746221,391.0580314577664
300,13,12,7.0,2.75,562.6,False,True,4.443924763880384,8.633847182873492,426.08981481829466
301,13,13,0.41,13.73,500.3,False,True,3.2652340051369158,9.336624004117617,461.338625722097
302,13,14,5.01,13.4,404.8,False,True,3.6418682062457264,8.028443089799529,374.255400514307
303,13,15,2.3,6.63,357.4,False,True,3.0000537074427522,8.562748487993996,397.46965109266824
304,13,16,2.42,8.05,475.5,False,True,2.516820519809551,8.155516010003398,420.1290327884498
305,13,17,-0.04,8.96,246.2,False,True,1.3911012940605367,8.009517451838551,319.7665711501562
306,13,18,0.88,6.69,188.7,False,True,2.0700728510704702,7.948628020712415,274.1496054847136
307,13,19,3.63,8.34,332.8,False,True,0.5191866783373468,8.121366048481654,256.0064854543063
308,13,20,1.71,9.6,274.2,False,True,0.6192535194348816,8.04041032721158,262.154553902323
309,13,21,3.6,7.76,125.3,False,True,0.5026922089172478,8.203722449506069,158.34001495654465
310,13,22,2.17,10.44,80.3,False,True,1.0430734197747482,7.935970672766959,84.31890720021578
311,13,23,0.49,4.98,65.2,False,True,0.12325094292280864,8.03248090216101,45.24701920707676
312,14,0,2.91,7.08,0.0,False,True,0.31802735136057914,8.13941513826285,5.670292190830247
313,14,1,0.37,23.12,60.6,False,True,0.5762279425514591,8.027818021302366,65.90118217625285
314,14,2,1.35,11.65,127.5,False,True,0.4005584472562186,8.67494600875315,119.4223928000685
315,14,3,-0.58,7.85,177.5,False,True,0.754391483988487,7.94350490780526,153.67914732192028
316,14,4,0.56,4.23,196.8,False,True,0.27002582606997033,8.422175486877535,173.34679542657406
317,14,5,-0.49,7.27,325.0,False,True,0.4794034625759626,8.471783124722531,304.13331091627566
318,14,6,3.4,11.27,406.4,False,True,1.2760881275579048,8.052517499880432,318.3892328854477
319,14,7,-0.42,10.13,392.0,False,True,2.3040817171591153,8.986600750529266,328.8737158646913
320,14,8,3.99,2.36,338.5,False,True,2.1034493050614955,7.803359735373748,357.4241033529734
321,14,9,2.46,2.82,552.9,False,True,3.501493351170955,7.900829762672471,422.53441802443916
322,14,10,5.5,2.9,388.1,False,True,3.471231955603332,7.188024280403297,397.366909208777
323,14,11,4.86,9.03,279.4,False,True,3.9193973125880044,8.533804130343352,404.4379680554304
324,14,12,7.06,2.92,305.7,False,True,4.838286010442683,8.655126696142627,409.0294565798089
325,14,13,4.82,4.13,362.1,False,True,3.3397578755285333,8.116997649800354,392.1053159356509
326,14,14,0.01,6.56,291.3,False,True,2.259294964490118,7.9693999286035595,378.33322691325384
327,14,15,2.7,12.19,480.6,False,True,3.021353586264198,8.292652873848265,373.6527832112914
328,14,16,0.08,9.25,212.2,False,True,2.1564512631153243,8.218264583061796,362.508449764723
329,14,17,0.9,6.15,306.3,False,True,1.1898394139118889,7.870430924189938,300.9122901293067
330,14,18,4.45,10.59,393.3,False,True,1.8952569747678807,8.061463709183652,260.3946045006322
331,14,19,2.18,18.1,171.9,False,True,1.5309906106924829,9.566380508731008,245.53735520511165
332,14,20,-0.98,7.3,223.7,False,True,0.3500860764355069,8.512766695366565,234.85620809602545
333,14,21,-2.02,3.4,220.5,False,True,-0.5405197567486636,7.744722829576146,136.16734891665308
334,14,22,-0.24,4.21,68.8,False,True,0.06908455887546401,7.886628494265939,96.95352287879342
335,14,23,-2.94,4.19,47.8,False,True,-0.1429544919480207,7.587970128241666,67.50867898326794
336,15,0,-2.05,4.72,0.0,False,True,-0.9653415285711762,8.13125854968064,5.670292190830247
337,15,1,-0.01,5.93,63.4,False,True,-0.6753731092233659,7.930635670167742,65.90118217625285
338,15,2,1.87,8.19,101.0,False,True,-0.30966148828554946,8.202575653446345,119.66730983257627
339,15,3,1.1,3.1,222.4,False,True,0.21577811518117304,8.36606839599263,168.11556234977326
340,15,4,-4.29,3.45,244.4,False,True,1.3182041152549901,8.085396088435113,213.79388943849713
341,15,5,1.38,9.56,278.0,False,True,-0.9748990095068586,7.845641250164611,307.8174347559383
342,15,6,1.44,5.38,401.4,False,True,1.863771880069538,7.800858786372044,331.21348504390784
343,15,7,2.64,4.44,227.4,False,True,1.7256338852253177,8.238582576765975,327.2745876210092
344,15,8,5.53,21.29,452.1,False,True,3.0719247774506337,8.54497513904801,363.3618711053908
345,15,9,-1.42,13.24,464.5,False,True,3.2040858634338076,9.461335641685148,383.3333684206265
346,15,10,1.84,10.22,465.9,False,True,2.8384110677449867,9.206257245269871,392.7315122370826
347,15,11,4.41,9.87,465.7,False,True,3.7097157493085,8.408455160910512,412.52438372125425
348,15,12,0.13,15.52,284.8,False,True,2.603782443840835,9.734525506636565,378.1572580890541
349,15,13,6.18,8.38,528.5,False,True,3.3685545292610772,8.007175439736427,450.1665641425501
350,15,14,3.76,31.22,452.7,False,True,3.2612878788075377,8.364573846497336,389.71578853143734
351,15,15,4.4,16.87,478.3,False,True,3.161957724869969,13.05928669067545,381.61031998007195
352,15,16,1.15,3.16,481.0,False,True,2.2766949938202026,5.107824203956321,376.3979410755499
353,15,17,3.44,2.65,345.3,False,True,1.8721597691139944,5.810779375764085,311.50773477822025
354,15,18,3.43,4.03,413.3,False,True,2.291141739873936,8.270003102253094,323.25861397038193
355,15,19,1.24,12.59,170.0,False,True,1.5981638781591774,7.842058946347556,275.82044865175186
356,15,20,0.76,6.35,120.7,False,True,0.5360742672763281,8.307285605385028,226.51531296015258
357,15,21,0.42,5.94,137.3,False,True,0.24798769976398616,8.312761236882888,175.99407566067984
358,15,22,-2.17,10.73,82.3,False,True,0.3860631992049145,8.044829827399028,77.322563152771
359,15,23,-0.93,5.23,57.3,False,True,-0.8471239943167777,8.138614648104586,41.32705167270403
360,16,0,-1.15,7.84,0.0,False,True,-1.3450518136369354,8.137957768315369,5.670292190830247
361,16,1,-0.01,9.56,63.7,False,True,-0.04479029883295941,8.180626560083542,65.90118217625285
362,16,2,1.43,4.24,150.2,False,True,0.7290641492224641,8.308654738046586,119.4223928000685
363,16,3,-2.37,3.71,197.8,False,True,0.14598881501961644,8.05693143975248,201.12750136079327
364,16,4,-0.09,7.28,195.6,False,True,-0.5532407787816551,8.423564459088833,254.94544384503934
365,16,5,3.6,7.76,362.1,False,True,0.4597089133249518,8.718167580649197,286.13386153493786
366,16,6,-0.33,10.32,366.0,False,True,2.151761927267941,8.19859637026864,324.28148860754436
367,16,7,0.03,3.98,422.0,False,True,0.9119345610373929,7.601875983082293,334.8451724215257
368,16,8,2.56,4.8,271.7,False,True,2.828045388761321,7.979900592963307,365.6100137175022
369,16,9,4.26,16.78,450.2,False,True,2.660374965134539,8.408005039187097,371.93820051622237
370,16,10,2.91,11.52,256.4,False,True,3.6542419787830642,9.026248799775823,391.6936457526362
371,16,11,5.75,6.67,321.9,False,True,4.011508241088649,8.351634792448579,420.01066133386536
372,16,12,4.87,12.44,245.9,False,True,3.698635218845797,10.733100665800839,377.1834114482033
373,16,13,4.77,3.98,489.7,False,True,3.7143336878647366,8.901984032777195,428.699525835327
374,16,14,4.0,6.27,239.1,False,True,3.1587490927523754,8.182826981905102,380.30002244120806
375,16,15,7.23,0.96,371.1,False,True,4.2478219950388985,8.118217093549656,406.4428309112007
376,16,16,1.75,7.73,410.1,False,True,2.3021812733395315,8.782029831390982,346.87067782197573
377,16,17,-2.33,5.9,277.5,False,True,0.3949978861313475,7.104128738489737,288.4078311555999
378,16,18,4.37,6.01,263.2,False,True,2.010009885716505,7.387206411298759,321.1985557148993
379,16,19,-0.27,10.06,336.4,False,True,1.2371283801121882,8.182017611950856,185.947527945384
380,16,20,0.38,11.6,282.3,False,True,0.06661391129611588,8.559320937310787,187.8116862837327
381,16,21,2.36,5.57,210.1,False,True,0.025945715184633063,8.628271324433474,187.8116862837327
382,16,22,-3.78,3.26,132.0,False,True,-0.3733026089426574,8.354702251800115,96.48884267597329
383,16,23,-3.28,2.87,44.4,False,True,-1.966418816564433,8.337095882373303,72.600823570333
384,17,0,-4.18,2.0,0.0,False,True,-2.3242234829715587,8.086228541581683,5.670292190830247
385,17,1,-2.5,15.39,54.3,False,True,-1.2405333318334322,10.859565803029811,65.90118217625285
386,17,2,0.17,10.08,148.2,False,True,-0.5299900246828579,8.317125672646997,119.93872090592455
387,17,3,0.65,8.99,122.6,False,True,-0.314535131405244,8.72690743593394,213.85312518208036
388,17,4,0.57,5.18,157.7,False,True,-0.2729270136167591,9.713633214205414,204.7206817181272
389,17,5,-2.32,5.17,317.0,False,True,0.8138827965962823,8.594056785075106,273.45428870893386
390,17,6,-3.6,26.79,320.4,False,True,0.5586794405290185,8.746029369105196,329.93185001722543
391,17,7,1.65,2.66,305.9,False,True,0.6851444362188662,6.9928656196011865,329.1373352470961
392,17,8,1.08,5.7,476.8,False,True,1.9809505665268847,6.338889601853659,373.4515211860939
393,17,9,3.35,12.64,415.5,False,True,2.226532871615726,10.15412934661334,394.60117080925096
394,17,10,4.16,5.69,551.8,False,True,3.0950152931678243,8.183038022213102,419.10642341261774
395,17,11,3.23,9.83,369.3,False,True,3.5710101538399166,8.428669272846752,407.2819879418791
396,17,12,4.54,6.81,399.9,False,True,3.4069266573389854,8.020781309240009,404.41774829004845
397,17,13,3.41,1.18,264.5,False,True,3.2053323491625765,8.621191793251567,441.3370295105049
398,17,14,3.81,6.66,359.7,False,True,3.2781998538035935,7.910400064935892,396.3552502639024
399,17,15,1.03,7.35,281.5,False,True,2.5218534485262216,7.572243043115477,383.51525228775563
400,17,16,1.66,6.39,218.1,False,True,1.9319412238817335,8.24033361286251,358.52149219357597
401,17,17,1.93,3.6,263.5,False,True,0.7992695602458196,7.881282624269005,290.03375506080204
402,17,18,2.66,6.43,294.6,False,True,1.7429215955881774,7.878097986399106,298.7549178929398
403,17,19,-0.28,2.09,200.3,False,True,1.1110775850112713,8.764891757212366,226.23046694001343
404,17,20,1.06,5.66,139.6,False,True,0.4941271588609042,8.155042118227396,197.1646047175765
405,17,21,-0.93,10.22,154.1,False,True,0.2849602468859777,7.874279450946727,182.0093936706737
406,17,22,-0.95,14.96,75.9,False,True,-1.824036899180897,8.638534103712432,116.80159740437573
407,17,23,0.75,28.73,35.4,False,True,-1.546489472559845,14.181854803167086,41.32705167270403
408,18,0,-5.11,3.92,0.0,False,True,-1.8562526704146547,7.230584178499929,5.670292190830247
409,18,1,-3.65,2.95,53.7,False,True,-1.8972249111998594,5.468500078284158,41.94324381138015
410,18,2,-3.82,7.73,136.9,False,True,-1.3207203243267887,7.701355484509226,119.66730983257627
411,18,3,-5.2,7.11,115.4,False,True,-2.0005621123997406,8.51987628762691,181.05020847273443
412,18,4,-1.48,9.46,203.1,False,True,-0.7289013909869344,8.425266305350096,195.6570153622486
413,18,5,1.86,4.95,165.8,False,True,-0.35786602071371715,8.108932431049825,307.21839165318625
414,18,6,0.31,7.22,274.5,False,True,-0.7400307720174073,7.693169804708392,276.993171373436
415,18,7,1.79,7.02,426.4,False,True,1.2503085624750632,8.363861588204779,304.19723130976575
416,18,8,4.06,5.76,486.2,False,True,1.8831710172824845,8.633654168783998,362.52385460433555
417,18,9,4.95,2.55,394.4,False,True,3.3206274489806478,8.044899591222059,390.2386618832839
418,18,10,2.47,10.15,331.4,False,True,3.0304403423290815,7.640140159362908,366.47968040410194
419,18,11,5.52,7.76,499.7,False,True,3.060540644172838,8.188133764932589,434.03264220209667
420,18,12,3.06,10.51,470.0,False,True,3.2913550369931572,8.451165235327345,397.4652313103574
421,18,13,1.13,11.79,405.9,False,True,2.594781032991573,9.780854515731175,434.50115249003915
422,18,14,1.42,6.7,397.1,False,True,2.5348713499515507,8.162118591902601,397.83931654281304
423,18,15,-0.67,10.18,385.8,False,True,1.9783009838040695,8.397121715094688,385.77163459546244
424,18,16,0.1,15.14,313.6,False,True,1.4407498754500816,8.24206366573552,341.5201589855699
425,18,17,0.68,17.59,338.6,False,True,0.3472135177020244,8.25876508011594,297.87290241276264
426,18,18,2.48,8.24,184.3,False,True,1.2665045591735107,8.111005185347219,292.0193575524156
427,18,19,3.8,8.58,271.1,False,True,0.6108023555291708,7.30667264059782,255.3445809432013
428,18,20,-2.89,8.17,209.3,False,True,0.7650075360126426,8.224390050405468,193.0027782798756
429,18,21,0.25,9.29,149.8,False,True,-0.6918991892145049,8.23384863838669,203.47537754672894
430,18,22,-2.94,11.53,92.3,False,True,-1.3984753762784403,8.459514371222747,91.91920709713449
431,18,23,-0.11,8.09,60.5,False,True,-1.522856572893939,9.316064341375634,42.4294518229692
432,19,0,-1.53,17.08,0.0,False,True,-2.176841470337963,9.34886289260654,5.670292190830247
433,19,1,-4.87,15.86,36.1,False,True,-2.062602235428176,8.665258650856392,41.94324381138015
434,19,2,0.85,7.34,97.0,False,True,-1.8760314877361919,8.239662843751399,119.4223928000685
435,19,3,-1.9,7.32,102.4,False,True,-1.2977681176022704,8.155239704586213,133.78132264914495
436,19,4,-1.34,5.53,188.3,False,True,-0.4715584116871283,9.07645119414359,171.36217738681827
437,19,5,-1.93,24.55,262.9,False,True,-0.6115146694608049,8.939462277796446,249.410481455521
438,19,6,-0.58,6.04,269.2,False,True,-0.1883173625061115,6.822513088875437,310.3620200827947
439,19,7,2.1,5.39,288.0,False,True,0.8769781842953378,8.106789087241982,330.87452014165365
440,19,8,1.35,9.44,295.5,False,True,2.0886625034964137,8.191941531233402,369.01512760128816
441,19,9,2.8,3.8,348.7,False,True,2.9590530542204516,7.856652307844048,386.4418789000518
442,19,10,3.18,11.63,255.9,False,True,3.048878327618346,8.259657533774877,374.3706925500104
443,19,11,5.3,9.64,592.7,False,True,3.2664348004417745,8.303301470940088,448.33044058593794
444,19,12,2.04,15.45,439.9,False,True,2.8743865717083676,7.997317966848374,428.5524673068466
445,19,13,-0.29,8.32,465.0,False,True,2.3474702129443736,9.236415815974704,439.9399761703426
446,19,14,4.6,10.4,295.5,False,True,2.441134756133893,7.691596035154765,322.04785876827964
447,19,15,1.48,1.53,528.9,False,True,2.355277434639974,8.721798782057963,385.2569138298506
448,19,16,3.96,11.09,385.9,False,True,1.7984671058818924,7.5565759677059745,335.1606656563172
449,19,17,2.01,13.18,308.8,False,True,1.760370232458081,8.175464786229915,301.6193136089397
450,19,18,0.47,7.85,351.3,False,True,1.2742371289588243,7.863358785068272,271.70169190850896
451,19,19,0.91,5.51,212.8,False,True,0.6473733276612128,8.143628635251613,267.83783142793317
452,19,20,3.63,8.42,288.2,False,True,-0.02184943057681812,8.232516050542051,198.40864454911494
453,19,21,3.47,11.62,115.2,False,True,0.12446645423519767,8.155741407219935,139.13566767943306
454,19,22,-0.86,12.4,139.7,False,True,-0.8144636024542539,9.006536674865906,116.80159740437573
455,19,23,-0.88,2.56,76.7,False,True,-0.4178227992588559,7.373068456528575,75.55010057914853
456,20,0,0.73,24.98,0.0,False,True,-1.3062679543919329,8.981851003877066,5.670292190830247
457,20,1,-3.05,5.41,72.5,False,True,-1.493340235030331,7.845612192623247,39.71955486568893
458,20,2,-0.49,10.49,68.8,False,True,-1.2278732134244361,8.110818901147173,119.4223928000685
459,20,3,-0.89,13.93,177.3,False,True,-1.6445209548954425,9.807049682173137,119.5724033086202
460,20,4,0.2,6.99,184.1,False,True,-1.272480373250565,8.902002280755553,207.05934826158185
461,20,5,-1.61,12.65,225.9,False,True,-0.05261826556012609,8.513001562632832,238.0024723015459
462,20,6,-2.6,2.55,284.3,False,True,-0.10919184329360473,8.031378616910622,312.700698203659
463,20,7,-3.05,1.96,360.8,False,True,0.4466823882113627,7.492027378869181,311.51675112319293
464,20,8,-0.66,12.88,399.9,False,True,0.8781475016523266,8.440118665869717,357.35573474632656
465,20,9,1.07,12.09,314.3,False,True,1.7260644939229615,8.583894270553458,384.60378344906303
466,20,10,1.72,8.97,365.3,False,True,2.3158445067612896,8.446028597263451,380.7916787851636
467,20,11,6.38,11.64,327.0,False,True,2.99864009642747,7.880029961205759,405.8907610275496
468,20,12,4.79,16.08,467.7,False,True,2.6967609802837593,8.4091597414275,452.2066938297082
469,20,13,0.58,14.15,274.4,False,True,2.005189953704637,8.39711003531304,408.640707186911
470,20,14,3.0,7.21,379.1,False,True,2.7236841944588748,8.569546321208326,375.1522061293839
471,20,15,1.18,8.38,547.2,False,True,1.7964393047086433,9.37244485219305,414.31409630224755
472,20,16,1.01,6.57,516.1,False,True,1.6590819056362436,8.224290948126269,369.13211460751523
473,20,17,1.46,6.12,338.3,False,True,0.8653254909014662,8.019625254541133,304.16571084717714
474,20,18,1.81,11.05,232.7,False,True,1.1199519537150708,8.061555790928493,270.2869443738031
475,20,19,-0.62,6.53,274.0,False,True,0.8539743921141426,8.227481141226415,296.9639836486138
476,20,20,1.7,11.04,207.9,False,True,-0.5497002252501101,8.12839167265858,249.8133712637859
477,20,21,-3.12,21.99,97.7,False,True,-0.1518690742550738,8.271880431113138,129.67375042532305
478,20,22,-1.14,7.53,154.3,False,True,-1.8189401743762674,8.223959544811523,114.78548659137942
479,20,23,3.84,4.61,46.7,False,True,-0.8756588649133872,7.739433038900766,83.40810715568252
480,21,0,-1.14,10.89,0.0,False,True,-0.4458501657769073,9.969476614972987,5.670292190830247
481,21,1,1.35,17.45,55.5,False,True,-1.655907660747136,8.25136931546146,65.90118217625285
482,21,2,-1.13,13.13,144.1,False,True,-0.2628640441347131,8.594199191642659,72.68957858146543
483,21,3,0.17,20.41,201.9,False,True,-1.354963595812417,8.016340106663854,175.5683370899751
484,21,4,-0.7,7.67,157.0,False,True,-0.03336899084818128,10.087005669626084,210.75677315991055
485,21,5,-0.44,7.49,303.1,False,True,-1.4993875253183513,8.895460514053811,265.6053754628334
486,21,6,-1.14,2.98,392.3,False,True,-0.9568669561698038,7.480929399401125,317.69993971266507
487,21,7,1.8,5.6,394.4,False,True,-0.06771738751432911,7.899694372601591,323.4211139490014
488,21,8,-0.29,11.71,251.2,False,True,1.1606629025711677,7.784107366707297,349.09270224612027
489,21,9,3.16,12.55,401.0,False,True,2.307421479440308,8.701923217816123,383.5563352804681
490,21,10,4.32,8.18,523.4,False,True,2.585102798556772,8.826351209816679,389.3293297367885
491,21,11,3.08,11.36,307.8,False,True,3.0683011595165586,8.020044941947889,346.2310481874505
492,21,12,1.85,4.67,433.9,False,True,3.2300349382833655,8.350169380515537,419.42930521286905
493,21,13,3.26,9.17,476.9,False,True,2.338064275293783,8.051736145439346,434.40301840270877
494,21,14,1.53,14.82,452.8,False,True,2.4855842997867366,8.873284783428101,373.16307687732416
495,21,15,3.7,10.09,257.2,False,True,2.2853094032117434,8.721133741978734,381.2829198503899
496,21,16,-2.24,15.96,294.3,False,True,1.7328504257639135,8.782299885717386,397.24363759215385
497,21,17,0.26,16.2,348.1,False,True,0.7635118622088302,8.382315191845962,299.2051554180026
498,21,18,-3.56,9.48,222.8,False,True,0.46473078477772434,8.094156637226162,294.5382216037788
499,21,19,-3.09,0.73,219.2,False,True,-1.1907131338908767,8.120164456972967,265.1583439993412
500,21,20,2.15,12.42,194.7,False,True,-0.254802980513581,9.528423754137078,249.85948745064508
501,21,21,0.79,3.58,93.7,False,True,-0.7575328730454015,5.553543464849958,128.29854816382326
502,21,22,-2.75,1.28,109.7,False,True,-1.2452363622312232,6.672341292948905,127.8325097341007
503,21,23,-4.52,2.23,78.1,False,True,-2.020143232388506,8.32441807156126,50.2243398316355
504,22,0,-7.67,12.86,0.0,False,True,-2.7329819623240996,10.51369368124501,5.670292190830247
505,22,1,-2.76,9.52,44.2,False,True,-2.6095092694537603,8.920526438110622,44.69395489165412
506,22,2,3.36,8.3,85.7,False,True,-2.091555693150612,8.241662603383057,112.78260784791826
507,22,3,-0.29,9.98,162.8,False,True,-0.4659285865314774,8.170434817617078,165.5772421362975
508,22,4,-1.86,2.32,202.1,False,True,-0.28209549872969303,8.019513195145839,176.10963367967378
509,22,5,0.67,6.55,335.0,False,True,-0.7207300009531986,7.577887598558878,296.1653192632168
510,22,6,-2.87,5.12,332.4,False,True,-0.724406057870416,7.8275275556973085,326.1896978524735
511,22,7,0.18,7.97,304.3,False,True,-0.49292318114968575,8.922862952164245,327.0500725110165
512,22,8,1.45,8.11,328.1,False,True,0.4168154696813395,7.743910437661258,355.7999931768356
513,22,9,1.5,9.77,403.7,False,True,2.1654473296719488,7.907872364523259,390.72974327713405
514,22,10,3.57,10.53,319.9,False,True,2.762013995795569,7.702389779702064,383.42711779407574
515,22,11,2.88,2.4,388.9,False,True,2.6050426953622594,7.627719952143883,405.70277179321914
516,22,12,3.59,6.6,342.6,False,True,2.579224382296025,7.334239144974704,416.1849384953916
517,22,13,0.81,7.41,421.9,False,True,2.3453380333004317,7.433636219336606,414.18346339373636
518,22,14,3.78,3.52,421.9,False,True,2.349850153195831,7.3579179281573115,387.2402365178979
519,22,15,4.93,3.3,503.4,False,True,2.6665505958789666,7.8110651895312255,393.3314111444079
520,22,16,-0.68,2.24,286.2,False,True,0.7699081390678925,7.8113168414894645,349.46894402696404
521,22,17,-1.0,3.02,448.8,False,True,0.7434822462362629,7.357860471612709,310.8078706145986
522,22,18,2.93,11.32,306.0,False,True,0.3898671838465078,7.634718441010865,320.7337815491851
523,22,19,-0.64,2.66,305.4,False,True,-0.8558730775337118,6.124417672441349,275.3925755379347
524,22,20,2.06,2.96,230.1,False,True,-0.02466818855036622,8.073436829068461,225.39301572418535
525,22,21,-2.04,7.79,206.1,False,True,-0.5658241991535723,7.998166283158947,129.1600534180918
526,22,22,1.43,9.15,123.9,False,True,-1.6909854632393504,8.5824693120663,130.74958634272005
527,22,23,-1.41,7.29,31.8,False,True,-0.9860113148059393,8.92235304058469,80.45883014686697
528,23,0,-1.39,3.94,0.0,False,True,-2.5393320446591248,8.03848742642209,5.670292190830247
529,23,1,1.29,3.35,75.4,False,True,-1.26970603359767,8.256142047002005,39.71955486568893
530,23,2,-2.37,7.68,104.2,False,True,-1.1910690174304464,8.118004526845079,97.71737457965034
531,23,3,-3.21,6.86,206.0,False,True,-1.3744804769271635,7.748250978630422,194.93819292558285
532,23,4,-1.81,5.95,276.4,False,True,-2.14474792276639,8.191085154305696,213.69223601249428
533,23,5,0.48,11.07,219.0,False,True,-1.117950977742421,8.155591452325366,298.9990425129775
534,23,6,-3.04,6.62,388.0,False,True,-1.1172518701811518,8.343699781028901,321.6329668001909
535,23,7,1.88,3.17,298.2,False,True,0.0925792216875544,7.991398663069942,323.7769600007709
536,23,8,0.01,5.97,215.8,False,True,0.8265694024435138,8.46418697463255,352.7432129682351
537,23,9,3.8,9.69,452.7,False,True,1.5525316404086464,7.663938082063568,390.213990545107
538,23,10,-2.97,6.41,517.1,False,True,1.1075795773223607,7.809543356723635,394.57311299703025
539,23,11,0.45,9.6,399.1,False,True,0.9356504576872211,7.933246787015593,409.3505473947081
540,23,12,-1.28,10.58,302.4,False,True,1.3383633261984347,8.476158234607444,392.1589844849017
541,23,13,0.37,6.64,457.6,False,True,0.9361036856037324,7.496390353939102,445.1380391360003
542,23,14,2.32,7.27,488.5,False,True,1.632196546565212,7.713000113696704,408.4401002264412
543,23,15,1.14,6.19,439.5,False,True,1.8358661682739172,7.520105465013966,407.18104674521203
544,23,16,0.58,9.71,318.8,False,True,-0.19359398243987405,7.768788004698995,340.90010007313975
545,23,17,0.29,6.09,295.6,False,True,-0.10574865783771448,7.649839229218665,340.52436727296913
546,23,18,0.5,9.22,309.5,False,True,-0.47172867999330464,7.86860164371188,289.91435916401593
547,23,19,-2.45,8.19,188.5,False,True,-1.2065195470564976,8.281516447389683,269.69132364129877
548,23,20,0.5,2.22,272.3,False,True,-0.6082579577944888,7.75581350011373,233.50422802841425
549,23,21,0.0,9.49,105.9,False,True,-1.3901612084145853,7.772428143429062,184.03933778388992
550,23,22,-0.87,7.79,107.5,False,True,-1.3251684659799476,8.075811241319823,122.66768832897586
551,23,23,-0.73,13.39,71.7,False,True,-2.2570334595412453,8.355875826933639,49.16990734004303
552,24,0,-1.49,3.62,0.0,False,True,-2.106977042786357,7.906667372648356,5.670292190830247
553,24,1,2.06,8.25,67.1,False,True,-1.523170643773243,8.033570265504444,72.70475626119435
554,24,2,-1.99,5.62,84.4,False,True,-0.9555453441901143,8.018820542729346,112.78260784791826
555,24,3,-2.11,2.39,153.2,False,True,-1.5493508895242418,8.249249116334024,157.1425239101774
556,24,4,-2.59,1.93,248.4,False,True,-1.9455194381654464,7.620334592213604,231.087920566736
557,24,5,-2.66,14.76,340.8,False,True,-1.0292515848390031,8.217140491879201,299.01082628294154
558,24,6,-2.57,8.27,333.4,False,True,-2.021358780451935,8.184278732275445,326.36647931610304
559,24,7,-1.34,6.52,259.7,False,True,-0.31934921636807295,8.217851631927196,316.001003713451
560,24,8,0.78,2.83,253.5,False,True,0.5128180664783325,7.7281626623150395,345.54839499728973
561,24,9,2.0,14.32,501.6,False,True,1.5759595163984188,7.943817078020572,412.6011613868155
562,24,10,1.75,4.82,424.5,False,True,0.8351023897743959,6.612769297190184,390.92234806359414
563,24,11,0.32,8.47,303.6,False,True,1.6241007338708842,8.039907860533573,408.2344397473763
564,24,12,3.72,7.63,414.8,False,True,1.3977545704347656,7.834693302514316,405.99815964269715
565,24,13,3.33,17.7,283.0,False,True,1.644271084269212,8.06959862297605,401.6408253445733
566,24,14,1.33,7.18,268.4,False,True,1.9018526251179921,8.581205031182288,373.61358415506135
567,24,15,0.03,5.42,527.7,False,True,0.9353628994794371,7.8277275498280705,396.4046075941458
568,24,16,2.01,8.33,377.6,False,True,0.5421986620050537,8.085528213826901,339.87744921924224
569,24,17,0.81,8.8,261.5,False,True,0.0421716383297017,8.042072392923787,299.8763431228454
570,24,18,-2.98,23.86,394.0,False,True,0.5110833029202086,8.394522414333357,317.979623913664
571,24,19,-0.74,7.11,365.0,False,True,-1.8383315704308811,8.311024286530806,259.2749735292282
572,24,20,-0.56,3.55,279.2,False,True,-0.48670125063029157,7.522607352275313,271.1514206283429
573,24,21,-3.3,5.95,194.8,False,True,-1.6932074859242487,8.524336847618361,193.55102595493716
574,24,22,-1.43,8.32,151.8,False,True,-1.5707504996904147,8.05464384887333,123.03897735019348
575,24,23,-4.92,9.12,40.6,False,True,-2.154370040017218,7.777636580705555,75.55010057914853
576,25,0,0.41,2.66,0.0,False,True,-2.9731347888281072,8.238191395193725,5.670292190830247
577,25,1,0.31,5.56,48.2,False,True,-0.5036028021666711,8.534531415096064,68.65189325652683
578,25,2,-2.49,17.18,65.1,False,True,-1.9724206098733026,7.825239149839626,85.74415406661213
579,25,3,-0.95,4.29,96.3,False,True,-2.405744041095736,8.359043699271714,170.85221727669847
580,25,4,-6.08,11.2,153.8,False,True,-2.1191154848837894,8.481447290915327,208.09450098119717
581,25,5,-3.09,6.06,316.9,False,True,-2.036979390791256,8.525448087494496,252.2192026528007
582,25,6,-0.85,7.34,398.0,False,True,-1.7650700622483957,8.19092232606752,317.4936528033281
583,25,7,-1.88,2.88,227.0,False,True,-0.940156717856476,8.404155262515816,325.35851073876773
584,25,8,2.17,6.38,471.4,False,True,0.501999503847862,7.907888973324528,331.81744785877555
585,25,9,5.15,8.27,473.0,False,True,1.6057369984619034,7.571058419901638,419.19333101196145
586,25,10,-0.88,7.16,250.0,False,True,0.6727203913893219,7.87745572334031,392.4292678657149
587,25,11,-0.0,6.6,499.0,False,True,0.7796540664039762,7.778224705124114,427.97331058621637
588,25,12,2.21,9.74,253.8,False,True,1.3641376416000013,7.887565551480332,379.43988668075036
589,25,13,4.9,3.34,331.7,False,True,1.1711337503451444,7.70040045676093,409.7197799542598
590,25,14,-0.97,8.47,416.4,False,True,1.6367389298395763,7.873534939021863,411.6636502804428
591,25,15,1.65,1.82,524.1,False,True,1.130854458645896,7.317782960536808,399.1659226958566
592,25,16,4.38,12.78,240.7,False,True,1.467557150541774,8.803423769773064,328.0887980240285
593,25,17,-3.04,6.72,289.9,False,True,0.6781883258614145,7.619503179141199,292.64937818715924
594,25,18,-2.82,10.82,316.6,False,True,-1.1684045433539585,8.83307985896195,334.13456538397566
595,25,19,-1.62,1.02,308.3,False,True,-1.8792343889794072,8.018545912968369,284.505052130053
596,25,20,-2.3,10.05,284.8,False,True,-1.359684145572577,8.537426515896515,262.65108310672684
597,25,21,-0.05,4.73,156.4,False,True,-1.8954381998512064,5.9036552885702624,174.44227002206682
598,25,22,-1.51,7.36,140.5,False,True,-2.0515757591294785,7.080569410250908,126.43408690142208
599,25,23,-5.74,10.13,60.3,False,True,-2.5385729882106762,7.852519865797418,52.11918434885859
600,26,0,-1.41,7.0,0.0,False,True,-2.163305457089118,8.310016980529577,5.670292190830247
601,26,1,-3.52,9.52,58.6,False,True,-1.2658433509925038,7.978584480257677,41.94324381138015
602,26,2,0.38,6.11,91.4,False,True,-3.1537217079733835,8.234294675812638,70.354296587498
603,26,3,-3.11,13.29,188.8,False,True,-1.869036324670916,8.231008483685226,128.3932870249329
604,26,4,-2.71,6.71,171.2,False,True,-2.7939090669300515,8.440231619693474,223.47988468953116
605,26,5,0.13,6.78,203.7,False,True,-2.2371593829057224,8.004695024755039,261.39966644299557
606,26,6,1.09,6.85,410.4,False,True,-0.9465058319615806,8.458690692032201,332.1394704685477
607,26,7,0.98,7.25,449.9,False,True,-0.7805973135353332,7.696747772281755,329.7972592209616
608,26,8,-2.81,3.44,348.7,False,True,0.710378998536118,8.2463523925888,359.9536028979248
609,26,9,2.05,4.21,476.3,False,True,1.2167370403724664,7.937867983060293,397.19460812373353
610,26,10,-0.77,11.63,573.3,False,True,1.0156652899193,8.094373439402235,407.49639725980177
611,26,11,1.96,10.82,269.6,False,True,0.7840531914221214,8.10218869659692,370.14317188101484
612,26,12,-1.29,10.47,458.2,False,True,1.5077543493491135,8.13448823929368,430.7552989575828
613,26,13,2.39,9.08,328.4,False,True,1.3897340553532536,8.23994177307235,384.63181533166613
614,26,14,-0.32,5.49,510.0,False,True,0.8778261112683969,7.469649511754974,388.90885353406037
615,26,15,-1.59,5.18,255.5,False,True,0.584755382588712,7.09980026468369,367.9060559491679
616,26,16,1.99,7.09,453.8,False,True,0.8152953515974377,8.379695045681409,334.32232489508914
617,26,17,0.56,12.54,247.7,False,True,-0.6103350953415962,8.776186650341197,320.0407983944199
618,26,18,-1.67,8.03,285.8,False,True,-1.389726348076456,8.286526125377405,306.1074546476056
619,26,19,1.95,4.09,324.5,False,True,-1.5780006822401764,5.629235546582727,291.35405085695817
620,26,20,-2.32,3.02,132.1,False,True,-1.5781482177108772,8.704768925136028,261.07936276486504
621,26,21,-1.79,10.99,219.7,False,True,-1.6767201994449956,7.931132520238523,183.45459139430054
622,26,22,-1.63,14.51,82.4,False,True,-2.154705343469072,7.94888177726328,124.68199820968623
623,26,23,-3.61,2.58,54.9,False,True,-3.2014481271255195,7.282762939475719,67.50867898326794
624,27,0,-1.68,11.17,0.0,False,True,-2.936195613472153,8.80157269211782,5.670292190830247
625,27,1,-3.62,8.98,37.1,False,True,-2.16871377872723,8.550648883818184,65.90118217625285
626,27,2,-3.18,4.64,118.8,False,True,-2.4403258200649423,8.13142999560075,110.03189676764427
627,27,3,0.69,8.08,162.9,False,True,-2.642659064968593,8.891457419784283,167.77151702016704
628,27,4,-3.7,3.71,225.5,False,True,-2.012283535735645,8.108970378742612,176.659810332597
629,27,5,-5.97,6.44,291.3,False,True,-1.904841989780173,8.520963643550754,291.74573461466184
630,27,6,2.6,7.3,276.8,False,True,-1.2934830683100624,7.977326116999843,329.93185001722543
631,27,7,4.99,13.23,275.7,False,True,0.43091175645085916,8.402535492588584,332.9437885804123
632,27,8,-0.43,6.27,265.2,False,True,0.006161880652013352,7.535331193219975,370.58598104611127
633,27,9,-3.08,4.93,534.1,False,True,0.2539741496025726,7.667508043807361,398.3995120875556
634,27,10,0.49,8.63,371.4,False,True,0.10449145426386483,8.758467671242641,393.90066347140106
635,27,11,0.74,9.65,338.7,False,True,1.0469387342406682,7.760019500711616,421.46143273734964
636,27,12,1.0,4.83,258.9,False,True,0.9718985987410382,7.932653263594208,399.18127578547205
637,27,13,-0.92,4.0,506.1,False,True,0.8812148149128021,8.23450465863971,408.967292144536
638,27,14,2.27,4.2,415.3,False,True,0.04456508608586977,7.778282964488007,395.58969081348505
639,27,15,1.84,13.25,285.2,False,True,0.8159748172179258,8.591349802713744,383.72042454829625
640,27,16,-2.61,9.44,486.4,False,True,0.8204842629899212,7.769868095037303,376.7960470399994
641,27,17,1.29,6.05,457.1,False,True,-0.7832671870160778,7.599663816363241,312.88232479414575
642,27,18,3.48,12.15,393.9,False,True,-1.166454143484131,8.64404061316777,309.81333405310113
643,27,19,-0.8,4.81,269.0,False,True,-0.38204849000221214,8.257559220822992,315.03811525171807
644,27,20,-2.3,6.95,187.2,False,True,-2.035426062773074,7.892493983206153,197.86682790257092
645,27,21,-2.32,3.68,114.1,False,True,-1.4624137890681244,8.117486873988113,193.65117826775972
646,27,22,-1.12,11.89,97.3,False,True,-2.3635474501501212,8.295780788114952,93.65292292424786
647,27,23,-6.02,4.59,60.1,False,True,-3.024741265684154,7.9607738642645565,48.735639375648915
648,28,0,-2.48,4.65,0.0,False,True,-3.061467466247216,8.160069878506988,5.670292190830247
649,28,1,-3.52,8.73,53.1,False,True,-3.249021405480956,8.775223524435976,39.71955486568893
650,28,2,1.15,1.71,115.5,False,True,-2.813955907235572,8.08900401623532,112.78260784791826
651,28,3,-2.57,3.21,192.6,False,True,-1.276184825039638,8.054340669628855,196.83976185928202
652,28,4,1.53,25.3,136.4,False,True,-2.3599002706690526,9.53567131956812,215.92779158562126
653,28,5,-3.54,4.16,336.1,False,True,-1.1852391446181205,7.124657410880945,250.5382385906186
654,28,6,0.36,20.58,285.8,False,True,-0.25017319557040757,15.002040483809317,313.0267803271618
655,28,7,0.35,7.87,356.6,False,True,0.6548955256949774,7.357789866299018,312.70015065895416
656,28,8,-1.55,2.46,501.0,False,True,-0.43628963823037153,8.285767793027247,354.88296412651573
657,28,9,0.96,1.31,277.6,False,True,0.1980838088622948,7.688318206868532,369.4900700904847
658,28,10,3.35,14.88,539.4,False,True,0.7489641415961976,11.310960990036186,457.0303517396682
659,28,11,0.47,7.86,525.1,False,True,1.6940671099931968,7.754982972414485,430.3909724323499
660,28,12,-2.19,6.53,597.8,False,True,0.8846176218109887,7.730920300402398,459.4287752486318
661,28,13,1.09,7.85,378.2,False,True,0.39907399826184686,7.36484996820728,402.83041393997854
662,28,14,-0.88,2.45,275.9,False,True,0.3711003335029105,7.57052290075461,332.8664531267745
663,28,15,-0.08,7.07,226.4,False,True,0.07386318416807006,7.771146441969705,286.1372337597958
664,28,16,0.03,4.33,455.0,False,True,0.01575610187782766,7.572575496730757,389.39475902472725
665,28,17,-3.7,6.84,229.4,False,True,0.20733525276647335,7.616650175534634,317.2893824291569
666,28,18,-4.04,5.57,247.6,False,True,-2.0326577606023624,7.783753646010828,320.29564364912034
667,28,19,-0.36,7.64,362.5,False,True,-1.8179239512504908,9.209867393813827,287.445866632587
668,28,20,-2.86,6.05,199.6,False,True,-2.4740522298503507,8.210741757205646,177.45490787357957
669,28,21,-7.35,5.38,123.7,False,True,-2.876908828083922,8.616288198159406,182.38220371564492
670,28,22,-0.97,4.06,132.3,False,True,-3.6296210899538734,8.012082515203463,117.33945952359002
671,28,23,-2.2,2.52,44.1,False,True,-3.588115729881404,8.018919346956038,73.65525606192547
672,29,0,-4.43,2.19,0.0,False,True,-3.0268814581309442,8.3529391107079,5.670292190830247
673,29,1,-5.57,3.28,38.7,False,True,-3.649689828066778,7.599689726257222,38.99907346824867
674,29,2,-1.06,9.9,105.1,False,True,-2.6509534397273016,9.37127196699351,119.66730983257627
675,29,3,-1.72,3.93,106.8,False,True,-1.9795738003217989,8.01911701648978,170.26342447632908
676,29,4,2.76,4.9,259.2,False,True,-1.4958581586238178,9.157850278131226,183.3364204825533
677,29,5,-0.68,4.92,226.1,False,True,-1.5579040037763836,7.507275059570809,305.8626804061211
678,29,6,-0.23,5.62,250.9,False,True,0.04761117269291466,7.786891611449014,310.18523861916515
679,29,7,-0.82,9.04,474.2,False,True,0.518539376258413,8.104641505853202,330.3073612324236
680,29,8,1.63,6.02,466.5,False,True,-0.8900170627450837,8.064314380977065,369.57046642770314
681,29,9,1.66,10.84,406.0,False,True,0.45404208812620434,9.375635470402555,393.0359299992993
682,29,10,3.23,3.3,560.2,False,True,1.216781478500808,7.919119188412858,428.50114184100266
683,29,11,-0.11,10.27,313.4,False,True,1.491028900806294,7.873534939021863,376.91207758939703
684,29,12,0.13,13.99,446.5,False,True,0.5168711051234984,7.9375123032077575,425.9237623320431
685,29,13,-0.03,7.02,569.5,False,True,0.6367780758735326,8.701846215113012,438.5682052023693
686,29,14,2.31,3.77,429.9,False,True,0.9691547737138003,7.935485797846421,381.39611161269966
687,29,15,3.41,9.14,324.2,False,True,1.385939977022805,8.556414805352953,352.69217025172225
688,29,16,-0.92,7.09,460.9,False,True,0.09694787702365049,7.700758925625459,379.7058369578446
689,29,17,-1.34,8.33,230.0,False,True,-0.7056646048595416,8.01305104299795,326.50376340737563
690,29,18,-0.38,11.0,208.4,False,True,-0.8137046732315667,7.729302067034627,298.1141085236681
691,29,19,-2.01,5.77,306.3,False,True,-1.683418375654528,8.409997575997185,298.0709299864639
692,29,20,-0.1,5.28,132.5,False,True,-2.3416214642237314,7.926905232358124,191.08303898643746
693,29,21,-6.92,22.62,98.8,False,True,-2.8377495279534752,13.219120997658708,125.64909975539011
694,29,22,-4.39,9.2,97.4,False,True,-3.503540536772607,8.491735474762509,119.08356895170327
695,29,23,-4.5,11.97,50.0,False,True,-4.306574980575291,8.670918404922533,49.70104597227841
696,30,0,-7.84,10.68,0.0,False,True,-4.5726519330161555,8.831552995933826,5.670292190830247
697,30,1,-5.06,12.05,66.1,False,True,-4.598234143738335,8.215820831723239,39.71955486568893
698,30,2,-4.76,23.47,115.1,False,True,-3.1416427989735793,9.54634256936281,119.4223928000685
699,30,3,-3.02,11.32,190.1,False,True,-3.755161171411067,8.889677317941763,181.05020847273443
700,30,4,0.03,4.91,129.0,False,True,-1.4460475546712441,7.682192029183879,209.49362783664185
701,30,5,-2.21,17.48,215.3,False,True,-1.6767606268513642,9.246846318569792,258.76636923069657
702,30,6,-3.26,4.23,415.7,False,True,-0.7527424666428835,7.784281913129726,318.421231815538
703,30,7,-0.8,6.55,312.6,False,True,-1.2299184487963133,8.088376270421282,326.1227137192647
704,30,8,1.9,6.09,277.2,False,True,-0.6954569833990033,8.123589933332989,367.7717000471952
705,30,9,-1.74,7.11,551.7,False,True,0.6032782394811587,8.633919451926303,391.845217528732
706,30,10,-1.29,4.75,374.9,False,True,0.614380314461153,7.725674154640722,381.29573545418606
707,30,11,1.85,1.87,408.8,False,True,0.23168332141567863,7.137487453107615,415.73983736102
708,30,12,0.36,5.68,320.6,False,True,0.21190832241163615,7.4752947408317425,365.99200297320664
709,30,13,2.03,3.05,472.2,False,True,0.9948911450771858,7.798689742151683,472.8895445776204
710,30,14,0.5,6.95,303.9,False,True,0.17496817431716852,9.348394233342644,386.03412715832786
711,30,15,1.62,8.68,424.6,False,True,0.7074143961859476,7.7441888115927116,342.58632531388156
712,30,16,-2.27,5.62,444.0,False,True,-0.4163759029028689,7.809576653762229,400.44871925603496
713,30,17,-0.71,3.63,376.7,False,True,-1.6205089364915108,7.821338555182386,303.4910768133282
714,30,18,-1.62,7.3,192.7,False,True,-1.7754871837571287,8.139300855764828,276.198971759371
715,30,19,-4.15,23.26,163.6,False,True,-2.3940022882958885,9.973009310643752,276.0427626440994
716,30,20,-5.33,9.19,271.6,False,True,-2.7815269706582493,8.357661491968654,175.9091076071587
717,30,21,-1.24,9.55,216.5,False,True,-4.295951044153739,7.668136231745985,131.64670608719038
718,30,22,-3.63,5.3,74.8,False,True,-3.2010924511926975,8.463996284293613,131.64670608719038
719,30,23,-5.18,4.41,49.0,False,True,-4.234935506876277,7.259556942695959,42.49630812680279
720,31,0,-3.59,27.06,0.0,False,True,-4.565633962759873,9.719105404344232,5.670292190830247
721,31,1,-1.08,1.43,70.6,False,True,-3.5734806436157456,6.903696122682467,65.90118217625285
722,31,2,-7.69,4.67,146.8,False,True,-3.3389165791554722,7.9927067054104395,116.44098137365421
723,31,3,-5.81,15.58,188.1,False,True,-3.880989132283975,12.816941320992044,177.1539393718177
724,31,4,-4.25,6.73,146.5,False,True,-2.5954913876338837,8.593204391103042,201.42192301234036
725,31,5,1.0,2.69,314.5,False,True,-3.001468130175507,8.055150419506576,258.6945823924542
726,31,6,-0.84,8.81,388.4,False,True,-1.3535843495759374,9.29857834348739,329.4087591130981
727,31,7,0.65,5.64,290.7,False,True,-1.155085834563265,7.500061186072926,323.6523439300205
728,31,8,-2.68,2.31,361.9,False,True,0.55152310504278,8.171995860201253,357.42273895718904
729,31,9,-2.23,7.97,277.1,False,True,-0.38623894657959246,7.507062340341916,362.1299637561639
730,31,10,1.23,7.36,337.7,False,True,-0.11297707568933295,8.995529213827915,366.26520783676096
731,31,11,0.65,7.14,548.4,False,True,0.4993528933292607,7.956939055859818,413.6262652453767
732,31,12,1.7,9.13,272.0,False,True,1.0594647980534362,7.811006405609492,417.63868323640867
733,31,13,0.16,3.49,510.1,False,True,0.6626187044705066,7.843627490916957,485.8295924218228
734,31,14,0.89,8.39,265.8,False,True,1.2009664426979074,8.368126253851017,381.9143793997891
735,31,15,0.33,7.64,319.1,False,True,1.057377052210443,7.789247009755103,378.9577659216776
736,31,16,1.15,11.94,389.4,False,True,-0.9399644528707195,7.921214379424542,386.47655711617114
737,31,17,0.73,19.64,191.4,False,True,-0.9044387638382305,7.814657182565643,303.9466684774459
738,31,18,-4.64,13.0,341.6,False,True,-1.2764759445802358,8.135884389766439,232.42066818057828
739,31,19,-6.41,10.59,215.4,False,True,-3.1752687930498165,8.241381597327818,241.27990344923327
740,31,20,-0.4,6.59,254.7,False,True,-2.8812974860845166,7.876447275241616,201.56719513253617
741,31,21,-0.44,7.14,226.2,False,True,-2.874905933333032,8.010407706287918,196.3173342947143
742,31,22,-5.17,1.52,100.9,False,True,-3.4919755946564868,7.729014267586941,97.53902574302128
743,31,23,-7.05,7.03,32.7,False,True,-3.9551971211536343,7.761460193360205,47.68120688405645
744,32,0,-3.41,10.22,0.0,False,True,-4.6299345095626725,8.999424327048448,5.670292190830247
745,32,1,-1.68,6.05,44.2,False,True,-3.9675986902417484,8.434229946045809,65.90118217625285
746,32,2,0.26,11.92,76.0,False,True,-3.7637449355651933,7.9815917199097575,119.66730983257627
747,32,3,-1.99,8.89,213.0,False,True,-2.72822342755438,8.122400802540646,180.83643469152827
748,32,4,-3.35,17.96,161.9,False,True,-1.880857889090115,8.286223387014878,155.54030303628352
749,32,5,-3.91,4.82,278.8,False,True,-1.999644053409281,8.484269343508373,252.2192026528007
750,32,6,-1.58,9.73,234.4,False,True,-2.5384961634610534,7.893766050004276,327.1129436420681
751,32,7,-1.69,3.11,393.9,False,True,-0.9802376377299031,6.920445822834481,312.87507076031585
752,32,8,-2.64,6.35,410.1,False,True,-0.7575993037518021,8.129745760743344,359.70517977220663
753,32,9,3.91,9.16,391.1,False,True,-1.6243214067042486,7.514090818724916,368.51059950094725
754,32,10,3.7,10.03,424.8,False,True,0.41049265349069264,8.088012530515499,392.15060391453835
755,32,11,2.6,5.8,319.1,False,True,1.3604312188115013,7.835299530005281,387.06949859686557
756,32,12,-1.45,12.57,247.9,False,True,1.1419765015241277,8.20983587393684,389.8173653331383
757,32,13,2.04,13.95,523.7,False,True,0.7664101791404158,8.591802571100207,448.19782629522985
758,32,14,1.41,4.85,541.1,False,True,0.8379583159931969,8.143436965194244,373.7274367017145
759,32,15,0.69,6.46,480.4,False,True,0.966060439836159,8.10410048960572,394.665858473179
760,32,16,1.89,6.1,428.6,False,True,-0.2652413918041652,7.993656120991143,373.45376968547646
761,32,17,0.18,5.3,325.2,False,True,-0.42580226647875463,8.27871019045599,288.8495156522574
762,32,18,-0.13,13.51,318.3,False,True,-1.5101423882037446,7.11698143317858,286.8607672834923
763,32,19,-0.85,13.43,297.7,False,True,-2.325717963735021,8.048423686681188,221.25958725280762
764,32,20,-1.92,6.21,124.7,False,True,-2.087711260251349,8.693192810054207,256.7408077208149
765,32,21,-6.59,9.7,150.2,False,True,-2.2717538777077433,8.059623484640815,216.77322903125545
766,32,22,-3.17,11.85,83.1,False,True,-4.43327124574759,8.859710605183455,115.74716491278326
767,32,23,-4.65,8.02,48.5,False,True,-4.760200483330671,8.183135963674259,41.32705167270403
768,33,0,-6.37,5.96,0.0,False,True,-4.5726519330161555,7.842570022757518,14.405289595024026
769,33,1,-0.38,4.66,48.4,False,True,-3.506710237575208,8.231803202480105,51.20526335015668
770,33,2,-0.09,10.17,131.0,False,True,-2.1944654762344458,8.997731297836843,92.77757006129124
771,33,3,-0.51,3.27,225.7,False,True,-2.4441888863440218,7.719825454841809,221.38460997289673
772,33,4,-2.3,6.05,286.2,False,True,-2.4760836201852574,8.551449511117442,199.44091208259283
773,33,5,0.37,5.49,327.5,False,True,-1.5361570697452043,8.051621167010751,308.68132347843647
774,33,6,-1.79,3.15,386.8,False,True,-1.3332772216148292,7.926236845992251,328.62385836861307
775,33,7,-0.89,21.73,302.9,False,True,-1.186304183459436,8.764538447757714,333.0669070831985
776,33,8,-3.0,6.38,435.9,False,True,-1.6285714048202882,8.970754166462092,380.58714933164316
777,33,9,0.39,4.12,443.6,False,True,-0.48111351250841955,7.675546502279671,394.9298535232447
778,33,10,0.04,13.25,573.6,False,True,0.8358173952544868,8.500243098157666,395.38661713454553
779,33,11,-2.49,10.21,443.1,False,True,0.47610977271071414,7.62870875096908,424.1337267710114
780,33,12,0.08,7.2,394.7,False,True,-0.0582284786407764,7.657968944880003,396.62361574302184
781,33,13,-0.04,11.0,536.8,False,True,0.5126230120741448,9.158066328416817,461.3588433056379
782,33,14,3.51,12.32,492.5,False,True,0.6562285676388975,7.818412211627119,442.74505020668573
783,33,15,1.39,13.55,263.3,False,True,1.0234178419899256,8.032531742689416,375.0745985111816
784,33,16,-0.79,4.81,393.7,False,True,0.3788787937754052,7.638087362619699,379.8172082301877
785,33,17,-0.8,11.0,359.6,False,True,-0.46378995986686194,7.954335797963883,309.57031866733206
786,33,18,-1.73,6.4,330.5,False,True,-1.552726864313644,8.13130433101173,306.2838889424135
787,33,19,-2.74,7.88,352.4,False,True,-2.2095892720717267,8.126694723826924,284.16566071669723
788,33,20,-4.98,4.94,228.4,False,True,-2.7571208550460993,7.698465073324563,202.53800081137146
789,33,21,-3.53,7.02,211.7,False,True,-4.036820991297277,7.906790572708012,207.72221267956056
790,33,22,-5.04,11.08,95.5,False,True,-3.583834890370536,7.96360418146884,109.52192244049094
791,33,23,-6.25,15.28,34.0,False,True,-4.666685011244891,8.213814347653617,50.443967829722716
792,34,0,-3.01,6.66,0.0,False,True,-4.779351086995896,8.17995393007999,3.3004843307630094
793,34,1,-3.18,4.2,56.4,False,True,-3.5280905292390914,7.24577073875878,39.5734359513129
794,34,2,-7.33,16.42,139.8,False,True,-2.8653084691827795,9.533926972508091,110.65771702035877
795,34,3,-3.69,4.7,178.9,False,True,-3.9951167364778466,8.163828113687526,241.7777709985001
796,34,4,-1.04,2.52,199.6,False,True,-3.9107332855471433,9.102748341788926,212.32284229117678
797,34,5,-0.43,5.16,247.3,False,True,-2.25211780865086,8.98584352744568,285.50683981336493
798,34,6,0.02,1.62,423.4,False,True,-2.228937718717898,8.199260651348187,323.60485902080893
799,34,7,-1.43,12.02,230.8,False,True,-1.4133510437698849,9.996799198769775,307.6118757889999
800,34,8,-2.72,2.21,271.9,False,True,-1.9255778157119072,7.984152769559578,357.3669652463162
801,34,9,-2.78,4.52,429.7,False,True,-0.3677950285638646,7.7281741970439874,398.79579737543094
802,34,10,0.39,3.58,475.7,False,True,0.005627640935784584,8.218850403024547,399.5263664097822
803,34,11,0.66,7.5,378.9,False,True,-0.263211698037494,9.00665548857826,389.0515623403804
804,34,12,2.55,15.28,251.6,False,True,0.05946544562481544,8.7443434302683,370.89900549497145
805,34,13,2.1,8.98,424.3,False,True,0.9698007511024163,8.116772664505143,420.54758413301147
806,34,14,-0.56,3.24,282.0,False,True,0.3802468292265816,7.809960890511754,380.7339330382246
807,34,15,-3.1,19.3,240.4,False,True,-0.13883037656793368,9.062995032636604,353.1566204991316
808,34,16,-1.67,8.44,315.3,False,True,-0.9429360239936023,7.813112974026605,345.93800215246995
809,34,17,-1.08,11.41,229.1,False,True,-1.468848017398971,7.948790389240576,291.0902230429455
810,34,18,-2.43,2.82,281.5,False,True,-2.0640189805200353,7.459070167741764,281.56049251576155
811,34,19,-3.7,17.65,313.0,False,True,-3.0099352296442494,8.092555738893605,283.82397402826103
812,34,20,-2.52,5.74,128.5,False,True,-4.006187038337048,7.953718068489095,196.20489609056102
813,34,21,-4.45,2.67,160.7,False,True,-3.8812826773893274,7.822068911009147,170.11557422858735
814,34,22,-5.02,7.97,108.4,False,True,-4.482359697414619,8.839822200121356,112.9708851124583
815,34,23,-3.34,11.4,31.4,False,True,-4.7450516211482014,7.760057917880753,48.29291643361499
816,35,0,-5.05,9.68,0.0,False,True,-4.275546537683931,8.578944378348712,3.551863085315854
817,35,1,-3.69,9.59,35.5,False,True,-4.36203284950005,8.108190525801655,39.824814705865755
818,35,2,-3.43,9.24,149.0,False,True,-3.8914976902004472,7.885584487528648,117.54888072706186
819,35,3,-5.94,7.6,179.9,False,True,-3.8415482371635705,8.235346072959906,214.73287203037322
820,35,4,-4.21,2.81,171.8,False,True,-3.53171177118344,7.8542515607064995,222.9015975278484
821,35,5,0.11,6.35,348.9,False,True,-2.3542464867677433,8.406132934195501,253.67582756975875
822,35,6,-4.57,5.88,271.6,False,True,-1.673376427193783,8.71303158725219,317.17920235940346
823,35,7,-5.96,13.58,264.7,False,True,-2.53181868229535,9.390095351856463,301.4180399118301
824,35,8,-4.97,12.02,327.7,False,True,-2.698890745922663,7.535331193219975,347.4961585471634
825,35,9,-0.77,5.47,425.1,False,True,-1.5755142168527567,8.805942725302394,391.1049628777112
826,35,10,-0.45,10.5,483.4,False,True,-0.5373513644659847,7.898462471480548,431.91487857420793
827,35,11,-0.55,6.84,474.2,False,True,-0.8847845566546404,8.06013630066226,413.44914045380455
828,35,12,2.18,2.53,571.6,False,True,0.04796952337024482,8.081360490948907,455.1468349958644
829,35,13,-5.66,1.53,579.2,False,True,0.28050090946591055,7.208455657815653,415.9300004681057
830,35,14,0.28,9.87,300.3,False,True,-0.9222190953528517,8.08701968200602,337.0910153584344
831,35,15,2.29,3.85,525.2,False,True,-0.209809586538408,7.781247759710954,440.3778503200921
832,35,16,-3.5,3.84,241.1,False,True,-1.7127543992433545,7.980270697578422,285.00794954205327
833,35,17,-2.49,4.77,463.7,False,True,-2.3442707746514206,7.961273298591779,284.75867672964245
834,35,18,-3.75,9.98,235.7,False,True,-2.7625744468919216,7.545460360456006,290.20873463932355
835,35,19,-4.55,12.11,204.4,False,True,-3.8641343336327965,7.867144303939318,285.2292443097015
836,35,20,-3.9,11.98,195.9,False,True,-3.799152908757577,8.724810148602154,182.08851978981076
837,35,21,-0.8,2.34,116.9,False,True,-4.287486929406424,7.9459894252038525,208.72011915221753
838,35,22,-0.3,4.66,139.2,False,True,-3.667084153940843,7.877454651992346,114.68316829886132
839,35,23,-4.85,4.24,37.2,False,True,-3.732132410019745,8.303597707443375,45.36030631153118
840,36,0,-0.66,9.97,0.0,False,True,-3.812489760365122,9.080245622783737,3.551863085315854
841,36,1,-4.33,4.7,74.0,False,True,-3.531152796053784,8.1928366964,37.60112576017453
842,36,2,-0.69,6.58,121.3,False,True,-4.110778959934738,9.295529216940434,117.54888072706186
843,36,3,-4.07,10.43,175.5,False,True,-3.4666807607063963,8.642601243880152,174.05928551556318
844,36,4,-3.2,7.26,299.0,False,True,-3.4535906951580166,8.749060315274734,208.07437828942005
845,36,5,-2.25,8.42,151.0,False,True,-2.1797334875567436,8.209664241144033,311.2525832330264
846,36,6,3.89,6.45,251.1,False,True,-1.445094897573739,7.704836619713659,272.4092752998134
847,36,7,-0.25,11.48,226.1,False,True,-1.8291105541989163,7.806576307735467,304.1244600961718
848,36,8,-2.88,12.06,265.4,False,True,-1.740361121413899,8.138685087560688,349.7609433369096
849,36,9,0.89,9.24,293.6,False,True,-1.1642703218744856,8.145726006833005,383.5006824689178
850,36,10,-1.46,27.08,449.8,False,True,-0.0949787083244748,8.566022554665116,405.49197139803147
851,36,11,-1.51,22.5,335.1,False,True,-0.4738475545330675,14.2024463494047,404.9492978267372
852,36,12,1.35,10.34,479.1,False,True,0.3551137531598957,9.125757201104054,472.67954633005303
853,36,13,-0.47,6.96,501.4,False,True,-0.4316440919272213,6.819158693109021,474.59045565008705
854,36,14,-0.18,8.52,371.6,False,True,-0.5253915316568374,8.674483891525211,371.4164649861676
855,36,15,-1.02,12.7,400.1,False,True,-0.6060029947251774,7.6565701118027665,392.0544540759654
856,36,16,-0.79,5.7,249.0,False,True,-2.1987900043075466,7.870640345849799,327.6455137749643
857,36,17,-1.1,5.45,405.4,False,True,-2.217634033379352,7.749680601223139,326.16445112111114
858,36,18,-6.34,8.44,276.4,False,True,-2.733183887119321,8.342320488055838,299.3592145223172
859,36,19,-1.65,6.89,329.0,False,True,-3.5868655392888664,8.164807266851447,253.2001050017158
860,36,20,-5.43,4.21,214.7,False,True,-3.3515311429604067,8.233438687849462,183.64015041959604
861,36,21,-6.76,7.78,187.8,False,True,-4.041950826397647,8.215796644371007,130.1976409588153
862,36,22,-4.31,14.02,95.5,False,True,-4.308122010038889,7.694149969276377,122.61675388371998
863,36,23,-4.23,9.08,48.8,False,True,-5.124497345040546,8.02639300255735,37.36685237432333
864,37,0,-6.08,3.73,0.0,False,True,-4.737104200279676,8.073645751882301,3.551863085315854
865,37,1,-2.96,9.82,61.2,False,True,-4.680379472104896,8.418133124151863,70.58632715567994
866,37,2,-7.11,6.16,109.3,False,True,-3.6605243277101636,7.996699489211134,117.30396369455408
867,37,3,-4.92,18.76,202.6,False,True,-5.009939145148449,8.151442146117164,174.05928551556318
868,37,4,-4.86,9.43,129.9,False,True,-4.444005330722645,8.881352461434902,237.0876067317429
869,37,5,-3.3,5.14,343.5,False,True,-3.4434753456094116,7.40673294387323,193.82028142072295
870,37,6,-2.13,10.2,405.4,False,True,-2.505930288917737,8.470632733382658,313.0083622107965
871,37,7,-4.19,8.07,260.1,False,True,-2.1325164817000313,7.76097589867691,318.5185670919915
872,37,8,-0.24,13.34,239.3,False,True,-3.1428010444873733,7.907872364523259,343.2644554178354
873,37,9,-1.15,5.43,411.9,False,True,-0.9093749965473159,8.308072225606306,373.83083696043093
874,37,10,-4.74,9.42,254.1,False,True,-1.6466065555807705,8.508147327368976,378.27088105088484
875,37,11,-4.67,2.82,319.9,False,True,-2.2451008127167453,8.01023962588799,410.80480856114497
876,37,12,-0.71,7.6,422.7,False,True,-1.0144993463121745,8.6960230691798,449.521045677859
877,37,13,-1.2,3.67,457.0,False,True,-1.9583478165210284,7.892618317911108,458.5806166407791
878,37,14,-1.16,7.93,299.4,False,True,-0.6965581516099832,8.117370711568535,362.86165101696776
879,37,15,-1.33,8.85,532.0,False,True,-0.8084609138180003,8.015106406545124,394.7374746748425
880,37,16,-1.24,9.23,264.4,False,True,-2.1168199756781516,8.234271478533705,329.75565728618454
881,37,17,-0.28,5.43,234.3,False,True,-2.6071704293785185,7.798838101617077,311.9154399439496
882,37,18,-4.91,7.72,211.0,False,True,-3.077899901345491,7.914523056241107,278.4453656151844
883,37,19,-5.55,12.52,349.8,False,True,-3.8673996007672624,8.029927866512713,258.244488619609
884,37,20,-5.88,16.12,278.2,False,True,-4.359810263754283,8.917460059490937,244.99578436968312
885,37,21,-3.53,7.86,96.4,False,True,-4.667434362306101,8.311024286530806,173.22489130380842
886,37,22,-1.93,12.69,129.8,False,True,-4.361432219558674,8.072890450947046,120.29052875657513
887,37,23,-5.48,4.42,34.8,False,True,-4.527576300953675,8.491907149603822,43.1738138165567
888,38,0,-9.92,5.9,0.0,False,True,-5.212209041328167,8.181624368508071,3.551863085315854
889,38,1,-8.26,8.31,34.9,False,True,-5.451511160814791,8.711109643769136,66.53346415101242
890,38,2,-6.32,6.92,139.4,False,True,-6.469505397702934,8.794986146352942,117.54888072706186
891,38,3,-5.45,6.54,150.7,False,True,-5.221589825309697,8.180112345539936,202.24697982268174
892,38,4,-4.73,27.03,220.3,False,True,-4.247435400086233,8.112477602267095,176.77924289484508
893,38,5,-3.36,4.02,152.9,False,True,-4.126299531636205,6.155239268078733,219.6465623566575
894,38,6,-3.54,4.26,399.0,False,True,-2.7054187958840985,5.518055962048133,284.85072680976106
895,38,7,-0.3,3.34,470.9,False,True,-2.307666899698346,7.128781562940163,318.2471432259895
896,38,8,-3.27,8.44,281.2,False,True,-1.869701731033153,8.118234847053689,356.1477900546097
897,38,9,-3.23,6.15,440.1,False,True,-1.5723831698340738,8.391963395378449,396.06684235267056
898,38,10,-0.23,11.45,467.9,False,True,-2.2775578637996934,9.820679036267531,386.1722893815018
899,38,11,-4.06,8.07,582.8,False,True,-1.7519399118325345,8.239566360812333,402.18357661925535
900,38,12,-0.14,5.36,414.2,False,True,-1.2596424272559195,7.696520366549255,407.6671414916495
901,38,13,-0.78,4.92,322.9,False,True,-1.5234191919284588,6.834686585023611,365.11780594507223
902,38,14,-1.48,1.54,357.1,False,True,-1.24893191994669,7.878726625115433,330.5986079659009
903,38,15,1.67,6.7,434.5,False,True,-1.626225032891129,8.015136994276048,397.78508410824764
904,38,16,-3.16,3.71,355.2,False,True,-1.7595758555204957,7.837161649575834,326.17391969088436
905,38,17,1.72,12.17,213.1,False,True,-2.075230561447789,8.486279223864218,288.82432814746016
906,38,18,-3.37,5.99,375.2,False,True,-3.0394924412013355,8.015352247646705,277.29917700150406
907,38,19,-5.99,3.0,335.5,False,True,-3.7485562277892432,7.900738414890146,287.5414210017971
908,38,20,-3.78,13.39,206.1,False,True,-4.12705538912009,8.63193899693443,258.0147018234412
909,38,21,-6.48,6.75,164.0,False,True,-4.658868783185341,7.701596439499421,167.54968107240293
910,38,22,-6.15,9.79,107.9,False,True,-5.493782082882992,7.896683272189379,114.81455847781791
911,38,23,-4.06,5.4,56.2,False,True,-5.064362277980407,7.542455708728737,45.35519964584713
912,39,0,-4.04,13.62,0.0,False,True,-5.934101092597906,8.360768083067956,3.551863085315854
913,39,1,-6.32,4.56,51.7,False,True,-5.543962220401705,7.98639573978541,37.60112576017453
914,39,2,-2.91,6.15,103.8,False,True,-4.906060354956725,8.412798987768078,114.3225522681398
915,39,3,-2.25,2.43,229.3,False,True,-4.028717807085682,8.369256448251713,181.85104149755978
916,39,4,-1.28,13.45,128.8,False,True,-3.5910543159820283,9.042261175194598,226.0871646214132
917,39,5,-2.61,5.04,214.5,False,True,-3.2123200644087415,7.720343568020674,191.30723074320179
918,39,6,-0.42,8.54,296.0,False,True,-3.1509234282615175,7.565963356450495,320.04376240527245
919,39,7,-6.39,9.16,432.4,False,True,-2.5446105294560715,7.622369920722063,334.7195183188345
920,39,8,-2.78,12.36,351.6,False,True,-2.176010976407779,7.9244488824222215,353.89183718519337
921,39,9,-3.47,8.22,318.5,False,True,-2.0786984167094436,8.324729314732863,384.63354528233816
922,39,10,-1.18,6.96,418.0,False,True,-2.3421159386053545,7.760548586783683,391.0053202723323
923,39,11,-2.36,11.73,344.0,False,True,-2.2837973432563916,8.815400645427708,402.1525277242881
924,39,12,-1.48,9.09,437.4,False,True,-0.9326971411409207,7.835789386804381,407.90926717064605
925,39,13,2.55,6.41,484.2,False,True,-1.5893854142887427,8.169060125198635,436.2104191488311
926,39,14,-1.76,13.75,416.4,False,True,-1.096663301157056,8.426726178681156,363.1527724521707
927,39,15,-0.91,9.45,424.5,False,True,-1.1373299493820896,7.7534082256576395,388.0102094201824
928,39,16,-2.61,3.52,219.9,False,True,-2.319739568608552,7.536794997528453,331.14163880986376
929,39,17,-2.48,15.0,378.6,False,True,-1.4348120863814142,8.514710255584898,279.5483658245204
930,39,18,-3.14,5.33,416.5,False,True,-3.5832148433852637,8.013116715756425,293.5288127077674
931,39,19,-2.77,12.33,253.8,False,True,-3.98450822005032,8.022485034976997,282.6206292649535
932,39,20,-1.82,3.03,264.5,False,True,-3.79511045973235,8.043257413437171,256.4445226955322
933,39,21,-1.27,11.69,167.5,False,True,-4.023042507405422,8.72241189352103,166.6828676037309
934,39,22,-4.26,3.65,127.7,False,True,-4.260009708431194,7.896982458776229,122.06976621802553
935,39,23,-3.9,8.1,45.9,False,True,-4.650716602958287,8.296991655072658,43.1738138165567
936,40,0,-7.69,9.31,0.0,False,True,-5.360614756735022,8.13907261585167,3.551863085315854
937,40,1,-5.49,6.48,41.4,False,True,-5.691398868886939,7.9740675813145705,36.88064436273427
938,40,2,-3.24,7.4,76.9,False,True,-5.187508211077417,7.978584480257677,117.54888072706186
939,40,3,-3.07,4.11,98.1,False,True,-4.106416926273744,8.12529967209788,171.36556155491544
940,40,4,-3.96,11.08,217.4,False,True,-3.654434585343776,8.623225450059104,177.03021043352086
941,40,5,-2.13,23.33,281.7,False,True,-3.9121590201674414,8.64364005044289,228.2174330304027
942,40,6,-2.4,4.54,335.0,False,True,-2.6391378609720757,8.366203046552306,309.15522305160766
943,40,7,-0.47,8.49,239.6,False,True,-2.75527429849798,8.607693696202494,325.8250188408202
944,40,8,-1.81,8.62,410.9,False,True,-2.5570837236479784,7.772935811389795,358.0953747282898
945,40,9,-2.68,7.58,276.6,False,True,-2.201860425812651,8.076236462432924,385.1315485611275
946,40,10,-0.98,1.55,494.4,False,True,-1.528946287263289,7.780586876224546,392.87024008648325
947,40,11,-7.31,5.99,336.2,False,True,-2.489638604910239,7.600313312531795,394.2639033094506
948,40,12,-0.62,11.0,391.9,False,True,-2.198731875927118,8.023116733033993,429.8478556970271
949,40,13,-8.75,9.58,369.0,False,True,-2.3955439258110363,8.219958613620342,402.8625995808661
950,40,14,-5.1,9.43,359.7,False,True,-3.9786087632527423,7.842895942401417,370.57577862860524
951,40,15,-1.07,8.29,461.5,False,True,-2.415142279923124,7.491480086656675,378.35422093282386
952,40,16,-1.43,11.64,518.9,False,True,-2.9290395313709077,8.160669774638011,340.088386191739
953,40,17,-5.19,5.31,341.0,False,True,-2.270541696560822,8.183625581077994,303.1261452081116
954,40,18,-4.81,4.71,271.8,False,True,-3.8074378970110874,7.043358286964709,303.0798413150228
955,40,19,-1.16,16.87,210.5,False,True,-4.098909237995986,12.874618870931116,267.3803844206481
956,40,20,-5.35,5.01,232.4,False,True,-3.7420490016858454,9.055706705051493,256.05328823253916
957,40,21,-0.31,3.45,154.0,False,True,-4.309079539540221,7.734579193865406,165.3632526009308
958,40,22,-5.12,6.42,134.1,False,True,-4.391859860695304,8.574399143068721,120.54925922346145
959,40,23,-4.5,7.73,59.8,False,True,-5.1004638003200595,8.061738208047387,48.304476654662686
960,41,0,-2.39,11.67,0.0,False,False,-5.268771001546268,8.011634273535321,3.551863085315854
961,41,1,-5.29,6.0,42.5,False,False,-4.971502663421953,8.35320530578853,37.60112576017453
962,41,2,-7.36,5.97,50.7,False,False,-4.632185586435015,7.960712915305247,78.69781509266103
963,41,3,-5.26,7.36,165.3,False,False,-4.718133629633483,8.015119034715966,162.59522725747232
964,41,4,-4.69,5.46,179.6,False,False,-4.61434615472629,8.15379159583631,201.42339756523234
965,41,5,-6.87,3.05,164.3,False,False,-4.172753334989624,7.843682317437721,239.52867340634666
966,41,6,-4.13,3.61,187.1,False,False,-4.291642483129435,7.904800455433138,261.3045279430661
967,41,7,-4.59,13.24,368.1,False,False,-3.9070491635314966,8.113862358343859,292.94202707943884
968,41,8,-0.77,10.44,250.8,False,False,-3.4304944105903683,8.931147445980871,347.782565504547
969,41,9,-2.14,7.23,503.1,False,False,-2.34811930469702,7.833626356863348,365.09122854068426
970,41,10,-2.46,9.56,339.0,False,False,-1.7842186368274913,8.985126475352393,375.39277749890516
971,41,11,-1.9,10.6,360.4,False,False,-2.77419854019335,7.537698411582342,396.7956288466016
972,41,12,-1.18,5.15,477.6,False,False,-1.4634195472853744,8.22028012123266,400.69730535969995
973,41,13,-0.46,4.08,316.3,False,False,-1.6032869020409144,8.310441283904298,410.2513526991889
974,41,14,-3.89,12.56,233.6,False,False,-2.3219170834068055,8.046119790699732,372.9961347091655
975,41,15,-4.29,1.82,367.5,False,False,-2.5852974048059303,8.10550288140207,393.19253322097654
976,41,16,-0.41,9.64,367.8,False,False,-3.1315533224578744,9.00192894830662,340.4699338323504
977,41,17,-3.93,8.05,311.2,False,False,-3.2232354500218996,7.327058516052887,301.33580857884846
978,41,18,-6.46,11.94,277.1,False,False,-3.8638719304994584,8.45999352395716,278.2603388706179
979,41,19,-3.25,9.82,277.8,False,False,-4.338795229065346,8.197214003313718,254.82937537534613
980,41,20,-3.7,9.53,252.1,False,False,-4.196927496061135,8.086135811624352,269.1344023100836
981,41,21,-8.1,4.32,125.8,False,False,-4.143416856887857,7.751105981587361,145.46212554241347
982,41,22,-4.9,10.8,108.9,False,False,-5.723464406263014,8.421861941497394,122.06976621802553
983,41,23,-4.08,9.05,19.2,False,False,-5.439570068220797,8.18952569933791,70.0759225245609
984,42,0,-5.12,4.64,0.0,False,False,-5.330666694824961,8.142407750024168,1.944366278300754
985,42,1,-4.53,8.08,4.0,False,False,-4.940297381839755,8.293094817130507,34.65695541704306
986,42,2,-8.4,3.82,61.9,False,False,-5.083002580038565,7.913116187315676,42.82044281864749
987,42,3,-4.62,21.71,79.2,False,False,-5.581489389664499,8.827774721785246,133.20374846380832
988,42,4,-5.47,20.29,122.5,False,False,-4.563254431674833,8.288219072013797,182.81994687951251
989,42,5,-5.35,4.19,188.8,False,False,-4.472618620954521,7.936480868353033,200.78144175240806
990,42,6,-2.12,3.03,223.1,False,False,-3.785639710344392,8.138037343485845,239.6229623930289
991,42,7,-0.39,3.64,287.3,False,False,-2.9080694787820804,7.637467343350249,322.538507925689
992,42,8,0.72,6.66,341.2,False,False,-2.507272320122702,7.942900282940774,342.6657090789783
993,42,9,0.18,10.18,291.1,False,False,-1.7750716933611543,8.98159956964525,386.34584842749456
994,42,10,-2.35,7.47,444.4,False,False,-1.441609806837027,8.076584266371482,385.56159692204324
995,42,11,-1.23,3.3,371.5,False,False,-2.187353920489032,7.911485955502444,399.9531646224372
996,42,12,-0.33,10.11,261.6,False,False,-1.603859226273353,7.9356394188820465,413.8438323866252
997,42,13,-1.69,2.25,324.4,False,False,-2.1912104173455043,6.723726815472334,394.53970492969324
998,42,14,-1.87,3.52,424.0,False,False,-2.340852600376124,7.673771624000155,356.12988724915226
999,42,15,-0.8,5.33,417.6,False,False,-2.0864793232403285,7.0204314104021925,373.935714601133
1000,42,16,-2.98,12.34,445.2,False,False,-2.156464099633587,7.864819724176288,358.6372040663939
1001,42,17,-4.8,7.63,249.2,False,False,-3.1870208127140502,8.232018794111065,299.9386973678835
1002,42,18,-4.69,7.78,291.6,False,False,-4.1704556828074715,8.59698195083703,288.67415518776147
1003,42,19,-3.11,3.33,224.7,False,False,-3.913319414178403,7.953977704393973,252.94610964102876
1004,42,20,-4.86,5.62,230.4,False,False,-3.9963078666666245,8.250174134869967,270.59530674193377
1005,42,21,-4.6,11.45,145.8,False,False,-4.71388816565952,7.94077725335078,128.87991110914245
1006,42,22,-4.26,8.75,43.6,False,False,-4.87633308117697,8.266782642086076,123.5306706498757
1007,42,23,-6.55,10.3,6.2,False,False,-5.023236332170763,8.387396537386229,6.496033428447342
1008,43,0,-4.6,7.2,0.0,False,False,-5.804376909326697,7.793139613804516,1.944366278300754
1009,43,1,-5.28,11.51,0.0,False,False,-5.585298063979443,8.229283617013033,2.1892833108085217
1010,43,2,-8.31,3.32,38.5,False,False,-6.0976160277101785,8.168315526427824,64.02767010324621
1011,43,3,-2.64,6.57,104.4,False,False,-5.46091721632901,8.368201750795498,87.41967494682865
1012,43,4,-6.11,9.42,172.3,False,False,-4.91666127173812,8.225958431566797,139.81848431491804
1013,43,5,-7.94,2.7,137.4,False,False,-4.7768734596304645,8.213036074753735,178.13377321073068
1014,43,6,-6.2,1.28,319.0,False,False,-4.963604304881179,8.218664806479424,222.21410245525144
1015,43,7,-5.63,16.88,207.1,False,False,-4.550649903093974,11.676092631013109,306.1565291397527
1016,43,8,-3.0,7.68,249.6,False,False,-2.7157743520636917,7.874906384797494,318.28888928839245
1017,43,9,-3.24,2.53,312.0,False,False,-2.4344152601933726,7.551850487713249,375.89997295326907
1018,43,10,-3.05,7.58,561.1,False,False,-3.277028115667261,8.399769643605437,392.03767161640457
1019,43,11,-0.94,3.55,584.1,False,False,-2.6415573603718503,7.700091070282184,409.29331691603886
1020,43,12,-1.43,4.32,416.2,False,False,-1.7357403921440242,8.766869684043133,427.57710614971955
1021,43,13,-1.55,12.55,427.4,False,False,-2.1133587947703,8.58961576588428,404.86551093788256
1022,43,14,-1.56,5.4,302.9,False,False,-2.4675417480309627,8.100922955303442,339.13570544759136
1023,43,15,-1.46,5.38,353.7,False,False,-2.390345022399354,9.092668384344478,373.2910503233547
1024,43,16,-7.32,3.48,496.1,False,False,-2.8535455729022736,7.869529748888721,394.85461896044814
1025,43,17,-4.32,6.04,391.3,False,False,-4.221899688017775,8.29426817219668,288.4012224160294
1026,43,18,-8.47,7.94,314.8,False,False,-5.031316537084058,8.218790097575754,288.6053903290731
1027,43,19,-4.55,5.4,177.8,False,False,-5.3836961863250705,8.043282288183287,266.81347230376105
1028,43,20,-5.12,19.1,202.4,False,False,-5.109579857094357,7.881897430040339,246.84499338825893
1029,43,21,-3.43,3.99,150.2,False,False,-5.257664901884634,8.20480885054119,126.09441688795853
1030,43,22,-3.47,3.98,66.9,False,False,-4.944343841921274,8.17382449842621,54.88859766129287
1031,43,23,-5.64,5.91,0.0,False,False,-5.661124224618895,7.655650379410839,3.551863085315854
1032,44,0,-7.36,17.95,0.0,False,False,-5.420114311533242,8.620412592579605,1.944366278300754
1033,44,1,-5.32,10.38,0.0,False,False,-5.7776496982745895,8.100227771467832,1.944366278300754
1034,44,2,-7.15,5.3,34.1,False,False,-7.037697808037808,8.481945546934847,37.8460427926823
1035,44,3,-5.77,5.31,57.3,False,False,-5.385976978990305,6.886413436844293,110.90909577491162
1036,44,4,-3.39,3.9,99.1,False,False,-5.345741710251523,7.395516089070686,146.1892646105598
1037,44,5,-5.99,5.82,224.9,False,False,-4.478716401843761,8.853283335240068,173.42626857402914
1038,44,6,-2.75,6.48,338.0,False,False,-4.555541779842379,9.576071275135103,304.86928831745473
1039,44,7,-2.48,10.14,425.1,False,False,-3.331652819556607,8.239936891381712,280.42235266872586
1040,44,8,-5.27,9.08,479.7,False,False,-2.8785052513566023,7.78332250605478,353.5495148907582
1041,44,9,-1.0,5.71,404.1,False,False,-2.5964896595573115,7.540498382862447,381.5446671523042
1042,44,10,-1.23,14.62,567.1,False,False,-2.5322502490709726,7.753663849259518,464.29910165108157
1043,44,11,-2.22,4.91,290.6,False,False,-2.376073756648709,7.992276186222554,382.70270779804787
1044,44,12,-3.88,3.0,274.1,False,False,-1.8497808465202112,8.154384731728515,360.8881138195471
1045,44,13,-4.14,8.14,248.1,False,False,-3.1707209018208964,8.841015726846708,357.8211777491841
1046,44,14,-3.7,12.09,495.8,False,False,-3.1816238533233476,8.462571052284337,366.4889434315611
1047,44,15,-1.86,7.05,513.8,False,False,-3.104823160457063,8.439307884321853,357.72223852007335
1048,44,16,-5.27,3.4,448.5,False,False,-3.3764955633633353,7.745407620277581,374.75336973576856
1049,44,17,-2.96,7.8,424.6,False,False,-4.05642701293009,8.259684808434107,301.85328893517016
1050,44,18,-6.84,8.31,273.4,False,False,-4.230949832169013,7.545068988390711,292.4471714328933
1051,44,19,-5.28,8.76,258.5,False,False,-5.144110507430404,8.396663835943428,224.33313557905853
1052,44,20,-5.14,7.88,132.9,False,False,-5.119103519769661,7.993536031958958,252.68433438912874
1053,44,21,-0.88,12.9,116.4,False,False,-5.206683227550794,7.47783305697474,126.89059728206426
1054,44,22,-8.84,3.85,40.0,False,False,-4.964579362904327,7.7254659531236705,68.0432415263169
1055,44,23,-3.35,0.91,0.0,False,False,-6.429265793531841,7.951852332788772,3.551863085315854
1056,45,0,-6.31,2.25,0.0,False,False,-5.85552338133196,6.911018403020162,1.944366278300754
1057,45,1,-5.72,3.37,0.0,False,False,-5.730126921633824,5.790147710928103,2.1892833108085217
1058,45,2,-6.1,11.04,26.5,False,False,-6.042288508645347,9.302813810330568,34.90187244955082
1059,45,3,-5.13,6.04,89.6,False,False,-5.130208209434171,8.332860968964656,72.1391580402273
1060,45,4,-5.92,15.21,133.1,False,False,-4.87150999416125,8.208924667683041,126.79613751249863
1061,45,5,-2.22,3.69,280.8,False,False,-4.854224329373057,8.41360634511869,202.84234779782426
1062,45,6,-5.52,15.05,227.1,False,False,-3.975033005566824,9.127671519234202,308.84542872973134
1063,45,7,-1.83,4.35,259.2,False,False,-4.20506736517726,7.204016245339753,308.60776916482985
1064,45,8,-4.9,6.47,424.3,False,False,-3.043288704838954,8.053588508401466,369.2793823521093
1065,45,9,-3.32,2.54,330.2,False,False,-3.577040714106196,7.662993901388843,372.7926631609213
1066,45,10,-5.02,14.04,382.2,False,False,-2.8128134792147566,8.378174247500437,374.18066787952233
1067,45,11,-1.77,6.94,494.3,False,False,-3.027273455451051,8.26332968365786,461.4381038474438
1068,45,12,0.28,19.53,394.8,False,False,-2.172423055622687,8.823364634869105,414.5841345087158
1069,45,13,-2.83,12.37,351.9,False,False,-2.39608353137467,8.776163690892492,407.910700936255
1070,45,14,-3.27,6.38,234.2,False,False,-2.5684606625394246,8.079185159504746,365.9498967689009
1071,45,15,-5.42,4.75,493.4,False,False,-2.8314809199077406,7.319892500050084,410.26274361196215
1072,45,16,-4.07,11.29,352.3,False,False,-4.144338459339762,7.989701521736866,361.03542779727985
1073,45,17,-7.28,7.33,395.5,False,False,-4.090513011048302,7.959812734402939,321.11615676462617
1074,45,18,-6.43,4.61,282.3,False,False,-6.056019824260786,8.006232902804559,288.89100478965076
1075,45,19,-4.67,7.62,150.9,False,False,-5.591035937670945,8.800306010920611,213.8261894280675
1076,45,20,-2.97,2.02,127.9,False,False,-4.927089161277074,7.860231525380916,173.50377338894376
1077,45,21,-0.4,8.85,77.4,False,False,-4.247097196304728,8.155635589597194,122.06976621802553
1078,45,22,-7.51,9.73,24.0,False,False,-4.896168735318616,8.03794300560529,37.17594156894566
1079,45,23,-3.67,3.61,0.0,False,False,-5.469502225022406,6.565634822399047,3.551863085315854
1080,46,0,-6.38,13.07,0.0,False,False,-6.121587792328084,8.659657405964587,1.944366278300754
1081,46,1,-7.1,11.69,0.0,False,False,-5.609717840444063,8.203423953163107,2.1892833108085217
1082,46,2,-5.73,8.44,6.2,False,False,-5.897961594495298,9.152771120270666,7.509918017085624
1083,46,3,-6.15,4.17,96.3,False,False,-5.482317602565254,8.962416462757238,102.01588991471698
1084,46,4,-5.64,10.03,130.2,False,False,-4.8626447377405215,9.387782576495638,119.69007604369463
1085,46,5,-6.2,5.86,222.5,False,False,-4.529768372794609,8.448767108391348,235.0012587810997
1086,46,6,-7.66,7.98,190.1,False,False,-4.555541779842379,8.213808944100553,299.62992084324185
1087,46,7,-7.43,10.52,231.2,False,False,-4.502970805891562,8.068837769825796,289.57053250061307
1088,46,8,-2.56,3.03,410.4,False,False,-4.847964252844808,8.479458018923475,359.6595339274619
1089,46,9,-4.0,2.47,327.1,False,False,-3.407797335503919,8.553385927169382,377.19996102532286
1090,46,10,-4.32,5.55,528.8,False,False,-3.3476967971642972,7.354244250493576,458.1414973115868
1091,46,11,-2.91,17.85,473.5,False,False,-3.236776047221775,8.622132877890989,410.92853978764816
1092,46,12,-1.27,19.95,479.6,False,False,-1.7645174996579847,10.721713335088387,430.22980838620634
1093,46,13,-2.57,8.75,372.4,False,False,-2.7594195676093767,9.118368956263,405.6629761479297
1094,46,14,-4.44,11.85,537.9,False,False,-2.7215292208217776,8.508040053540567,390.63188818242514
1095,46,15,-1.0,7.1,518.3,False,False,-3.6174753001278614,7.748356313508776,383.9384842511517
1096,46,16,-0.7,7.62,270.7,False,False,-3.1993121720090323,8.493388198755099,341.936372498661
1097,46,17,-3.36,6.47,303.4,False,False,-3.6906369438070152,8.36780580957908,307.67132239306494
1098,46,18,-2.92,12.58,338.0,False,False,-4.300931213541127,8.242002133281266,275.30710288268216
1099,46,19,-2.9,15.3,128.7,False,False,-3.924919068647083,8.617878550609252,195.29316163005885
1100,46,20,-3.6,7.53,112.1,False,False,-4.1443970189847805,8.6212720590911,122.06976621802553
1101,46,21,-5.05,7.6,100.8,False,False,-3.977463175354116,8.648054501596741,88.0373236533536
1102,46,22,-5.4,6.65,7.6,False,False,-6.254490281402546,9.548940576727635,11.009175930612676
1103,46,23,-5.76,15.49,0.0,False,False,-5.297956744178376,10.136230513488082,1.944366278300754
1104,47,0,-9.32,11.1,0.0,False,False,-6.403441012423986,8.619080000074412,1.944366278300754
1105,47,1,-5.65,4.11,0.0,False,False,-6.842529417629463,8.61993503862306,2.1892833108085217
1106,47,2,-9.56,17.57,0.0,False,False,-6.514884834953018,10.014758538561875,2.1892833108085217
1107,47,3,-8.12,1.51,59.9,False,False,-6.278652728797833,8.869336817088039,109.20669244394045
1108,47,4,-3.51,14.71,172.2,False,False,-6.357127156916577,11.270251036631945,117.54888072706186
1109,47,5,-3.96,12.07,219.6,False,False,-5.043858310658083,9.329016476046348,240.56872442676374
1110,47,6,-2.15,7.54,338.5,False,False,-4.97631720432605,8.623437894301302,255.7914867729378
1111,47,7,-5.15,7.44,252.4,False,False,-3.7051067620171683,8.710572023386815,299.55987218465515
1112,47,8,-6.43,6.83,482.3,False,False,-3.9046144677175825,8.294582179889717,358.494216570007
1113,47,9,-4.19,4.23,440.2,False,False,-4.088411908381906,8.038310765119295,375.04997092294974
1114,47,10,-3.18,16.87,273.0,False,False,-4.052012552245332,8.560476645245574,365.72584799737393
1115,47,11,-3.03,7.32,383.8,False,False,-3.5399887268677115,8.48210908503118,420.94385317512445
1116,47,12,-0.85,4.18,329.5,False,False,-1.999442758357067,8.48596009051031,391.9021577326305
1117,47,13,-3.91,16.35,320.7,False,False,-2.93319527160415,9.328621106310795,407.3702704997769
1118,47,14,-2.68,9.26,546.2,False,False,-3.5132680938754874,8.508797964905625,403.8583360846687
1119,47,15,-5.68,9.55,521.0,False,False,-3.1643152279182396,8.411608664339091,407.6986639868223
1120,47,16,-3.22,18.22,197.7,False,False,-3.7402487100633444,8.644768141867289,313.6169004529554
1121,47,17,-4.6,10.23,203.9,False,False,-4.1842862847768725,8.748304597231918,252.77417768928453
1122,47,18,-6.62,5.17,198.3,False,False,-5.169378739945059,8.836082654451253,270.8837156500932
1123,47,19,-6.11,10.22,244.3,False,False,-5.221954052625564,8.816832951978567,126.18011905830889
1124,47,20,-6.49,4.45,138.8,False,False,-5.362478783276332,8.016959470876508,129.52827698167602
1125,47,21,-7.08,5.72,65.7,False,False,-5.701026078337875,8.892821163169444,114.68316829886132
1126,47,22,-3.31,8.6,0.0,False,False,-6.670260823913118,8.446804905586925,1.5191820870718709
1127,47,23,-7.25,11.76,0.0,False,False,-6.252965544655523,9.046274136562548,1.944366278300754
1128,48,0,-7.87,5.34,0.0,False,False,-7.519536854371056,9.066531691054907,1.944366278300754
1129,48,1,-11.51,6.72,0.0,False,False,-7.293864432344851,7.349875049390638,2.1892833108085217
1130,48,2,-8.9,6.68,0.0,False,False,-7.878321672963775,8.51457596190897,2.1892833108085217
1131,48,3,-7.32,12.8,73.1,False,False,-7.301563282315356,9.90725542635208,68.86874614497985
1132,48,4,-7.75,7.44,139.4,False,False,-6.685248084091458,8.47146381465647,146.28417113451584
1133,48,5,-3.14,17.45,242.0,False,False,-6.249108849287862,8.703385279704682,233.1923593964007
1134,48,6,-5.71,5.72,320.7,False,False,-5.429907277487838,8.535205985163044,289.96095763326963
1135,48,7,-2.29,5.47,221.4,False,False,-4.869000112806328,8.261212395315116,295.71498438109114
1136,48,8,-4.26,14.58,389.6,False,False,-3.6368232270735343,8.636466665978457,362.71072739082877
1137,48,9,-3.89,9.79,487.7,False,False,-4.297017922799484,8.13650473381658,373.7548834194323
1138,48,10,-3.83,22.6,262.3,False,False,-4.0115635264130525,9.406449892101126,381.4325663211526
1139,48,11,-3.44,14.3,468.4,False,False,-3.830310569456354,9.426374409287416,433.1719949361247
1140,48,12,0.06,3.53,337.9,False,False,-2.743615554509872,7.072178152237702,398.7040998585687
1141,48,13,-8.09,7.34,528.9,False,False,-2.868683418914953,9.508114706748756,402.05924590741915
1142,48,14,-7.65,8.6,303.9,False,False,-4.6843769093351995,8.53345271475521,370.50897430018586
1143,48,15,-5.05,23.28,331.7,False,False,-4.789586534470778,8.350638410152099,397.29899410206025
1144,48,16,-4.35,6.78,387.1,False,False,-4.702241975380395,8.457412672472199,265.9586914581266
1145,48,17,-3.48,8.2,305.5,False,False,-4.759449161022277,7.9576487146829145,254.9920746362414
1146,48,18,-4.44,8.42,161.4,False,False,-5.202726439114416,8.245028968510809,223.26241195270316
1147,48,19,-6.67,5.38,138.5,False,False,-5.212255404705048,8.421916847428538,192.33168771283354
1148,48,20,-4.34,12.54,157.2,False,False,-5.847750102513723,8.353845817329137,122.06976621802553
1149,48,21,-4.74,16.45,73.9,False,False,-6.331982237969094,8.580091338875915,79.50221640758048
1150,48,22,-6.75,10.66,0.0,False,False,-6.21663893175845,9.369554249242551,1.5191820870718709
1151,48,23,-5.39,9.11,0.0,False,False,-6.6842638594074195,8.87690405977038,1.944366278300754
1152,49,0,-7.1,7.1,0.0,False,False,-7.856997983584705,8.398958491147035,1.944366278300754
1153,49,1,-8.7,8.56,0.0,False,False,-7.458710261379452,8.498802523342412,2.1892833108085217
1154,49,2,-5.98,9.01,0.0,False,False,-8.724430441433451,8.344282177917231,2.1892833108085217
1155,49,3,-6.84,4.24,32.4,False,False,-7.005997678766149,7.884892013221056,70.83124418818771
1156,49,4,-6.64,12.22,78.2,False,False,-6.346087969132203,8.633022306111918,120.1055222051753
1157,49,5,-3.22,5.93,112.0,False,False,-6.304838830252516,8.396836318229589,203.55366192665
1158,49,6,-10.55,14.97,261.9,False,False,-5.68227901241257,8.928460062013846,246.2442618021366
1159,49,7,-7.96,0.73,247.4,False,False,-6.024211020263329,8.082390549570777,283.78551058595264
1160,49,8,-7.02,8.06,338.6,False,False,-5.943847226206095,8.270928728960682,361.35003751010595
1161,49,9,-4.96,12.33,378.6,False,False,-5.857190179778926,10.18425935027934,378.9472458901571
1162,49,10,-4.42,10.58,434.4,False,False,-4.985024731027198,8.892017919011042,371.67985598460666
1163,49,11,-6.73,3.56,448.0,False,False,-4.598863975952571,7.744016396777151,403.6828261675485
1164,49,12,-5.61,14.3,426.9,False,False,-3.794936239105874,9.395574468852802,422.84738091507353
1165,49,13,-5.43,4.88,291.9,False,False,-5.046128549488846,7.098815689606817,411.0113131657889
1166,49,14,1.0,5.72,236.5,False,False,-4.934860054141545,8.00937047214407,365.83141318336106
1167,49,15,-0.63,6.0,394.8,False,False,-3.804237616177354,8.3752863632575,410.71070124150833
1168,49,16,-5.47,2.81,311.6,False,False,-4.171764722918544,8.512741087311058,302.52070499197384
1169,49,17,-5.85,8.25,265.4,False,False,-4.79936837332029,8.274288129641302,264.77588129813074
1170,49,18,-7.94,12.72,219.9,False,False,-5.441208357550351,7.953827465271421,211.43127901264344
1171,49,19,-9.98,14.78,116.4,False,False,-6.921701128672057,8.607669121559924,181.3585855729922
1172,49,20,-6.88,6.78,79.5,False,False,-7.374889944864703,8.32544881785813,142.2740539454626
1173,49,21,-9.05,7.4,48.1,False,False,-7.193676334138297,8.348059128242278,70.16114296445105
1174,49,22,-7.55,10.95,0.0,False,False,-8.124852536564031,8.277981025276178,2.125231378946053
1175,49,23,-10.78,6.88,0.0,False,False,-7.882481049693219,8.283198004914883,1.944366278300754
1176,50,0,-9.43,13.3,0.0,False,False,-8.634182532408284,8.55750469745922,2.1892833108085217
1177,50,1,-7.55,7.21,0.0,False,False,-8.79049370401901,8.19064023442018,2.1892833108085217
1178,50,2,-6.91,4.51,0.0,False,False,-8.370061963298065,8.268468971394944,2.1892833108085217
1179,50,3,-6.49,8.36,35.7,False,False,-7.435753875247687,9.00105819167825,40.59675387295627
1180,50,4,-9.55,3.14,98.2,False,False,-6.984268760309067,8.188635118294481,81.92414355158307
1181,50,5,-4.72,8.31,162.6,False,False,-6.148249869320786,9.361869183223973,169.5639320917821
1182,50,6,-7.51,9.12,283.1,False,False,-6.418477303516438,7.979537071726793,251.00057069583147
1183,50,7,-4.13,4.9,188.9,False,False,-5.812169627467804,6.262435937222192,281.0839137093494
1184,50,8,-4.93,8.94,210.3,False,False,-5.398774920386626,8.068958359180439,302.626894226976
1185,50,9,-7.25,6.44,242.8,False,False,-4.601349199599717,7.972841058891155,349.41779456667217
1186,50,10,-4.81,4.78,565.7,False,False,-4.720831872569121,8.436551003316037,389.4359621420317
1187,50,11,-3.25,2.88,565.9,False,False,-5.04181754502144,8.213182693853666,416.53191908446604
1188,50,12,-2.68,18.35,492.2,False,False,-3.841111322069814,8.540692624946775,425.9131241762941
1189,50,13,-4.26,15.74,395.6,False,False,-4.35009714818377,8.435818612361038,391.2788471490176
1190,50,14,-1.12,6.3,255.9,False,False,-4.03501845385216,8.627237288102199,324.53647877206845
1191,50,15,-2.48,9.01,470.5,False,False,-3.471241182213947,7.881595723632686,359.10284089054664
1192,50,16,-5.42,21.75,242.8,False,False,-4.499543683981434,8.085723561483425,326.506040859859
1193,50,17,-3.89,15.93,228.4,False,False,-5.064751812284044,8.310151027675353,274.61414565515236
1194,50,18,-2.04,4.8,295.2,False,False,-5.661998214049247,8.080574465477259,207.62396415883663
1195,50,19,-2.51,7.74,132.4,False,False,-5.410948798697047,8.487011390338026,129.52827698167602
1196,50,20,-9.37,5.7,131.1,False,False,-5.533413198938012,8.46774982214113,96.35074187845812
1197,50,21,-9.18,12.26,40.5,False,False,-7.23617631980726,8.466017115155992,44.61232529602696
1198,50,22,-4.67,8.96,0.0,False,False,-7.953329036964938,8.452085675424982,1.5191820870718709
1199,50,23,-9.96,7.59,0.0,False,False,-7.729595263793131,8.545537486977272,1.944366278300754
1200,51,0,-10.82,3.62,0.0,False,False,-8.678282322383046,8.058604298432918,2.1892833108085217
1201,51,1,-9.08,19.48,0.0,False,False,-8.699361062255802,8.520046723341997,2.1892833108085217
1202,51,2,-7.07,6.85,0.0,False,False,-8.3643935607065,8.533457195104976,2.1892833108085217
1203,51,3,-7.8,4.36,27.7,False,False,-7.871924093201144,8.124175661227893,34.90187244955082
1204,51,4,-8.48,2.89,121.7,False,False,-7.642274107568899,8.326656578418836,110.90909577491162
1205,51,5,-8.05,3.29,226.6,False,False,-6.943153589354933,8.578863823071828,161.748818031716
1206,51,6,-7.6,7.55,259.4,False,False,-7.705986835037371,8.33044750397567,291.87905015336526
1207,51,7,-7.42,12.36,382.2,False,False,-6.430654117474048,9.441389670518294,255.79890740322088
1208,51,8,-0.62,8.66,264.0,False,False,-6.18677488377649,8.15226635133811,329.0138054409818
1209,51,9,-4.17,2.99,516.6,False,False,-5.159033136322293,7.962360877937897,357.21906364664943
1210,51,10,-2.67,7.54,535.8,False,False,-4.856196310771064,8.53797485927364,407.76989892449836
1211,51,11,-5.23,14.23,251.2,False,False,-4.229063460883604,8.362658605250848,377.4396702995598
1212,51,12,-4.55,6.19,452.6,False,False,-4.4455967764315245,7.419967338783048,413.19333867736356
1213,51,13,-5.67,8.67,415.1,False,False,-4.765608758169987,8.245074486969257,395.613521055909
1214,51,14,-9.75,6.33,503.6,False,False,-5.367334477913053,8.27021614843103,358.87628297107057
1215,51,15,-7.52,9.66,249.8,False,False,-5.446702728185846,8.009796350316398,364.82636475147905
1216,51,16,-8.8,4.76,336.0,False,False,-6.474880394041214,7.748625149077524,308.9152395462821
1217,51,17,-10.16,0.78,279.9,False,False,-6.952101738768926,7.476635314525546,265.7979315550134
1218,51,18,-8.57,3.75,203.1,False,False,-7.396742285652339,6.2392024205077625,256.22813470856613
1219,51,19,-4.05,5.77,227.8,False,False,-7.6727315463021135,6.157629343215578,127.68671149876525
1220,51,20,-7.27,7.15,96.0,False,False,-7.462482804153174,7.956461515598288,122.33707001199602
1221,51,21,-5.01,5.9,21.2,False,False,-7.943148686560425,8.222859257183044,38.27834171921083
1222,51,22,-7.09,5.83,0.0,False,False,-7.180886044014674,8.400432204420476,2.125231378946053
1223,51,23,-6.55,12.41,0.0,False,False,-8.465439369532305,8.138772822117408,1.944366278300754
1224,52,0,-10.25,4.11,0.0,False,False,-9.127161794472514,8.825737464626936,2.1892833108085217
1225,52,1,-7.33,7.57,0.0,False,False,-8.754688581320634,8.657267881498917,2.1892833108085217
1226,52,2,-6.73,3.11,0.0,False,False,-8.08767638661539,8.437732169972149,2.1892833108085217
1227,52,3,-9.02,10.67,17.6,False,False,-7.751698134339475,8.601711298353466,7.509918017085624
1228,52,4,-6.33,8.54,92.2,False,False,-8.188177681068039,8.392947990929171,111.29705740540012
1229,52,5,-5.84,19.29,129.6,False,False,-6.520242141278354,8.342439626634109,180.55499718380716
1230,52,6,-7.55,4.01,211.7,False,False,-6.343323286386926,8.050194836901328,243.00937544482753
1231,52,7,-8.18,16.32,292.4,False,False,-6.247845892044557,8.324447715161046,297.86839008064686
1232,52,8,-7.82,4.33,336.7,False,False,-6.412396370765037,7.453611270441254,306.39189164547
1233,52,9,-4.86,6.16,289.4,False,False,-6.080003607255289,8.317636063227265,376.75969432864196
1234,52,10,-4.06,3.43,270.4,False,False,-5.35805044163465,8.713771953923303,339.4640142170959
1235,52,11,-6.1,19.16,558.5,False,False,-4.984080980882352,8.91269682065355,479.104664087411
1236,52,12,-4.4,9.21,470.7,False,False,-4.35843207905508,7.8404985943275705,420.3992570584681
1237,52,13,-3.38,9.27,288.0,False,False,-4.969066894200783,8.157986007484537,392.09053670883804
1238,52,14,-3.48,4.56,561.8,False,False,-4.710130366079847,7.01486603890573,431.2943934635351
1239,52,15,-1.93,1.62,338.1,False,False,-4.721540133392046,8.332979464068481,368.3471707118065
1240,52,16,-2.9,6.03,390.5,False,False,-4.717760716117361,7.8159972818810015,305.4217650006875
1241,52,17,-7.94,5.42,199.2,False,False,-5.072028691740921,6.831761643405411,259.7939739119534
1242,52,18,-3.08,2.33,298.3,False,False,-6.725878555846688,8.084635458596665,249.4303834357557
1243,52,19,-8.03,6.24,98.0,False,False,-5.720833299770378,7.657491836189807,206.6153422903437
1244,52,20,-5.36,7.58,117.5,False,False,-7.658033673733846,8.243055316598978,122.56899232847188
1245,52,21,-7.73,9.54,15.8,False,False,-7.174787253535965,8.691478416333586,7.926903569719796
1246,52,22,-9.01,1.79,0.0,False,False,-7.595866790177357,8.001548336507357,0.37433162896761524
1247,52,23,-12.0,3.55,0.0,False,False,-9.024184941692514,7.774014405046236,1.944366278300754
1248,53,0,-9.07,4.65,0.0,False,False,-9.232736533349625,7.956150576424624,2.1892833108085217
1249,53,1,-11.78,12.69,0.0,False,False,-9.294508591025018,9.504543285862653,2.1892833108085217
1250,53,2,-6.52,12.57,0.0,False,False,-7.8381221403621915,8.481645075399618,2.1892833108085217
1251,53,3,-5.11,8.96,4.2,False,False,-8.02213654094819,8.87747892668829,2.1892833108085217
1252,53,4,-9.32,6.18,48.6,False,False,-7.56307527521877,8.572702206118334,115.84647739609069
1253,53,5,-6.64,13.09,151.5,False,False,-6.852823895343623,8.6402038419287,156.54158528936244
1254,53,6,-8.18,8.4,225.6,False,False,-7.153488117053111,7.451469109377579,243.11437007021468
1255,53,7,-7.46,12.72,159.3,False,False,-7.145341575927298,7.9666485618688965,292.3137742517334
1256,53,8,-4.18,9.17,288.8,False,False,-6.013311474317595,7.940192848286482,271.808356063466
1257,53,9,-5.39,2.55,217.1,False,False,-5.51016889159974,7.850997606110055,367.3219504836158
1258,53,10,-1.51,1.6,553.0,False,False,-4.818277070943437,8.14504056578624,406.14977914848794
1259,53,11,-5.76,5.85,312.7,False,False,-4.159164605371488,8.017317219274084,388.12664695668235
1260,53,12,-2.73,11.33,488.3,False,False,-4.726788545347724,8.126264050606611,470.4024605679873
1261,53,13,-4.6,5.38,475.3,False,False,-4.304167481307549,8.058775501472262,377.96587851198757
1262,53,14,-3.4,14.37,487.1,False,False,-5.51030307622333,8.257243594980048,434.51511305763336
1263,53,15,-6.2,10.81,312.9,False,False,-4.706775284232387,8.792040648584468,354.5549254822646
1264,53,16,-5.82,13.73,235.5,False,False,-5.556039526260954,9.698837888602224,330.8934007573428
1265,53,17,-6.44,5.94,278.6,False,False,-6.063789251048094,8.123704977668206,232.9540763391122
1266,53,18,-8.4,4.19,247.4,False,False,-6.9180905536550545,7.749145092801188,262.3873776698653
1267,53,19,-5.92,3.83,178.3,False,False,-6.958578763921766,8.702265401398549,179.28141132807207
1268,53,20,-6.42,9.62,46.7,False,False,-6.9935308332284105,8.284326114949105,113.22226386701115
1269,53,21,-6.95,2.7,4.5,False,False,-7.171662341086866,8.093474356025103,1.5191820870718709
1270,53,22,-5.38,2.81,0.0,False,False,-8.012397654054903,8.116596205507518,0.9803809208417971
1271,53,23,-5.76,5.2,0.0,False,False,-8.060797965660452,7.716537344021315,2.1892833108085217
1272,54,0,-9.75,8.23,0.0,False,False,-8.611448063037013,8.599058354642313,2.1892833108085217
1273,54,1,-8.19,4.7,0.0,False,False,-8.574071919117737,8.24468786430595,2.1892833108085217
1274,54,2,-9.98,12.58,0.0,False,False,-8.762093212456813,9.186087439199657,2.1892833108085217
1275,54,3,-8.37,13.83,0.0,False,False,-8.531733463133646,8.375923279110713,2.1892833108085217
1276,54,4,-9.2,1.16,51.7,False,False,-8.155394049440016,8.523618917343487,42.82044281864749
1277,54,5,-4.28,9.26,85.7,False,False,-7.786850384317155,8.937029551311742,122.3697117911007
1278,54,6,-6.27,5.39,255.3,False,False,-6.949620929070582,8.21257690963467,212.38750767664345
1279,54,7,-6.92,11.59,345.7,False,False,-6.555176412690279,8.508587732239222,250.9542601640206
1280,54,8,-3.61,9.43,207.7,False,False,-5.85947696719768,8.511583769882341,326.7700152946154
1281,54,9,-9.93,8.03,287.3,False,False,-6.1158724616526525,8.671761789834594,319.93318194639687
1282,54,10,-9.3,21.85,442.3,False,False,-6.2318680124189525,9.310853658445758,392.7832139589286
1283,54,11,-3.48,2.82,384.8,False,False,-6.598204844425913,8.336240765231928,384.6471300943049
1284,54,12,-4.88,20.71,363.3,False,False,-5.312608173249356,8.178240944418,429.6683392816452
1285,54,13,-4.57,3.53,386.7,False,False,-5.41479038145628,8.360557366030227,399.827051847241
1286,54,14,-7.92,16.41,396.0,False,False,-5.011310092266008,8.30642833160689,357.8171323265916
1287,54,15,-5.63,10.36,264.7,False,False,-5.994471979556814,7.830447445927858,345.1435156976466
1288,54,16,-1.99,5.55,289.3,False,False,-5.937739378590649,7.889082439669567,313.9790293231123
1289,54,17,-4.84,5.09,168.8,False,False,-5.667543238003044,8.286514408507822,260.4943083905737
1290,54,18,-6.66,2.74,119.1,False,False,-6.697191011807935,7.316734698784332,236.75901108996035
1291,54,19,-8.4,7.48,196.1,False,False,-6.885269967378475,8.855667605901058,146.25563663478894
1292,54,20,-8.79,2.67,41.9,False,False,-7.672807060639977,8.129541665476543,60.51945749614038
1293,54,21,-12.67,12.95,0.0,False,False,-8.552087165172432,8.574453639918636,1.5191820870718709
1294,54,22,-8.22,8.45,0.0,False,False,-9.016933658478871,7.706327973279208,0.9803809208417971
1295,54,23,-7.24,7.22,0.0,False,False,-10.037442123624448,8.400927336031595,2.1892833108085217
1296,55,0,-12.43,7.72,0.0,False,False,-10.43617067792979,8.910092895662203,2.1892833108085217
1297,55,1,-10.53,8.63,0.0,False,False,-9.778376525265623,8.14038101554175,2.1892833108085217
1298,55,2,-11.33,6.1,0.0,False,False,-9.960494410486662,8.240390572112355,2.1892833108085217
1299,55,3,-10.62,6.55,0.0,False,False,-9.498302762575081,8.289821506106433,2.1892833108085217
1300,55,4,-8.17,17.31,73.1,False,False,-9.187497434569513,10.84650226686983,40.06973173837352
1301,55,5,-11.97,12.3,88.4,False,False,-8.317062438345753,8.587141854199123,95.59894547413593
1302,55,6,-6.05,10.14,182.1,False,False,-7.916537641004372,7.946775644662995,217.86325492056318
1303,55,7,-5.25,5.55,212.8,False,False,-7.017094257775175,8.074065200460906,210.69106738777404
1304,55,8,-6.78,2.08,359.3,False,False,-6.340344893266516,8.106747909962191,302.1501785591351
1305,55,9,-10.83,9.54,312.7,False,False,-6.635366284425832,7.063328903244421,333.669199494942
1306,55,10,-7.54,7.71,396.5,False,False,-7.171462797371536,7.704821379258378,371.03665895839237
1307,55,11,-2.88,6.47,458.1,False,False,-6.629594754603403,8.891974050958556,398.78570218130307
1308,55,12,-10.84,7.04,551.7,False,False,-5.644575189113907,8.286385077537487,436.71756278178003
1309,55,13,-6.04,3.65,562.4,False,False,-6.506859363040652,8.384691262851394,428.610002136394
1310,55,14,-7.91,4.31,458.7,False,False,-5.9603785014724515,8.338775531897811,393.55609187097843
1311,55,15,-4.26,12.31,254.8,False,False,-7.343857170811877,9.45617075327845,316.56103485141784
1312,55,16,-7.63,1.72,423.0,False,False,-6.481492071799656,8.290153039463389,329.58805309630355
1313,55,17,-5.95,11.42,196.6,False,False,-6.78466302915605,8.773118190796138,225.97628111181018
1314,55,18,-6.15,14.69,124.0,False,False,-7.636217405310904,9.468979915520372,173.50773695058837
1315,55,19,-4.13,9.44,125.1,False,False,-7.002527746721919,9.709145420958716,165.23786165123076
1316,55,20,-8.69,9.2,68.7,False,False,-7.492366221479138,8.050672757007947,43.322518647603154
1317,55,21,-7.94,4.28,0.0,False,False,-8.52845017918702,7.59652324948512,1.5191820870718709
1318,55,22,-11.98,4.66,0.0,False,False,-8.91243966883874,8.231546725413942,0.9803809208417971
1319,55,23,-6.83,5.81,0.0,False,False,-8.699288589815087,8.709220257786429,1.944366278300754
1320,56,0,-11.08,3.2,0.0,False,False,-10.228783771133909,8.557816483175063,2.1892833108085217
1321,56,1,-10.61,4.47,0.0,False,False,-10.33706186071761,8.83289182056414,2.1892833108085217
1322,56,2,-9.34,7.7,0.0,False,False,-9.823856746672092,8.71299651116624,2.1892833108085217
1323,56,3,-12.1,5.61,0.0,False,False,-9.738427844570442,8.328631316200223,2.1892833108085217
1324,56,4,-8.1,8.06,65.9,False,False,-8.768668679570613,8.801748022769912,70.83124418818771
1325,56,5,-6.14,12.29,116.4,False,False,-8.572507625796224,8.272163438350004,106.46900432596213
1326,56,6,-6.98,8.02,185.5,False,False,-7.666573213413992,9.273557146296726,199.45217990126008
1327,56,7,-10.22,9.25,276.3,False,False,-6.772238292850787,7.962360877937897,269.3221902825438
1328,56,8,-6.81,2.64,369.4,False,False,-7.1997310258407055,7.890244071060574,323.0901678512039
1329,56,9,-4.66,12.18,444.8,False,False,-7.576888651750276,8.211697945775178,367.2869970438333
1330,56,10,-9.58,2.59,238.2,False,False,-7.104771609838395,7.959387733433173,379.39457336474555
1331,56,11,-7.78,5.39,537.5,False,False,-6.183298826907505,8.589642177641483,423.40357294971017
1332,56,12,-3.81,3.76,402.5,False,False,-6.481845954222362,7.680309745330344,377.87200853996126
1333,56,13,-5.09,2.09,556.8,False,False,-6.453544795458422,8.95268142561,477.61650076497716
1334,56,14,-5.0,7.8,405.0,False,False,-6.059538734410786,8.251368841892646,382.0568304987106
1335,56,15,-2.43,9.67,352.0,False,False,-5.4629308388098705,7.692387455617356,335.9763680642837
1336,56,16,-5.62,14.89,232.3,False,False,-5.83948393187773,9.218562686664486,312.12593584440305
1337,56,17,-5.73,8.4,252.3,False,False,-6.442134770095029,8.303538815735815,194.79191105970935
1338,56,18,-2.14,4.45,194.1,False,False,-6.613013757948283,7.248802613092516,129.65966716063255
1339,56,19,-8.51,5.54,167.4,False,False,-6.630907932694468,8.743179500088496,168.48075473515314
1340,56,20,-10.16,2.3,67.6,False,False,-8.635443182190453,7.601065354950989,70.99251853513243
1341,56,21,-8.12,5.87,0.0,False,False,-9.54833600525821,8.891483138668006,1.5191820870718709
1342,56,22,-8.42,7.17,0.0,False,False,-9.809598900794043,8.49615630718791,0.9803809208417971
1343,56,23,-10.55,9.45,0.0,False,False,-9.336189927090004,8.628938857232525,1.944366278300754
1344,57,0,-11.91,25.78,0.0,False,False,-10.811516458967855,8.890367665472441,2.1892833108085217
1345,57,1,-5.16,24.29,0.0,False,False,-9.39964095938855,13.140361048841674,2.1892833108085217
1346,57,2,-8.92,4.18,0.0,False,False,-9.313340965266155,6.538377064141607,2.1892833108085217
1347,57,3,-10.72,3.5,0.0,False,False,-9.124419767439337,7.2798214115819135,2.1892833108085217
1348,57,4,-7.01,10.39,45.3,False,False,-8.525548465724668,9.146335262433748,66.7783811835202
1349,57,5,-8.58,2.04,114.5,False,False,-8.336093508523964,8.161651249826651,110.90909577491162
1350,57,6,-8.35,18.52,175.1,False,False,-8.445324296414196,11.008351116011088,178.9782787741873
1351,57,7,-6.2,4.69,164.1,False,False,-7.734645180342394,8.266150143884921,240.68419705961338
1352,57,8,-9.43,13.04,232.5,False,False,-6.6835408216666385,9.118339750463676,280.32730396135656
1353,57,9,-5.72,5.19,293.9,False,False,-6.789170954993714,7.638586421138448,380.0600806159627
1354,57,10,-2.29,9.78,409.2,False,False,-6.732623462940062,8.728275182129542,363.3266126586464
1355,57,11,-4.98,3.57,418.8,False,False,-5.247962534322632,7.99894082050852,406.726575019018
1356,57,12,-6.6,7.4,435.4,False,False,-5.853308163720933,8.910628547895307,395.9402580437203
1357,57,13,-6.93,2.4,263.0,False,False,-5.97968073566511,8.213061095678151,367.79851626835875
1358,57,14,-6.93,8.63,227.3,False,False,-6.773629586947349,8.43696315922313,379.36549954058484
1359,57,15,-6.94,3.54,346.5,False,False,-6.721564908286984,7.951585309581604,355.2866348073417
1360,57,16,-7.6,3.88,229.7,False,False,-7.247450199957221,7.178819980585159,294.3804432968278
1361,57,17,-5.49,5.7,340.4,False,False,-7.336245614988914,8.29999381448795,255.66683036631636
1362,57,18,-11.31,6.36,178.3,False,False,-7.247652156336411,8.24528984151414,183.85553880928526
1363,57,19,-6.64,9.46,102.9,False,False,-7.873206007620015,8.57975220990994,151.5493721646872
1364,57,20,-9.6,8.98,43.8,False,False,-8.90267098205409,8.795574567514617,71.42456889599381
1365,57,21,-8.5,7.81,0.0,False,False,-9.228293421124095,7.907059046701948,2.125231378946053
1366,57,22,-11.83,11.41,0.0,False,False,-10.102528696071053,8.707320182300466,0.9803809208417971
1367,57,23,-7.12,8.84,0.0,False,False,-9.23134822179068,8.590600234806457,2.1892833108085217
1368,58,0,-7.64,9.18,0.0,False,False,-10.173393846279515,8.838067740218285,2.1892833108085217
1369,58,1,-8.14,3.86,0.0,False,False,-9.309145594726152,8.793561731835027,2.1892833108085217
1370,58,2,-12.89,11.86,0.0,False,False,-9.865771581404545,8.124059900720622,2.1892833108085217
1371,58,3,-7.89,11.11,0.0,False,False,-9.392267796375641,8.670645621295494,2.1892833108085217
1372,58,4,-8.32,8.01,38.9,False,False,-8.994151432094986,8.688490481806914,37.8460427926823
1373,58,5,-11.86,10.91,139.0,False,False,-8.973138135511261,8.374470647105966,117.54888072706186
1374,58,6,-8.18,7.09,187.9,False,False,-8.232474343932667,8.408550827290096,186.79269256156167
1375,58,7,-6.88,15.27,176.5,False,False,-7.955915126828195,8.043177244170655,230.04521269887425
1376,58,8,-6.02,7.63,360.4,False,False,-7.915891737442115,7.727276386710363,270.3677217651879
1377,58,9,-6.36,6.97,349.6,False,False,-6.465341670488363,8.033905246144968,363.62694100689373
1378,58,10,-5.82,8.88,421.0,False,False,-6.191363970185036,8.994093015441102,370.02595257889135
1379,58,11,-3.25,16.89,392.8,False,False,-5.988624730750944,8.445661525191923,401.22646673532523
1380,58,12,-3.68,5.28,389.9,False,False,-5.510149948625735,8.759701759252081,425.6871788417977
1381,58,13,-11.93,8.58,484.0,False,False,-6.6890238747971855,8.103114025866375,401.1188242796985
1382,58,14,-7.03,5.5,399.2,False,False,-6.638324190491438,8.589743548235216,361.4319927985245
1383,58,15,-7.04,6.96,468.3,False,False,-6.695205005255171,8.747392483697203,363.72190390463805
1384,58,16,-10.63,4.44,373.0,False,False,-7.802503326583562,8.18512309145931,314.92970579585045
1385,58,17,-7.42,9.05,245.4,False,False,-7.835774354167072,8.933142118430274,293.8492696514386
1386,58,18,-5.63,7.3,138.7,False,False,-8.011382219284668,7.711320587571085,210.68663106897304
1387,58,19,-10.82,10.79,64.8,False,False,-8.511254049588409,8.537192929721764,127.76440836663781
1388,58,20,-8.46,12.32,25.0,False,False,-8.759041151473603,7.7814820792346415,37.17594156894566
1389,58,21,-11.38,13.28,0.0,False,False,-9.330564096056793,8.557702998265862,2.125231378946053
1390,58,22,-11.21,5.62,0.0,False,False,-10.470032108570107,8.438945937738685,0.9803809208417971
1391,58,23,-7.11,8.89,0.0,False,False,-9.926668302042144,8.182780490675558,2.1892833108085217
1392,59,0,-11.5,13.72,0.0,False,False,-10.41446538935786,11.629150627727897,2.1892833108085217
1393,59,1,-9.42,4.42,0.0,False,False,-9.54708036132525,8.832995188430953,2.1892833108085217
1394,59,2,-13.89,7.71,0.0,False,False,-10.523815784184041,8.669940602705442,2.1892833108085217
1395,59,3,-6.11,4.59,0.0,False,False,-8.76492053493406,8.753576035605336,2.1892833108085217
1396,59,4,-8.21,16.78,21.3,False,False,-8.628773882161656,9.713593807821576,37.8460427926823
1397,59,5,-9.3,13.64,138.6,False,False,-8.771549795155892,8.34531585703069,127.40134981900177
1398,59,6,-7.27,9.68,231.4,False,False,-8.506241557764863,8.550399140216582,190.28918946787323
1399,59,7,-10.72,9.6,328.1,False,False,-7.466026151391922,9.486081780301665,203.5192419692764
1400,59,8,-5.05,4.84,349.5,False,False,-7.980690957374393,8.356939725883368,343.5584045745055
1401,59,9,-7.65,14.46,447.4,False,False,-6.632366742641935,8.262849238076594,376.51313977102006
1402,59,10,-7.09,6.2,353.2,False,False,-6.670633370881676,7.412333093388004,366.86920129382884
1403,59,11,-7.47,5.12,480.8,False,False,-6.671217723490593,8.368293142001008,399.90866408766124
1404,59,12,-7.58,12.67,320.6,False,False,-6.609529022238756,9.06621448119071,384.55738983362363
1405,59,13,-5.1,5.88,308.1,False,False,-7.418676152389877,7.871124441073572,413.1097303577906
1406,59,14,-6.17,5.24,538.8,False,False,-6.763289872631303,8.52697216191421,341.08799485000793
1407,59,15,-5.7,11.11,369.1,False,False,-6.379614341203821,9.055400849621519,361.2098808932336
1408,59,16,-7.43,3.68,193.4,False,False,-6.832582010566951,8.616969660055075,299.6303659328015
1409,59,17,-6.87,9.74,182.2,False,False,-7.12481612690051,8.369533563922616,257.045444986399
1410,59,18,-9.25,7.76,171.8,False,False,-8.491204838636502,8.340054709564884,129.50851128543442
1411,59,19,-4.48,10.64,133.6,False,False,-8.514011060749285,8.417898968874644,81.07022497185676
1412,59,20,-12.55,9.2,33.1,False,False,-8.466038344743225,8.546431671968197,18.879841223953544
1413,59,21,-7.31,22.11,0.0,False,False,-9.0582248644823,8.24116643230508,1.5191820870718709
1414,59,22,-7.41,8.14,0.0,False,False,-10.19321031517551,8.621409296981675,0.9803809208417971
1415,59,23,-12.05,5.87,0.0,False,False,-9.684849083504135,7.785188422267143,2.1892833108085217
1416,60,0,-6.25,7.32,0.0,False,False,-9.757302527926138,8.64852827394666,2.1892833108085217
1417,60,1,-8.65,9.14,0.0,False,False,-9.376394462585399,8.25237071070643,2.1892833108085217
1418,60,2,-8.5,16.3,0.0,False,False,-10.695259899126553,8.694778487508884,2.1892833108085217
1419,60,3,-10.06,10.06,0.0,False,False,-8.757443703902526,8.906977999562073,2.1892833108085217
1420,60,4,-10.14,4.7,10.3,False,False,-9.311043840079387,7.952974504334097,2.1892833108085217
1421,60,5,-9.64,37.49,75.6,False,False,-9.340944180670396,16.24409430794599,115.84647739609069
1422,60,6,-7.93,12.06,146.8,False,False,-8.674615821353044,8.282687869475714,203.3148504883227
1423,60,7,-5.39,4.54,284.5,False,False,-8.283588594207353,6.3479109527427156,227.67184733031652
1424,60,8,-7.34,3.87,327.6,False,False,-6.9584406879288,6.615885293367607,341.5684448011117
1425,60,9,-9.12,3.46,487.5,False,False,-6.936636887801563,8.643063336608611,372.4827316674067
1426,60,10,-5.33,7.12,271.2,False,False,-7.427967104422921,9.217447931132133,356.2762385724227
1427,60,11,-4.93,7.27,567.3,False,False,-6.50919226350407,8.288569011379858,428.12112279112284
1428,60,12,-5.4,5.05,319.3,False,False,-6.022024790496116,8.436227242393644,384.7550721977001
1429,60,13,-5.28,3.16,357.0,False,False,-6.73625720644204,8.282643383824835,385.39053117906514
1430,60,14,-7.52,3.92,234.1,False,False,-5.986130143155699,8.268036603870492,349.11188696218926
1431,60,15,-9.15,10.17,291.0,False,False,-6.923695151729623,8.38812178192735,370.25200196896475
1432,60,16,-9.44,6.25,224.6,False,False,-8.450134484635562,8.346552193586756,252.27872580708006
1433,60,17,-11.46,4.18,183.0,False,False,-8.133903872183582,8.233517859616352,223.48128078548052
1434,60,18,-8.23,7.74,182.2,False,False,-8.836635251771494,8.234631009104962,161.26891882128726
1435,60,19,-9.39,8.52,118.4,False,False,-8.895930394804727,8.357851672866124,111.93245721858733
1436,60,20,-10.59,9.01,19.1,False,False,-9.928185988251437,8.43496892438358,43.15798943453778
1437,60,21,-16.03,7.59,0.0,False,False,-9.937564813827953,7.863683850703084,0.37433162896761524
1438,60,22,-12.93,6.99,0.0,False,False,-10.611156740848278,8.438432472111334,0.9803809208417971
1439,60,23,-8.4,13.2,0.0,False,False,-10.618785486318547,8.179549729025656,2.1892833108085217
1440,61,0,-12.33,4.02,0.0,False,False,-10.914036028171054,8.361351166754273,2.1892833108085217
1441,61,1,-10.21,6.5,0.0,False,False,-10.273323213509977,8.437468454831103,2.1892833108085217
1442,61,2,-13.51,2.26,0.0,False,False,-11.683986186116568,8.308436204941538,2.1892833108085217
1443,61,3,-7.53,6.05,0.0,False,False,-9.28586502054917,8.185505279994736,2.1892833108085217
1444,61,4,-10.29,8.03,7.2,False,False,-9.744246176018063,7.995312214803074,2.1892833108085217
1445,61,5,-8.94,11.05,50.8,False,False,-9.245020183561701,8.955095172307251,80.2217402206119
1446,61,6,-4.35,2.3,120.3,False,False,-8.351341613351426,8.2833082262923,156.54158528936244
1447,61,7,-5.45,7.91,225.9,False,False,-7.574550782353499,7.529624926637184,242.05024706243333
1448,61,8,-8.61,17.53,368.5,False,False,-6.671530318167287,8.136900867389564,332.88899461243506
1449,61,9,-8.77,0.91,461.8,False,False,-7.113066823778105,8.813499249830368,372.03320273821845
1450,61,10,-7.92,9.36,271.3,False,False,-7.43897566231103,7.808637015174873,368.9491019874098
1451,61,11,-6.05,3.59,328.4,False,False,-7.251365849367215,6.526376941365802,403.88326820655607
1452,61,12,-7.21,6.06,458.7,False,False,-6.628819184759218,8.002844900173924,379.85938591716433
1453,61,13,-7.86,9.51,363.0,False,False,-6.592082771031519,8.79296684557682,397.55199922402267
1454,61,14,-4.33,5.18,321.3,False,False,-7.354753475292357,8.378635462064073,381.84146890620207
1455,61,15,-7.81,8.39,315.6,False,False,-7.071229285516487,8.434580081711234,336.26719589760546
1456,61,16,-3.4,8.13,351.1,False,False,-7.443387212127916,7.8737538754996494,278.59314780387245
1457,61,17,-8.3,7.06,175.7,False,False,-7.1684239680216075,8.163659467806452,181.4182952942364
1458,61,18,-5.43,3.37,103.3,False,False,-8.655998851034022,8.198901707805199,159.43200897217056
1459,61,19,-8.8,4.88,50.4,False,False,-7.63998208030633,8.450385425879556,122.70038250742847
1460,61,20,-8.07,18.43,6.9,False,False,-9.543328088683328,8.232699361914108,2.125231378946053
1461,61,21,-11.86,20.84,0.0,False,False,-10.181875775262178,8.545535332519307,0.9803809208417971
1462,61,22,-12.44,6.23,0.0,False,False,-10.454308173062934,8.561643868958269,2.374543374950267
1463,61,23,-10.01,6.21,0.0,False,False,-10.65355937735166,7.4359589205955725,2.1892833108085217
1464,62,0,-9.31,10.92,0.0,False,False,-11.194138194607092,8.076006866453826,2.3248823632523354
1465,62,1,-11.14,6.4,0.0,False,False,-10.774076232513922,8.57093425204286,2.3248823632523354
1466,62,2,-13.6,7.15,0.0,False,False,-11.443320673267955,8.307980137009713,2.3248823632523354
1467,62,3,-13.43,7.91,0.0,False,False,-10.13995806102582,8.32012763187894,2.3248823632523354
1468,62,4,-13.14,11.54,0.0,False,False,-10.674398204481939,8.817548816673568,2.3248823632523354
1469,62,5,-13.34,7.16,100.5,False,False,-10.542165898868559,8.081506711418434,42.95604187109131
1470,62,6,-9.07,7.57,207.9,False,False,-9.223026289597408,8.121076820640875,144.9974865788035
1471,62,7,-6.52,5.32,330.6,False,False,-8.738938890237002,8.379502958406022,289.5655824647002
1472,62,8,-8.32,8.49,387.4,False,False,-8.477999219446275,7.321803825362176,340.2673853813646
1473,62,9,-12.4,9.75,287.2,False,False,-9.066485622739657,8.672591283043683,370.74090257278226
1474,62,10,-7.94,10.09,409.2,False,False,-8.001297879139274,8.773698856749036,362.469839361458
1475,62,11,-7.68,16.99,575.2,False,False,-8.089227031440977,8.556515370437797,455.1413554485975
1476,62,12,-3.1,4.68,468.0,False,False,-7.583494559074879,8.723800597029086,427.983497417865
1477,62,13,-10.27,7.32,506.9,False,False,-7.380080672299169,8.154415708751658,458.79344240152994
1478,62,14,-8.34,21.42,523.0,False,False,-7.450713166857869,8.923450655286342,391.05861814321685
1479,62,15,-4.46,15.46,382.7,False,False,-8.109499641170789,8.63620865110781,347.52545455343864
1480,62,16,-7.39,10.29,345.0,False,False,-7.984534781084936,8.14530144034326,290.99880214020277
1481,62,17,-7.65,2.8,249.6,False,False,-8.812155423640833,8.130080263917582,181.1205847043691
1482,62,18,-9.06,5.08,137.1,False,False,-8.686071836654717,9.494963971243632,141.74284072553186
1483,62,19,-9.15,6.02,62.7,False,False,-9.822176053898827,8.166954921281706,60.36068726479874
1484,62,20,-8.74,3.05,0.0,False,False,-9.743560909453684,8.390330389826314,1.6547811395156842
1485,62,21,-12.32,7.61,0.0,False,False,-12.172192277688394,8.843180670555848,1.115979973285611
1486,62,22,-9.27,5.45,0.0,False,False,-11.970283871297909,7.982275504999086,1.7869151894612805
1487,62,23,-13.97,17.37,0.0,False,False,-11.553517880414182,8.474853792811514,2.3248823632523354
1488,63,0,-10.93,8.45,0.0,False,False,-11.78134626204514,9.012782503590573,2.3248823632523354
1489,63,1,-11.16,5.89,0.0,False,False,-11.50105169644725,8.694815986429251,2.3248823632523354
1490,63,2,-12.55,4.17,0.0,False,False,-12.274789607937176,8.385618520521005,2.3248823632523354
1491,63,3,-11.04,6.99,0.0,False,False,-10.69289625350377,8.698529614472035,2.3248823632523354
1492,63,4,-11.83,14.79,0.0,False,False,-11.242768204850456,8.653005142031697,2.3248823632523354
1493,63,5,-12.25,6.46,78.2,False,False,-10.705155653750206,8.358534141224425,106.59158041611028
1494,63,6,-10.29,7.03,169.7,False,False,-9.357789171391385,7.549233354581011,162.74505174515951
1495,63,7,-11.28,21.47,205.8,False,False,-9.111061440792671,8.957517121069255,250.3539590432364
1496,63,8,-7.94,12.34,348.9,False,False,-9.37565331333597,8.375035435640152,326.46659047980916
1497,63,9,-10.47,8.33,271.2,False,False,-9.466907968577322,7.9115854317050465,363.3365917892741
1498,63,10,-6.43,10.81,232.3,False,False,-8.347761827636216,8.584637319599034,368.0045146780732
1499,63,11,-10.02,8.76,529.9,False,False,-7.8327281339841255,8.954745619298055,431.07208319742637
1500,63,12,-8.72,8.51,261.7,False,False,-7.31117836344803,7.905632683289108,409.2594482207865
1501,63,13,-8.9,2.7,469.8,False,False,-8.31764335860131,8.0355606219591,437.2939959580824
1502,63,14,-5.2,3.84,366.0,False,False,-8.364842621268975,8.542185709991928,376.9954006418125
1503,63,15,-7.51,7.88,211.0,False,False,-7.298204470367012,8.115877141124635,351.9883244858582
1504,63,16,-9.01,4.39,207.4,False,False,-7.618697808762153,8.214035810379265,274.32298832419787
1505,63,17,-8.07,7.0,149.4,False,False,-9.062632232340343,8.458414319112885,206.6859202624777
1506,63,18,-13.8,3.64,115.2,False,False,-9.192372144847822,7.743760183253567,120.68485827590526
1507,63,19,-10.19,12.39,80.2,False,False,-10.089878040215636,9.377866762103015,69.63974501061088
1508,63,20,-6.59,19.68,0.0,False,False,-10.299505405946697,10.306219923484186,1.6547811395156842
1509,63,21,-10.73,4.16,0.0,False,False,-10.383415594780017,8.683364893158508,1.115979973285611
1510,63,22,-11.18,3.17,0.0,False,False,-11.653909923733103,8.116946762648636,1.115979973285611
1511,63,23,-10.42,10.04,0.0,False,False,-11.690975945070159,8.31582222998546,2.3248823632523354
1512,64,0,-10.09,6.99,0.0,False,False,-11.518461096956994,8.176465776967797,2.3248823632523354
1513,64,1,-15.81,12.16,0.0,False,False,-11.646695028970301,8.412200266299859,2.3248823632523354
1514,64,2,-14.98,5.34,0.0,False,False,-12.204989356784928,8.001953125896401,2.3248823632523354
1515,64,3,-10.88,3.78,0.0,False,False,-12.084806559626026,7.564189466721917,2.3248823632523354
1516,64,4,-12.31,6.83,0.0,False,False,-11.92504447341863,8.979719243119579,2.3248823632523354
1517,64,5,-7.78,13.38,52.7,False,False,-11.11862317745975,8.972139141531276,75.80791928236516
1518,64,6,-10.51,2.66,176.1,False,False,-10.459811435262154,8.1249974925213,172.33113867591004
1519,64,7,-13.23,8.23,209.3,False,False,-9.395273419916352,8.497300646810302,234.05763940708965
1520,64,8,-11.42,8.66,403.4,False,False,-9.362661098205486,8.049259987751407,321.7177893716742
1521,64,9,-13.97,14.48,208.9,False,False,-10.978251088801454,8.233517859616352,360.0577224137481
1522,64,10,-8.62,4.49,347.3,False,False,-8.682596134028557,7.648626859577121,335.3403394772878
1523,64,11,-8.33,2.55,289.7,False,False,-9.474783609442042,8.51286947734277,350.4453318403376
1524,64,12,-8.73,5.64,533.9,False,False,-8.309247080821306,8.953505895820337,423.2245993023716
1525,64,13,-5.79,10.73,404.2,False,False,-9.112433800109596,9.050291487627854,409.4906179239417
1526,64,14,-5.75,22.23,425.7,False,False,-7.945332602889817,10.365364753190242,361.6252384629476
1527,64,15,-8.81,24.13,373.7,False,False,-7.534653506940889,9.207193466813413,329.9917705163751
1528,64,16,-13.15,3.92,185.0,False,False,-8.678937276112633,6.947605690496462,287.25542814587
1529,64,17,-8.13,6.26,276.3,False,False,-9.152717622696802,8.03790847352723,197.8032108083055
1530,64,18,-8.77,7.37,186.2,False,False,-11.564263773187724,8.161618227185517,128.16430557294822
1531,64,19,-9.78,2.91,69.5,False,False,-10.402791548489022,8.175070864018876,85.08086618481485
1532,64,20,-8.92,7.35,0.0,False,False,-10.1327962742128,7.98416257599951,0.19387670766551277
1533,64,21,-13.63,5.95,0.0,False,False,-11.48899971177261,7.6639706132091066,1.115979973285611
1534,64,22,-7.6,24.38,0.0,False,False,-11.322315192754903,8.554891871957848,1.115979973285611
1535,64,23,-13.73,7.08,0.0,False,False,-12.42053258672344,7.421373217353049,2.3248823632523354
1536,65,0,-10.68,14.88,0.0,False,False,-11.716091021485788,7.979621352645716,2.3248823632523354
1537,65,1,-15.49,9.09,0.0,False,False,-12.994798556058605,9.090893986733768,2.3248823632523354
1538,65,2,-13.77,6.63,0.0,False,False,-12.8632103512174,8.4558415338669,2.3248823632523354
1539,65,3,-8.56,13.77,0.0,False,False,-11.562779692066036,8.672164394847188,2.3248823632523354
1540,65,4,-11.7,3.59,0.0,False,False,-11.36414876575365,8.441587504952855,2.3248823632523354
1541,65,5,-9.02,5.57,44.1,False,False,-10.363610919671778,8.377592727340925,42.95604187109131
1542,65,6,-9.71,11.05,107.5,False,False,-10.009878199387945,8.777965287001576,147.0967096938325
1543,65,7,-9.87,1.73,243.4,False,False,-10.5500975216273,8.582140886020465,225.95899020185988
1544,65,8,-6.45,6.95,175.6,False,False,-9.133171050727649,8.331456298948208,329.4865293340986
1545,65,9,-9.24,6.92,224.1,False,False,-9.600104367409212,7.917077069010577,267.1327750881735
1546,65,10,-12.01,8.09,437.9,False,False,-8.388830866792576,8.187086299425463,367.98832890941446
1547,65,11,-9.85,6.29,570.4,False,False,-9.151116637869496,8.29513161670231,402.2194778703413
1548,65,12,-7.08,10.82,252.3,False,False,-9.290974697417743,8.07733475961657,417.2688655827704
1549,65,13,-7.46,4.62,243.0,False,False,-8.567311952797557,7.937881279287384,352.2457722318309
1550,65,14,-11.58,11.59,244.7,False,False,-8.103135562808777,8.916409786335747,317.4238705823129
1551,65,15,-10.21,3.85,196.3,False,False,-9.062996393712428,8.350104933398317,321.35783039758593
1552,65,16,-10.34,8.42,390.8,False,False,-10.301550331302577,8.27143327676896,204.51104805711714
1553,65,17,-10.39,12.95,212.2,False,False,-9.34409775252788,8.106467365194463,244.47350223803528
1554,65,18,-12.93,4.4,162.0,False,False,-11.27150057186878,8.075377784173849,166.943775779614
1555,65,19,-11.95,5.01,51.4,False,False,-10.598870853246511,8.378345690770834,78.76093225714595
1556,65,20,-12.64,11.79,0.0,False,False,-10.88012090053689,9.057348482847866,1.6547811395156842
1557,65,21,-10.05,7.81,0.0,False,False,-11.695008423047701,9.355948410036937,1.115979973285611
1558,65,22,-10.29,2.57,0.0,False,False,-12.040831641469207,8.515846479229324,2.5101424273940807
1559,65,23,-12.4,7.96,0.0,False,False,-12.178154880915738,8.67567253128519,2.3248823632523354
1560,66,0,-13.26,9.91,0.0,False,False,-11.962785967958027,8.142920644081599,2.3248823632523354
1561,66,1,-12.13,12.04,0.0,False,False,-14.82430961618997,8.567840907571707,2.3248823632523354
1562,66,2,-13.84,8.32,0.0,False,False,-13.660735413119404,8.901216927879634,2.3248823632523354
1563,66,3,-14.19,9.25,0.0,False,False,-12.007104563067069,8.366270373898157,2.3248823632523354
1564,66,4,-13.36,15.63,0.0,False,False,-12.317289434741852,8.167821850182765,2.3248823632523354
1565,66,5,-12.27,11.22,51.5,False,False,-10.97017105787954,8.855621867601961,37.98164184512611
1566,66,6,-12.81,2.88,130.7,False,False,-11.306561120992734,7.8910403720159525,120.1055222051753
1567,66,7,-9.64,6.17,212.1,False,False,-11.631195120761943,9.02572847910538,232.869783272239
1568,66,8,-8.02,6.6,202.5,False,False,-10.382560939924065,8.018507983697049,257.6753706174591
1569,66,9,-12.24,12.69,459.0,False,False,-10.671923836618829,8.442920962401137,305.8412724881301
1570,66,10,-8.7,13.41,369.0,False,False,-9.767641344343277,8.456108093786455,362.88070235743453
1571,66,11,-8.99,8.23,288.2,False,False,-10.133283427361166,7.681761137831822,377.71694713785035
1572,66,12,-7.8,7.61,493.6,False,False,-9.273713402633094,8.586779817801826,440.34476587718376
1573,66,13,-8.57,6.07,490.9,False,False,-8.489252613254036,8.300761415544372,405.60419458672004
1574,66,14,-11.65,12.44,234.3,False,False,-9.168319611168345,8.319741628059614,350.1433856873709
1575,66,15,-11.59,4.54,291.7,False,False,-9.91287634146263,8.11674628219561,282.570617164027
1576,66,16,-9.42,5.57,302.7,False,False,-10.919299934193335,8.14579315210864,279.94976456803334
1577,66,17,-7.9,12.42,270.2,False,False,-10.055136640190415,8.059289922035774,255.60814437541595
1578,66,18,-14.91,12.35,110.7,False,False,-11.346321406222598,10.375654414328523,167.10557915973462
1579,66,19,-10.3,20.34,38.8,False,False,-10.990974538217309,9.116148012850175,46.971613294162
1580,66,20,-9.1,6.97,0.0,False,False,-11.819285616021919,8.493702397438023,0.7999259995396949
1581,66,21,-12.2,6.12,0.0,False,False,-12.05716035065265,7.720574697754496,1.115979973285611
1582,66,22,-11.11,6.45,0.0,False,False,-11.279166956743072,7.791822151336247,2.7550594599018483
1583,66,23,-13.82,2.77,0.0,False,False,-13.547947170019924,8.211101072578717,2.3248823632523354
1584,67,0,-13.02,1.92,0.0,False,False,-12.531155968326544,8.506606194536637,2.3248823632523354
1585,67,1,-15.95,8.31,0.0,False,False,-13.97509792660257,8.292909356984254,2.3248823632523354
1586,67,2,-17.2,5.87,0.0,False,False,-13.728271675360926,8.044635498429047,2.3248823632523354
1587,67,3,-10.31,4.72,0.0,False,False,-12.504899271676633,8.712608775382906,2.3248823632523354
1588,67,4,-13.75,7.56,0.0,False,False,-12.632441312409007,7.779809001128217,2.3248823632523354
1589,67,5,-12.21,8.41,30.5,False,False,-11.34969826341815,8.83494661755731,40.205330790817335
1590,67,6,-13.55,6.72,114.4,False,False,-11.874931121361252,8.477316592876756,114.70306835309138
1591,67,7,-13.08,6.81,199.8,False,False,-10.8894003885037,7.491200134431928,235.39486280679634
1592,67,8,-10.13,5.83,236.1,False,False,-10.147383840714596,8.150511880061222,218.98005286122003
1593,67,9,-10.82,10.29,275.9,False,False,-10.680781227544244,8.0497891706795,348.50393844831075
1594,67,10,-8.29,5.37,299.9,False,False,-10.08502871714383,7.82753816504271,370.44596465269166
1595,67,11,-7.94,4.17,477.6,False,False,-9.770090738766076,6.953878467618167,449.6962091300027
1596,67,12,-8.14,5.7,350.1,False,False,-8.868158325883925,8.411630729147783,401.9766240481959
1597,67,13,-8.37,8.11,479.1,False,False,-9.15120359436146,9.091358638136631,406.58599287731624
1598,67,14,-5.89,10.6,462.7,False,False,-9.854965749552852,8.207243766303451,345.98869867471666
1599,67,15,-11.5,17.16,400.4,False,False,-9.068949355153967,8.788051731610102,331.4339808088571
1600,67,16,-9.89,7.58,377.5,False,False,-9.635222326209345,8.403975911051345,315.8774773432985
1601,67,17,-8.0,14.98,286.8,False,False,-9.985866670511472,8.359461607434561,258.4813784464499
1602,67,18,-8.25,5.12,87.2,False,False,-12.29504156014424,8.642245742182542,129.76884427623628
1603,67,19,-14.14,4.63,32.2,False,False,-11.134420546429828,8.229403180159942,43.22356839878642
1604,67,20,-12.4,9.04,0.0,False,False,-11.703704692118631,9.85697464748406,0.7999259995396949
1605,67,21,-9.48,9.72,0.0,False,False,-11.758836557118638,8.53180557981604,1.115979973285611
1606,67,22,-11.5,7.98,0.0,False,False,-12.30229473324248,7.843568736213036,2.7550594599018483
1607,67,23,-12.32,24.66,0.0,False,False,-13.364274484175013,8.501205705097496,2.3248823632523354
1608,68,0,-13.52,5.28,0.0,False,False,-13.25146129033855,7.3752373410683925,2.3248823632523354
1609,68,1,-13.78,13.55,0.0,False,False,-13.342009245228294,8.352641228584309,2.3248823632523354
1610,68,2,-12.24,4.7,0.0,False,False,-14.270141961874634,8.23491453162826,2.3248823632523354
1611,68,3,-13.0,10.11,0.0,False,False,-12.461595168385537,9.456269844077298,2.3248823632523354
1612,68,4,-12.17,7.41,0.0,False,False,-12.967315745808143,8.411845727968178,2.3248823632523354
1613,68,5,-11.44,8.26,25.7,False,False,-11.663030261568482,8.550513194376801,37.98164184512611
1614,68,6,-12.44,9.08,90.2,False,False,-12.69200215900331,8.02553234141806,117.68447977950566
1615,68,7,-9.5,7.55,138.8,False,False,-10.90319757044605,8.096231479213857,188.8645959746013
1616,68,8,-4.25,21.79,361.9,False,False,-10.251826188426609,8.04867839750945,243.582042544498
1617,68,9,-13.22,2.4,344.8,False,False,-9.946889923244582,8.39455577227397,360.82354111175295
1618,68,10,-8.7,11.44,415.0,False,False,-9.315032671028508,8.160565397272176,365.3805498034481
1619,68,11,-10.67,3.48,326.5,False,False,-9.502324548426644,7.787964662821778,388.72780517701625
1620,68,12,-7.93,5.91,576.6,False,False,-8.974563428230436,7.960127240461039,437.51228069066804
1621,68,13,-9.06,8.57,563.9,False,False,-9.646432873521608,8.15097746689415,454.1713281042143
1622,68,14,-7.83,3.86,438.1,False,False,-9.60586361462385,8.271449827759374,427.2154705271649
1623,68,15,-7.32,6.79,284.3,False,False,-9.797755653672855,8.210506641531166,306.7380045787002
1624,68,16,-9.7,10.79,211.8,False,False,-9.846703068764864,8.10419358992947,296.0990716702811
1625,68,17,-8.3,5.83,217.2,False,False,-9.490637391351324,8.40055044849856,260.8123305663802
1626,68,18,-15.77,6.85,151.3,False,False,-11.715024632952717,8.023537058136924,118.84211053470334
1627,68,19,-8.42,4.31,40.9,False,False,-11.708537111525123,8.138556637932105,43.46322436573102
1628,68,20,-11.33,6.21,0.0,False,False,-11.712880513675408,8.605295872260266,1.6547811395156842
1629,68,21,-10.34,3.53,0.0,False,False,-11.739016817189045,8.20799803755276,1.115979973285611
1630,68,22,-15.25,8.05,0.0,False,False,-12.02016044540114,8.813472059932186,2.7550594599018483
1631,68,23,-14.67,3.06,0.0,False,False,-12.8039223755197,8.100985745325964,2.3248823632523354
1632,69,0,-13.09,20.17,0.0,False,False,-14.331228295750485,8.438925979842727,2.3248823632523354
1633,69,1,-13.35,7.44,0.0,False,False,-14.81227667182972,8.373241017539664,2.3248823632523354
1634,69,2,-12.55,6.55,0.0,False,False,-13.82037469170228,8.248096477051092,2.3248823632523354
1635,69,3,-10.63,8.81,0.0,False,False,-12.577333627058616,8.623502267708556,2.3248823632523354
1636,69,4,-15.91,6.86,0.0,False,False,-12.538916363063134,8.414482638205488,2.3248823632523354
1637,69,5,-9.95,2.39,20.8,False,False,-11.46515689594664,8.344200499206778,7.645517069529437
1638,69,6,-11.37,3.82,140.1,False,False,-12.618183941379685,7.688122884727024,123.09685742249606
1639,69,7,-11.27,7.26,249.1,False,False,-11.392745233569574,7.9239869262304845,173.8466195592562
1640,69,8,-13.33,12.22,354.1,False,False,-9.881187613457477,8.485010981980022,333.9653804387614
1641,69,9,-8.96,11.15,339.1,False,False,-10.983741600049397,8.382388188362535,343.3630090896672
1642,69,10,-14.48,24.33,296.5,False,False,-10.677176320924751,8.653407409872765,343.35843575662926
1643,69,11,-8.16,5.49,489.6,False,False,-9.866325586398824,8.203493454104674,405.46103685289484
1644,69,12,-12.37,10.61,583.7,False,False,-10.01638215070701,8.153450996265562,471.2289686950484
1645,69,13,-9.35,10.24,334.6,False,False,-10.196153715518275,8.69369315343129,389.2081120925259
1646,69,14,-9.89,15.26,282.4,False,False,-9.608739743729403,9.032046413519462,305.9668248330149
1647,69,15,-7.63,13.21,197.1,False,False,-10.36347123639125,8.415305196733327,261.1658984883877
1648,69,16,-10.74,8.36,309.4,False,False,-10.135866259327667,8.27092569217276,267.2052816034054
1649,69,17,-12.25,9.75,202.6,False,False,-10.288433264150239,9.161516959299231,254.1472399435657
1650,69,18,-12.4,8.83,75.7,False,False,-11.981233234951485,8.12342302582864,120.23978018092073
1651,69,19,-9.36,7.12,14.9,False,False,-12.628726465494758,8.325780207709006,32.90646584640783
1652,69,20,-11.31,9.4,0.0,False,False,-12.654553668761627,8.024937211256653,1.115979973285611
1653,69,21,-13.57,7.92,0.0,False,False,-11.621259708892742,8.131607917103214,1.115979973285611
1654,69,22,-13.59,7.75,0.0,False,False,-13.296737686734861,8.262355564109093,2.7550594599018483
1655,69,23,-16.45,15.62,0.0,False,False,-14.427146562850456,8.5689483557572,2.3248823632523354
1656,70,0,-12.91,8.44,0.0,False,False,-14.18203572281119,8.98443229414381,2.3248823632523354
1657,70,1,-17.14,7.58,0.0,False,False,-14.104621838582498,8.316256612825109,2.3248823632523354
1658,70,2,-11.92,6.66,0.0,False,False,-13.245662756782686,9.415426917805522,2.3248823632523354
1659,70,3,-12.85,6.36,0.0,False,False,-12.75075835894834,8.414482638205488,2.3248823632523354
1660,70,4,-7.91,3.76,0.0,False,False,-12.683400824472928,8.414482638205488,2.3248823632523354
1661,70,5,-14.41,7.12,7.2,False,False,-11.845788349784774,8.382723532114948,2.3248823632523354
1662,70,6,-11.89,12.54,73.2,False,False,-11.760808285218156,8.081721661228672,109.34229149638426
1663,70,7,-7.57,5.41,225.5,False,False,-10.987183449235426,8.277642578267164,182.0212881196044
1664,70,8,-8.31,18.99,336.6,False,False,-9.81597792708025,8.194244500714136,335.1059375677224
1665,70,9,-11.67,1.79,240.8,False,False,-10.961087027181632,8.226366735784891,355.1457142821547
1666,70,10,-9.51,9.22,430.8,False,False,-10.676062467699124,8.646626253030352,364.1903014300373
1667,70,11,-9.75,8.08,316.2,False,False,-9.709472971106532,8.270485880451501,388.9045866406458
1668,70,12,-9.12,15.48,556.8,False,False,-9.701280485738412,8.9588678958166,526.5155401955863
1669,70,13,-11.15,5.09,328.6,False,False,-10.059665367310984,8.528711755663128,369.5175876034054
1670,70,14,-10.13,3.51,259.2,False,False,-9.801501590271556,8.171987308522993,332.9990643627565
1671,70,15,-13.47,6.48,313.9,False,False,-9.836608091599018,9.585531995205688,272.89429378314605
1672,70,16,-10.42,5.95,187.6,False,False,-10.568374319917995,8.311120693377639,283.92639440750713
1673,70,17,-10.27,2.75,140.2,False,False,-11.338235361736555,8.1353894289177,222.7540530359216
1674,70,18,-12.14,7.62,88.3,False,False,-13.064839951503371,8.155536731050567,89.52990510380619
1675,70,19,-15.44,5.68,12.2,False,False,-11.332358914810348,7.809584675924898,2.757181289780862
1676,70,20,-10.71,14.05,0.0,False,False,-12.37400442803119,8.332378377599712,1.115979973285611
1677,70,21,-12.37,7.68,0.0,False,False,-12.933847928033556,8.39129787803497,1.115979973285611
1678,70,22,-14.87,4.74,0.0,False,False,-13.939519436071333,8.558844215660283,2.7550594599018483
1679,70,23,-14.18,7.19,0.0,False,False,-15.09548534789514,7.818235575529152,2.3248823632523354
1680,71,0,-16.99,8.0,0.0,False,False,-14.599150070186539,8.303015902982049,2.3248823632523354
1681,71,1,-15.98,9.67,0.0,False,False,-15.321724087282114,8.504669184242578,2.3248823632523354
1682,71,2,-14.8,7.37,0.0,False,False,-13.716986639991266,8.328142597900479,2.3248823632523354
1683,71,3,-10.95,18.51,0.0,False,False,-13.516928345995035,8.312649155653716,2.3248823632523354
1684,71,4,-14.27,3.69,0.0,False,False,-13.514968256700577,8.4948068378741,2.3248823632523354
1685,71,5,-11.23,5.63,0.8,False,False,-12.374659852763426,7.584787098422343,2.3248823632523354
1686,71,6,-13.07,4.76,119.4,False,False,-12.362272948944055,8.4903172908425,80.35733927305571
1687,71,7,-10.98,6.09,236.7,False,False,-11.17969194797033,7.737780492910134,242.30565587717547
1688,71,8,-11.28,8.49,315.2,False,False,-12.273988800792077,8.431393432449594,332.4763479069278
1689,71,9,-8.83,8.19,253.9,False,False,-10.899605815825455,7.706038435795315,351.81475165201215
1690,71,10,-11.33,9.55,387.3,False,False,-11.3486324509014,8.114062209408416,366.3567827511363
1691,71,11,-13.21,7.66,574.2,False,False,-10.365267610789385,8.26528542481205,413.80963000562826
1692,71,12,-12.76,7.89,412.0,False,False,-11.218195672221201,8.108581343673862,411.774808379171
1693,71,13,-11.12,7.73,567.3,False,False,-11.324634952499997,8.397301930315846,477.8891294462679
1694,71,14,-12.76,5.79,435.8,False,False,-11.335537904002447,8.047412656215972,371.4476854559809
1695,71,15,-9.76,5.56,425.9,False,False,-11.289881198758984,8.189570587418727,328.01363599248623
1696,71,16,-11.92,4.7,193.2,False,False,-11.585460748857376,8.073952734190376,230.23231037655418
1697,71,17,-6.73,9.81,249.9,False,False,-11.505341578118813,9.355638821401701,170.97352810787874
1698,71,18,-15.47,2.02,123.0,False,False,-12.1266129289827,8.684600608773547,128.45123432596674
1699,71,19,-12.1,7.8,1.5,False,False,-12.662517137986995,8.350980948817933,8.917357762139597
1700,71,20,-15.25,10.71,0.0,False,False,-12.639137146238221,7.876982225324386,-0.9509737504387427
1701,71,21,-14.39,12.11,0.0,False,False,-13.868547235580653,8.929875324624952,1.115979973285611
1702,71,22,-13.44,1.62,0.0,False,False,-14.818324657445194,8.397634674296928,2.7550594599018483
1703,71,23,-18.58,5.89,0.0,False,False,-15.465071227024334,7.778602566079189,2.3248823632523354
1704,72,0,-13.83,4.86,0.0,False,False,-15.974056366703605,8.191366527130622,2.3248823632523354
1705,72,1,-10.43,5.63,0.0,False,False,-14.826540342550475,8.405034662795966,2.3248823632523354
1706,72,2,-14.94,13.36,0.0,False,False,-14.49911557133822,8.455082097456971,2.3248823632523354
1707,72,3,-13.19,4.87,0.0,False,False,-12.730057525143193,8.604645394056258,2.3248823632523354
1708,72,4,-11.25,10.7,0.0,False,False,-12.588373637812282,8.713781186157359,2.3248823632523354
1709,72,5,-13.14,7.86,0.0,False,False,-12.885928567898498,8.76378846388182,2.3248823632523354
1710,72,6,-13.46,5.5,102.4,False,False,-12.376070130886404,8.413201387083115,109.34229149638426
1711,72,7,-16.33,5.2,186.6,False,False,-11.25225301276608,8.06673501350322,232.98160364331986
1712,72,8,-10.02,8.27,332.8,False,False,-11.675643280750164,8.46996999042255,298.73593147710716
1713,72,9,-11.11,6.99,243.7,False,False,-11.741482761191396,8.245741089230018,348.3262934192534
1714,72,10,-12.59,2.63,385.5,False,False,-10.740202561660665,8.308237938742954,370.44596465269166
1715,72,11,-10.11,4.26,278.6,False,False,-11.270709869855736,8.280644170810294,366.660228467613
1716,72,12,-11.47,8.38,477.4,False,False,-11.341721901815813,8.013652242711554,399.1085209771377
1717,72,13,-11.42,3.59,501.7,False,False,-10.967692058602623,8.268271855215666,450.74721395425615
1718,72,14,-9.35,11.45,417.3,False,False,-11.061629983142184,9.436490778124615,371.3823949352188
1719,72,15,-13.56,3.01,341.4,False,False,-11.602717710323796,8.852612621166935,339.70334198159964
1720,72,16,-9.2,6.3,223.4,False,False,-11.047618830366739,8.367153698795711,196.47820596499855
1721,72,17,-14.58,9.96,197.8,False,False,-11.514948673750373,7.589754643134083,214.96791281415383
1722,72,18,-13.62,4.07,115.8,False,False,-12.82770462025624,8.25478321848927,114.17513703433863
1723,72,19,-8.97,3.45,0.0,False,False,-13.337760831769835,8.217641812143762,8.917357762139597
1724,72,20,-11.04,9.07,0.0,False,False,-13.286019736370413,8.404373999921186,0.5099306814114289
1725,72,21,-13.52,10.87,0.0,False,False,-13.542535961665038,7.969941144345047,1.115979973285611
1726,72,22,-15.91,6.53,0.0,False,False,-14.081498122979985,8.879558771258239,2.7550594599018483
1727,72,23,-15.29,5.8,0.0,False,False,-15.948683716353624,8.080611227919826,2.3248823632523354
1728,73,0,-14.46,2.94,0.0,False,False,-15.336381304453727,8.201954088494377,2.3248823632523354
1729,73,1,-14.46,7.5,0.0,False,False,-14.579364708138778,8.626475556893556,2.3248823632523354
1730,73,2,-14.52,2.38,0.0,False,False,-14.685814501497994,8.308027485800306,2.3248823632523354
1731,73,3,-14.08,13.46,0.0,False,False,-13.34928836361526,8.66687539994994,2.3248823632523354
1732,73,4,-14.03,6.7,0.0,False,False,-13.0856971357534,8.37220787285578,2.3248823632523354
1733,73,5,-16.01,4.31,0.0,False,False,-13.06734422519007,7.785643351651335,2.3248823632523354
1734,73,6,-13.64,5.18,101.3,False,False,-13.527946122256381,9.298448106784377,115.9820764485345
1735,73,7,-10.26,7.79,135.9,False,False,-12.990054352999088,8.216756095407185,202.8644436472971
1736,73,8,-14.34,5.65,175.2,False,False,-11.936132138555584,8.478141687896125,261.7204501216243
1737,73,9,-11.57,7.15,350.2,False,False,-11.043055028041783,8.33351227542388,286.1819697126743
1738,73,10,-12.51,3.97,365.6,False,False,-11.835784663921515,8.072400219676902,363.04694786090334
1739,73,11,-10.45,12.23,324.0,False,False,-11.44413460174546,9.025781293174854,415.79934349283184
1740,73,12,-11.38,5.24,579.5,False,False,-11.80285173650815,8.270493765682717,436.39981554549644
1741,73,13,-7.72,16.95,344.9,False,False,-11.057366261013602,8.739073743208932,409.7490548895032
1742,73,14,-9.86,5.9,232.7,False,False,-11.120335003104973,8.742618800023738,275.21418006284176
1743,73,15,-13.82,4.81,201.1,False,False,-11.499356970750663,8.300585516767422,279.6814769802605
1744,73,16,-10.26,11.83,188.5,False,False,-11.143542827475434,9.302152904028025,241.10350923530066
1745,73,17,-13.64,4.32,114.2,False,False,-12.316486706642689,8.47296331941751,223.37665512550376
1746,73,18,-13.76,5.6,70.8,False,False,-13.387752551320807,7.93450948533312,123.66626970231951
1747,73,19,-12.5,7.9,0.0,False,False,-12.698284970455921,7.986961288270278,1.6547811395156842
1748,73,20,-14.59,9.58,0.0,False,False,-13.500076383243993,8.69003651085238,1.115979973285611
1749,73,21,-12.23,13.89,0.0,False,False,-14.20509786973956,8.923474508939929,1.115979973285611
1750,73,22,-15.89,4.52,0.0,False,False,-14.600180481451158,7.772368026636818,2.7550594599018483
1751,73,23,-15.78,13.14,0.0,False,False,-15.63980353787664,9.009548717745101,2.3248823632523354
1752,74,0,-16.23,11.6,0.0,False,False,-14.748342643125834,8.749405998036968,2.3248823632523354
1753,74,1,-15.98,4.77,0.0,False,False,-13.96709388786046,9.212132949220546,2.3248823632523354
1754,74,2,-12.45,4.47,0.0,False,False,-14.554165385218411,8.011436494015788,2.3248823632523354
1755,74,3,-13.07,8.76,0.0,False,False,-14.005051451550836,9.378811737997895,2.3248823632523354
1756,74,4,-10.49,7.06,0.0,False,False,-13.400849013420554,8.73909626964696,2.3248823632523354
1757,74,5,-8.9,8.75,0.0,False,False,-13.58453234373338,9.266626330171894,2.3248823632523354
1758,74,6,-14.97,6.0,75.1,False,False,-12.79943193924218,8.255220147572071,111.43265645784393
1759,74,7,-12.25,7.43,121.3,False,False,-12.602078483682718,8.325697201174238,126.34224531347219
1760,74,8,-14.27,6.72,230.6,False,False,-12.230219017769143,8.136947799951269,214.46975452340885
1761,74,9,-13.05,8.69,420.4,False,False,-11.884931973407724,8.16849914350433,357.9358062337354
1762,74,10,-12.44,4.39,391.9,False,False,-12.290275269239984,7.7766126840467695,360.2783639574312
1763,74,11,-13.1,7.72,482.0,False,False,-11.256912687913387,8.620071872973707,395.52168977718065
1764,74,12,-13.02,13.76,495.5,False,False,-11.34836113118968,8.072999169621008,450.10900549154974
1765,74,13,-11.27,13.37,402.3,False,False,-11.401091629381247,8.968270317901103,399.9741860124569
1766,74,14,-13.61,8.17,309.1,False,False,-11.335537904002447,8.54015862503413,334.9224120829763
1767,74,15,-9.81,4.34,347.0,False,False,-12.437231007766394,7.746829225200827,297.2002685515948
1768,74,16,-13.75,16.99,166.2,False,False,-11.585460748857376,9.123208071460972,228.9789313917377
1769,74,17,-6.78,8.69,177.0,False,False,-12.68794037853337,8.372579757252394,160.45091253348224
1770,74,18,-13.82,31.16,45.6,False,False,-13.03712695035859,10.362454969718595,84.31862562967143
1771,74,19,-13.29,8.87,0.0,False,False,-12.02643408372398,9.402507459865216,1.6547811395156842
1772,74,20,-16.5,1.51,0.0,False,False,-13.622472877401892,4.686816432237523,1.115979973285611
1773,74,21,-10.92,16.93,0.0,False,False,-13.487535296431744,12.524792658063706,2.7550594599018483
1774,74,22,-12.41,10.8,0.0,False,False,-15.188219142779047,8.369699162771886,2.7550594599018483
1775,74,23,-14.25,7.28,0.0,False,False,-14.671364614410175,8.685596134255615,2.3248823632523354
1776,75,0,-17.91,2.53,0.0,False,False,-15.632433761363306,8.776583595422952,2.3248823632523354
1777,75,1,-14.73,11.38,0.0,False,False,-15.630832912010954,8.11686985434446,2.3248823632523354
1778,75,2,-17.2,8.83,0.0,False,False,-14.441863624019147,7.941175730821963,2.3248823632523354
1779,75,3,-11.71,19.34,0.0,False,False,-14.538659735882892,8.621501331112075,2.3248823632523354
1780,75,4,-12.6,15.36,0.0,False,False,-13.597364112776306,8.982606132576132,2.3248823632523354
1781,75,5,-13.55,15.92,0.0,False,False,-14.054014927624856,8.653130447726008,2.3248823632523354
1782,75,6,-18.09,8.06,46.9,False,False,-14.0453337245586,8.96122524099301,75.80791928236516
1783,75,7,-14.67,7.88,206.6,False,False,-13.178336899764604,9.676117970200727,117.68447977950566
1784,75,8,-10.85,8.88,340.0,False,False,-13.333331275217505,9.021333391482145,252.70909574376265
1785,75,9,-9.38,5.05,270.4,False,False,-13.213875416417446,8.188232609141188,350.35777221186993
1786,75,10,-9.27,7.4,322.9,False,False,-12.081358122842648,8.336842768683953,365.9287253671123
1787,75,11,-14.47,6.64,308.9,False,False,-11.526691339473588,8.255985966002543,396.88156846652356
1788,75,12,-10.62,12.95,551.3,False,False,-11.83791085145194,8.605884873142358,465.7826858621807
1789,75,13,-9.26,14.26,290.4,False,False,-11.34105740426539,8.261267978813382,390.03304055755694
1790,75,14,-14.81,10.11,469.0,False,False,-11.854728952701198,7.758171589197242,344.72737923535567
1791,75,15,-11.82,4.61,408.0,False,False,-12.214958596850998,8.173054461228805,326.015917917139
1792,75,16,-11.67,17.47,205.4,False,False,-12.841951574814535,10.046329529042584,228.0199222339914
1793,75,17,-13.31,11.35,193.5,False,False,-12.33883290974163,8.183518790514405,164.22721589223437
1794,75,18,-16.93,8.57,57.7,False,False,-13.62595879772874,8.998477439373653,49.82704957458236
1795,75,19,-14.39,9.64,0.0,False,False,-14.36788507764886,8.796068522230057,1.6547811395156842
1796,75,20,-14.88,3.28,0.0,False,False,-15.381761595284281,8.091296513570105,1.115979973285611
1797,75,21,-14.93,6.65,0.0,False,False,-13.9322008868948,8.885957886704755,1.7869151894612805
1798,75,22,-16.08,13.5,0.0,False,False,-15.28202861321357,8.107872570029775,2.7550594599018483
1799,75,23,-16.04,3.18,0.0,False,False,-15.857203403808501,8.136077769556147,2.3248823632523354
1800,76,0,-15.61,3.13,0.0,False,False,-16.51304502999845,8.523874969405945,2.3248823632523354
1801,76,1,-14.58,11.39,0.0,False,False,-15.872788484188153,9.453825261393659,2.3248823632523354
1802,76,2,-15.87,9.3,0.0,False,False,-15.730829110763136,8.303854466115773,2.3248823632523354
1803,76,3,-15.76,3.21,0.0,False,False,-13.79923722694652,8.412873111618678,2.3248823632523354
1804,76,4,-14.35,6.34,0.0,False,False,-13.203770540325491,9.008698776334134,2.3248823632523354
1805,76,5,-17.89,8.57,0.0,False,False,-13.701652920269416,8.332061222970244,2.3248823632523354
1806,76,6,-12.58,8.07,38.5,False,False,-15.32356853718029,8.264121802452573,40.732352925400086
1807,76,7,-13.01,8.92,163.6,False,False,-13.305043501782583,8.143224806823405,162.74505174515951
1808,76,8,-12.45,6.09,302.3,False,False,-13.013736026817247,8.236409307882125,251.64127612126197
1809,76,9,-10.19,8.27,206.0,False,False,-12.648034140885207,8.092481218858095,335.6939977520538
1810,76,10,-15.7,10.1,221.1,False,False,-12.46167114604942,8.33194928910927,342.20364279536597
1811,76,11,-15.55,9.71,499.1,False,False,-12.67807858102224,8.384875094922036,411.1643348641236
1812,76,12,-10.98,6.19,356.2,False,False,-12.432654940254166,8.132438020269777,405.3860760527818
1813,76,13,-11.61,10.57,346.2,False,False,-12.180633796897087,8.187345601594815,397.0980785780262
1814,76,14,-11.46,4.32,392.6,False,False,-12.951211846667508,7.8227405831930525,360.65004921628497
1815,76,15,-13.04,5.18,310.9,False,False,-11.419388854787407,8.147786797835042,343.9928042661482
1816,76,16,-11.2,11.38,161.3,False,False,-12.331148539411302,8.507226356936272,211.4360971806961
1817,76,17,-11.15,10.46,182.4,False,False,-12.525273369587428,8.927926542049452,173.71929409483894
1818,76,18,-12.56,6.48,36.8,False,False,-14.235365346483972,8.095428946888992,71.12811758757624
1819,76,19,-14.57,5.12,0.0,False,False,-13.894968569920465,8.234498696531029,1.6547811395156842
1820,76,20,-18.75,5.49,0.0,False,False,-15.368997733809008,7.527977620659424,1.115979973285611
1821,76,21,-13.41,9.88,0.0,False,False,-14.819730551657672,8.34772971085819,2.7550594599018483
1822,76,22,-12.82,8.97,0.0,False,False,-15.115909599571715,8.52065067286617,2.7550594599018483
1823,76,23,-14.17,19.95,0.0,False,False,-15.473338363253339,9.529667788810093,2.3248823632523354
1824,77,0,-17.6,10.42,0.0,False,False,-16.023802756183876,8.401737539083094,2.3248823632523354
1825,77,1,-14.42,21.33,0.0,False,False,-15.67479288017401,13.227491508562487,2.3248823632523354
1826,77,2,-13.85,4.4,0.0,False,False,-15.587283398681588,9.08786111827727,2.3248823632523354
1827,77,3,-12.14,5.79,0.0,False,False,-14.478147131112198,8.537210207690118,2.3248823632523354
1828,77,4,-16.59,7.68,0.0,False,False,-14.331323830822177,8.787244693864283,2.3248823632523354
1829,77,5,-14.81,10.24,0.0,False,False,-14.999079426533068,8.88780625355363,2.3248823632523354
1830,77,6,-12.34,9.92,40.3,False,False,-14.317838372650593,8.230026946328934,37.98164184512611
1831,77,7,-13.21,6.97,181.4,False,False,-13.630040708780843,8.03449683918071,172.33113867591004
1832,77,8,-15.07,8.14,190.8,False,False,-12.597483837019825,7.950814256288743,269.5348639089987
1833,77,9,-11.6,6.66,434.9,False,False,-12.094948590448261,8.358076341699569,291.5407532137425
1834,77,10,-10.95,4.95,310.2,False,False,-12.624893694771817,8.143224806823405,354.80006886076643
1835,77,11,-11.73,7.1,245.9,False,False,-12.801212657101441,8.161840942618943,359.5050440916832
1836,77,12,-11.4,2.52,312.0,False,False,-11.00380492980405,8.086242319072976,377.05496038075296
1837,77,13,-12.42,14.4,556.7,False,False,-11.26738287805414,8.744914872794455,399.08257626196036
1838,77,14,-9.15,8.04,462.5,False,False,-12.020080561814831,7.022763144935686,380.1732147794106
1839,77,15,-14.23,9.14,295.1,False,False,-12.768490667780323,8.709013195079132,335.4235386107326
1840,77,16,-14.01,5.07,314.5,False,False,-11.975692913503151,8.544644018801456,243.40660898607067
1841,77,17,-13.3,8.0,110.9,False,False,-13.149284847914446,8.3294812527958,202.8610273778642
1842,77,18,-12.08,8.68,31.9,False,False,-14.451840959978366,8.216927258645038,41.9972132681968
1843,77,19,-17.35,6.49,0.0,False,False,-14.62744259530821,8.63422883956675,0.19387670766551277
1844,77,20,-17.46,6.67,0.0,False,False,-16.14180477695691,7.940825884828907,1.115979973285611
1845,77,21,-19.33,3.57,0.0,False,False,-15.188824131378553,8.398801665291849,2.7550594599018483
1846,77,22,-15.51,16.68,0.0,False,False,-16.399916571680393,8.710295377924975,2.7550594599018483
1847,77,23,-18.01,5.03,0.0,False,False,-16.17456173666881,8.178285677054893,2.3248823632523354
1848,78,0,-16.92,5.38,0.0,False,False,-17.31337293971872,7.871287247410831,2.3248823632523354
1849,78,1,-14.76,14.85,0.0,False,False,-15.149935413009842,9.140248126401826,2.3248823632523354
1850,78,2,-17.16,9.35,0.0,False,False,-15.773865786314188,8.529807614416935,2.3248823632523354
1851,78,3,-15.1,10.28,0.0,False,False,-14.574725541580321,9.164352914426972,2.3248823632523354
1852,78,4,-15.75,3.44,0.0,False,False,-15.131311732146447,8.663182007104501,2.3248823632523354
1853,78,5,-13.32,7.95,0.0,False,False,-15.445748187691574,8.988559535173142,2.3248823632523354
1854,78,6,-13.2,3.46,35.4,False,False,-13.567100344830646,7.8433728255542485,35.03747150199464
1855,78,7,-15.01,4.64,165.2,False,False,-13.630040708780843,8.528003954900148,147.0967096938325
1856,78,8,-13.49,17.86,225.7,False,False,-13.774516068364386,8.768974833978875,223.3572729130853
1857,78,9,-10.65,4.19,327.9,False,False,-11.951499378231933,8.38377936936217,346.39094858462954
1858,78,10,-11.63,25.05,514.9,False,False,-13.09496977698228,9.162384030656312,341.20277824543916
1859,78,11,-15.01,4.41,500.4,False,False,-12.720641766230623,8.49134517893383,415.3312867182434
1860,78,12,-10.84,4.7,360.2,False,False,-11.434558268960151,8.80701808907484,411.0910898333256
1861,78,13,-14.39,23.17,529.2,False,False,-12.389924720985986,16.81643003667164,427.03109914915734
1862,78,14,-9.59,6.98,384.2,False,False,-11.70903916871269,9.084915698906245,358.5650585077263
1863,78,15,-10.69,3.3,313.7,False,False,-13.382719467826362,7.942418889344317,332.3840021589796
1864,78,16,-12.57,10.25,265.4,False,False,-12.56035189638291,9.355037924323367,250.1709412998277
1865,78,17,-13.32,13.03,125.8,False,False,-12.708591424538326,7.9439986415054875,134.84483623083824
1866,78,18,-14.57,10.72,41.8,False,False,-13.583137401084569,8.208603311126689,39.05304292506533
1867,78,19,-13.31,6.68,0.0,False,False,-15.295781380352897,8.599339070811519,0.19387670766551277
1868,78,20,-15.89,6.79,0.0,False,False,-15.92063409897567,8.236224430795684,1.115979973285611
1869,78,21,-15.09,5.55,0.0,False,False,-15.819293107218522,8.142281347148478,2.7550594599018483
1870,78,22,-14.14,3.92,0.0,False,False,-15.308788834589164,8.278353504611067,2.7550594599018483
1871,78,23,-17.2,8.6,0.0,False,False,-16.167484644164702,8.54813073146097,2.3248823632523354
1872,79,0,-17.69,6.51,0.0,False,False,-17.08236138409609,9.130704194379922,2.3248823632523354
1873,79,1,-18.78,3.49,0.0,False,False,-16.104986161858072,8.430559321241638,2.3248823632523354
1874,79,2,-18.32,7.07,0.0,False,False,-16.869296953673125,8.81268789535323,2.3248823632523354
1875,79,3,-19.53,5.05,0.0,False,False,-15.449576321223901,8.370626640352825,2.3248823632523354
1876,79,4,-14.0,8.38,0.0,False,False,-16.313109479028547,8.569645854000793,2.3248823632523354
1877,79,5,-11.36,7.97,0.0,False,False,-14.755416771505557,8.432721318048367,2.3248823632523354
1878,79,6,-11.61,6.05,13.2,False,False,-14.586286307450267,8.475978614599217,35.03747150199464
1879,79,7,-17.19,7.24,103.8,False,False,-13.85849273416599,8.032508145506645,144.8441297099381
1880,79,8,-12.01,7.56,172.5,False,False,-13.610594690396779,8.186243286200053,223.389405622107
1881,79,9,-10.2,11.38,242.0,False,False,-12.764091312052363,7.728627303525721,296.9107551471985
1882,79,10,-13.64,7.11,458.4,False,False,-12.749248807455041,9.109785966245102,376.9524644560877
1883,79,11,-12.32,5.62,338.5,False,False,-12.865319325258131,8.032508145506645,390.3255729488166
1884,79,12,-16.47,6.36,416.3,False,False,-12.488246568210474,8.051018737193495,419.3785003374931
1885,79,13,-11.99,16.06,324.9,False,False,-13.957608392789108,8.66923518122878,376.59594819844665
1886,79,14,-14.85,4.49,509.1,False,False,-12.441130123868895,9.056474695189955,372.8099261277315
1887,79,15,-12.64,6.57,376.0,False,False,-13.26594594701202,8.311780342452678,351.52711030917146
1888,79,16,-16.58,6.52,207.6,False,False,-13.819917700894482,8.839323365319814,298.4321912795159
1889,79,17,-12.85,6.66,150.3,False,False,-14.33757491312341,8.589816090855845,120.53060157010219
1890,79,18,-12.41,2.76,18.0,False,False,-14.264752956959718,8.215762232033825,44.90718864709997
1891,79,19,-16.54,3.84,0.0,False,False,-15.571650985399797,8.601269358124066,0.5099306814114289
1892,79,20,-17.73,6.34,0.0,False,False,-15.84544310617505,8.413785058540261,1.115979973285611
1893,79,21,-20.18,5.48,0.0,False,False,-16.433868294920615,8.1191145274547,2.7550594599018483
1894,79,22,-16.72,8.36,0.0,False,False,-16.80824991773589,8.407579548601197,2.7550594599018483
1895,79,23,-17.55,12.18,0.0,False,False,-17.550463578400862,8.325382438749838,2.3248823632523354
1896,80,0,-19.87,23.68,0.0,False,False,-18.039796113296152,9.613474123508539,2.3248823632523354
1897,80,1,-15.79,7.7,0.0,False,False,-17.24424710125781,9.206843064132071,2.3248823632523354
1898,80,2,-17.4,9.1,0.0,False,False,-17.352501040844427,7.878266865598426,2.3248823632523354
1899,80,3,-18.33,8.05,0.0,False,False,-17.153148106253777,8.877890445067994,2.3248823632523354
1900,80,4,-16.88,7.21,0.0,False,False,-16.029970292490002,8.436153864314901,2.3248823632523354
1901,80,5,-13.14,11.17,0.0,False,False,-14.251595783236048,8.500380066026391,2.3248823632523354
1902,80,6,-13.56,0.85,9.7,False,False,-13.934932638076269,8.372772871417874,2.3248823632523354
1903,80,7,-14.51,6.25,141.4,False,False,-15.329117350470147,7.055973388275676,116.65901595540736
1904,80,8,-12.53,3.82,144.2,False,False,-13.523030232874854,5.962367075929623,203.3495772009794
1905,80,9,-15.68,5.38,402.4,False,False,-12.55977085411807,8.240989890981773,287.55743808175185
1906,80,10,-12.97,5.02,297.8,False,False,-13.446298474386479,7.989058040465106,366.4833731280955
1907,80,11,-12.54,18.18,308.3,False,False,-13.104299640038077,8.51579133305916,397.86650742167996
1908,80,12,-13.71,12.53,338.6,False,False,-14.058709951741935,10.309027639046457,392.03156989435064
1909,80,13,-11.96,7.74,514.7,False,False,-13.172021904624687,8.854831756689679,410.23240068810435
1910,80,14,-14.6,5.09,293.1,False,False,-13.300887435244565,7.810174312695913,374.5778815079711
1911,80,15,-12.33,11.12,329.0,False,False,-12.497034410060747,8.907082030513703,348.1211831644794
1912,80,16,-12.66,7.59,187.2,False,False,-15.027375460932408,8.44863940142229,268.45001845421535
1913,80,17,-20.08,6.26,133.2,False,False,-14.356009570029881,8.555361770607705,126.25117583858501
1914,80,18,-12.39,7.63,11.7,False,False,-14.961315726401219,8.267740611555707,11.284681022780397
1915,80,19,-21.38,6.34,0.0,False,False,-15.68758723567892,8.233741372029083,0.5099306814114289
1916,80,20,-17.0,9.05,0.0,False,False,-17.52640628585381,8.229058018362283,1.115979973285611
1917,80,21,-14.13,3.63,0.0,False,False,-16.257486774018687,8.14346714999673,2.7550594599018483
1918,80,22,-17.13,9.02,0.0,False,False,-17.15518770000575,8.647192391741864,2.7550594599018483
1919,80,23,-19.63,6.34,0.0,False,False,-17.384331919169476,8.235530467223441,2.3248823632523354
1920,81,0,-19.26,11.24,0.0,False,False,-18.457807111656496,8.835245439858262,2.3248823632523354
1921,81,1,-14.96,12.67,0.0,False,False,-17.399728667356026,8.729419834716278,2.3248823632523354
1922,81,2,-20.65,13.99,0.0,False,False,-17.38309594433138,8.64799823747675,2.3248823632523354
1923,81,3,-14.23,20.59,0.0,False,False,-18.05496271612444,9.095038250206445,2.3248823632523354
1924,81,4,-16.19,18.85,0.0,False,False,-16.00345814012009,10.621483831600342,2.3248823632523354
1925,81,5,-17.98,13.76,0.0,False,False,-15.15841461163697,10.595155167909013,2.3248823632523354
1926,81,6,-16.24,11.07,0.0,False,False,-14.73464748119558,9.579836160289243,2.3248823632523354
1927,81,7,-16.59,3.91,110.7,False,False,-15.288526443248317,9.102345195068269,113.00066502212022
1928,81,8,-12.35,1.81,242.6,False,False,-14.055629984197726,9.035675345244796,151.60630994799115
1929,81,9,-12.2,11.8,182.3,False,False,-13.793612937311474,8.499352207185577,353.400052008865
1930,81,10,-16.78,4.63,330.8,False,False,-14.140641032732258,7.8031575138476414,313.4885501796649
1931,81,11,-13.95,25.2,499.8,False,False,-13.782877328413555,13.70778896145278,391.4521232566892
1932,81,12,-14.8,3.09,279.2,False,False,-14.51633485868868,7.765067302834771,401.73467494110236
1933,81,13,-10.56,10.84,503.9,False,False,-13.31804895234576,11.128280952355315,418.7270464312877
1934,81,14,-16.05,8.04,304.0,False,False,-14.383116665244046,8.93112248682483,351.3174309118129
1935,81,15,-10.45,3.29,259.6,False,False,-13.212627823346327,8.011101401386545,337.9581354020846
1936,81,16,-14.14,8.01,236.5,False,False,-14.748390859963614,8.382068904347896,215.52331354055806
1937,81,17,-16.88,4.94,69.4,False,False,-15.732831240148002,7.879496187924064,123.28220198365278
1938,81,18,-16.43,6.99,0.0,False,False,-14.629596547652424,7.539680124667902,0.19387670766551277
1939,81,19,-17.2,7.04,0.0,False,False,-17.220957546190583,7.984335058240094,1.115979973285611
1940,81,20,-18.63,4.98,0.0,False,False,-17.200074734882172,8.543757686912109,1.115979973285611
1941,81,21,-16.3,6.06,0.0,False,False,-16.762269848301603,8.045607284989769,2.7550594599018483
1942,81,22,-19.27,4.73,0.0,False,False,-17.566926863748805,8.305868580632898,2.7550594599018483
1943,81,23,-21.37,2.58,0.0,False,False,-18.86525998101596,7.981379405852898,2.3248823632523354
1944,82,0,-18.15,7.68,0.0,False,False,-18.65971887050051,8.899852629930646,2.3248823632523354
1945,82,1,-20.92,13.72,0.0,False,False,-17.578134605462125,8.254497730912323,2.3248823632523354
1946,82,2,-18.62,4.88,0.0,False,False,-19.241518759223943,8.475408676458354,2.3248823632523354
1947,82,3,-18.62,17.06,0.0,False,False,-16.72230963803984,8.396128945365877,2.3248823632523354
1948,82,4,-18.13,33.81,0.0,False,False,-17.483521022565373,10.864950350152066,2.3248823632523354
1949,82,5,-11.9,5.8,0.0,False,False,-16.56286940128788,7.150358312010252,2.3248823632523354
1950,82,6,-15.27,6.51,0.0,False,False,-15.366892858461446,7.892624269073481,2.3248823632523354
1951,82,7,-14.38,5.86,133.9,False,False,-15.096544372878746,7.062414366825751,115.9820764485345
1952,82,8,-17.94,3.94,154.0,False,False,-14.144129628181998,7.778242655718318,219.59716267300695
1953,82,9,-15.28,6.53,363.6,False,False,-15.356969555651688,8.642426961047432,236.1017651741603
1954,82,10,-13.22,6.16,355.9,False,False,-14.981675601645037,8.619437652772639,351.7793211380047
1955,82,11,-15.5,7.62,532.9,False,False,-14.46052878452523,8.997840104048178,423.4613161380846
1956,82,12,-11.57,7.83,550.7,False,False,-14.282748001641815,8.323521225395805,422.06350835965833
1957,82,13,-15.86,3.78,529.4,False,False,-13.057965797047457,8.215762232033825,420.8572306759126
1958,82,14,-14.23,9.78,331.2,False,False,-14.002656082968187,8.665304982854078,349.18724758498973
1959,82,15,-15.15,6.49,254.4,False,False,-13.85317156092049,8.189644847499876,309.94955239529617
1960,82,16,-14.06,4.18,152.4,False,False,-14.608659208953172,8.101382873738597,239.5176634375148
1961,82,17,-16.15,6.41,76.4,False,False,-16.366934752826378,8.401795049011952,83.60528170254008
1962,82,18,-15.93,7.98,0.0,False,False,-15.86922636142857,8.123742757586317,0.19387670766551277
1963,82,19,-16.38,14.98,0.0,False,False,-16.851147892943615,8.502821526890925,1.115979973285611
1964,82,20,-17.86,13.8,0.0,False,False,-17.325138543316033,8.87317236851181,1.115979973285611
1965,82,21,-15.83,5.54,0.0,False,False,-16.546509937923673,8.255881904838514,2.7550594599018483
1966,82,22,-16.64,6.71,0.0,False,False,-17.73714866574186,8.521103579706354,2.7550594599018483
1967,82,23,-17.5,4.65,0.0,False,False,-18.467161000771465,8.856694702612755,2.3248823632523354
1968,83,0,-18.56,8.62,0.0,False,False,-18.44366408689902,9.207181451349987,2.3248823632523354
1969,83,1,-16.04,5.7,0.0,False,False,-17.584681598999047,8.338997676566505,2.3248823632523354
1970,83,2,-17.9,6.6,0.0,False,False,-17.848164503267757,8.783468122025377,2.3248823632523354
1971,83,3,-17.72,12.0,0.0,False,False,-17.119433201240557,8.57622138458027,2.3248823632523354
1972,83,4,-16.49,3.77,0.0,False,False,-17.13041925273898,9.354761817815064,2.3248823632523354
1973,83,5,-12.82,13.82,0.0,False,False,-15.294794484864603,8.735314632788672,2.3248823632523354
1974,83,6,-18.38,24.05,0.0,False,False,-15.721684888182793,8.392107379049557,2.3248823632523354
1975,83,7,-13.64,13.5,105.0,False,False,-15.80135096605223,8.854100695660998,115.9820764485345
1976,83,8,-18.48,10.53,251.8,False,False,-15.105592068689221,8.06164062990826,199.59625257598137
1977,83,9,-13.85,11.48,381.5,False,False,-15.049969048220303,8.851251534675331,319.2138695787977
1978,83,10,-10.81,7.43,255.8,False,False,-14.509499643663801,9.33939927609778,357.6991863098303
1979,83,11,-12.79,4.13,306.4,False,False,-14.592177900804813,8.022968741678893,388.18279447630925
1980,83,12,-13.36,5.33,294.0,False,False,-12.694305635689668,9.129203442269393,378.0250530493128
1981,83,13,-14.89,4.8,385.8,False,False,-13.630418981483354,6.87394904719873,418.8223235365151
1982,83,14,-13.9,2.22,253.5,False,False,-14.982955422508683,8.306959017227975,348.75210585133505
1983,83,15,-14.79,11.99,326.1,False,False,-13.82768492782159,8.261515876109172,328.0724298660858
1984,83,16,-16.27,7.01,173.5,False,False,-14.751244708382231,8.085551365335668,197.9431729035036
1985,83,17,-15.76,4.6,126.1,False,False,-15.893228122120595,8.465472475524201,80.68240275279175
1986,83,18,-15.3,18.44,0.0,False,False,-15.712265733446324,9.182960466499802,12.165090220892901
1987,83,19,-17.75,22.4,0.0,False,False,-16.802857861681606,8.967542731419801,0.5099306814114289
1988,83,20,-18.31,3.51,0.0,False,False,-17.522284310809347,8.67010537899981,1.115979973285611
1989,83,21,-19.83,6.52,0.0,False,False,-16.79875586033065,7.996899592738926,2.7550594599018483
1990,83,22,-16.65,6.31,0.0,False,False,-18.15535205249437,8.791445531772494,2.7550594599018483
1991,83,23,-16.54,4.4,0.0,False,False,-17.946711019679228,7.736406034446606,2.3248823632523354
1992,84,0,-17.54,11.85,0.0,False,False,-18.035176434576535,8.836147964619327,2.3248823632523354
1993,84,1,-16.01,2.24,0.0,False,False,-17.394582533923927,8.3369585669491,2.3248823632523354
1994,84,2,-17.56,16.1,0.0,False,False,-17.228618623929904,9.67069604075498,2.3248823632523354
1995,84,3,-16.64,7.59,0.0,False,False,-17.41135554556673,8.851321333040111,2.3248823632523354
1996,84,4,-16.4,17.68,0.0,False,False,-16.732320272494487,13.636854261582624,2.3248823632523354
1997,84,5,-16.71,7.27,0.0,False,False,-14.88974754316859,12.227752892064109,2.3248823632523354
1998,84,6,-17.07,6.3,0.0,False,False,-16.178872330717212,7.679179136267469,2.3248823632523354
1999,84,7,-11.06,12.32,49.9,False,False,-14.720050220229318,9.721667868797221,115.9820764485345
2000,84,8,-15.91,17.62,208.5,False,False,-16.169167428425194,8.551902846475473,185.59607311136187
2001,84,9,-15.92,16.2,198.0,False,False,-14.375768707361855,8.747954600106558,335.4341528998094
2002,84,10,-13.41,2.82,339.7,False,False,-13.5131153823501,8.697002365907446,313.7778429574821
2003,84,11,-13.57,14.12,541.9,False,False,-14.43007163975509,8.89523619250736,407.6473596285276
2004,84,12,-16.82,6.14,266.4,False,False,-13.673423204129776,10.075806761928922,378.4617938912856
2005,84,13,-11.83,6.88,555.7,False,False,-15.017730668137819,8.2432259457883,413.9490159522669
2006,84,14,-14.46,6.07,509.4,False,False,-14.168483879958982,8.427243944512735,381.0938137838176
2007,84,15,-16.81,5.33,325.9,False,False,-14.661111007376043,8.122916561438931,340.83265296342785
2008,84,16,-12.63,6.56,166.2,False,False,-15.13271564443473,7.29161521128322,180.71150355316104
2009,84,17,-14.24,4.32,63.2,False,False,-15.492886371100681,8.025960844135883,108.07138013207464
2010,84,18,-18.54,14.16,0.0,False,False,-16.085923104244145,8.990740245781474,4.902513598268986
2011,84,19,-12.97,10.45,0.0,False,False,-17.102902936361243,8.919257429051987,1.115979973285611
2012,84,20,-15.69,8.31,0.0,False,False,-17.233284552634416,9.957540718092773,1.7869151894612805
2013,84,21,-17.44,6.07,0.0,False,False,-17.821710659242083,8.620169695115019,2.7550594599018483
2014,84,22,-14.56,5.51,0.0,False,False,-17.789082706065535,8.087932277017545,2.7550594599018483
2015,84,23,-17.62,9.23,0.0,False,False,-17.55670115848537,8.4447815534847,2.3248823632523354
2016,85,0,-18.37,8.45,0.0,False,False,-18.595994716994984,8.344328900099546,2.3248823632523354
2017,85,1,-19.57,12.75,0.0,False,False,-17.422727391102633,9.20826767964157,2.3248823632523354
2018,85,2,-16.88,5.56,0.0,False,False,-18.26263884885934,8.585146792629725,2.3248823632523354
2019,85,3,-16.78,5.29,0.0,False,False,-17.287799092938254,8.49126207464296,2.3248823632523354
2020,85,4,-17.29,25.24,0.0,False,False,-17.197477746987246,13.787627751376544,2.3248823632523354
2021,85,5,-18.41,11.32,0.0,False,False,-16.869440000356047,8.74553422852484,2.3248823632523354
2022,85,6,-16.06,36.55,0.0,False,False,-17.138256327857633,26.03201247428633,2.3248823632523354
2023,85,7,-15.94,2.74,47.7,False,False,-14.532700165567633,9.171715178792539,46.61441539682724
2024,85,8,-17.98,14.55,177.7,False,False,-15.997407410247456,10.96913780946036,208.63444611821822
2025,85,9,-17.85,7.96,190.3,False,False,-15.558399786313995,8.696224630833768,250.28940454925353
2026,85,10,-13.45,5.73,296.2,False,False,-14.479030504631494,8.232610360429993,318.40444648358425
2027,85,11,-19.59,9.29,480.9,False,False,-14.766813185695188,8.942005317515514,417.53638935207255
2028,85,12,-13.9,9.13,475.4,False,False,-15.998989228262632,8.401673783945325,401.13728203090443
2029,85,13,-15.34,5.82,363.1,False,False,-13.799178365226995,8.749016090789487,403.52797079461124
2030,85,14,-11.97,2.86,487.0,False,False,-14.985900363858063,7.577979479070715,380.851493790958
2031,85,15,-15.89,14.58,348.6,False,False,-15.587113076483426,8.525420392689202,337.84499154678645
2032,85,16,-14.0,5.04,198.8,False,False,-14.948346107040154,7.7463134119749455,185.2248410638236
2033,85,17,-16.59,4.63,66.3,False,False,-15.833488994002014,8.426123767755664,78.74876586058244
2034,85,18,-16.09,5.3,0.0,False,False,-16.864842354712483,9.944851244688802,1.786171318472285
2035,85,19,-15.36,11.05,0.0,False,False,-16.184864990845142,7.801006176816825,1.115979973285611
2036,85,20,-18.24,6.19,0.0,False,False,-16.789924950261597,8.424828872564648,1.115979973285611
2037,85,21,-15.74,5.36,0.0,False,False,-17.911552380984787,8.776621293531427,2.7550594599018483
2038,85,22,-20.04,8.98,0.0,False,False,-17.15677707912823,7.743287930827386,2.7550594599018483
2039,85,23,-17.66,8.35,0.0,False,False,-18.607296571581184,8.10567337761605,2.3248823632523354
2040,86,0,-16.78,5.42,0.0,False,False,-18.631928538119727,8.875213909644964,0.5173803809157584
2041,86,1,-17.24,2.83,0.0,False,False,-18.83396543040178,7.813405577863599,0.5173803809157584
2042,86,2,-14.52,10.92,0.0,False,False,-17.693776098422664,8.812309066467247,0.5173803809157584
2043,86,3,-19.57,8.43,0.0,False,False,-17.044133168571264,9.051672547146516,0.5173803809157584
2044,86,4,-20.38,17.31,0.0,False,False,-17.690739831482276,9.242222533983908,0.5173803809157584
2045,86,5,-19.13,15.62,0.0,False,False,-17.8890813339659,9.305390634331943,0.5173803809157584
2046,86,6,-15.3,2.25,0.0,False,False,-16.656748940927642,8.429143437369994,0.5173803809157584
2047,86,7,-15.11,4.83,39.3,False,False,-15.375499147219912,9.594541200775556,36.174139862789524
2048,86,8,-15.42,5.0,205.5,False,False,-16.357361128862042,8.894567398114203,176.42262716137475
2049,86,9,-17.46,5.46,347.9,False,False,-16.28154170937501,8.583149006528206,260.8294095434666
2050,86,10,-13.36,5.37,469.8,False,False,-15.123753732116649,8.47552510660882,350.25717468802065
2051,86,11,-17.14,3.69,306.0,False,False,-15.669519901401987,7.323107983172062,357.882979002917
2052,86,12,-12.31,8.03,484.5,False,False,-15.299458125433405,8.906155506993494,458.37990632288984
2053,86,13,-8.98,11.83,259.9,False,False,-14.224007509593086,9.195515995910036,342.33818431828115
2054,86,14,-14.16,7.97,462.6,False,False,-14.200313875693645,8.460355880342009,411.9854430963161
2055,86,15,-14.04,8.66,270.6,False,False,-15.237136342139303,8.041057420558891,308.71223213696925
2056,86,16,-16.61,6.27,192.8,False,False,-15.110429532696891,8.106220396353832,194.34497148415596
2057,86,17,-19.73,7.81,77.4,False,False,-15.987030138275397,7.757056897724445,59.28630475831238
2058,86,18,-17.83,8.99,0.0,False,False,-17.02575173128824,8.156814262896527,-1.2854644336392822
2059,86,19,-19.33,10.46,0.0,False,False,-16.449421570487136,8.391938960120127,-0.3633611680191867
2060,86,20,-20.52,5.14,0.0,False,False,-18.395431733949437,8.46012445341506,-0.3633611680191867
2061,86,21,-14.59,4.79,0.0,False,False,-17.661409299070744,8.5223366781515,0.9475574775652714
2062,86,22,-17.81,1.83,0.0,False,False,-17.867905278277192,8.075637447935064,0.9475574775652714
2063,86,23,-17.8,17.87,0.0,False,False,-18.9711267443001,8.459825569304176,0.5173803809157584
2064,87,0,-19.55,17.31,0.0,False,False,-18.61608088207456,9.22173211357838,0.5173803809157584
2065,87,1,-19.21,7.14,0.0,False,False,-18.74767936763528,9.111095611663348,0.5173803809157584
2066,87,2,-16.74,7.35,0.0,False,False,-17.718216127667823,8.815363951082087,0.5173803809157584
2067,87,3,-18.41,30.06,0.0,False,False,-18.220189862864927,9.538436590558755,0.5173803809157584
2068,87,4,-16.87,3.76,0.0,False,False,-18.648726156659254,7.113837544048879,0.5173803809157584
2069,87,5,-17.84,4.53,0.0,False,False,-17.603491361797644,6.137129574308657,0.5173803809157584
2070,87,6,-17.62,15.53,0.0,False,False,-16.896535231513553,14.014779062104015,0.5173803809157584
2071,87,7,-19.23,6.23,53.7,False,False,-16.804075506641873,8.61442744000279,36.174139862789524
2072,87,8,-19.89,4.19,143.1,False,False,-16.80142434030925,9.054137783869864,162.5992126416221
2073,87,9,-16.04,9.25,322.2,False,False,-17.3322118139463,10.026646717086802,275.1153692354034
2074,87,10,-15.09,5.16,254.5,False,False,-15.20937050652932,8.126317570171297,341.24083223729525
2075,87,11,-17.57,14.21,230.3,False,False,-17.020473987332633,8.909516892500147,374.2283221673571
2076,87,12,-15.0,7.78,271.3,False,False,-15.11012539721863,7.613157969934889,393.46833520560267
2077,87,13,-14.89,5.27,381.8,False,False,-14.488013363175202,8.346551296647512,370.8996275155991
2078,87,14,-19.51,5.42,425.4,False,False,-15.092410952086716,9.719792600391894,349.34761266927876
2079,87,15,-17.35,9.03,293.8,False,False,-16.276632498433695,8.255619492447176,314.51235875099906
2080,87,16,-15.12,6.63,97.0,False,False,-16.496750904254164,8.883175162830828,216.74102101460863
2081,87,17,-15.64,6.18,52.1,False,False,-17.63952594258195,8.679502928382904,79.6201841569248
2082,87,18,-19.24,10.66,0.0,False,False,-17.328340447066516,8.170223363044693,-0.6794151417651005
2083,87,19,-17.13,15.17,0.0,False,False,-17.82123511388403,9.33213662417169,-0.3633611680191867
2084,87,20,-15.89,9.93,0.0,False,False,-18.25123184907177,8.890701236521274,1.0308012860892823
2085,87,21,-16.79,4.94,0.0,False,False,-17.17656920014568,7.650202672249237,0.9475574775652714
2086,87,22,-18.86,4.05,0.0,False,False,-18.38167532205043,7.32860422779011,0.9475574775652714
2087,87,23,-19.8,10.35,0.0,False,False,-18.842162012830627,8.564359356268481,0.5173803809157584
2088,88,0,-20.5,9.92,0.0,False,False,-19.50882304861277,8.646797157271845,0.5173803809157584
2089,88,1,-18.24,5.95,0.0,False,False,-19.276560995633563,7.944997991545568,0.5173803809157584
2090,88,2,-18.58,6.7,0.0,False,False,-17.980722922137417,8.474971627345376,0.5173803809157584
2091,88,3,-17.4,5.09,0.0,False,False,-18.68219496372045,9.022243643606096,0.5173803809157584
2092,88,4,-17.98,4.1,0.0,False,False,-18.422880134476706,8.489671499693829,0.5173803809157584
2093,88,5,-16.12,5.32,0.0,False,False,-17.965656520917396,8.684477490973457,0.5173803809157584
2094,88,6,-17.05,1.54,0.0,False,False,-16.63910589546613,7.018319628744844,0.5173803809157584
2095,88,7,-15.15,12.9,23.4,False,False,-16.66488486881403,10.18078136366851,35.45365846534926
2096,88,8,-14.5,3.4,136.8,False,False,-16.65787534122832,8.698048127874076,154.7340833070259
2097,88,9,-17.44,7.22,291.3,False,False,-16.220954636429457,8.827330266428103,281.7725698929678
2098,88,10,-19.12,2.02,236.4,False,False,-15.682791637044966,8.115200663809143,360.36196261740514
2099,88,11,-12.22,9.75,546.6,False,False,-16.771658750016584,9.58880356674906,390.33499693531206
2100,88,12,-14.73,11.22,266.2,False,False,-15.028092242723504,7.8627191143951105,373.61076405152005
2101,88,13,-18.74,7.56,463.5,False,False,-14.925852989924076,8.878757564011604,439.69003102159485
2102,88,14,-16.94,7.0,288.9,False,False,-16.575990066544676,7.950814256288743,322.61179095955015
2103,88,15,-14.28,5.08,346.7,False,False,-15.935783776809625,8.26529049706025,316.8463111152236
2104,88,16,-16.8,12.74,201.4,False,False,-16.375658184376253,8.35866575603021,160.9753203906122
2105,88,17,-17.75,2.99,31.4,False,False,-16.640307854842256,8.030620435401998,41.87904984122939
2106,88,18,-14.44,5.75,0.0,False,False,-17.95079105641427,8.683390328666906,0.30683017716749056
2107,88,19,-19.85,4.77,0.0,False,False,-17.772083640384707,8.087515625576982,-0.3633611680191867
2108,88,20,-19.84,4.68,0.0,False,False,-18.25712311720413,7.760420263850933,0.9475574775652714
2109,88,21,-18.23,12.58,0.0,False,False,-17.399926850744905,9.270531412874668,0.9475574775652714
2110,88,22,-18.19,6.78,0.0,False,False,-19.17708684048859,8.149958420950119,0.9475574775652714
2111,88,23,-18.18,20.06,0.0,False,False,-19.64088356269981,8.40786042271518,0.5173803809157584
2112,89,0,-17.73,8.57,0.0,False,False,-19.534418603863074,9.3706565589864,0.5173803809157584
2113,89,1,-19.08,8.21,0.0,False,False,-19.13610687797372,7.862589961013681,0.5173803809157584
2114,89,2,-18.3,11.12,0.0,False,False,-18.889072449736705,8.825699278519538,0.5173803809157584
2115,89,3,-19.48,9.04,0.0,False,False,-18.091816023000046,8.136259235801269,0.5173803809157584
2116,89,4,-18.42,6.94,0.0,False,False,-17.98193223874015,7.957143635171321,0.5173803809157584
2117,89,5,-17.85,7.19,0.0,False,False,-17.653521475301257,8.290684282776745,0.5173803809157584
2118,89,6,-17.12,2.87,0.0,False,False,-17.60050124368336,8.12727937602362,0.5173803809157584
2119,89,7,-15.49,8.84,32.2,False,False,-16.405976526397378,8.515094694012921,4.577550268013659
2120,89,8,-15.44,4.37,199.2,False,False,-16.176513139534638,7.94983161716221,115.87697779716909
2121,89,9,-16.05,8.13,157.2,False,False,-16.763349063509626,8.537120576166972,296.7518976561289
2122,89,10,-17.43,14.99,212.2,False,False,-16.13163966054501,8.233481685191707,288.6199180971348
2123,89,11,-15.48,7.56,418.6,False,False,-15.859726525055645,9.448887265441003,365.61510249893814
2124,89,12,-15.6,6.04,300.1,False,False,-15.017064134538359,8.08519712539341,366.9854891886092
2125,89,13,-15.23,21.0,267.8,False,False,-16.359511482197025,8.927961272013412,387.39840599502065
2126,89,14,-11.4,8.66,274.5,False,False,-16.395570405580088,9.017074534370577,320.20545492421155
2127,89,15,-17.18,7.9,305.0,False,False,-15.842526063952306,7.925902399572347,334.9561867631024
2128,89,16,-15.7,24.98,170.1,False,False,-15.687372292139987,8.712823554848491,196.81847404609502
2129,89,17,-14.89,5.24,30.4,False,False,-16.885823645170053,7.72131815798968,37.67967031118728
2130,89,18,-17.35,6.58,0.0,False,False,-16.7494600079573,8.045213845859342,-1.2854644336392822
2131,89,19,-13.39,10.81,0.0,False,False,-18.435632097826815,9.118584082872562,-0.3633611680191867
2132,89,20,-19.3,11.23,0.0,False,False,-18.06103354811201,8.831608719228845,0.9475574775652714
2133,89,21,-18.31,11.27,0.0,False,False,-18.7061865795162,8.491511557585392,0.9475574775652714
2134,89,22,-20.88,10.25,0.0,False,False,-18.972696236396715,8.692029410185198,0.9475574775652714
2135,89,23,-20.18,10.42,0.0,False,False,-19.72353733004261,8.19061576804332,0.5173803809157584
2136,90,0,-19.36,8.12,0.0,False,False,-20.143943950390494,9.437733629774787,0.5173803809157584
2137,90,1,-18.09,3.33,0.0,False,False,-19.896214914682407,8.297489891674656,0.5173803809157584
2138,90,2,-18.95,3.52,0.0,False,False,-19.602252517771134,8.658285854271107,0.5173803809157584
2139,90,3,-16.75,7.49,0.0,False,False,-18.670566597230852,8.678568146959687,0.5173803809157584
2140,90,4,-19.04,7.65,0.0,False,False,-18.257746936976996,8.225466281258884,0.5173803809157584
2141,90,5,-19.04,4.62,0.0,False,False,-18.26830231846698,8.200115118698308,0.5173803809157584
2142,90,6,-12.45,4.78,0.0,False,False,-17.686487437094293,8.201561934193519,0.5173803809157584
2143,90,7,-16.55,6.92,10.1,False,False,-16.205933618496598,8.05345746201317,36.009610649724145
2144,90,8,-18.29,19.18,139.9,False,False,-16.02276939203591,8.199965822806464,153.75058059956842
2145,90,9,-17.83,4.17,325.4,False,False,-16.738368251926783,8.774449441860286,244.13628339530754
2146,90,10,-18.01,5.88,488.0,False,False,-17.32699811677198,7.852055149647793,341.8087487068376
2147,90,11,-14.05,26.11,488.0,False,False,-16.13156921401805,9.30191993488276,350.1821432199046
2148,90,12,-16.58,10.13,524.5,False,False,-15.523743261169148,8.947032292229602,449.77998435916965
2149,90,13,-15.67,8.44,468.6,False,False,-16.49841204158049,7.8891610636608425,424.6679423666537
2150,90,14,-16.25,2.51,420.9,False,False,-15.266708125806911,7.288032759134817,363.83219840320425
2151,90,15,-14.98,6.4,196.9,False,False,-16.469789060000615,7.979029899918297,315.5229055570797
2152,90,16,-18.55,16.6,129.6,False,False,-16.685398246614,9.125077741155062,186.98398591289123
2153,90,17,-19.49,4.69,12.3,False,False,-17.36032633256955,8.442478216126027,40.1847831764032
2154,90,18,-17.41,4.6,0.0,False,False,-17.27851678650426,8.363107584509583,-0.9694104598933687
2155,90,19,-17.17,14.66,0.0,False,False,-17.834983380149914,10.280170462562431,-0.3633611680191867
2156,90,20,-18.19,6.91,0.0,False,False,-18.619618424676514,8.013376640543907,0.9475574775652714
2157,90,21,-20.89,2.63,0.0,False,False,-19.199158585566853,8.28621266606948,0.9475574775652714
2158,90,22,-18.23,18.88,0.0,False,False,-20.176703552381795,9.392042799972513,0.9475574775652714
2159,90,23,-21.27,5.31,0.0,False,False,-19.99308536892913,8.516213533085722,0.5173803809157584
2160,91,0,-21.2,8.23,0.0,False,False,-20.55316302291933,7.472145901767447,0.5173803809157584
2161,91,1,-21.98,6.52,0.0,False,False,-19.8517656912228,8.264808616726974,0.5173803809157584
2162,91,2,-17.29,4.48,0.0,False,False,-20.239369593092572,8.542545915397547,0.5173803809157584
2163,91,3,-18.31,6.57,0.0,False,False,-19.28549388404928,8.730007444446375,0.5173803809157584
2164,91,4,-17.95,4.69,0.0,False,False,-19.486345477231154,8.166864335375156,0.5173803809157584
2165,91,5,-16.18,17.08,0.0,False,False,-18.795990376094615,9.833641935776575,0.5173803809157584
2166,91,6,-12.53,3.77,0.0,False,False,-16.417264605477712,8.476787653094242,0.5173803809157584
2167,91,7,-21.06,5.67,0.0,False,False,-17.43072157612817,8.815220131657309,0.5173803809157584
2168,91,8,-18.64,5.25,108.6,False,False,-17.916062652561735,8.698369343318603,124.40686363769828
2169,91,9,-17.98,5.3,289.2,False,False,-17.467394306611574,7.794323542702312,256.06544191775356
2170,91,10,-18.13,4.0,442.8,False,False,-17.97696085530489,7.194573457286638,341.29845853116694
2171,91,11,-18.38,14.11,233.5,False,False,-16.70726935612568,10.021549394693706,356.6228299361853
2172,91,12,-16.76,19.93,281.2,False,False,-17.30572135212429,9.84443599138826,376.2294229462043
2173,91,13,-18.66,8.74,545.0,False,False,-16.04040849302518,8.648018550670285,402.5693405121681
2174,91,14,-15.76,8.36,263.6,False,False,-16.621286418074604,7.855274770331251,329.1010257655917
2175,91,15,-16.64,2.93,294.7,False,False,-16.439592090267233,8.126571780054428,309.37659942203413
2176,91,16,-16.2,13.94,163.0,False,False,-17.787889193075515,9.051578339463218,113.80639208439777
2177,91,17,-16.63,4.69,0.0,False,False,-17.20127183953775,7.538676651642773,3.1389103732799177
2178,91,18,-16.95,2.73,0.0,False,False,-17.731079455303547,8.517866561917542,-2.43031489174354
2179,91,19,-19.42,9.54,0.0,False,False,-17.488633632900804,9.192970481403709,-0.3633611680191867
2180,91,20,-14.92,12.11,0.0,False,False,-19.204088692003765,8.31847832477998,0.9475574775652714
2181,91,21,-19.1,13.87,0.0,False,False,-19.0589383633023,8.40608555371204,0.9475574775652714
2182,91,22,-23.62,5.71,0.0,False,False,-20.348847600310563,8.271132932982734,0.9475574775652714
2183,91,23,-22.1,5.36,0.0,False,False,-20.746310156465366,7.737204532969986,0.5173803809157584
2184,92,0,-23.95,8.02,0.0,False,False,-20.658001025576567,7.771441887025652,0.5173803809157584
2185,92,1,-20.36,6.52,0.0,False,False,-21.451094555663627,8.459015973794845,0.5173803809157584
2186,92,2,-20.44,9.64,0.0,False,False,-20.2078205721333,8.448596835956774,0.5173803809157584
2187,92,3,-20.82,8.07,0.0,False,False,-19.753093470522806,8.052952704460631,0.5173803809157584
2188,92,4,-15.44,4.48,0.0,False,False,-19.200028707710356,7.866084490992355,0.5173803809157584
2189,92,5,-17.88,14.09,0.0,False,False,-17.961297457220212,9.228929181692354,0.5173803809157584
2190,92,6,-17.01,9.67,0.0,False,False,-17.225470374883365,8.761633380234558,0.5173803809157584
2191,92,7,-19.81,11.97,0.0,False,False,-17.795913549599476,9.191130871148353,0.5173803809157584
2192,92,8,-19.46,4.53,155.7,False,False,-18.328925026399272,8.354606276064665,114.17457446619792
2193,92,9,-16.98,9.53,149.5,False,False,-17.763899445933713,8.35944180709064,285.0836933188635
2194,92,10,-16.39,1.09,377.3,False,False,-17.084274366602894,7.791974817709103,323.29613108003156
2195,92,11,-20.24,10.85,436.1,False,False,-16.877179795705356,10.025391964941045,418.91623572936595
2196,92,12,-16.82,7.91,517.8,False,False,-17.788358084162834,8.062055140622512,386.50491734689746
2197,92,13,-16.5,3.98,460.6,False,False,-17.205333356030664,7.27387575630588,402.3123149922331
2198,92,14,-17.16,7.53,433.0,False,False,-16.858279884494873,7.774821945286405,364.6144296391908
2199,92,15,-18.68,10.34,144.5,False,False,-16.811712717468215,7.885300237801764,298.76884969761534
2200,92,16,-18.54,12.38,110.8,False,False,-17.69451640403223,8.011345919744118,140.8395852238998
2201,92,17,-18.3,3.08,0.0,False,False,-18.17406047924397,8.169635000948091,6.050490605727537
2202,92,18,-18.28,7.83,0.0,False,False,-18.33441109119826,7.961706609078707,-0.3633611680191867
2203,92,19,-17.77,3.48,0.0,False,False,-19.087993878770735,7.848671935080207,-0.3633611680191867
2204,92,20,-17.3,10.4,0.0,False,False,-18.277802948527956,8.770871186238143,0.9475574775652714
2205,92,21,-20.47,11.77,0.0,False,False,-19.76919659617986,7.076238708150924,0.9475574775652714
2206,92,22,-21.11,4.3,0.0,False,False,-20.647761033243192,8.446410002363024,0.9475574775652714
2207,92,23,-19.52,3.87,0.0,False,False,-21.073556663659296,8.425037049007889,0.5173803809157584
2208,93,0,-19.55,5.23,0.0,False,False,-21.077519683702963,8.88362756641843,0.5173803809157584
2209,93,1,-21.57,6.65,0.0,False,False,-21.070294947550575,9.443323951060451,0.5173803809157584
2210,93,2,-18.92,4.86,0.0,False,False,-20.066006442432382,7.948346418106877,0.5173803809157584
2211,93,3,-18.22,10.87,0.0,False,False,-19.540734626018068,8.493145627618267,0.5173803809157584
2212,93,4,-17.18,12.41,0.0,False,False,-18.4752853015828,8.787530126710116,0.5173803809157584
2213,93,5,-15.73,7.66,0.0,False,False,-17.890039891808545,8.509349969720805,0.5173803809157584
2214,93,6,-20.5,4.95,0.0,False,False,-17.11296324857685,7.792006918277999,0.5173803809157584
2215,93,7,-18.22,6.53,0.0,False,False,-19.450682077969958,8.447876503283558,0.5173803809157584
2216,93,8,-17.75,7.66,86.4,False,False,-18.001317660810077,8.047804886257344,123.49866751636243
2217,93,9,-17.55,6.38,139.7,False,False,-18.037156292696434,8.266748701187215,171.54697006756828
2218,93,10,-18.33,6.95,411.7,False,False,-17.64270598497761,8.28997196403781,289.56410480216044
2219,93,11,-19.81,11.92,256.7,False,False,-18.28777792999535,8.032605509678508,354.2403058981217
2220,93,12,-16.58,4.78,358.2,False,False,-17.309907928835806,7.817011010532235,411.1796765484088
2221,93,13,-18.37,17.79,429.9,False,False,-17.141093679687057,8.14247759451599,387.7714121878746
2222,93,14,-16.86,22.78,367.8,False,False,-17.706650468455344,8.918077298833477,332.0896993718634
2223,93,15,-18.94,6.2,265.0,False,False,-17.402599302368905,8.312574747746707,213.61760721136997
2224,93,16,-19.97,4.72,151.7,False,False,-18.393433704818793,8.719687751062127,119.20510683162185
2225,93,17,-17.78,4.94,0.0,False,False,-18.40935266415543,8.582279343193145,-1.0662279487575634
2226,93,18,-18.47,7.3,0.0,False,False,-18.74240103984559,7.277407506502845,-2.43031489174354
2227,93,19,-18.13,7.75,0.0,False,False,-19.109003636722008,8.490928784045664,-0.3633611680191867
2228,93,20,-15.4,6.09,0.0,False,False,-18.222966529177693,8.352723925769961,0.9475574775652714
2229,93,21,-19.63,3.46,0.0,False,False,-19.146415766266614,8.06674553481387,0.9475574775652714
2230,93,22,-19.53,7.3,0.0,False,False,-20.58709767578725,8.581653956310117,0.9475574775652714
2231,93,23,-22.85,4.99,0.0,False,False,-20.565110951585172,7.853955507669339,0.5173803809157584
2232,94,0,-23.64,2.62,0.0,False,False,-21.76214872751961,8.372025930369157,0.5173803809157584
2233,94,1,-17.84,9.82,0.0,False,False,-21.487197029825158,8.776413509923604,0.5173803809157584
2234,94,2,-22.65,2.86,0.0,False,False,-20.867607714823677,8.333222032680185,0.5173803809157584
2235,94,3,-22.57,5.96,0.0,False,False,-21.28518835058795,8.778483591705985,0.5173803809157584
2236,94,4,-20.15,6.85,0.0,False,False,-18.976503626600582,8.18303337318724,0.5173803809157584
2237,94,5,-19.77,13.23,0.0,False,False,-18.86679157167696,8.368932466053371,0.5173803809157584
2238,94,6,-20.88,2.7,0.0,False,False,-19.674037495304045,8.404612244705543,0.5173803809157584
2239,94,7,-19.16,10.35,0.0,False,False,-19.082356984739338,8.547903020515252,0.5173803809157584
2240,94,8,-15.61,11.15,97.5,False,False,-18.058935279925777,8.997406002859002,95.87237519915269
2241,94,9,-19.27,15.2,291.7,False,False,-17.891268742067005,8.532573125955718,144.23271739649564
2242,94,10,-20.13,12.19,332.9,False,False,-18.26517646950938,9.10887924353964,348.8306528595297
2243,94,11,-15.25,6.97,249.9,False,False,-18.508878744457597,8.492516662618714,363.1555726205054
2244,94,12,-16.09,2.95,251.3,False,False,-16.860417720687575,7.458714010248222,386.04317227237135
2245,94,13,-18.38,10.57,519.0,False,False,-18.101990544861234,9.498349908924599,416.259434000192
2246,94,14,-20.5,13.55,251.0,False,False,-17.831390936366144,9.488123841172717,321.04755613162797
2247,94,15,-19.15,2.31,229.1,False,False,-18.52994018913,8.311147256136563,286.0774929236159
2248,94,16,-18.18,3.45,117.0,False,False,-18.874581959116025,7.378913001691445,118.27101727556105
2249,94,17,-16.22,8.15,0.0,False,False,-18.664337725716532,8.576355290614403,5.977112188984627
2250,94,18,-21.14,11.09,0.0,False,False,-18.683771541010536,8.179685422949923,-0.9694104598933687
2251,94,19,-19.76,9.65,0.0,False,False,-19.671859247879222,8.35187043656092,-0.3633611680191867
2252,94,20,-18.72,23.52,0.0,False,False,-18.524862586790377,8.97102785448282,0.9475574775652714
2253,94,21,-25.25,15.09,0.0,False,False,-21.04764498143239,9.16344310304586,0.9475574775652714
2254,94,22,-18.73,6.08,0.0,False,False,-21.57776095649531,8.526085016374042,0.9475574775652714
2255,94,23,-23.37,4.88,0.0,False,False,-20.985288265487473,8.254342065461875,0.5173803809157584
2256,95,0,-20.71,5.49,0.0,False,False,-21.8852945823959,8.931575888177619,0.5173803809157584
2257,95,1,-20.81,8.24,0.0,False,False,-20.442051992507647,8.355653876272939,0.5173803809157584
2258,95,2,-18.93,6.83,0.0,False,False,-20.931476998705403,8.848646386269401,0.5173803809157584
2259,95,3,-19.68,11.39,0.0,False,False,-20.36515613490666,8.882153235536782,0.5173803809157584
2260,95,4,-25.13,5.02,0.0,False,False,-20.255272350646763,8.676391302511783,0.5173803809157584
2261,95,5,-21.46,8.77,0.0,False,False,-20.23615573016308,8.513065769352936,0.5173803809157584
2262,95,6,-19.09,10.59,0.0,False,False,-20.30585158024374,8.419100760462673,0.5173803809157584
2263,95,7,-19.24,13.55,0.0,False,False,-19.279026656511647,8.787893556723287,0.5173803809157584
2264,95,8,-17.42,3.8,66.8,False,False,-17.92934401886663,8.40213120624747,107.53478951404769
2265,95,9,-16.38,5.43,293.3,False,False,-18.216212030555017,8.066180162369422,204.85368298403696
2266,95,10,-16.42,6.58,438.2,False,False,-18.022439196712615,8.42243376269256,352.2312579287197
2267,95,11,-17.87,3.18,250.6,False,False,-16.897353902372277,8.204487851914537,370.56766503769416
2268,95,12,-21.06,8.49,570.0,False,False,-17.298630646460698,9.625556636125783,414.2134013036774
2269,95,13,-18.35,8.42,287.6,False,False,-18.397843776671444,7.923659910158834,362.27133610469764
2270,95,14,-16.81,8.06,375.1,False,False,-18.423090907664037,8.345065569463214,365.02561828968237
2271,95,15,-20.14,6.38,275.6,False,False,-18.38460940006615,8.081481339617898,305.81648331847487
2272,95,16,-17.11,12.81,63.7,False,False,-18.784389785547983,8.166600129445209,115.00391722026129
2273,95,17,-17.04,5.51,0.0,False,False,-17.605246187151533,8.240546360290525,-5.079467235520482
2274,95,18,-19.12,12.23,0.0,False,False,-19.388077234505186,8.190487895352899,-1.8242655998693582
2275,95,19,-26.02,5.44,0.0,False,False,-20.08347350557906,8.436681942586924,0.3075740481564822
2276,95,20,-22.93,3.74,0.0,False,False,-20.139174947206595,8.797919345384992,0.9475574775652714
2277,95,21,-17.01,7.0,0.0,False,False,-21.290839145988308,8.820705245300202,0.9475574775652714
2278,95,22,-22.2,22.67,0.0,False,False,-20.541610614754745,9.332634016638833,0.9475574775652714
2279,95,23,-25.27,8.84,0.0,False,False,-21.889612594088526,9.16417713072369,0.5173803809157584
2280,96,0,-19.2,1.89,0.0,False,False,-21.725370582833055,7.192172298407915,0.5173803809157584
2281,96,1,-21.58,6.02,0.0,False,False,-21.050281209881238,9.124125404206763,0.5173803809157584
2282,96,2,-19.19,17.15,0.0,False,False,-21.04923406792184,8.331565531178265,0.5173803809157584
2283,96,3,-20.53,20.23,0.0,False,False,-20.387276871068703,10.550390361280014,0.5173803809157584
2284,96,4,-19.75,11.16,0.0,False,False,-20.744365806323067,8.940614773829513,0.5173803809157584
2285,96,5,-19.46,25.5,0.0,False,False,-19.551444117969076,10.880786673808043,0.5173803809157584
2286,96,6,-18.28,18.71,0.0,False,False,-19.71029248210298,14.93606703305953,0.5173803809157584
2287,96,7,-14.6,4.06,0.0,False,False,-18.48720483967093,8.190068695218239,0.5173803809157584
2288,96,8,-16.73,10.7,82.3,False,False,-17.473497341322723,8.168901980116065,67.19684321508709
2289,96,9,-21.42,11.03,160.3,False,False,-17.72298519493868,8.867588628624203,236.8226047765948
2290,96,10,-17.05,9.86,268.8,False,False,-18.064093131253777,8.571631833313223,316.095086693601
2291,96,11,-15.46,3.69,404.3,False,False,-16.65120604252023,7.8695432470266535,374.224478452586
2292,96,12,-15.27,8.03,474.0,False,False,-18.229369229771923,8.971585998805729,423.4558782399188
2293,96,13,-18.59,8.0,275.7,False,False,-17.92389680234905,8.361436023346743,368.9904620217883
2294,96,14,-15.61,3.4,362.7,False,False,-18.418682768929568,8.140441581096102,382.83905770221406
2295,96,15,-16.4,6.2,185.8,False,False,-17.9348200794014,7.649168154412065,276.19630760853266
2296,96,16,-13.53,8.21,59.3,False,False,-17.960672411890958,7.713509808907393,76.97902331625531
2297,96,17,-20.65,6.89,0.0,False,False,-17.88536527233702,8.271727269165877,-0.31077519283613475
2298,96,18,-20.69,10.22,0.0,False,False,-20.05533257734644,8.12656860711697,-0.3633611680191867
2299,96,19,-20.8,6.12,0.0,False,False,-20.4182654281325,8.267958223350925,0.3075740481564822
2300,96,20,-21.65,7.62,0.0,False,False,-20.90717167733423,8.202517940387878,0.9475574775652714
2301,96,21,-22.87,11.52,0.0,False,False,-21.39028045891965,8.405452866068478,0.9475574775652714
2302,96,22,-26.93,16.14,0.0,False,False,-21.854475739721618,8.925725699475937,0.9475574775652714
2303,96,23,-22.47,3.65,0.0,False,False,-22.489676057262173,9.149998330382896,0.5173803809157584
2304,97,0,-21.23,10.03,0.0,False,False,-21.753536757605143,8.78313670847107,0.5173803809157584
2305,97,1,-22.89,5.61,0.0,False,False,-21.95553713871874,8.738640712244441,0.5173803809157584
2306,97,2,-17.83,8.9,0.0,False,False,-21.06393680948606,8.41995186132601,0.5173803809157584
2307,97,3,-21.36,3.49,0.0,False,False,-20.456573028375928,8.543813877999394,0.5173803809157584
2308,97,4,-18.39,12.95,0.0,False,False,-21.58304426910559,9.118469381104118,0.5173803809157584
2309,97,5,-19.96,4.7,0.0,False,False,-19.901091287990663,8.213720947255187,0.5173803809157584
2310,97,6,-18.32,11.62,0.0,False,False,-19.443680992196384,9.235633730499533,0.5173803809157584
2311,97,7,-18.89,3.76,0.0,False,False,-17.528384204280773,7.7924704036653445,0.5173803809157584
2312,97,8,-16.23,3.09,53.0,False,False,-18.237029022437962,8.829067671224339,73.84233409422386
2313,97,9,-18.44,6.46,247.9,False,False,-18.048469553418183,9.263777637690472,214.5265600299091
2314,97,10,-17.25,8.07,241.7,False,False,-17.934721180347385,7.879337923390858,345.48281479615355
2315,97,11,-17.31,19.56,331.7,False,False,-16.881976135093137,8.502001082728874,365.9803197797542
2316,97,12,-18.55,7.97,388.5,False,False,-17.540149762486088,8.932796703668048,398.5364160042037
2317,97,13,-17.23,4.05,377.7,False,False,-18.24700098693361,8.096323564082395,370.7114305822806
2318,97,14,-13.77,10.69,206.7,False,False,-16.645488580420654,9.174738861258195,307.5906296060946
2319,97,15,-19.1,14.02,120.4,False,False,-17.571472920682663,8.455858761089665,232.92305833853965
2320,97,16,-18.13,4.56,76.9,False,False,-17.598756929627708,8.480773161155625,68.69297546009498
2321,97,17,-16.94,11.41,0.0,False,False,-18.558723885287563,8.416764045164175,0.17543999821088926
2322,97,18,-17.69,13.14,0.0,False,False,-19.00929114836873,8.87773769384734,-0.3633611680191867
2323,97,19,-20.46,10.82,0.0,False,False,-21.453256163018697,9.198360766022736,-0.3633611680191867
2324,97,20,-25.74,5.09,0.0,False,False,-21.331125062443025,8.467655550709617,0.9475574775652714
2325,97,21,-20.35,8.11,0.0,False,False,-21.001320922754164,9.135041645648382,0.9475574775652714
2326,97,22,-26.14,23.89,0.0,False,False,-23.02621032340141,8.381243045713973,0.9475574775652714
2327,97,23,-18.96,12.76,0.0,False,False,-22.99159154463812,9.75840226768289,0.5173803809157584
2328,98,0,-21.93,5.27,0.0,False,False,-21.273648485894743,7.777118711858902,2.3248823632523354
2329,98,1,-20.2,11.55,0.0,False,False,-22.225969617862884,9.9612286038108,2.3248823632523354
2330,98,2,-23.8,6.77,0.0,False,False,-20.176635504385427,8.658383973081408,2.3248823632523354
2331,98,3,-24.79,6.02,0.0,False,False,-21.835352743559792,8.854014605215905,2.3248823632523354
2332,98,4,-20.75,7.47,0.0,False,False,-20.960504538539947,8.498421271321709,2.3248823632523354
2333,98,5,-20.85,1.68,0.0,False,False,-20.943314317224004,8.130106981057855,2.3248823632523354
2334,98,6,-21.25,2.05,0.0,False,False,-20.16540029260021,8.193541778837377,2.3248823632523354
2335,98,7,-19.58,2.43,0.0,False,False,-18.624672457567208,8.005536893747863,2.3248823632523354
2336,98,8,-13.73,9.09,32.8,False,False,-18.459787973030338,8.727270052364073,42.95604187109131
2337,98,9,-17.18,6.39,158.0,False,False,-18.87272704952211,8.270477969653987,183.25792497013438
2338,98,10,-16.44,5.1,222.9,False,False,-17.731273415345687,7.565452494685556,296.7180500603762
2339,98,11,-16.65,7.14,549.7,False,False,-16.691126956459595,8.685402142776484,387.4230238339949
2340,98,12,-15.31,11.69,527.3,False,False,-17.2264788075311,8.171552982771887,408.38832178123675
2341,98,13,-18.72,2.28,552.8,False,False,-17.71220332411253,8.343002977362877,413.8652436627694
2342,98,14,-22.64,6.97,204.9,False,False,-17.36119079335173,8.006887050193503,283.57957486649957
2343,98,15,-19.23,3.99,119.0,False,False,-19.03030450188582,7.908058472732822,120.60394435903314
2344,98,16,-17.64,21.13,39.8,False,False,-17.53540529701741,9.349821129914263,76.38645564321907
2345,98,17,-21.69,7.32,0.0,False,False,-19.671798011929045,8.650606431505214,1.9829419805474628
2346,98,18,-20.62,13.2,0.0,False,False,-19.938051556849828,8.657714352321898,1.444140814317389
2347,98,19,-22.17,10.87,0.0,False,False,-21.13502246696771,9.063919853662886,2.7550594599018483
2348,98,20,-18.26,5.82,0.0,False,False,-22.087516190445307,8.58794315820238,2.7550594599018483
2349,98,21,-20.18,16.02,0.0,False,False,-21.227739532840886,8.78499866123796,2.7550594599018483
2350,98,22,-20.7,5.32,0.0,False,False,-23.55504779117902,9.446657054541904,2.7550594599018483
2351,98,23,-20.96,9.01,0.0,False,False,-21.31233779443011,7.390815054007555,2.3248823632523354
2352,99,0,-22.64,8.41,0.0,False,False,-22.06438705530095,8.973282696528193,2.3248823632523354
2353,99,1,-22.1,8.82,0.0,False,False,-22.52157293817419,8.944463513496219,2.3248823632523354
2354,99,2,-24.66,14.68,0.0,False,False,-21.922297548949828,8.468320426568747,2.3248823632523354
2355,99,3,-26.35,7.42,0.0,False,False,-22.536358974310886,9.438933192679842,2.3248823632523354
2356,99,4,-21.26,19.71,0.0,False,False,-22.060412738382894,8.678783626877518,2.3248823632523354
2357,99,5,-20.43,23.15,0.0,False,False,-21.407635972795305,13.692574912637836,2.3248823632523354
2358,99,6,-18.14,8.36,0.0,False,False,-20.92563979272666,8.777841642160624,2.3248823632523354
2359,99,7,-16.9,19.14,0.0,False,False,-19.955624824657964,8.9828798406806,2.3248823632523354
2360,99,8,-16.42,12.71,28.1,False,False,-17.27356679492852,10.83194256291172,37.98164184512611
2361,99,9,-21.14,3.0,183.1,False,False,-18.367111487398503,8.09669264207825,195.35276149640165
2362,99,10,-19.53,5.43,422.8,False,False,-18.900742771112895,9.195871065496931,304.7573879937795
2363,99,11,-17.67,7.69,347.6,False,False,-18.16156457894675,7.687247290042402,359.0484523931249
2364,99,12,-13.5,14.53,551.4,False,False,-17.782314491230366,8.28438997588387,421.830710687707
2365,99,13,-15.67,15.24,379.3,False,False,-18.16224012857405,9.733931807720793,385.3811282539552
2366,99,14,-16.59,7.2,395.8,False,False,-17.595791442536402,9.371780606028024,282.45536992500814
2367,99,15,-19.92,5.34,236.5,False,False,-18.477602589497284,8.277131738707517,142.5002829061856
2368,99,16,-21.33,6.68,21.6,False,False,-18.927008280277956,8.547916595452628,55.434261264316675
2369,99,17,-18.47,7.83,0.0,False,False,-19.64137941913505,8.255619492447176,4.197729361598974
2370,99,18,-22.76,6.44,0.0,False,False,-20.667549656494835,8.810786284224495,1.444140814317389
2371,99,19,-21.56,13.37,0.0,False,False,-22.258460115880833,8.391938960120127,2.7550594599018483
2372,99,20,-21.79,6.12,0.0,False,False,-22.268397463914347,8.175117023819517,2.7550594599018483
2373,99,21,-18.79,4.59,0.0,False,False,-22.05036068443793,8.224627920488263,2.7550594599018483
2374,99,22,-23.0,6.61,0.0,False,False,-23.112489670568156,9.413922435571441,2.7550594599018483
2375,99,23,-27.37,8.63,0.0,False,False,-22.45384109796757,8.194734295354198,2.3248823632523354
2376,100,0,-21.85,13.49,0.0,False,False,-23.498773289635512,8.713622357139705,2.3248823632523354
2377,100,1,-24.19,4.4,0.0,False,False,-22.843471675141945,8.532653442703381,2.3248823632523354
2378,100,2,-22.5,8.66,0.0,False,False,-23.64485458761496,8.735846272898732,2.3248823632523354
2379,100,3,-22.44,8.79,0.0,False,False,-23.22567949693306,9.16083253964413,2.3248823632523354
2380,100,4,-22.4,9.63,0.0,False,False,-22.325705816917083,8.796209549893138,2.3248823632523354
2381,100,5,-19.79,6.12,0.0,False,False,-22.112519942461162,8.652525143193264,2.3248823632523354
2382,100,6,-23.92,9.54,0.0,False,False,-21.230393392513495,7.637209366240917,2.3248823632523354
2383,100,7,-21.37,10.73,0.0,False,False,-20.505227794054427,7.5550097592382786,2.3248823632523354
2384,100,8,-18.49,6.08,4.3,False,False,-18.45724674383777,8.373630093230233,7.645517069529437
2385,100,9,-20.67,8.15,230.9,False,False,-20.33508939508645,8.05337779309189,154.1900527242697
2386,100,10,-22.34,6.82,311.1,False,False,-20.505007025011448,8.113282737381356,335.14961530419333
2387,100,11,-17.59,4.93,339.9,False,False,-19.080215535292407,8.143224806823405,365.38012405614336
2388,100,12,-16.61,3.54,371.2,False,False,-17.072506511547196,8.171743369152157,392.067644276299
2389,100,13,-19.01,5.32,261.1,False,False,-17.985756468308587,7.962230093766683,370.9081993986087
2390,100,14,-23.05,5.53,303.0,False,False,-19.568870787809626,7.305781742499584,330.72775605348005
2391,100,15,-18.03,3.51,153.4,False,False,-20.125520001647082,8.079180109660527,253.35463718612982
2392,100,16,-23.18,24.23,5.7,False,False,-20.169165631120247,9.123677306997612,10.733891180136759
2393,100,17,-19.72,11.11,0.0,False,False,-21.56214313997419,8.702230886434718,-0.6228129094069648
2394,100,18,-22.63,6.72,0.0,False,False,-21.45292184189858,8.656003791134701,1.444140814317389
2395,100,19,-23.69,7.24,0.0,False,False,-22.774147694438444,8.974545908161444,2.7550594599018483
2396,100,20,-22.74,5.72,0.0,False,False,-22.185695309285826,8.163364219166876,2.7550594599018483
2397,100,21,-22.64,7.03,0.0,False,False,-22.608523644690703,8.18895140795609,2.7550594599018483
2398,100,22,-23.88,9.58,0.0,False,False,-23.48846896308653,8.475575431386043,2.7550594599018483
2399,100,23,-21.61,8.67,0.0,False,False,-24.06882333224571,8.445072393211124,2.3248823632523354
2400,101,0,-24.04,7.01,56.6,False,False,-22.83140491350082,8.364428820763871,2.3248823632523354
2401,101,1,-21.12,5.52,0.0,False,False,-23.45119535326184,8.367600053291845,4.027285694223494
2402,101,2,-22.32,10.66,0.0,False,False,-22.84036590294185,8.532653470607178,2.3248823632523354
2403,101,3,-23.96,5.82,0.0,False,False,-22.82874793166985,8.79756093501704,2.408126171776346
2404,101,4,-23.88,3.67,0.0,False,False,-22.783685235055934,8.607180901564737,2.3248823632523354
2405,101,5,-24.96,7.9,0.0,False,False,-22.673437586114353,8.989980865669073,2.3248823632523354
2406,101,6,-20.57,2.68,0.0,False,False,-21.96559901571566,8.545379129972787,2.3248823632523354
2407,101,7,-21.34,8.49,0.0,False,False,-20.832814398257515,8.614325750787147,2.3248823632523354
2408,101,8,-24.89,8.8,0.0,False,False,-20.55387552937607,7.918554895281571,2.3248823632523354
2409,101,9,-20.81,5.29,214.2,False,False,-21.43502252468273,7.792241911102539,189.15274323239734
2410,101,10,-21.22,5.7,275.3,False,False,-20.627006847315833,8.478829400849042,348.96365833509446
2411,101,11,-16.07,11.41,549.1,False,False,-19.674152724711956,8.196951081817799,385.64505094780725
2412,101,12,-22.55,33.22,301.6,False,False,-18.361959910191484,9.60484659613542,380.9454937950563
2413,101,13,-22.1,7.45,538.6,False,False,-20.406464630647882,9.198910812752098,381.8702029748751
2414,101,14,-17.2,2.08,314.5,False,False,-19.884975062832336,5.3633610658709205,322.6918862343321
2415,101,15,-17.02,5.35,172.1,False,False,-19.348737782908376,6.5378761432421255,219.94676329863898
2416,101,16,-21.64,8.84,0.0,False,False,-20.623208989910346,8.054940734867651,4.829803022752812
2417,101,17,-21.89,6.87,0.0,False,False,-20.6089384156221,8.487453962774183,-0.6228129094069648
2418,101,18,-19.92,8.55,0.0,False,False,-21.502204171735734,8.787180158682714,1.444140814317389
2419,101,19,-26.32,7.91,0.0,False,False,-22.2926989876984,8.437860372649354,2.7550594599018483
2420,101,20,-25.87,8.01,0.0,False,False,-23.15098977761207,8.213916006679895,2.7550594599018483
2421,101,21,-23.12,2.18,0.0,False,False,-22.557300603268548,8.09807608082873,2.7550594599018483
2422,101,22,-19.78,5.69,0.0,False,False,-23.809957893186322,8.047285527921785,2.7550594599018483
2423,101,23,-23.95,5.4,0.0,False,False,-24.354146382389555,7.933790333970461,2.3248823632523354
2424,102,0,-23.24,5.36,127.7,False,False,-23.427227499121415,8.686124585290845,75.10550024490684
2425,102,1,-21.1,9.94,0.0,False,False,-22.958884249106315,8.274969841194006,34.436355582141786
2426,102,2,-18.96,3.86,0.0,False,False,-22.517611483674063,8.732736360124031,2.3248823632523354
2427,102,3,-24.01,2.19,0.0,False,False,-22.13084996836245,9.20871403451362,2.408126171776346
2428,102,4,-22.47,5.3,0.0,False,False,-22.85428782379224,7.77540658067205,2.3248823632523354
2429,102,5,-18.31,4.74,0.0,False,False,-21.392801341505645,7.174681444522624,2.3248823632523354
2430,102,6,-24.48,7.47,0.0,False,False,-21.782404882435184,8.190832023013993,2.3248823632523354
2431,102,7,-18.87,4.72,0.0,False,False,-21.653331418887507,8.82174480537042,2.3248823632523354
2432,102,8,-22.48,6.36,0.0,False,False,-20.276088282682238,7.775450134337203,2.3248823632523354
2433,102,9,-19.82,5.9,78.6,False,False,-21.129531978488085,8.072999169621008,175.3107893909292
2434,102,10,-20.19,13.15,337.5,False,False,-20.327228576730562,8.541577399931127,254.82580259051454
2435,102,11,-21.42,4.78,273.1,False,False,-19.423296298410094,8.395307150699859,364.1436567127937
2436,102,12,-21.4,9.65,575.3,False,False,-19.574627965303467,9.302053818865389,398.80094552662155
2437,102,13,-18.95,6.99,503.6,False,False,-20.355370696479362,8.323255769743575,437.38904786272735
2438,102,14,-17.72,11.53,314.8,False,False,-20.080525022135067,8.562157145296839,334.67246728512947
2439,102,15,-20.28,15.11,182.8,False,False,-19.65896181833651,8.063787900453146,190.11664067316892
2440,102,16,-20.3,6.93,0.0,False,False,-20.73291102992649,8.777512264359853,4.829803022752812
2441,102,17,-19.78,2.73,0.0,False,False,-20.48049669671702,8.257227995860275,-0.6228129094069648
2442,102,18,-23.38,3.87,0.0,False,False,-21.376819087472896,9.005439832658526,1.444140814317389
2443,102,19,-20.48,3.37,0.0,False,False,-23.24666184609178,8.333685421098318,2.7550594599018483
2444,102,20,-20.8,5.7,0.0,False,False,-22.530860657336085,8.5541796448735,2.7550594599018483
2445,102,21,-17.65,5.24,0.0,False,False,-22.53578535164229,8.155219356992868,2.7550594599018483
2446,102,22,-23.92,8.11,0.0,False,False,-22.330674546464493,8.689244692898498,2.7550594599018483
2447,102,23,-24.29,11.1,0.0,False,False,-23.443708028872656,8.762236955615702,2.3248823632523354
2448,103,0,-22.19,2.57,124.9,False,False,-23.322924269657484,8.954387921127418,114.754170375261
2449,103,1,-22.02,7.26,0.0,False,False,-23.02877119608546,8.923227826195202,34.436355582141786
2450,103,2,-24.53,4.86,0.0,False,False,-22.53557455739813,8.099564633638028,2.3248823632523354
2451,103,3,-23.95,7.39,0.0,False,False,-23.181645415075618,8.798261159360745,2.408126171776346
2452,103,4,-21.64,5.71,0.0,False,False,-23.10620675186289,8.320920424794721,2.3248823632523354
2453,103,5,-23.9,10.18,0.0,False,False,-22.51199232881437,8.665628630443772,2.3248823632523354
2454,103,6,-22.55,4.02,0.0,False,False,-22.524735420313153,7.556441114030368,2.3248823632523354
2455,103,7,-21.03,5.02,0.0,False,False,-21.11987811874196,8.900668114410498,2.3248823632523354
2456,103,8,-18.74,6.69,0.0,False,False,-21.57407533808049,8.10293881381903,2.3248823632523354
2457,103,9,-21.52,6.03,123.6,False,False,-20.80635085486758,8.364435475280914,101.65177668753368
2458,103,10,-23.68,6.67,183.8,False,False,-20.90016697733209,8.478257026153884,291.8349517058125
2459,103,11,-23.63,2.93,263.8,False,False,-20.70335513183033,8.085426885326772,334.1882581556319
2460,103,12,-22.25,13.99,448.0,False,False,-21.301478447780816,10.74685185817797,451.84644634685156
2461,103,13,-22.42,5.49,342.4,False,False,-20.904489161210446,8.032719096024296,394.8494959758081
2462,103,14,-20.3,4.17,347.2,False,False,-19.907660561901984,7.770945013598822,337.46941106868974
2463,103,15,-22.69,6.77,170.5,False,False,-20.791714634263354,9.367664353261922,190.9548151919363
2464,103,16,-22.13,7.29,0.0,False,False,-21.751949189171768,8.757565784447088,11.708580420939906
2465,103,17,-22.76,16.97,0.0,False,False,-21.51394882713699,8.460316791258961,0.35187633139618285
2466,103,18,-22.61,11.97,0.0,False,False,-22.299061227732853,8.748515641643756,1.444140814317389
2467,103,19,-19.6,5.96,0.0,False,False,-23.117341638288654,8.155988876496252,2.7550594599018483
2468,103,20,-21.4,15.49,0.0,False,False,-23.37224369374996,8.833547983032624,2.7550594599018483
2469,103,21,-23.11,14.01,0.0,False,False,-21.675379845116417,8.32088725264138,2.7550594599018483
2470,103,22,-24.38,19.19,0.0,False,False,-22.658166183063056,8.675816417885505,2.7550594599018483
2471,103,23,-24.53,33.91,0.0,False,False,-23.836032671317398,12.723834852557676,2.3248823632523354
2472,104,0,-23.36,5.54,161.4,False,False,-23.433636174061004,8.045970653059744,124.14466640768521
2473,104,1,-22.78,7.72,48.5,False,False,-23.486750614224313,6.171892263872644,37.385632590957336
2474,104,2,-25.56,27.95,0.0,False,False,-23.102247472416938,19.806124390892055,3.9323791702674327
2475,104,3,-23.35,2.57,0.0,False,False,-23.181645415075618,7.00484905548044,2.408126171776346
2476,104,4,-27.08,6.67,0.0,False,False,-23.04361556594037,6.606239709386572,2.3248823632523354
2477,104,5,-22.11,23.33,0.0,False,False,-22.419044199894245,14.543862122521222,2.3248823632523354
2478,104,6,-20.49,11.75,0.0,False,False,-22.37983199066911,8.473587712635865,2.3248823632523354
2479,104,7,-22.06,7.11,0.0,False,False,-21.185402781199222,8.444689214821679,2.3248823632523354
2480,104,8,-17.38,2.59,0.0,False,False,-20.77178522034647,8.499125286612205,2.3248823632523354
2481,104,9,-22.36,31.91,128.5,False,False,-20.271742937215294,9.17012858856669,110.38502429641295
2482,104,10,-19.85,7.24,244.1,False,False,-20.917479249222932,7.218381536549053,248.45302950215734
2483,104,11,-20.15,8.49,523.5,False,False,-20.457005081144928,6.721516060051052,385.1162600658107
2484,104,12,-20.21,3.12,499.2,False,False,-20.447522442020208,6.827928980361447,443.27887245097463
2485,104,13,-20.31,13.7,267.2,False,False,-20.00779965793974,8.510886467704164,361.2548389808959
2486,104,14,-20.07,5.58,279.3,False,False,-20.29195945620491,7.527264720642023,316.30918070585017
2487,104,15,-18.9,4.87,84.0,False,False,-20.665868152938742,8.281808254508464,188.72590273698586
2488,104,16,-18.26,12.21,0.0,False,False,-20.641929478499456,9.061612809817529,0.5220375486972905
2489,104,17,-21.5,3.32,0.0,False,False,-20.63227471208912,8.181836452896764,-0.016763617532782705
2490,104,18,-20.38,8.55,0.0,False,False,-21.3559263808662,8.36199658279116,1.444140814317389
2491,104,19,-23.93,4.79,0.0,False,False,-21.993514028609066,7.754543249983614,2.7550594599018483
2492,104,20,-21.48,9.06,0.0,False,False,-22.934109398006232,8.421416979241917,2.7550594599018483
2493,104,21,-24.95,10.26,0.0,False,False,-22.299737652044765,8.20132519972604,2.7550594599018483
2494,104,22,-21.56,5.48,0.0,False,False,-23.697755556464376,8.500254104962368,2.7550594599018483
2495,104,23,-19.52,13.31,62.3,False,False,-23.58029075548714,9.252065743510004,2.3248823632523354
2496,105,0,-24.54,7.25,232.9,False,False,-23.122729589055215,7.779666459000009,146.05135746609344
2497,105,1,-28.61,17.03,105.3,False,False,-23.355115700652025,8.754527994201418,87.34716971880503
2498,105,2,-25.13,12.28,0.0,False,False,-24.123410919191638,10.40780600118123,16.20572913600888
2499,105,3,-21.25,7.66,0.0,False,False,-23.587402770734865,8.17702439066752,2.408126171776346
2500,105,4,-22.19,7.64,0.0,False,False,-23.387176465070784,9.513162253877828,2.408126171776346
2501,105,5,-22.32,3.51,0.0,False,False,-22.25907486729169,8.057704722783878,2.3248823632523354
2502,105,6,-20.28,12.2,0.0,False,False,-21.835859214711157,8.636079788622395,2.3248823632523354
2503,105,7,-20.81,5.2,0.0,False,False,-21.48711390710554,8.423873875558938,2.3248823632523354
2504,105,8,-18.86,8.09,0.0,False,False,-20.016441781617022,8.447755952700282,2.3248823632523354
2505,105,9,-19.04,16.96,59.1,False,False,-20.580833616461288,9.505884752692571,117.02480924856319
2506,105,10,-17.52,13.19,216.8,False,False,-20.552747281286354,8.708389256190088,196.54909523119625
2507,105,11,-19.65,4.34,490.0,False,False,-20.04307024461489,8.294667195174307,393.8592361715324
2508,105,12,-18.49,22.27,287.6,False,False,-20.038732785936688,11.304864268213935,371.6602940011369
2509,105,13,-20.98,8.5,337.2,False,False,-20.268017517032433,9.235202148801728,353.80176281097346
2510,105,14,-21.77,13.99,287.4,False,False,-20.322771219922824,9.283579529331341,316.33306691530316
2511,105,15,-17.47,12.97,73.9,False,False,-20.262717965481848,8.837309277500573,97.33756780085186
2512,105,16,-20.87,9.6,0.0,False,False,-20.96129352452681,8.98469389567232,1.4967267895004384
2513,105,17,-20.17,9.15,0.0,False,False,-21.399203008645458,8.494535942423546,-0.016763617532782705
2514,105,18,-22.05,7.2,0.0,False,False,-21.39764256187159,8.275650971366977,1.444140814317389
2515,105,19,-23.99,8.38,0.0,False,False,-21.93447158581628,8.070687487920031,2.7550594599018483
2516,105,20,-23.28,6.35,0.0,False,False,-22.891630208666832,8.471453870748833,2.7550594599018483
2517,105,21,-20.84,10.74,0.0,False,False,-23.316501302559736,8.39800283532697,2.7550594599018483
2518,105,22,-22.92,9.39,0.0,False,False,-23.175419206402072,8.578796642469669,2.7550594599018483
2519,105,23,-27.65,11.98,102.9,False,False,-23.58863769032705,9.75832673047996,66.94291028575611
2520,106,0,-25.01,11.82,271.8,False,False,-24.312656141675244,8.929595118921249,213.56415152697036
2521,106,1,-20.95,17.4,208.0,False,False,-23.97348749769102,8.779409954978417,162.60404786541397
2522,106,2,-24.74,5.19,1.2,False,False,-24.266808664415358,8.064755759789314,43.39881984392942
2523,106,3,-27.59,1.87,0.0,False,False,-22.93661774358999,8.603388697903695,-1.1841899436746226
2524,106,4,-19.79,4.98,0.0,False,False,-24.398865707602635,9.356036636903575,3.71215728271204
2525,106,5,-21.73,8.34,0.0,False,False,-22.37054716499391,8.756232420793504,6.681528410800979
2526,106,6,-22.72,6.36,0.0,False,False,-22.037956673940627,8.671703534029472,6.681528410800979
2527,106,7,-22.81,6.22,0.0,False,False,-21.608011450236283,8.497110818837953,6.681528410800979
2528,106,8,-19.42,4.82,0.0,False,False,-21.154018353702178,7.647900502280391,6.681528410800979
2529,106,9,-22.25,8.94,79.5,False,False,-20.925136216544228,8.175044999734267,85.20914150518063
2530,106,10,-18.55,2.64,319.7,False,False,-19.97200040451505,8.101621348621858,246.92941481891208
2531,106,11,-19.56,9.56,295.6,False,False,-20.06248706408228,8.863758826648054,397.61638816722365
2532,106,12,-20.09,9.65,475.6,False,False,-20.195595949851185,8.405725492079755,392.96894974099456
2533,106,13,-20.36,11.85,450.2,False,False,-20.251626203136112,8.101303191931125,391.44920938840187
2534,106,14,-21.2,26.77,216.5,False,False,-20.23863966145823,8.868520567910373,333.0955956205535
2535,106,15,-19.07,1.73,90.3,False,False,-20.04189829348307,7.9464856714969905,80.68495750503952
2536,106,16,-23.31,9.44,0.0,False,False,-20.499553078179726,8.698823590393092,-5.022633672336074
2537,106,17,-25.31,10.37,0.0,False,False,-22.271955177439306,9.385773153134606,2.748171925253084
2538,106,18,-21.35,4.98,0.0,False,False,-22.02878915628513,7.943880267878408,2.748171925253084
2539,106,19,-21.83,6.59,0.0,False,False,-23.04334144875846,8.367404439934829,7.111705507450493
2540,106,20,-22.62,5.62,0.0,False,False,-23.07706643895897,8.102043725879938,7.111705507450493
2541,106,21,-23.18,9.74,0.0,False,False,-23.773656953828393,8.580888450443064,7.111705507450493
2542,106,22,-24.95,12.5,1.6,False,False,-23.84919236687647,8.425022738002761,7.111705507450493
2543,106,23,-22.94,3.79,222.8,False,False,-24.076083823353,9.108448351776323,118.24695673317663
2544,107,0,-24.95,8.99,266.8,False,False,-24.646613630633333,8.646911068555537,292.330792087912
2545,107,1,-25.77,13.78,211.9,False,False,-24.624017904052305,8.487603343805668,230.07500417718714
2546,107,2,-25.22,5.18,101.7,False,False,-24.233543208721663,8.429946902755798,40.2097243016087
2547,107,3,-20.23,1.47,0.0,False,False,-23.771307597855337,7.990620229794346,9.42431747823716
2548,107,4,-27.33,4.51,0.0,False,False,-23.124297919334587,9.177124023941522,3.71215728271204
2549,107,5,-22.38,4.23,0.0,False,False,-23.320823282535176,9.003952605641109,3.71215728271204
2550,107,6,-26.22,4.65,0.0,False,False,-22.155131496663223,8.559640061340767,6.681528410800979
2551,107,7,-22.56,16.81,0.0,False,False,-22.559907035308022,10.049390324162772,6.681528410800979
2552,107,8,-22.73,18.75,0.0,False,False,-20.99318795410665,9.331257668496578,6.681528410800979
2553,107,9,-25.62,14.66,46.6,False,False,-21.698249173110028,8.758564194069661,87.30521239362685
2554,107,10,-20.35,6.29,135.4,False,False,-20.991803901386284,8.343526324877788,227.56822327281768
2555,107,11,-21.69,14.94,471.2,False,False,-21.08825864987344,9.527494441306828,344.76708644230945
2556,107,12,-25.06,1.89,544.1,False,False,-20.709013410382493,8.87359439989211,418.122903661778
2557,107,13,-19.25,4.1,460.7,False,False,-21.678058887184115,8.012503660621153,384.1448460609355
2558,107,14,-18.26,10.87,194.7,False,False,-21.312687627921218,9.528194517079264,289.7534301291738
2559,107,15,-18.47,5.43,47.3,False,False,-20.39364174338302,7.984749978947857,109.96599552806276
2560,107,16,-21.14,3.8,0.0,False,False,-21.098833033057442,8.330296844482664,-6.12503382260125
2561,107,17,-22.25,8.85,0.0,False,False,-21.277546909995333,8.436739799354823,2.748171925253084
2562,107,18,-20.2,8.96,0.0,False,False,-21.60674370977282,9.038466187572713,7.111705507450493
2563,107,19,-20.01,9.41,0.0,False,False,-22.891091279398374,8.383570953213749,7.111705507450493
2564,107,20,-21.59,9.95,0.0,False,False,-22.41281146513583,8.253378917932181,7.111705507450493
2565,107,21,-26.16,8.63,0.0,False,False,-22.775253333490813,8.436363447270358,7.111705507450493
2566,107,22,-24.19,6.92,88.0,False,False,-23.618125007559293,8.470979259000538,7.111705507450493
2567,107,23,-23.91,7.59,210.1,False,False,-24.98947078644363,8.604445469734497,196.0962263922994
2568,108,0,-28.76,10.94,460.0,False,False,-25.224865708263863,8.532653470607178,296.91072247884824
2569,108,1,-24.13,8.47,291.0,False,False,-24.94462475537969,8.543608953672416,275.98665723685076
2570,108,2,-20.32,5.75,198.2,False,False,-23.887571964448846,8.461856929577767,151.24604561232096
2571,108,3,-23.27,4.94,0.0,False,False,-24.077828239954982,7.849042509202397,25.187200033989562
2572,108,4,-21.19,7.55,0.0,False,False,-23.170883741292116,8.446323763299224,-1.1841899436746226
2573,108,5,-23.29,13.74,0.0,False,False,-22.16400673541253,8.867299340400324,3.71215728271204
2574,108,6,-23.28,10.02,0.0,False,False,-23.017776677085877,8.392832166679057,6.681528410800979
2575,108,7,-21.86,14.11,0.0,False,False,-22.205833224183746,8.228014247531254,6.681528410800979
2576,108,8,-23.77,6.23,0.0,False,False,-21.321567015866556,9.740220081749444,6.681528410800979
2577,108,9,-23.65,8.15,14.5,False,False,-22.428121890230244,8.079910568532096,45.08899897294874
2578,108,10,-18.87,8.78,163.9,False,False,-21.354628084193358,8.151514346601248,164.16879759474057
2579,108,11,-18.46,11.2,235.7,False,False,-20.605566597251755,8.121103397858946,343.45831800637245
2580,108,12,-23.12,21.24,496.5,False,False,-20.441150951243184,8.696133400390124,458.2203922048718
2581,108,13,-19.27,10.01,279.3,False,False,-20.766429108019185,8.306831937885274,390.40642478125034
2582,108,14,-21.58,13.36,219.0,False,False,-20.443314238681324,9.236627112316855,230.46831074864656
2583,108,15,-21.04,7.12,22.9,False,False,-20.658974282329048,8.005522112759966,44.18389888370125
2584,108,16,-21.22,4.6,0.0,False,False,-21.25427020996366,8.013482487838234,-1.6093741349035053
2585,108,17,-20.63,13.58,0.0,False,False,-22.554996392534978,9.89933379376377,2.748171925253084
2586,108,18,-22.97,10.47,0.0,False,False,-22.269667740090515,8.22938347247199,7.111705507450493
2587,108,19,-20.83,3.31,0.0,False,False,-22.96235880251315,8.262502081979742,7.111705507450493
2588,108,20,-23.52,7.2,0.0,False,False,-22.650511393096732,9.228246305413604,7.111705507450493
2589,108,21,-23.3,17.32,0.0,False,False,-23.78070916005925,8.083483526483514,7.111705507450493
2590,108,22,-26.54,9.61,110.0,False,False,-24.793301799953312,8.676936208511206,121.26349667384216
2591,108,23,-20.75,7.55,450.5,False,False,-23.98191936081861,7.77020975340632,260.4422779827094
2592,109,0,-24.47,4.29,338.9,False,False,-25.924597578855415,8.938124708717375,307.26411130017067
2593,109,1,-23.92,4.28,268.0,False,False,-25.42681157448932,8.93897028991301,266.74830434661374
2594,109,2,-28.36,10.85,182.6,False,False,-25.60385821685796,8.897304827181301,202.89209772364836
2595,109,3,-26.47,19.5,29.7,False,False,-24.691444483934852,9.528977851703047,17.536064671373925
2596,109,4,-21.94,8.81,0.0,False,False,-24.95678163449666,9.38816959936551,0.4233068633404769
2597,109,5,-23.36,7.11,0.0,False,False,-23.754316738996827,8.079034152482906,3.71215728271204
2598,109,6,-27.24,8.54,0.0,False,False,-24.550072755519064,9.109564931235173,6.681528410800979
2599,109,7,-20.82,6.8,0.0,False,False,-23.101437572545528,8.278620942956097,6.681528410800979
2600,109,8,-23.5,9.39,0.0,False,False,-22.87634310644353,8.184325668727327,6.681528410800979
2601,109,9,-19.18,11.82,0.0,False,False,-23.795919438800013,8.295197460855059,9.62569875393247
2602,109,10,-21.86,6.85,121.1,False,False,-21.507000309298753,8.312136056008063,164.2229812830276
2603,109,11,-21.07,11.31,485.8,False,False,-21.825847614798185,8.475897941222678,359.2901871560369
2604,109,12,-19.05,14.41,428.3,False,False,-22.27979440312814,8.479700243612669,414.8512411676003
2605,109,13,-23.28,8.77,396.1,False,False,-21.03499678183,8.035258354748493,392.8009057368485
2606,109,14,-23.67,10.72,223.7,False,False,-22.101676868931058,8.411887035769112,292.0971886946377
2607,109,15,-22.39,3.81,0.0,False,False,-21.922615658489292,8.789273358960386,17.589078810015852
2608,109,16,-20.76,6.93,0.0,False,False,-22.56545134274774,8.18973339687684,0.9214672198939228
2609,109,17,-25.56,3.09,0.0,False,False,-22.779641340111105,7.913888882992552,2.748171925253084
2610,109,18,-26.75,5.68,0.0,False,False,-23.457791767928228,8.520441742668625,7.111705507450493
2611,109,19,-22.28,6.97,0.0,False,False,-23.510754867594905,7.964875455783572,7.111705507450493
2612,109,20,-25.62,18.06,0.0,False,False,-24.21234188508963,8.30254716528583,7.111705507450493
2613,109,21,-25.61,4.98,33.1,False,False,-25.334462651861276,8.824758022430967,7.111705507450493
2614,109,22,-28.86,7.37,263.1,False,False,-25.444886663614998,7.943584618893227,134.99691905994098
2615,109,23,-26.7,4.5,284.6,False,False,-25.767173967785542,7.888591871855225,297.017639542041
2616,110,0,-25.7,6.67,272.8,False,False,-25.762934351302622,9.108365400772007,301.3894012901904
2617,110,1,-23.76,9.47,286.0,False,False,-25.34130606940295,8.24493721495618,280.56723436800087
2618,110,2,-26.96,10.23,261.1,False,False,-25.698924371855327,8.962277198136047,231.65365135448326
2619,110,3,-21.78,6.22,163.0,False,False,-24.660849688534665,8.412439511672055,91.71367470421475
2620,110,4,-26.05,5.36,0.0,False,False,-23.6986410629464,8.619953405380466,16.561375430570774
2621,110,5,-25.57,1.25,0.0,False,False,-24.10935793162134,7.9772240016633065,2.2512528508618677
2622,110,6,-20.61,15.34,0.0,False,False,-23.936086730703572,8.963909683013206,3.71215728271204
2623,110,7,-22.74,20.98,0.0,False,False,-22.895332862586255,11.198097971803953,6.681528410800979
2624,110,8,-23.79,2.11,0.0,False,False,-23.304786304780205,7.079461252167793,6.681528410800979
2625,110,9,-22.58,13.39,0.0,False,False,-22.31918902966858,9.078910670472395,6.681528410800979
2626,110,10,-19.25,2.43,179.2,False,False,-21.70905571366957,8.087878230821802,136.01630854844612
2627,110,11,-18.82,13.4,274.2,False,False,-21.41797364486682,9.438012378442414,362.84081664888873
2628,110,12,-23.32,3.13,376.2,False,False,-21.384106030988754,7.930668740545296,414.87454589551
2629,110,13,-21.84,3.5,396.9,False,False,-21.72222718022413,7.91044636776106,380.55947970645
2630,110,14,-21.77,4.03,253.6,False,False,-21.967217690870935,9.014594133028318,302.61392187818734
2631,110,15,-24.24,5.73,0.0,False,False,-22.455539053832343,8.5965736122727,17.182611442784147
2632,110,16,-22.8,13.47,0.0,False,False,-23.02343076088659,8.404398311918637,0.9214672198939228
2633,110,17,-23.16,4.11,0.0,False,False,-23.727004393972805,8.247662483378651,1.2872674934029125
2634,110,18,-21.4,9.46,0.0,False,False,-24.253256704588548,8.86985512290969,7.111705507450493
2635,110,19,-21.79,8.44,0.0,False,False,-23.441965952254602,8.250015629845693,7.111705507450493
2636,110,20,-25.34,7.72,0.0,False,False,-24.116597270331987,8.440151205589398,7.111705507450493
2637,110,21,-25.53,12.24,126.8,False,False,-24.574576688470838,8.421824784397952,42.60393577625891
2638,110,22,-24.09,8.04,399.3,False,False,-25.783597263838683,8.5489567361899,270.3029450945208
2639,110,23,-26.79,8.36,376.6,False,False,-25.72899729814886,8.098034474016501,307.7154804215173
2640,111,0,-24.78,10.67,202.6,False,False,-25.686515957821438,8.438176346729787,287.2938803783151
2641,111,1,-26.06,5.84,464.6,False,False,-25.34587756647874,8.824902175537693,287.0363652303232
2642,111,2,-27.63,7.41,481.9,False,False,-26.597253778424403,8.459202435185315,288.8624429896586
2643,111,3,-27.28,8.76,280.5,False,False,-25.39433432348449,8.407569758872164,220.6005752668014
2644,111,4,-22.06,11.66,0.0,False,False,-25.392258861994055,8.972028799669788,33.504890256291425
2645,111,5,-24.79,6.92,0.0,False,False,-24.405507919787492,8.59977940209618,-7.2213698346202335
2646,111,6,-20.67,7.34,0.0,False,False,-24.641853988411405,8.214287898917666,2.2512528508618677
2647,111,7,-24.46,9.35,0.0,False,False,-23.107955178057185,8.271620335537667,6.681528410800979
2648,111,8,-22.37,6.99,0.0,False,False,-23.298550752207614,8.046070657917005,6.681528410800979
2649,111,9,-17.76,5.04,0.0,False,False,-21.914723907932625,8.205169907534234,6.681528410800979
2650,111,10,-24.34,10.66,203.0,False,False,-21.996401647363413,8.38780329742173,171.82767301040718
2651,111,11,-25.82,8.07,297.2,False,False,-22.948864368370305,8.494215078037234,377.53307828055824
2652,111,12,-19.38,6.08,504.1,False,False,-21.918919431512133,8.74788429101252,416.33250631379474
2653,111,13,-23.68,4.03,248.0,False,False,-22.313810581913646,8.05687251508661,381.419854364993
2654,111,14,-22.26,2.46,102.2,False,False,-23.299390669148295,8.211906817634837,279.941279849191
2655,111,15,-23.71,9.59,0.0,False,False,-22.295464898025944,8.036886894188465,0.7646708850092608
2656,111,16,-22.42,4.98,0.0,False,False,-23.277689307592897,7.949028040554177,2.748171925253084
2657,111,17,-25.34,3.02,0.0,False,False,-23.885475536728713,6.85790129442113,2.748171925253084
2658,111,18,-24.32,4.66,0.0,False,False,-24.773424851564513,8.670535068760534,7.111705507450493
2659,111,19,-23.57,8.74,0.0,False,False,-24.17426143470186,8.802859965006386,7.111705507450493
2660,111,20,-26.97,4.95,0.0,False,False,-25.4329971154436,8.184368135382526,7.111705507450493
2661,111,21,-26.77,8.83,202.0,False,False,-25.484554589820643,8.336068459686823,122.92394699272553
2662,111,22,-26.38,5.52,413.5,False,False,-26.033259718381313,8.387638777473315,318.5546818743564
2663,111,23,-28.74,7.38,266.2,False,False,-27.040141362857735,8.305353399348009,283.7568846148917
2664,112,0,-27.07,7.71,227.3,False,False,-26.656659502332893,8.579629785916676,254.76234873410516
2665,112,1,-25.92,10.38,362.0,False,False,-26.35890412738684,9.13640187294043,304.9970534279067
2666,112,2,-26.75,10.54,271.3,False,False,-26.695023192752327,8.223167058871946,288.3614532728726
2667,112,3,-26.18,7.51,357.4,False,False,-25.24615084465407,8.042305068649041,261.13568418873615
2668,112,4,-25.26,4.4,91.4,False,False,-25.42039553613167,8.54105785609897,66.36326592881737
2669,112,5,-26.05,12.9,0.0,False,False,-25.190279928851208,9.516786526773192,6.818122221248379
2670,112,6,-22.84,6.01,0.0,False,False,-23.742528851151366,8.033898644379821,3.225942091665015
2671,112,7,-20.83,1.62,0.0,False,False,-23.634228097795457,8.289626280671822,3.71215728271204
2672,112,8,-24.15,8.58,0.0,False,False,-23.23409355552864,8.018010399786165,6.681528410800979
2673,112,9,-21.84,8.75,0.0,False,False,-22.20625665049089,7.768522921823196,6.681528410800979
2674,112,10,-22.97,6.14,166.1,False,False,-22.208697866534603,7.602450692175301,171.37107379547808
2675,112,11,-21.56,3.14,203.3,False,False,-22.817341490152852,8.30906151333911,318.2218545663776
2676,112,12,-19.09,2.76,491.7,False,False,-21.917587314066598,8.474426330972843,411.0407980642695
2677,112,13,-21.27,6.38,249.0,False,False,-22.374528565117014,7.977988909101749,371.7615157386796
2678,112,14,-26.04,4.17,130.1,False,False,-22.928458634431884,8.194267171594781,153.5762981004943
2679,112,15,-21.9,11.64,0.0,False,False,-23.047176777473727,8.531936206156749,1.7263492064130892
2680,112,16,-20.76,6.25,0.0,False,False,-22.93268520646358,8.191672427094431,2.142122633378902
2681,112,17,-24.15,5.85,0.0,False,False,-23.30509299002945,8.258633700217374,2.748171925253084
2682,112,18,-22.23,17.12,0.0,False,False,-23.775513543549163,8.164382014885238,7.111705507450493
2683,112,19,-26.12,1.79,0.0,False,False,-23.879938225280718,8.568242873591634,7.111705507450493
2684,112,20,-28.19,7.35,143.6,False,False,-25.802862453616964,8.53398551035474,7.111705507450493
2685,112,21,-25.35,2.51,451.5,False,False,-26.329153841084626,8.42647224417884,244.9874353001954
2686,112,22,-29.47,13.56,353.8,False,False,-26.43898709405393,9.700561638359599,288.3737638287784
2687,112,23,-26.63,17.98,216.0,False,False,-27.383390056395566,8.085998895002463,247.40034347807108
2688,113,0,-23.91,8.93,0.0,False,False,-26.166958340049813,8.651832696691464,164.2873047250482
2689,113,1,-30.24,8.3,187.7,False,False,-26.852340667042746,8.547678627753818,170.1658382183587
2690,113,2,-28.78,2.48,492.1,False,False,-27.020606940377725,8.121721799798573,304.943730410053
2691,113,3,-27.97,8.97,227.0,False,False,-26.596353609034587,8.614470057599686,292.77322888321
2692,113,4,-25.61,5.51,276.3,False,False,-25.388905806308514,8.103360335662133,150.40692515685592
2693,113,5,-25.74,9.84,0.0,False,False,-25.421953679612194,8.767843673421721,30.89817909256463
2694,113,6,-21.69,5.32,0.0,False,False,-23.906185059869074,8.030303125546855,0.27671448817554956
2695,113,7,-22.06,8.98,0.0,False,False,-23.30632493224783,7.874645505489258,2.2512528508618677
2696,113,8,-22.5,6.97,0.0,False,False,-23.023609383135657,8.137471774948493,6.681528410800979
2697,113,9,-22.78,8.97,0.0,False,False,-22.03730292082458,8.63954009174518,6.681528410800979
2698,113,10,-21.97,9.75,105.4,False,False,-23.349600248780934,8.209600005408253,150.1684545449163
2699,113,11,-24.28,6.58,439.9,False,False,-23.23584553922421,8.253643290291876,293.9143036209925
2700,113,12,-20.77,6.02,431.6,False,False,-21.88343800389256,8.200244920893093,415.4906429875766
2701,113,13,-24.78,9.62,346.4,False,False,-22.635705880219334,8.24749147978654,364.4776842448781
2702,113,14,-21.08,5.56,88.7,False,False,-23.23848624624108,7.351785683871288,134.0352208288008
2703,113,15,-20.7,6.65,0.0,False,False,-22.73352099999159,8.121103397858946,-0.31607468798534877
2704,113,16,-23.07,14.86,0.0,False,False,-22.798434795492543,8.076781055773367,2.261956734206059
2705,113,17,-24.32,7.39,0.0,False,False,-24.16041690580067,8.759771580959658,2.748171925253084
2706,113,18,-23.69,10.54,0.0,False,False,-24.08862784520728,8.35346395056762,7.111705507450493
2707,113,19,-30.73,5.11,0.0,False,False,-24.804000594186128,7.6668280001281675,7.111705507450493
2708,113,20,-24.88,8.92,277.1,False,False,-26.309466968739734,8.402510331660663,125.70358812279163
2709,113,21,-26.13,6.75,299.1,False,False,-25.89745498633907,8.109529502414524,317.39864419978136
2710,113,22,-26.32,6.11,327.9,False,False,-26.925357831975866,8.538814648866326,284.0731982343513
2711,113,23,-25.01,2.36,193.1,False,False,-26.600327377471018,8.299946313450846,234.9082217668137
2712,114,0,-26.9,4.2,0.0,False,False,-26.441101850471163,8.212325953023266,73.72984150969864
2713,114,1,-28.96,2.16,22.5,False,False,-27.034728667206238,8.5244985223573,108.43054268837635
2714,114,2,-26.76,17.68,384.7,False,False,-27.217837717568116,11.094289086387384,312.9066477798857
2715,114,3,-26.03,6.93,432.6,False,False,-26.601250666024498,8.403946773292212,306.38046497183325
2716,114,4,-25.52,7.42,363.8,False,False,-26.007069795408167,8.520848992924703,281.3539110550716
2717,114,5,-24.94,11.49,94.0,False,False,-25.685667772074854,9.86000161657851,74.03956582270096
2718,114,6,-22.67,8.5,0.0,False,False,-24.21545416883561,8.403660734541665,-3.659670918391914
2719,114,7,-26.4,6.09,0.0,False,False,-23.76980390654909,7.622626165599463,-2.57149084117924
2720,114,8,-23.4,6.12,0.0,False,False,-23.782237306702775,8.273609658478803,3.71215728271204
2721,114,9,-20.76,19.01,0.0,False,False,-23.42457775434541,8.295277142662531,6.681528410800979
2722,114,10,-26.49,9.29,78.2,False,False,-22.836938196864445,8.423115916005722,136.01630854844612
2723,114,11,-22.46,9.46,227.3,False,False,-23.0324990397397,7.88267154278262,296.181413261003
2724,114,12,-23.92,7.46,492.7,False,False,-21.966630142661632,8.735399009877534,428.9349947815844
2725,114,13,-23.56,6.84,332.9,False,False,-23.473676955799778,8.252031584454134,383.58981362368485
2726,114,14,-24.83,9.5,42.8,False,False,-24.07938951255668,8.288563374683072,112.84309373701025
2727,114,15,-23.67,3.96,0.0,False,False,-23.259134445453146,8.247020762114122,2.4993522002792123
2728,114,16,-20.07,8.73,0.0,False,False,-23.55119978594428,8.37573696955139,1.5795352999309598
2729,114,17,-26.76,15.27,0.0,False,False,-23.495754250702273,8.159060475226159,7.111705507450493
2730,114,18,-27.09,5.19,0.0,False,False,-24.373393972735045,8.543002183167491,7.111705507450493
2731,114,19,-27.87,6.5,103.5,False,False,-26.277299292140125,7.570572309334893,7.111705507450493
2732,114,20,-22.29,13.27,197.3,False,False,-26.212949003021446,9.380396921697471,246.96666239874097
2733,114,21,-27.09,7.47,353.3,False,False,-26.413613474552903,7.843082090125113,286.5774463071762
2734,114,22,-26.53,10.96,274.9,False,False,-26.69340630589234,8.27643588713834,259.6031683485333
2735,114,23,-27.49,8.99,31.3,False,False,-26.330049501296934,9.909527240024888,181.99859367207634
2736,115,0,-28.9,9.36,0.0,False,False,-26.768721976745347,7.980271887849207,2.9256646960735835
2737,115,1,-27.41,5.03,0.0,False,False,-27.59013194481497,8.10326253715941,24.858389919559336
2738,115,2,-21.82,4.95,55.7,False,False,-26.734702392058335,8.006428560213015,176.64487368891344
2739,115,3,-23.64,10.24,377.6,False,False,-25.764020635333974,8.55179197639854,287.0726478841966
2740,115,4,-27.71,3.31,329.7,False,False,-25.756829480759144,8.562200773188621,292.315962573082
2741,115,5,-24.23,6.65,285.6,False,False,-25.314734677937658,8.97191435311745,165.9642087300864
2742,115,6,-26.67,9.51,0.0,False,False,-24.33599486428143,8.192361986470226,40.565648620231784
2743,115,7,-28.04,6.48,0.0,False,False,-24.479950985835117,8.2325888800009,-2.9454816822596017
2744,115,8,-21.97,6.87,0.0,False,False,-24.07469348335999,8.100259159052039,2.2512528508618677
2745,115,9,-21.27,15.32,0.0,False,False,-23.429430072380455,8.387586822394544,6.681528410800979
2746,115,10,-21.18,11.23,23.5,False,False,-23.424961175343324,8.358901127718116,96.73322043968051
2747,115,11,-24.02,14.07,340.4,False,False,-22.887633923258967,8.247319090379554,265.8925341928994
2748,115,12,-23.34,36.18,530.0,False,False,-22.794418223249846,12.162842207636498,433.47169590717886
2749,115,13,-21.58,13.47,275.2,False,False,-23.67993004021648,11.519876234131896,382.2575452641092
2750,115,14,-22.49,5.79,18.0,False,False,-22.86961174750998,6.643350630423171,35.80735166932684
2751,115,15,-24.38,4.57,0.0,False,False,-22.964811236032002,6.705968404347363,-5.292649404628882
2752,115,16,-27.25,5.83,0.0,False,False,-23.516157180726793,9.368610269825353,1.2872674934029125
2753,115,17,-24.26,9.59,0.0,False,False,-24.776121580564233,8.264044635566783,7.111705507450493
2754,115,18,-22.85,6.14,0.0,False,False,-25.04130449622217,9.039928650332827,7.111705507450493
2755,115,19,-27.92,5.14,267.9,False,False,-26.043630736190938,8.659871665050293,125.70358812279163
2756,115,20,-24.73,14.92,354.9,False,False,-24.97842359507128,8.93670167111177,239.11990632794556
2757,115,21,-25.76,6.04,353.6,False,False,-26.50073290945423,8.45202559065621,288.65036704688123
2758,115,22,-25.24,9.22,117.4,False,False,-26.630331393851733,8.38664589257592,236.45206171636414
2759,115,23,-25.2,9.09,0.0,False,False,-26.433701454195216,8.114722417356395,77.27358805774914
2760,116,0,-28.65,2.39,0.0,False,False,-26.993743822001242,8.388513655535798,7.677935100020523
2761,116,1,-30.43,14.47,0.0,False,False,-27.24462026337805,8.91556800094108,3.71215728271204
2762,116,2,-28.06,3.82,0.0,False,False,-26.965070872937343,7.283914588992478,41.59711134342734
2763,116,3,-24.9,3.12,190.0,False,False,-26.342748356866135,8.253007769531022,176.85403837900134
2764,116,4,-27.35,5.68,511.2,False,False,-26.633869209562317,9.25077854377365,301.9252035560103
2765,116,5,-27.17,4.61,435.7,False,False,-25.496515189512426,8.256550912772516,287.9599460454333
2766,116,6,-28.91,13.34,72.9,False,False,-24.931461574884985,8.772214997119,68.1150146960616
2767,116,7,-21.24,8.43,0.0,False,False,-25.940239365186212,8.646507482630863,1.672012267754246
2768,116,8,-22.61,5.4,0.0,False,False,-23.59181817116656,8.279803933941519,0.007168676267486196
2769,116,9,-22.31,3.05,0.0,False,False,-22.726757532546372,8.51439791047248,3.71215728271204
2770,116,10,-21.6,8.93,0.0,False,False,-23.436694820795893,8.69875497292294,16.947512491246123
2771,116,11,-22.18,6.33,272.7,False,False,-22.77693174789993,8.514275964839781,205.49899116498634
2772,116,12,-23.75,9.54,511.7,False,False,-22.832583392719005,9.187130011889892,445.69386056366903
2773,116,13,-23.66,8.45,314.2,False,False,-23.138977221907687,8.200423846433615,373.4942386512192
2774,116,14,-24.39,4.69,0.0,False,False,-23.47704149547224,8.100259159052039,-2.4311767223648535
2775,116,15,-18.58,10.15,0.0,False,False,-23.44216473140304,8.499465365265767,-7.315286456885656
2776,116,16,-23.15,3.57,0.0,False,False,-23.019911107737045,8.46094941888827,1.2872674934029125
2777,116,17,-25.67,21.19,0.0,False,False,-24.943684549773682,8.756813155580959,7.111705507450493
2778,116,18,-24.33,6.64,86.6,False,False,-24.692337834475097,8.173453271352354,7.111705507450493
2779,116,19,-27.8,7.11,330.3,False,False,-26.026067952975644,7.898829009381513,227.38857250261057
2780,116,20,-23.26,3.44,261.3,False,False,-25.154585595386873,8.90479193562698,281.1819736805522
2781,116,21,-28.0,13.01,170.9,False,False,-26.101329850017134,8.628271022796104,269.3137668069652
2782,116,22,-25.99,4.68,0.0,False,False,-26.362973414819386,8.23024279267839,92.63456912549032
2783,116,23,-25.06,2.64,0.0,False,False,-26.688061049273664,8.6584743486249,-1.1841899436746226
2784,117,0,-26.75,8.59,57.4,False,False,-27.06252613354388,9.008466549503202,3.71215728271204
2785,117,1,-27.26,17.55,0.0,False,False,-27.28888551634815,8.45010608164376,13.011332633580276
2786,117,2,-27.23,2.39,0.0,False,False,-26.14358656876935,8.943925919621218,9.62569875393247
2787,117,3,-27.04,4.17,0.0,False,False,-25.215648244557606,7.812233131685041,81.85960054334748
2788,117,4,-27.67,11.3,114.3,False,False,-26.530014510727497,9.656856675185901,199.03106640403925
2789,117,5,-26.93,7.37,397.0,False,False,-25.953419367375858,8.371227871971328,289.417629339279
2790,117,6,-22.56,3.52,429.4,False,False,-25.973091323599864,8.348246101843628,194.3364601946638
2791,117,7,-25.22,21.61,0.0,False,False,-24.793350661365434,9.059184107795097,72.47817837075002
2792,117,8,-26.09,15.44,0.0,False,False,-23.696333172627376,8.393646122475278,16.936343698299144
2793,117,9,-25.14,13.7,0.0,False,False,-23.388341953059474,8.358943696058489,0.007168676267486196
2794,117,10,-21.58,23.2,0.0,False,False,-23.403152147142258,9.559035971823414,6.681528410800979
2795,117,11,-22.23,25.39,168.7,False,False,-23.147251502181057,10.637477738904524,203.39563492361268
2796,117,12,-22.4,5.59,363.4,False,False,-22.756906944214467,7.615849896935593,388.75106623258364
2797,117,13,-24.1,11.2,180.0,False,False,-22.95270034268613,11.447445562922304,342.31936004680983
2798,117,14,-22.64,4.96,0.0,False,False,-23.4550115730806,7.820642160196998,8.795494090482393
2799,117,15,-25.39,6.9,0.0,False,False,-23.515564461151648,8.174958248726766,-7.576968285048871
2800,117,16,-25.04,4.98,0.0,False,False,-24.72790473574078,8.117394346545654,2.748171925253084
2801,117,17,-23.06,10.37,0.0,False,False,-24.52997042551521,8.518223743511713,7.111705507450493
2802,117,18,-23.77,9.91,241.5,False,False,-24.561862368954092,8.235025147780098,93.66425346426752
2803,117,19,-28.0,5.22,263.4,False,False,-26.10192172160875,8.407074656916736,275.83095094142516
2804,117,20,-28.23,12.49,132.9,False,False,-25.233210654536535,8.752657898095322,225.97175436311417
2805,117,21,-26.71,14.46,0.0,False,False,-27.151607818406063,8.466022654008631,114.64242592897024
2806,117,22,-23.8,5.62,0.0,False,False,-26.953317099428656,7.99661750769839,16.47098769015771
2807,117,23,-31.28,9.01,0.0,False,False,-26.978328386567206,8.64517335849445,3.71215728271204
2808,118,0,-27.21,14.9,536.4,False,False,-27.382941069982863,8.204872507142262,132.62167058958767
2809,118,1,-30.45,8.61,218.3,False,False,-27.33571864851337,9.031334617352933,219.04015247890206
2810,118,2,-28.77,6.2,0.0,False,False,-27.49532898014915,8.249775034955753,51.1807706278566
2811,118,3,-27.91,7.05,0.0,False,False,-27.05376764678868,8.32246977320651,47.57063013511525
2812,118,4,-27.61,5.58,0.0,False,False,-27.150966455864122,8.710382083269861,64.225712763922
2813,118,5,-27.35,12.68,144.9,False,False,-26.976866521665492,8.838822203870778,170.16818377909257
2814,118,6,-25.75,11.91,491.7,False,False,-25.714718373588227,8.374226201714471,325.7552475578504
2815,118,7,-26.32,19.25,310.7,False,False,-24.047286869610403,8.98572129264446,204.22235224013335
2816,118,8,-27.69,4.9,0.0,False,False,-24.3765034208465,8.977139190626842,51.540103434563235
2817,118,9,-22.79,5.4,0.0,False,False,-23.944309641586212,8.226244179189361,27.221442623515973
2818,118,10,-22.53,3.14,0.0,False,False,-23.630862156078702,8.18736685692639,43.865233715577006
2819,118,11,-22.15,9.62,252.3,False,False,-22.911739471788376,9.587652703884102,136.1287817992551
2820,118,12,-26.85,3.88,488.5,False,False,-22.776973514200883,8.87948898113569,397.06415187092097
2821,118,13,-23.24,18.76,187.3,False,False,-23.41067976082498,8.823606946245322,217.4128909063315
2822,118,14,-22.68,4.61,0.0,False,False,-23.835328140320847,8.779843375270023,27.04257871348036
2823,118,15,-26.42,19.32,0.0,False,False,-23.460498181413012,9.019295197023377,29.150163053507317
2824,118,16,-24.75,1.0,0.0,False,False,-23.749375268074616,8.565282826709739,44.36215278996822
2825,118,17,-25.48,2.29,250.6,False,False,-24.83675604860079,7.31732528301671,48.72568637216563
2826,118,18,-22.08,3.79,260.4,False,False,-24.936002750064784,5.7458026536374165,253.24483447074033
2827,118,19,-22.44,8.48,180.2,False,False,-25.93103637458928,8.73887675264835,204.47526215098074
2828,118,20,-30.1,6.99,0.0,False,False,-24.913429037557847,8.524788470878804,107.0524634858211
2829,118,21,-22.19,4.55,0.0,False,False,-26.612000197853632,8.47018459757664,51.21679065215432
2830,118,22,-29.33,21.81,0.0,False,False,-26.58719703880267,9.098463262094674,44.36215278996822
2831,118,23,-25.74,5.28,204.0,False,False,-27.57749502216819,7.857615852537575,48.29550927551612
2832,119,0,-26.07,9.51,0.0,False,False,-27.262687087280074,8.579974837863096,176.59183613119126
2833,119,1,-29.94,3.96,42.9,False,False,-27.28888551634815,8.893823944558587,125.89794706943394
2834,119,2,-26.76,7.87,345.0,False,False,-27.1586793400204,8.577454453414765,51.65594237020645
2835,119,3,-27.64,8.04,122.2,False,False,-26.906020401366998,8.533414135980053,72.25299925899078
2836,119,4,-25.91,7.11,0.0,False,False,-26.81231630793172,8.562392352543702,71.68527391774454
2837,119,5,-26.07,8.94,0.0,False,False,-26.355914576528868,8.470152624646419,55.40218079664861
2838,119,6,-23.62,6.77,96.4,False,False,-24.68223947401757,8.175336033887103,163.4007482966688
2839,119,7,-25.35,10.31,366.1,False,False,-25.3310910299144,8.392948476441289,193.97302233097614
2840,119,8,-25.35,7.1,104.9,False,False,-25.20281182096933,8.11796260679534,57.081688692709974
2841,119,9,-22.41,12.96,0.0,False,False,-24.13819141738575,8.212982030834446,45.57583615314103
2842,119,10,-23.12,7.85,0.0,False,False,-22.945172729003406,8.162400667865594,31.871321616956976
2843,119,11,-22.62,12.55,106.2,False,False,-23.289310970125467,8.234514971749647,216.12379209510536
2844,119,12,-25.34,5.34,519.8,False,False,-23.63518278926154,8.906265361871556,390.42912314793534
2845,119,13,-26.17,4.22,138.8,False,False,-23.70441222213391,6.884020351043816,155.21914650031889
2846,119,14,-25.42,10.27,0.0,False,False,-23.55794979859494,9.01311983542613,24.963411727310394
2847,119,15,-25.84,7.17,0.0,False,False,-24.989251113820067,8.822979005486616,32.5856058480438
2848,119,16,-23.44,1.83,171.8,False,False,-24.628924351604095,5.69734194415164,44.36215278996822
2849,119,17,-23.54,4.84,306.0,False,False,-24.346247646811086,7.786574751495758,216.14677136822453
2850,119,18,-26.32,8.5,45.0,False,False,-24.669408315832737,7.995186673081912,149.00546797587936
2851,119,19,-23.67,6.85,0.0,False,False,-25.297949720773207,8.438038388269558,99.42554578179359
2852,119,20,-24.28,4.73,0.0,False,False,-26.565457108487497,8.621073897015052,66.87701924032949
2853,119,21,-26.94,7.14,134.5,False,False,-25.780476001000466,7.710027340952154,48.72568637216563
2854,119,22,-29.39,7.75,426.0,False,False,-26.430892054810172,8.353369147490154,102.87814997348323
2855,119,23,-24.8,2.65,29.8,False,False,-27.122085548673972,8.627982150354159,119.87694551902597
2856,120,0,-28.38,12.38,21.3,False,False,-28.522940534172616,8.923760442625486,64.0781347963104
2857,120,1,-27.94,13.77,581.5,False,False,-28.961950824535506,8.23726156877939,285.623337259298
2858,120,2,-28.67,4.83,0.0,False,False,-28.361312080374084,8.299573451139528,76.09970098873654
2859,120,3,-29.45,17.25,0.0,False,False,-28.537296317933873,8.832672698822435,44.50376545911715
2860,120,4,-30.19,21.89,193.2,False,False,-28.181632711430453,10.06544998359291,120.56341467736479
2861,120,5,-25.51,5.13,235.8,False,False,-28.082925150176735,8.808668248274417,103.17316230988156
2862,120,6,-27.82,20.04,0.0,False,False,-26.85990225456677,11.49262378087809,74.21982706585942
2863,120,7,-19.62,31.68,0.0,False,False,-26.085995366878763,12.205168379980986,121.88527555955693
2864,120,8,-27.43,4.01,217.3,False,False,-25.951190459427654,7.342306885088263,111.53553849951071
2865,120,9,-27.36,7.83,118.1,False,False,-24.964925948891175,7.068678764661828,73.73075153455355
2866,120,10,-23.51,8.32,0.0,False,False,-24.47882093351265,7.541816865345794,49.45249185707244
2867,120,11,-21.27,10.31,0.0,False,False,-24.711151663663852,8.319282206171264,81.43823359649068
2868,120,12,-24.13,7.51,375.3,False,False,-24.88617853103465,8.373611819104285,316.5600717442357
2869,120,13,-23.18,16.08,0.0,False,False,-24.915448033899658,8.178824515388532,78.69780567652622
2870,120,14,-28.21,17.59,0.0,False,False,-24.86114050339925,8.892386163200845,53.02391827111588
2871,120,15,-26.2,14.26,206.8,False,False,-26.079816358671966,8.836672394462148,68.14763806118223
2872,120,16,-27.4,8.74,489.2,False,False,-25.521042435844695,8.40099030164263,201.32550405346066
2873,120,17,-29.53,11.37,0.0,False,False,-26.400667907299184,8.679694941655788,136.09983885661808
2874,120,18,-26.02,6.15,0.0,False,False,-26.70823891311903,8.635759263956784,46.56497318065616
2875,120,19,-31.26,12.61,219.9,False,False,-26.52286693438015,8.480784991135305,79.52285415224308
2876,120,20,-29.9,5.29,140.6,False,False,-27.697500680722133,8.381950268189433,80.43947907292366
2877,120,21,-28.75,4.39,0.0,False,False,-27.851461782511297,8.191617277544292,122.96667678776883
2878,120,22,-29.65,4.32,0.0,False,False,-29.422264765795433,9.284216762068075,135.85521355401508
2879,120,23,-27.4,9.63,458.4,False,False,-28.510871885131845,9.301462780061785,111.88023864442177
2880,121,0,-27.89,15.1,0.0,False,False,-28.755959489347845,8.750742389016455,51.63815538389427
2881,121,1,-26.64,15.7,366.8,False,False,-28.469897063594004,9.39943754626546,324.4464644864407
2882,121,2,-26.72,1.91,0.0,False,False,-28.371522179421895,8.36092028075246,64.63367059760358
2883,121,3,-25.63,11.72,222.4,False,False,-27.845059939687975,8.470174553697248,99.85171593838129
2884,121,4,-27.5,4.22,0.0,False,False,-27.64169105942593,7.917490007849279,94.39743214397528
2885,121,5,-26.41,21.02,47.5,False,False,-27.097785742334743,9.731518775380065,134.50233639092815
2886,121,6,-25.47,3.48,26.8,False,False,-26.158633966234415,8.486972355515006,62.89629186814482
2887,121,7,-25.7,2.68,0.0,False,False,-25.902909995098874,8.868875037310927,61.11107311812282
2888,121,8,-26.29,11.84,326.5,False,False,-26.39694250557127,8.7605926326754,208.71913527904056
2889,121,9,-25.75,5.95,0.0,False,False,-25.283506412982618,8.07444301656951,94.88367717775
2890,121,10,-26.4,5.77,450.0,False,False,-24.658000814947567,8.093419830077458,75.8929143971475
2891,121,11,-23.72,4.79,0.0,False,False,-24.56384957452917,8.58732165587235,41.78945079886876
2892,121,12,-24.69,5.23,277.3,False,False,-25.22153337706648,8.415519077422163,281.02501794134935
2893,121,13,-25.89,12.1,0.0,False,False,-25.50480615243037,8.650252807305069,70.20454065800801
2894,121,14,-26.09,4.31,240.9,False,False,-25.991964697306788,8.61069995679468,54.533510744348995
2895,121,15,-27.5,6.75,0.0,False,False,-26.08044357290767,8.769851382446792,205.32548508262568
2896,121,16,-23.54,4.06,281.9,False,False,-25.946531461800376,7.554906904702069,276.57872999938894
2897,121,17,-25.82,7.68,0.0,False,False,-25.974359285180782,9.129902077796118,81.25206643183974
2898,121,18,-28.22,5.71,55.2,False,False,-26.65503909815704,8.154441274239854,57.477681087480484
2899,121,19,-25.4,9.22,71.5,False,False,-27.057368246255237,8.456400226900062,138.68763987436856
2900,121,20,-28.62,9.83,0.0,False,False,-27.633586399011033,8.196640337821472,113.15561276592787
2901,121,21,-30.72,15.23,320.3,False,False,-28.208652461312415,8.857370227948776,72.78470106290108
2902,121,22,-26.19,20.33,0.0,False,False,-29.37729854463795,8.76270279202553,92.44432352251674
2903,121,23,-29.5,5.06,401.6,False,False,-27.98231066836331,7.642682484576006,286.7786348310793
2904,122,0,-29.55,25.4,0.0,True,False,-28.740358737397642,11.212904556334685,12.310019327378393
2905,122,1,-28.58,5.66,0.0,True,False,-28.949598576275505,7.789668335403579,24.222767107520394
2906,122,2,-26.18,9.68,0.0,True,False,-28.794875341375217,10.660820060497336,21.81370959873016
2907,122,3,-28.11,9.48,0.0,True,False,-27.67890499665828,8.165670898222173,29.962426682544173
2908,122,4,-30.13,9.33,0.0,True,False,-28.05577772978017,9.137606340570882,17.05359404955867
2909,122,5,-26.16,10.81,0.0,True,False,-27.91691201262179,8.53037071437587,14.49558202306184
2910,122,6,-27.7,7.93,0.0,True,False,-27.23791363783842,8.33529703748759,-7.969825053184484
2911,122,7,-22.44,5.96,0.0,True,False,-25.370454150784866,7.66851501781531,-0.6465332782629554
2912,122,8,-25.74,7.72,0.0,True,False,-26.319703864201138,8.105674363505452,32.231026972410476
2913,122,9,-29.79,19.56,0.0,True,False,-25.921197711139882,8.244205462475652,10.811607545875816
2914,122,10,-24.29,5.37,0.0,True,False,-25.37546520848365,8.356006146272174,29.932350443111343
2915,122,11,-20.91,6.22,0.0,True,False,-24.930901885304323,7.11789121198284,-0.6465332782629554
2916,122,12,-21.58,4.85,0.0,True,False,-24.16401935349651,8.595105786262497,54.005103723747254
2917,122,13,-21.14,2.37,0.0,True,False,-24.072852998423542,8.559250424148003,-0.6465332782629554
2918,122,14,-27.04,7.07,0.0,True,False,-25.66448574128763,7.852540937460685,19.032643849567368
2919,122,15,-23.5,10.02,0.0,True,False,-25.801187911247577,8.268941412246221,20.64215582077012
2920,122,16,-27.18,4.42,0.0,True,False,-26.069337509477403,7.411057936951499,40.465098129723096
2921,122,17,-25.77,14.06,0.0,True,False,-26.393439267852273,8.690187044009507,-0.21635618161344183
2922,122,18,-29.28,9.07,0.0,True,False,-27.033169674195815,8.190882724311344,13.768322172921
2923,122,19,-28.54,12.16,0.0,True,False,-27.516260575915638,8.888676809992663,14.16755576876129
2924,122,20,-29.09,8.64,0.0,True,False,-28.671969635681762,8.870227423011073,19.42778603610779
2925,122,21,-26.35,6.73,0.0,True,False,-29.330636872660154,8.07595467186427,8.613440654881543
2926,122,22,-26.86,6.04,0.0,True,False,-28.41210026434157,8.298427025913952,-0.21635618161344183
2927,122,23,-28.11,8.46,0.0,True,False,-28.52094023583411,8.25694604847378,15.921034617933156
2928,123,0,-31.67,8.85,0.0,True,False,-29.18088893742609,9.170581581853734,0.8080824020783721
2929,123,1,-29.52,5.58,0.0,True,False,-29.21071020163804,8.411299651421588,-12.241237004579492
2930,123,2,-30.19,6.64,0.0,True,False,-28.856345625617696,7.89404649159224,0.8080824020783721
2931,123,3,-26.64,17.66,0.0,True,False,-28.384849130646913,8.677149208627235,5.829816082117419
2932,123,4,-25.61,7.8,0.0,True,False,-28.146354344913277,9.248915930269412,0.8080824020783721
2933,123,5,-25.37,8.21,0.0,True,False,-27.164363602535573,8.545620295898738,1.6638483288449086
2934,123,6,-28.48,15.52,0.0,True,False,-26.90425612701271,9.597405993803468,-1.2803220142865823
2935,123,7,-31.93,8.91,0.0,True,False,-26.34219801736698,7.9752429546641155,0.8080824020783721
2936,123,8,-29.5,7.3,0.0,True,False,-26.840310335822796,8.481374880920253,-5.324019225635071
2937,123,9,-22.71,11.98,0.0,True,False,-26.86503425345795,9.550069955379016,0.8080824020783721
2938,123,10,-26.04,10.65,0.0,True,False,-25.84829503698774,8.527430338604667,6.523277192417478
2939,123,11,-26.54,8.31,0.0,True,False,-24.75464381032376,8.714220417239,0.8080824020783721
2940,123,12,-21.68,8.68,0.0,True,False,-24.429083616941675,8.652927918261286,20.093577983967503
2941,123,13,-22.51,6.32,0.0,True,False,-24.972252183792243,8.298047087269738,0.8080824020783721
2942,123,14,-25.19,3.9,0.0,True,False,-25.621464656060166,8.240805690451458,11.233476893607634
2943,123,15,-26.14,9.89,0.0,True,False,-25.61993298835639,8.73754743688011,1.2382594987278859
2944,123,16,-26.23,3.06,0.0,True,False,-25.473812062189584,7.790112614212113,0.30164301514187014
2945,123,17,-26.0,3.99,0.0,True,False,-26.249956436009906,8.667087939449594,1.2382594987278859
2946,123,18,-23.77,6.6,0.0,True,False,-27.233199631571974,8.25194360526955,2.094025425494423
2947,123,19,-26.64,6.25,0.0,True,False,-27.30582086938183,8.411643840982048,6.056615370716423
2948,123,20,-26.52,10.42,0.0,True,False,-27.38970814460619,8.337439395573224,1.2382594987278859
2949,123,21,-26.04,26.78,0.0,True,False,-27.399035829846934,11.898354916590293,-5.631749512027909
2950,123,22,-31.04,18.91,0.0,True,False,-28.024167274380176,12.546046678617738,1.2382594987278859
2951,123,23,-27.39,2.78,0.0,True,False,-28.721238895132732,5.790673405335782,-12.241237004579492
2952,124,0,-29.79,9.3,0.0,True,False,-29.71129237219832,10.647416071534273,0.8080824020783721
2953,124,1,-34.16,9.11,0.0,True,False,-29.08102947231769,7.947443312779735,0.8080824020783721
2954,124,2,-33.19,8.54,0.0,True,False,-29.270658899500226,8.452135616563575,0.8080824020783721
2955,124,3,-30.65,9.88,0.0,True,False,-28.597452933044096,8.666353910183307,0.8080824020783721
2956,124,4,-27.13,10.93,0.0,True,False,-28.264203623842082,8.420308460490816,0.8080824020783721
2957,124,5,-27.49,14.28,0.0,True,False,-27.31500213246559,8.899223131279566,0.8080824020783721
2958,124,6,-26.83,8.67,0.0,True,False,-27.54642983819345,7.529554919603402,0.8080824020783721
2959,124,7,-22.78,16.43,0.0,True,False,-26.047065443826373,8.272819620007716,0.8080824020783721
2960,124,8,-28.74,8.71,0.0,True,False,-26.535145901255284,8.650755899728766,0.8080824020783721
2961,124,9,-25.84,5.8,0.0,True,False,-26.12309772757699,8.185774792758753,0.8080824020783721
2962,124,10,-24.86,8.31,0.0,True,False,-25.337525861227604,8.993605515239611,0.8080824020783721
2963,124,11,-26.74,4.63,0.0,True,False,-25.141081597233953,8.379073632085973,0.8080824020783721
2964,124,12,-25.14,4.76,0.0,True,False,-24.325768758039313,9.211119883451302,3.28814102943625
2965,124,13,-28.47,6.89,0.0,True,False,-24.698466008448705,6.99661949095695,0.8080824020783721
2966,124,14,-22.65,6.38,0.0,True,False,-26.026973484568703,8.431206161359897,1.2382594987278859
2967,124,15,-27.15,14.08,0.0,True,False,-25.551731264655658,8.470171505609676,1.2382594987278859
2968,124,16,-22.13,6.84,0.0,True,False,-26.423090611222026,8.583112844369913,1.2382594987278859
2969,124,17,-26.74,4.27,0.0,True,False,-25.82926942440093,7.876151213322708,1.2382594987278859
2970,124,18,-25.14,7.53,0.0,True,False,-26.609053989995278,9.166179563620524,1.2382594987278859
2971,124,19,-27.82,8.66,0.0,True,False,-27.216614517214616,8.330618002326156,1.2382594987278859
2972,124,20,-28.26,7.95,0.0,True,False,-27.811505442813676,8.903576271602976,1.2382594987278859
2973,124,21,-29.78,4.15,0.0,True,False,-28.034502096302152,9.090056740274742,1.2382594987278859
2974,124,22,-28.69,14.84,0.0,True,False,-29.858233762642325,9.036789404238384,1.2382594987278859
2975,124,23,-28.49,2.6,0.0,True,False,-29.207191132199817,8.151120253484358,0.8080824020783721
2976,125,0,-30.99,7.89,0.0,True,False,-29.383793922465188,9.059456644295397,0.8080824020783721
2977,125,1,-29.61,4.08,0.0,True,False,-29.51237214791701,8.731738253346196,0.8080824020783721
2978,125,2,-30.38,12.33,0.0,True,False,-29.84367149201495,8.77282502814375,0.8080824020783721
2979,125,3,-24.24,9.32,0.0,True,False,-29.09053448027349,8.564249319020277,0.8080824020783721
2980,125,4,-28.6,8.66,0.0,True,False,-27.793843980192555,8.304761077718318,0.8080824020783721
2981,125,5,-24.85,6.57,0.0,True,False,-27.547690071080655,8.352699395005413,0.8080824020783721
2982,125,6,-27.81,14.19,0.0,True,False,-27.365803899228172,8.502299017118087,0.8080824020783721
2983,125,7,-26.39,6.56,0.0,True,False,-26.405858780395462,7.617874408424928,0.8080824020783721
2984,125,8,-29.07,17.16,0.0,True,False,-26.62984981245914,8.276964345943812,0.8080824020783721
2985,125,9,-26.9,4.69,0.0,True,False,-25.459504731141873,9.17569206411562,0.8080824020783721
2986,125,10,-25.27,7.56,0.0,True,False,-25.834729086719754,8.746028456989988,0.8080824020783721
2987,125,11,-22.32,10.79,0.0,True,False,-26.100900016479855,8.477146564715635,0.8080824020783721
2988,125,12,-24.98,9.65,0.0,True,False,-24.03144554861817,8.76815486292495,3.28814102943625
2989,125,13,-22.72,7.26,0.0,True,False,-25.142188012030417,8.118807321619048,0.8080824020783721
2990,125,14,-24.41,2.81,0.0,True,False,-25.071679304573404,8.033593761237881,1.2382594987278859
2991,125,15,-22.75,8.16,0.0,True,False,-26.09423564291928,8.4430384916912,1.2382594987278859
2992,125,16,-26.54,6.15,0.0,True,False,-25.592366074070068,7.545444849275259,1.2382594987278859
2993,125,17,-22.13,5.4,0.0,True,False,-26.23858609616113,7.990878860360595,1.2382594987278859
2994,125,18,-28.39,11.1,0.0,True,False,-25.526100277741648,8.320764608346497,1.2382594987278859
2995,125,19,-29.47,17.47,0.0,True,False,-27.78279404357625,8.693857702226177,1.2382594987278859
2996,125,20,-30.84,7.39,0.0,True,False,-28.220165214795927,9.407306553303103,1.2382594987278859
2997,125,21,-24.18,1.37,0.0,True,False,-28.859470117826916,7.7087835559591475,1.2382594987278859
2998,125,22,-27.52,9.69,0.0,True,False,-28.393085396974218,10.158989423901062,1.2382594987278859
2999,125,23,-30.02,11.16,0.0,True,False,-28.51001392214457,8.033948094508728,0.8080824020783721
3000,126,0,-27.15,8.1,0.0,True,False,-29.861580074373805,8.20022882929533,0.8080824020783721
3001,126,1,-28.2,5.85,0.0,True,False,-29.373686378658604,7.694036453938552,0.8080824020783721
3002,126,2,-25.45,14.09,0.0,True,False,-29.420396453305187,8.229904999070724,0.8080824020783721
3003,126,3,-32.16,14.57,0.0,True,False,-27.87940145118745,9.125138545002622,0.8080824020783721
3004,126,4,-29.18,8.89,0.0,True,False,-28.54274272469449,8.563995684396513,0.8080824020783721
3005,126,5,-29.09,15.66,0.0,True,False,-28.083792406240857,9.268034555844142,0.8080824020783721
3006,126,6,-31.59,4.68,0.0,True,False,-28.428875916421482,8.39600060131087,0.8080824020783721
3007,126,7,-25.01,7.02,0.0,True,False,-26.786875767615715,9.021988002902399,0.8080824020783721
3008,126,8,-27.19,1.78,0.0,True,False,-27.077384581792742,8.39958255182245,0.8080824020783721
3009,126,9,-24.75,3.92,0.0,True,False,-26.439003347825913,8.620845269583851,0.8080824020783721
3010,126,10,-21.19,3.72,0.0,True,False,-25.143027994713126,7.9730735413119005,0.8080824020783721
3011,126,11,-26.42,9.66,0.0,True,False,-25.35640354789326,9.516247353677525,0.8080824020783721
3012,126,12,-26.49,4.07,0.0,True,False,-24.958240762644927,8.329024639153628,3.28814102943625
3013,126,13,-25.48,2.37,0.0,True,False,-25.813964829900403,8.484332066545958,0.8080824020783721
3014,126,14,-23.94,5.17,0.0,True,False,-25.08856659475144,7.486240702947008,1.2382594987278859
3015,126,15,-27.36,5.53,0.0,True,False,-26.16229555093963,7.97831263882184,1.2382594987278859
3016,126,16,-27.91,3.49,0.0,True,False,-25.998399981134995,7.695178841026197,1.2382594987278859
3017,126,17,-25.01,7.79,0.0,True,False,-26.608916057526866,8.69173078968271,1.2382594987278859
3018,126,18,-26.89,23.52,0.0,True,False,-27.78110455239708,8.687879056127622,1.2382594987278859
3019,126,19,-32.25,3.0,0.0,True,False,-28.042831269010907,8.353474191139354,1.2382594987278859
3020,126,20,-31.1,10.41,0.0,True,False,-29.51804734666532,8.187068931260251,1.2382594987278859
3021,126,21,-26.06,4.5,0.0,True,False,-28.796958587455464,9.612664936285977,1.2382594987278859
3022,126,22,-28.57,5.48,0.0,True,False,-28.958869660715717,8.669625415899084,1.2382594987278859
3023,126,23,-31.1,9.36,0.0,True,False,-29.48152743414029,7.782753754519131,0.8080824020783721
3024,127,0,-30.2,5.51,0.0,True,False,-29.679909578194714,8.69094522478196,0.8080824020783721
3025,127,1,-29.77,3.95,0.0,True,False,-29.534736946602855,8.90386226758904,0.8080824020783721
3026,127,2,-28.12,7.55,0.0,True,False,-29.055590905552236,8.986776704712957,0.8080824020783721
3027,127,3,-31.99,12.4,0.0,True,False,-28.98216796774418,8.709380866795152,0.8080824020783721
3028,127,4,-30.55,11.65,0.0,True,False,-29.071130289573286,8.2970120781616,0.8080824020783721
3029,127,5,-27.84,5.23,0.0,True,False,-28.105083110122735,8.40642998437764,0.8080824020783721
3030,127,6,-28.06,19.33,0.0,True,False,-28.87262145829596,9.229847229105758,0.8080824020783721
3031,127,7,-26.2,4.82,0.0,True,False,-26.90983848895368,8.534507277074873,0.8080824020783721
3032,127,8,-29.32,11.71,0.0,True,False,-27.077384581792742,7.820803171781172,0.8080824020783721
3033,127,9,-25.74,4.78,0.0,True,False,-26.47504268775366,8.356347375222859,0.8080824020783721
3034,127,10,-23.95,15.27,0.0,True,False,-25.920079612664377,8.380640723041855,0.8080824020783721
3035,127,11,-24.96,9.3,0.0,True,False,-25.390088331896283,8.525294001329911,0.8080824020783721
3036,127,12,-25.59,7.11,0.0,True,False,-25.657792851213237,7.92581632393218,3.28814102943625
3037,127,13,-26.12,5.18,0.0,True,False,-25.06581542580596,9.036521661894083,0.8080824020783721
3038,127,14,-27.8,7.61,0.0,True,False,-25.30189113625861,8.517683756758892,1.2382594987278859
3039,127,15,-26.59,3.94,0.0,True,False,-25.915966070188954,8.04821891038925,1.2382594987278859
3040,127,16,-24.34,3.06,0.0,True,False,-26.873054818504386,8.894334469086044,1.2382594987278859
3041,127,17,-27.58,9.35,0.0,True,False,-25.702158603780756,8.38671944437252,1.2382594987278859
3042,127,18,-29.64,7.09,0.0,True,False,-27.951408506736797,8.296323021958216,1.2382594987278859
3043,127,19,-29.37,10.6,0.0,True,False,-28.87167366383125,8.33863332356608,1.2382594987278859
3044,127,20,-28.46,8.38,0.0,True,False,-29.752352602593916,8.827390386403714,1.2382594987278859
3045,127,21,-30.03,5.14,0.0,True,False,-28.42183178303112,7.646368986590954,1.2382594987278859
3046,127,22,-28.63,11.64,0.0,True,False,-29.475851807905716,8.625373176672559,1.2382594987278859
3047,127,23,-28.75,5.47,0.0,True,False,-30.403448668054267,8.360507865567486,0.8080824020783721
3048,128,0,-28.3,13.28,0.0,True,False,-30.028422877942287,8.643788083714709,0.8080824020783721
3049,128,1,-27.16,5.38,0.0,True,False,-29.81305146054103,8.464923711075286,0.8080824020783721
3050,128,2,-27.82,3.36,0.0,True,False,-28.714392834450745,8.44982216566686,0.8080824020783721
3051,128,3,-31.36,29.48,0.0,True,False,-29.257711015128727,12.97642599158223,0.8080824020783721
3052,128,4,-30.89,5.28,0.0,True,False,-29.860450034868816,6.858035001455465,0.8080824020783721
3053,128,5,-28.75,5.48,0.0,True,False,-28.832315444291677,5.6153407632461745,0.8080824020783721
3054,128,6,-28.98,3.44,0.0,True,False,-28.311599080787747,7.69332898854754,0.8080824020783721
3055,128,7,-29.84,6.79,0.0,True,False,-27.27524438067459,9.083876404719065,0.8080824020783721
3056,128,8,-27.96,3.69,0.0,True,False,-27.653853539365773,7.817722111067001,0.8080824020783721
3057,128,9,-27.61,14.06,0.0,True,False,-26.15445148402275,8.71201041143114,0.8080824020783721
3058,128,10,-27.69,5.92,0.0,True,False,-25.55352128847509,8.59918544543653,0.8080824020783721
3059,128,11,-26.78,4.37,0.0,True,False,-26.218632734359332,8.00256565389439,0.8080824020783721
3060,128,12,-23.72,7.41,0.0,True,False,-25.91024836638196,9.760544011446624,3.28814102943625
3061,128,13,-25.75,20.09,0.0,True,False,-26.4176290157288,8.43389194941714,0.8080824020783721
3062,128,14,-21.4,7.59,0.0,True,False,-25.80966694005906,9.218040797106662,1.2382594987278859
3063,128,15,-26.32,6.36,0.0,True,False,-26.111630189986325,7.736198342847887,1.2382594987278859
3064,128,16,-27.66,7.32,0.0,True,False,-26.159731794240507,7.517501100936208,1.2382594987278859
3065,128,17,-27.55,10.87,0.0,True,False,-26.763240074565324,8.203428555567404,1.2382594987278859
3066,128,18,-27.57,10.37,0.0,True,False,-28.261281291290697,8.433516895405154,1.2382594987278859
3067,128,19,-27.73,8.26,0.0,True,False,-28.573153530946662,7.996185001501238,1.2382594987278859
3068,128,20,-24.93,11.88,0.0,True,False,-28.366601049090935,9.010711852849129,1.2382594987278859
3069,128,21,-31.18,7.54,0.0,True,False,-28.518397140128336,8.332066891795751,1.2382594987278859
3070,128,22,-28.09,6.64,0.0,True,False,-28.98989957083863,8.379723550598047,1.2382594987278859
3071,128,23,-29.6,7.45,0.0,True,False,-29.10629078310678,8.08917279012803,0.8080824020783721
3072,129,0,-33.43,5.39,0.0,True,False,-30.011702509136413,8.517483548472747,0.8080824020783721
3073,129,1,-28.68,10.98,0.0,True,False,-29.991379874653692,8.416678495187515,0.8080824020783721
3074,129,2,-27.49,5.26,0.0,True,False,-29.731905785858658,8.40178506838326,0.8080824020783721
3075,129,3,-31.42,17.18,0.0,True,False,-30.139802947152855,9.485152424310163,0.8080824020783721
3076,129,4,-29.31,3.05,0.0,True,False,-29.792559958668875,8.570039664681387,0.8080824020783721
3077,129,5,-32.26,8.68,0.0,True,False,-29.057589203966277,9.09009812205963,0.8080824020783721
3078,129,6,-30.81,4.8,0.0,True,False,-28.746596101436285,7.773125464212119,0.8080824020783721
3079,129,7,-25.68,10.5,0.0,True,False,-28.1135022280928,8.3534212861104,0.8080824020783721
3080,129,8,-28.22,7.13,0.0,True,False,-27.28267120509396,8.060298346403146,0.8080824020783721
3081,129,9,-29.09,10.94,0.0,True,False,-27.077613020031862,8.474152454268529,0.8080824020783721
3082,129,10,-26.1,2.31,0.0,True,False,-26.649254635607065,8.09161340337979,0.8080824020783721
3083,129,11,-27.4,5.23,0.0,True,False,-26.5973221360522,7.74436465330373,0.8080824020783721
3084,129,12,-27.23,4.29,0.0,True,False,-26.05375605989698,8.137158953167024,3.28814102943625
3085,129,13,-24.88,22.09,0.0,True,False,-26.519754979367335,12.580968377573694,0.8080824020783721
3086,129,14,-28.88,5.71,0.0,True,False,-26.252866356141755,8.455406939596731,1.2382594987278859
3087,129,15,-28.69,3.02,0.0,True,False,-27.18149030011375,9.02945995801502,1.2382594987278859
3088,129,16,-26.98,8.6,0.0,True,False,-27.015983897811907,8.72034766250783,1.2382594987278859
3089,129,17,-25.83,4.09,0.0,True,False,-27.606853229075686,8.150306699638435,1.2382594987278859
3090,129,18,-25.81,11.51,0.0,True,False,-28.00812947170049,8.451495517633509,1.2382594987278859
3091,129,19,-30.14,12.48,0.0,True,False,-28.268297480957887,8.533399874234384,1.2382594987278859
3092,129,20,-27.42,4.32,0.0,True,False,-28.452174763122763,8.523089072687556,1.2382594987278859
3093,129,21,-31.27,16.27,0.0,True,False,-30.022606257421092,9.064210809298743,1.2382594987278859
3094,129,22,-26.37,4.87,0.0,True,False,-29.651238079321082,8.493175241179568,1.2382594987278859
3095,129,23,-32.49,8.19,0.0,True,False,-29.84495563721378,8.402616671889126,0.8080824020783721
3096,130,0,-27.84,11.68,0.0,True,False,-30.015272138334158,8.543327981429162,0.8080824020783721
3097,130,1,-31.74,8.68,0.0,True,False,-29.821649043456663,9.082315388095973,0.8080824020783721
3098,130,2,-26.2,5.71,0.0,True,False,-29.84614579707584,8.354228493763857,0.8080824020783721
3099,130,3,-28.73,3.37,0.0,True,False,-29.508721201120416,7.703539430648184,0.8080824020783721
3100,130,4,-31.53,15.96,0.0,True,False,-29.064907542850715,8.926606530203358,0.8080824020783721
3101,130,5,-30.06,23.78,0.0,True,False,-29.728112771382513,9.094807932230413,0.8080824020783721
3102,130,6,-26.93,17.66,0.0,True,False,-29.243842930253276,8.85381509858105,0.8080824020783721
3103,130,7,-25.87,9.42,0.0,True,False,-27.192452880467314,9.065149672971948,0.8080824020783721
3104,130,8,-27.64,16.5,0.0,True,False,-27.13260332210145,8.34800075463879,0.8080824020783721
3105,130,9,-26.99,4.63,0.0,True,False,-27.047091187495315,8.862471206791627,0.8080824020783721
3106,130,10,-25.25,4.82,0.0,True,False,-26.728947253506757,8.646707820251251,0.8080824020783721
3107,130,11,-26.3,6.5,0.0,True,False,-26.853156415385268,9.053767692592126,0.8080824020783721
3108,130,12,-29.08,4.43,0.0,True,False,-25.782976503403496,8.27502923946809,3.28814102943625
3109,130,13,-28.19,2.74,0.0,True,False,-26.41074768612128,7.363286700206721,0.8080824020783721
3110,130,14,-26.29,20.1,0.0,True,False,-26.537081219439678,8.402724727795103,1.2382594987278859
3111,130,15,-24.65,9.36,0.0,True,False,-27.00211321779015,9.082094276055946,1.2382594987278859
3112,130,16,-24.26,3.6,0.0,True,False,-27.065104722102866,7.812402096735046,1.2382594987278859
3113,130,17,-26.42,3.84,0.0,True,False,-26.918723083207162,8.012492140315455,1.2382594987278859
3114,130,18,-27.92,5.28,0.0,True,False,-27.462111598967724,9.16697775083426,1.2382594987278859
3115,130,19,-27.52,4.16,0.0,True,False,-28.51900655500023,8.393898976675464,1.2382594987278859
3116,130,20,-30.83,5.44,0.0,True,False,-28.920261239395106,8.824859907657432,1.2382594987278859
3117,130,21,-30.22,21.76,0.0,True,False,-29.95037393670702,8.54877592322759,1.2382594987278859
3118,130,22,-31.88,18.75,0.0,True,False,-29.72877660189095,8.891219084994264,1.2382594987278859
3119,130,23,-32.93,5.34,0.0,True,False,-30.957930471831972,8.558281299354041,0.8080824020783721
3120,131,0,-30.03,7.08,0.0,True,False,-30.284074898295465,7.881223422485379,0.8080824020783721
3121,131,1,-30.26,4.53,0.0,True,False,-30.63757979210127,7.981175480882578,0.8080824020783721
3122,131,2,-29.06,18.37,0.0,True,False,-29.68698017373818,9.430681284659554,0.8080824020783721
3123,131,3,-29.02,4.71,0.0,True,False,-29.19801462906168,8.45979532463267,0.8080824020783721
3124,131,4,-29.21,5.89,0.0,True,False,-30.085723794543416,9.396089805485659,0.8080824020783721
3125,131,5,-28.1,2.66,0.0,True,False,-29.24102617288485,7.4045779078354705,0.8080824020783721
3126,131,6,-28.79,9.43,0.0,True,False,-28.537484991953086,9.08951512357693,0.8080824020783721
3127,131,7,-27.36,6.06,0.0,True,False,-27.44515387265321,8.102963929301469,0.8080824020783721
3128,131,8,-29.15,19.73,0.0,True,False,-27.551407052030196,8.271563282493435,0.8080824020783721
3129,131,9,-26.55,2.91,0.0,True,False,-27.32598974157959,8.411961735907692,0.8080824020783721
3130,131,10,-25.63,8.83,0.0,True,False,-26.099227947203886,8.1129201330909,0.8080824020783721
3131,131,11,-28.11,12.54,0.0,True,False,-26.736426119859317,8.558204672128616,0.8080824020783721
3132,131,12,-26.6,5.21,0.0,True,False,-26.881671771914544,8.75057840304405,3.28814102943625
3133,131,13,-28.02,16.88,0.0,True,False,-26.292175686537412,9.015088325906031,0.8080824020783721
3134,131,14,-28.02,6.91,0.0,True,False,-27.112400176050762,8.60451057858123,1.2382594987278859
3135,131,15,-29.54,7.04,0.0,True,False,-26.90174022518128,7.873957491967977,1.2382594987278859
3136,131,16,-25.17,10.75,0.0,True,False,-27.250882714457873,8.306542304099759,1.2382594987278859
3137,131,17,-26.05,9.06,0.0,True,False,-27.342491613849802,8.257390247746512,1.2382594987278859
3138,131,18,-27.63,3.59,0.0,True,False,-27.713196062865872,8.000618808221049,1.2382594987278859
3139,131,19,-25.27,5.11,0.0,True,False,-28.41660706905651,8.218396201126614,1.2382594987278859
3140,131,20,-30.08,11.67,0.0,True,False,-29.480965251611604,8.870991807199646,1.2382594987278859
3141,131,21,-24.05,9.15,0.0,True,False,-29.209155570620876,8.492661901152552,1.2382594987278859
3142,131,22,-30.89,16.96,0.0,True,False,-30.110534479806486,8.549297271938798,1.2382594987278859
3143,131,23,-30.12,8.45,0.0,True,False,-30.336264549490675,8.248900201900899,0.8080824020783721
3144,132,0,-31.69,9.31,0.0,True,False,-30.732165552451743,8.510395079807775,0.8080824020783721
3145,132,1,-30.09,4.7,0.0,True,False,-30.900710624248074,8.27699591597935,0.8080824020783721
3146,132,2,-28.96,12.44,0.0,True,False,-30.314007923013992,9.504578750715888,0.8080824020783721
3147,132,3,-30.54,1.77,0.0,True,False,-30.02032094307414,8.54544970356608,0.8080824020783721
3148,132,4,-26.35,7.67,0.0,True,False,-29.784358793826406,8.791048214156898,0.8080824020783721
3149,132,5,-28.94,24.45,0.0,True,False,-29.07743374422281,11.26862855375597,0.8080824020783721
3150,132,6,-28.36,8.17,0.0,True,False,-28.747254662206274,7.61647363285105,0.8080824020783721
3151,132,7,-30.2,6.94,0.0,True,False,-28.246713557908198,7.752844578247885,0.8080824020783721
3152,132,8,-27.06,6.54,0.0,True,False,-28.028530665266203,8.524635086739993,0.8080824020783721
3153,132,9,-27.75,7.08,0.0,True,False,-27.350152189466165,8.576880411298607,0.8080824020783721
3154,132,10,-28.38,3.91,0.0,True,False,-27.06194741772748,8.360726998432432,0.8080824020783721
3155,132,11,-28.52,8.15,0.0,True,False,-27.50094879497094,8.505016303758211,0.8080824020783721
3156,132,12,-21.56,4.73,0.0,True,False,-27.295742907845238,8.34479741893184,3.28814102943625
3157,132,13,-27.49,5.21,0.0,True,False,-27.370380056025926,7.219346944539186,0.8080824020783721
3158,132,14,-30.08,3.66,0.0,True,False,-27.21702020511268,8.077587048829425,1.2382594987278859
3159,132,15,-28.88,24.55,0.0,True,False,-27.210268004064517,8.78251037325969,1.2382594987278859
3160,132,16,-28.0,7.86,0.0,True,False,-26.95184707598556,7.841080936732946,1.2382594987278859
3161,132,17,-27.29,3.24,0.0,True,False,-27.892321777140438,7.800793773878641,1.2382594987278859
3162,132,18,-27.79,7.44,0.0,True,False,-29.186731683121472,8.926339615069258,1.2382594987278859
3163,132,19,-28.06,12.37,0.0,True,False,-28.443648351994323,8.029261805370389,1.2382594987278859
3164,132,20,-31.19,8.1,0.0,True,False,-29.685594957152713,8.576612393796188,1.2382594987278859
3165,132,21,-29.63,6.84,0.0,True,False,-29.80578209809394,8.272626608397916,1.2382594987278859
3166,132,22,-32.38,4.52,0.0,True,False,-31.172366951810833,8.338065758110432,1.2382594987278859
3167,132,23,-32.07,8.11,0.0,True,False,-31.230899799015802,8.822119272253538,0.8080824020783721
3168,133,0,-32.93,10.19,0.0,True,False,-31.753464136652095,8.230277649343885,0.8080824020783721
3169,133,1,-33.4,10.25,0.0,True,False,-31.208070078929996,9.305441419599113,0.8080824020783721
3170,133,2,-28.7,7.72,0.0,True,False,-30.621817245417446,8.081134632236457,0.8080824020783721
3171,133,3,-29.13,7.71,0.0,True,False,-30.888311191457216,8.109753118818995,0.8080824020783721
3172,133,4,-28.14,13.39,0.0,True,False,-29.898131929762457,8.526908781305432,0.8080824020783721
3173,133,5,-29.53,12.69,0.0,True,False,-29.608369763064154,9.098626137772747,0.8080824020783721
3174,133,6,-27.54,6.35,0.0,True,False,-29.33506166566188,8.315229728989271,0.8080824020783721
3175,133,7,-32.1,16.23,0.0,True,False,-28.599935799021676,8.112801497670953,0.8080824020783721
3176,133,8,-26.37,3.27,0.0,True,False,-28.116132153068143,8.083434076559634,0.8080824020783721
3177,133,9,-27.33,7.9,0.0,True,False,-27.421742132859396,8.327210099766667,0.8080824020783721
3178,133,10,-26.11,8.3,0.0,True,False,-27.36739192807933,7.967386353497685,0.8080824020783721
3179,133,11,-26.4,4.38,0.0,True,False,-27.301174531238896,8.015065354167048,0.8080824020783721
3180,133,12,-29.07,2.88,0.0,True,False,-26.223267297867775,8.788101549851595,3.28814102943625
3181,133,13,-30.16,4.43,0.0,True,False,-27.62134708174276,8.393889575852858,0.8080824020783721
3182,133,14,-28.79,11.21,0.0,True,False,-28.09367179342179,9.262139189736166,1.2382594987278859
3183,133,15,-26.55,11.38,0.0,True,False,-28.015896846250655,9.021163161893734,1.2382594987278859
3184,133,16,-26.71,9.91,0.0,True,False,-27.440437808334295,8.892283060282795,1.2382594987278859
3185,133,17,-31.31,4.78,0.0,True,False,-27.880424341738937,7.973357051489427,1.2382594987278859
3186,133,18,-31.06,11.45,0.0,True,False,-29.298676020919167,8.773240580499756,1.2382594987278859
3187,133,19,-31.06,4.96,0.0,True,False,-29.96241752166664,8.528840154138587,1.2382594987278859
3188,133,20,-30.81,8.14,0.0,True,False,-31.151827272181734,8.632594752962353,1.2382594987278859
3189,133,21,-33.23,7.06,0.0,True,False,-30.24575178351197,8.123233918464367,1.2382594987278859
3190,133,22,-33.67,5.76,0.0,True,False,-31.416620546618084,8.569642585218615,1.2382594987278859
3191,133,23,-32.67,9.67,0.0,True,False,-31.681468878174336,8.23536138597778,0.8080824020783721
3192,134,0,-31.11,10.64,0.0,True,False,-31.589644011350963,8.319675382552214,0.8080824020783721
3193,134,1,-33.58,4.62,0.0,True,False,-31.611401499341476,9.556863117810929,0.8080824020783721
3194,134,2,-31.25,7.28,0.0,True,False,-30.63958026077254,9.041072215011488,0.8080824020783721
3195,134,3,-28.58,10.36,0.0,True,False,-30.254271349345824,7.985221156959475,0.8080824020783721
3196,134,4,-32.89,1.28,0.0,True,False,-30.014710556480015,8.097427181404196,0.8080824020783721
3197,134,5,-30.21,8.69,0.0,True,False,-29.910505920732927,9.145885616878967,0.8080824020783721
3198,134,6,-27.23,10.47,0.0,True,False,-29.305676268956464,7.461080484783927,0.8080824020783721
3199,134,7,-29.6,8.89,0.0,True,False,-28.826848364155165,8.58211184015731,0.8080824020783721
3200,134,8,-29.43,9.11,0.0,True,False,-27.92778245226101,7.842021724908233,0.8080824020783721
3201,134,9,-25.54,6.8,0.0,True,False,-27.928891608012755,7.824571223199542,0.8080824020783721
3202,134,10,-28.16,10.11,0.0,True,False,-27.33184911993992,8.479622203626016,0.8080824020783721
3203,134,11,-25.14,3.53,0.0,True,False,-27.451040408732077,7.440609737255294,0.8080824020783721
3204,134,12,-26.43,4.45,0.0,True,False,-26.279243272185116,8.94466338960829,3.28814102943625
3205,134,13,-28.04,9.03,0.0,True,False,-27.42439962170855,8.397068853441597,0.8080824020783721
3206,134,14,-26.59,25.13,0.0,True,False,-27.453674509247026,8.462172987730764,1.2382594987278859
3207,134,15,-27.23,12.41,0.0,True,False,-27.48526828857089,7.961006231129693,1.2382594987278859
3208,134,16,-26.24,15.03,0.0,True,False,-27.58997716833273,10.628385699850885,1.2382594987278859
3209,134,17,-29.86,4.81,0.0,True,False,-28.640161303972963,7.610650432949583,1.2382594987278859
3210,134,18,-29.2,3.87,0.0,True,False,-29.60071642662698,8.390494533224004,1.2382594987278859
3211,134,19,-29.92,11.08,0.0,True,False,-30.35997676109634,8.96517613660778,1.2382594987278859
3212,134,20,-28.88,5.63,0.0,True,False,-30.848599469162572,8.59557136539912,1.2382594987278859
3213,134,21,-32.75,6.94,0.0,True,False,-31.151120403473776,8.194829006113205,1.2382594987278859
3214,134,22,-28.98,10.53,0.0,True,False,-31.48756873707273,8.26968875703267,1.2382594987278859
3215,134,23,-30.28,7.89,0.0,True,False,-31.84738969483556,8.455915233023847,0.8080824020783721
3216,135,0,-34.1,9.95,0.0,True,False,-31.625654327959648,8.297022787110466,0.8080824020783721
3217,135,1,-28.99,4.57,0.0,True,False,-31.322882571467066,7.893847242423125,0.8080824020783721
3218,135,2,-26.73,8.36,0.0,True,False,-31.231227348650023,8.812209541901995,0.8080824020783721
3219,135,3,-28.88,8.27,0.0,True,False,-29.561429803895578,8.241925671408149,0.8080824020783721
3220,135,4,-27.62,12.31,0.0,True,False,-30.43620596416583,9.324394287270684,0.8080824020783721
3221,135,5,-29.82,13.67,0.0,True,False,-29.620962175678766,8.584665696391562,0.8080824020783721
3222,135,6,-32.79,5.56,0.0,True,False,-28.996411517729477,8.178709681084479,0.8080824020783721
3223,135,7,-32.64,4.13,0.0,True,False,-29.063086082434094,8.231791306306688,0.8080824020783721
3224,135,8,-27.96,10.25,0.0,True,False,-28.303571750357328,9.34313571232604,0.8080824020783721
3225,135,9,-29.24,2.72,0.0,True,False,-27.56531515409023,8.710031199419115,0.8080824020783721
3226,135,10,-29.57,10.6,0.0,True,False,-27.782792414888128,8.713246037290025,0.8080824020783721
3227,135,11,-27.66,11.02,0.0,True,False,-27.228017403604664,8.586795996510958,0.8080824020783721
3228,135,12,-26.24,5.33,0.0,True,False,-27.28501922831787,8.705122259888931,3.28814102943625
3229,135,13,-30.44,1.47,0.0,True,False,-27.39654030034411,6.71834039966924,0.8080824020783721
3230,135,14,-28.64,11.6,0.0,True,False,-27.54894859847243,9.57768564528403,1.2382594987278859
3231,135,15,-25.04,14.14,0.0,True,False,-27.92264563325111,8.546980709185206,1.2382594987278859
3232,135,16,-30.62,13.67,0.0,True,False,-27.716043724865937,8.799580842808403,1.2382594987278859
3233,135,17,-27.21,13.89,0.0,True,False,-28.248715442428512,8.839823155907204,1.2382594987278859
3234,135,18,-30.44,3.38,0.0,True,False,-28.946090794912823,8.096730582850604,1.2382594987278859
3235,135,19,-28.9,22.39,0.0,True,False,-29.444784405221135,9.866563646010023,1.2382594987278859
3236,135,20,-28.28,8.24,0.0,True,False,-30.059279723867043,8.718125323675679,1.2382594987278859
3237,135,21,-29.4,7.62,0.0,True,False,-31.150882060872856,7.930743118900863,1.2382594987278859
3238,135,22,-29.38,10.0,0.0,True,False,-30.67507821745051,8.74258769597523,1.2382594987278859
3239,135,23,-33.71,3.98,0.0,True,False,-31.153140130484182,8.11856662392444,0.8080824020783721
3240,136,0,-29.43,17.67,0.0,True,False,-31.44963090160223,8.781150053165467,0.8080824020783721
3241,136,1,-33.29,17.18,0.0,True,False,-31.10407215937153,9.231137016103593,0.8080824020783721
3242,136,2,-30.87,11.72,0.0,True,False,-30.7220329891753,8.268308188283505,0.8080824020783721
3243,136,3,-30.55,3.36,0.0,True,False,-30.545674090302292,8.605341279092952,0.8080824020783721
3244,136,4,-29.68,7.59,0.0,True,False,-30.416363086350653,9.489631347274974,0.8080824020783721
3245,136,5,-29.5,5.19,0.0,True,False,-30.104837059886545,7.948083024607217,0.8080824020783721
3246,136,6,-31.34,5.32,0.0,True,False,-30.259368452390227,8.508741557035506,0.8080824020783721
3247,136,7,-31.83,6.45,0.0,True,False,-29.510507653861193,6.912935357946596,0.8080824020783721
3248,136,8,-26.91,5.45,0.0,True,False,-28.516566426143484,8.355889292098139,0.8080824020783721
3249,136,9,-27.87,2.68,0.0,True,False,-27.843429301042402,8.718325833359929,0.8080824020783721
3250,136,10,-25.62,6.45,0.0,True,False,-28.016066448128576,8.610075282250966,0.8080824020783721
3251,136,11,-27.81,4.62,0.0,True,False,-27.382034516812045,8.58492446923814,0.8080824020783721
3252,136,12,-30.46,4.5,0.0,True,False,-27.180720320572654,9.09752562852695,3.28814102943625
3253,136,13,-25.79,16.15,0.0,True,False,-28.0963624689907,8.923409039415588,0.8080824020783721
3254,136,14,-28.66,3.06,0.0,True,False,-27.87227891860999,7.976935839330349,1.2382594987278859
3255,136,15,-27.55,6.29,0.0,True,False,-27.27454863943382,9.078306974390568,1.2382594987278859
3256,136,16,-29.95,7.93,0.0,True,False,-28.806718845071064,8.252237068824314,1.2382594987278859
3257,136,17,-25.85,16.16,0.0,True,False,-28.651506157243112,8.251527604039486,1.2382594987278859
3258,136,18,-31.41,3.75,0.0,True,False,-29.48716779477619,8.308426305961987,1.2382594987278859
3259,136,19,-30.85,13.31,0.0,True,False,-29.54423303970099,8.775689183027115,1.2382594987278859
3260,136,20,-30.44,6.43,0.0,True,False,-30.664808841190226,8.778072649917714,1.2382594987278859
3261,136,21,-33.25,6.55,0.0,True,False,-31.021806852348313,8.113201798027163,1.2382594987278859
3262,136,22,-30.72,9.71,0.0,True,False,-31.3690149975086,8.537342748546378,1.2382594987278859
3263,136,23,-28.36,14.35,0.0,True,False,-31.407109939276157,8.413546187226979,0.8080824020783721
3264,137,0,-32.81,5.43,0.0,True,False,-31.730235795533705,7.469469773262871,0.8080824020783721
3265,137,1,-30.97,8.23,0.0,True,False,-32.074091233814755,8.420740132109454,0.8080824020783721
3266,137,2,-37.06,7.67,0.0,True,False,-32.209903896891504,8.176896300206739,0.8080824020783721
3267,137,3,-31.32,7.48,0.0,True,False,-32.17929189528931,8.821998171198645,0.8080824020783721
3268,137,4,-31.46,10.55,0.0,True,False,-30.802466996461625,8.277411063736494,0.8080824020783721
3269,137,5,-31.99,4.8,0.0,True,False,-30.691854533764825,7.789612885640143,0.8080824020783721
3270,137,6,-27.67,5.83,0.0,True,False,-30.78795306586718,8.089814625902157,0.8080824020783721
3271,137,7,-29.97,2.72,0.0,True,False,-29.691495067270786,7.980826252386939,0.8080824020783721
3272,137,8,-29.19,9.33,0.0,True,False,-28.53943318818848,8.812152113858293,0.8080824020783721
3273,137,9,-29.17,7.3,0.0,True,False,-28.48300802270169,8.371618642073287,0.8080824020783721
3274,137,10,-31.93,14.17,0.0,True,False,-28.0982862285123,8.0863514225498,0.8080824020783721
3275,137,11,-30.16,3.7,0.0,True,False,-28.550072470642753,7.191575745906428,0.8080824020783721
3276,137,12,-25.91,17.17,0.0,True,False,-28.147224054809726,8.632090751473392,3.28814102943625
3277,137,13,-32.12,10.12,0.0,True,False,-27.782416734229233,9.192824970291422,0.8080824020783721
3278,137,14,-29.63,1.49,0.0,True,False,-28.219795308687313,7.499822860330464,1.2382594987278859
3279,137,15,-29.22,9.9,0.0,True,False,-28.250438973437397,8.937236315205386,1.2382594987278859
3280,137,16,-25.34,5.13,0.0,True,False,-28.786886582732702,7.644814422108087,1.2382594987278859
3281,137,17,-27.78,6.15,0.0,True,False,-28.504766223124015,8.469944957021212,1.2382594987278859
3282,137,18,-30.94,5.61,0.0,True,False,-30.065025767986803,7.955644994092454,1.2382594987278859
3283,137,19,-27.74,12.9,0.0,True,False,-30.54404275696337,8.360922794972751,1.2382594987278859
3284,137,20,-32.31,2.47,0.0,True,False,-30.831144439354883,7.958987916100493,1.2382594987278859
3285,137,21,-29.23,21.62,0.0,True,False,-31.281013743224687,8.959203648074062,1.2382594987278859
3286,137,22,-34.28,6.92,0.0,True,False,-32.00940588434679,8.199520950519355,1.2382594987278859
3287,137,23,-29.62,5.5,0.0,True,False,-31.61209155918876,8.015144601460914,0.8080824020783721
3288,138,0,-32.82,4.23,0.0,True,False,-32.04578740698736,8.330012192445919,0.8080824020783721
3289,138,1,-33.99,1.7,0.0,True,False,-32.22487254421066,8.757932238879956,0.8080824020783721
3290,138,2,-32.17,6.68,0.0,True,False,-31.920712246679305,8.450451149305405,0.8080824020783721
3291,138,3,-30.86,9.31,0.0,True,False,-31.597707509330284,8.988392036862784,0.8080824020783721
3292,138,4,-31.99,7.3,0.0,True,False,-31.51221507513074,7.880464556980889,0.8080824020783721
3293,138,5,-29.41,4.23,0.0,True,False,-30.83539240481028,8.254617129223282,0.8080824020783721
3294,138,6,-31.17,6.95,0.0,True,False,-29.93095644339494,8.655525501885883,0.8080824020783721
3295,138,7,-28.25,14.26,0.0,True,False,-29.271939016430647,7.9763007938339685,0.8080824020783721
3296,138,8,-28.12,4.92,0.0,True,False,-28.73513109520042,8.04012196750715,0.8080824020783721
3297,138,9,-28.71,7.85,0.0,True,False,-28.496573972969674,7.842028099297796,0.8080824020783721
3298,138,10,-29.15,8.42,0.0,True,False,-28.8383018262617,7.9838068546066365,0.8080824020783721
3299,138,11,-27.77,3.19,0.0,True,False,-28.549880018370374,9.00000081661539,0.8080824020783721
3300,138,12,-26.9,5.99,0.0,True,False,-27.66493417790006,8.821028230308153,3.28814102943625
3301,138,13,-23.95,6.03,0.0,True,False,-28.403228632235145,7.834669849682171,0.8080824020783721
3302,138,14,-26.39,7.16,0.0,True,False,-28.097388013232386,8.491255145288935,1.2382594987278859
3303,138,15,-26.64,12.69,0.0,True,False,-27.872310976926567,8.013064749309693,1.2382594987278859
3304,138,16,-22.83,3.62,0.0,True,False,-26.840654331055415,7.990214966992708,1.2382594987278859
3305,138,17,-28.45,13.08,0.0,True,False,-28.43454075642787,8.31379917038534,1.2382594987278859
3306,138,18,-29.03,9.67,0.0,True,False,-30.019087678422608,8.905349506765383,1.2382594987278859
3307,138,19,-29.11,17.41,0.0,True,False,-29.898832904882,7.994890280033201,1.2382594987278859
3308,138,20,-33.02,2.04,0.0,True,False,-31.57413913550834,8.20432386032232,1.2382594987278859
3309,138,21,-32.31,1.39,0.0,True,False,-31.40595616114045,7.125919309482818,1.2382594987278859
3310,138,22,-32.75,22.14,0.0,True,False,-31.93368164089474,14.51493941360016,1.2382594987278859
3311,138,23,-30.64,3.11,0.0,True,False,-31.804160407968304,8.203821770306096,0.8080824020783721
3312,139,0,-32.52,4.4,0.0,True,False,-32.665062368675926,8.19150157572676,0.8080824020783721
3313,139,1,-31.83,4.43,0.0,True,False,-31.99065106442713,8.931710529609102,0.8080824020783721
3314,139,2,-29.73,3.76,0.0,True,False,-31.74217987144127,8.713537222130505,0.8080824020783721
3315,139,3,-29.86,9.44,0.0,True,False,-31.73816458363959,9.110283969075232,0.8080824020783721
3316,139,4,-31.5,6.27,0.0,True,False,-31.52026024247878,8.696622581398147,0.8080824020783721
3317,139,5,-32.03,4.79,0.0,True,False,-31.014767112659793,8.373650190887751,0.8080824020783721
3318,139,6,-27.9,15.82,0.0,True,False,-30.992529833433228,8.21651468782688,0.8080824020783721
3319,139,7,-28.11,1.83,0.0,True,False,-29.263979036204553,8.087530147068236,0.8080824020783721
3320,139,8,-32.39,11.49,0.0,True,False,-28.979711435237277,8.430688493125603,0.8080824020783721
3321,139,9,-29.39,6.83,0.0,True,False,-28.9127091373974,8.118333473645018,0.8080824020783721
3322,139,10,-28.11,4.74,0.0,True,False,-28.58462524373959,8.251761188361055,0.8080824020783721
3323,139,11,-26.68,5.06,0.0,True,False,-28.764822797018912,8.32562239752222,0.8080824020783721
3324,139,12,-26.35,5.94,0.0,True,False,-27.89291322941598,8.060824612812294,3.28814102943625
3325,139,13,-27.67,4.46,0.0,True,False,-27.51912356346984,8.376492741648681,0.8080824020783721
3326,139,14,-27.27,10.59,0.0,True,False,-28.275244862536045,8.70102692002017,1.2382594987278859
3327,139,15,-28.63,5.67,0.0,True,False,-28.488960882063797,8.210009909682162,1.2382594987278859
3328,139,16,-30.52,9.83,0.0,True,False,-28.0078114914156,9.177832563566788,1.2382594987278859
3329,139,17,-30.18,5.11,0.0,True,False,-29.467986738843024,7.691594548700613,1.2382594987278859
3330,139,18,-30.13,7.78,0.0,True,False,-30.21509240513489,8.25684955724768,1.2382594987278859
3331,139,19,-30.76,7.78,0.0,True,False,-30.62414566543047,8.169690082815885,1.2382594987278859
3332,139,20,-34.94,22.12,0.0,True,False,-32.18218248184332,8.408205501991313,1.2382594987278859
3333,139,21,-32.38,13.29,0.0,True,False,-32.18865360896492,9.102089763943646,1.2382594987278859
3334,139,22,-31.79,13.96,0.0,True,False,-32.60258041960618,9.729405232544668,1.2382594987278859
3335,139,23,-32.67,10.31,0.0,True,False,-32.62754462151822,8.91892755778951,0.8080824020783721
3336,140,0,-32.83,26.97,0.0,True,False,-32.9730452580857,12.825507746100984,0.8080824020783721
3337,140,1,-31.29,10.03,0.0,True,False,-32.91671879713782,8.626197006642018,0.8080824020783721
3338,140,2,-34.23,5.45,0.0,True,False,-32.345162507043725,5.30737545101323,0.8080824020783721
3339,140,3,-35.01,6.54,0.0,True,False,-31.839135862181095,7.623206240577115,0.8080824020783721
3340,140,4,-32.03,2.05,0.0,True,False,-32.61663725946283,8.079671067958794,0.8080824020783721
3341,140,5,-29.33,4.06,0.0,True,False,-31.467070355483518,8.581572137916032,0.8080824020783721
3342,140,6,-26.96,3.12,0.0,True,False,-30.541366851055834,8.106578152487403,0.8080824020783721
3343,140,7,-28.26,4.72,0.0,True,False,-29.34114675925724,8.757804168776405,0.8080824020783721
3344,140,8,-32.27,8.1,0.0,True,False,-29.786260954345092,7.5236572556294625,0.8080824020783721
3345,140,9,-29.39,5.35,0.0,True,False,-29.4259028952398,7.981824422250296,0.8080824020783721
3346,140,10,-28.09,10.84,0.0,True,False,-29.089375286911093,7.550409664059795,0.8080824020783721
3347,140,11,-28.05,4.15,0.0,True,False,-28.843711525201083,8.476330672814575,0.8080824020783721
3348,140,12,-27.26,9.6,0.0,True,False,-28.593502748927396,9.310330308010212,3.28814102943625
3349,140,13,-30.24,3.95,0.0,True,False,-28.081786971756564,7.7176215286917955,0.8080824020783721
3350,140,14,-28.48,12.82,0.0,True,False,-28.930181259377658,8.648134646939324,1.2382594987278859
3351,140,15,-28.08,4.15,0.0,True,False,-29.299110260050195,7.825718673280533,1.2382594987278859
3352,140,16,-27.69,8.89,0.0,True,False,-28.338149664095496,8.344223048359856,1.2382594987278859
3353,140,17,-31.43,4.79,0.0,True,False,-29.833137911688567,7.906232761273264,1.2382594987278859
3354,140,18,-31.03,15.01,0.0,True,False,-30.778147894228635,8.22300774853273,1.2382594987278859
3355,140,19,-36.26,14.7,0.0,True,False,-31.901111370920663,8.336873817886993,1.2382594987278859
3356,140,20,-32.58,23.74,0.0,True,False,-32.41001131245915,15.278040402554453,1.2382594987278859
3357,140,21,-32.8,8.65,0.0,True,False,-32.553743170167465,9.545996658130363,1.2382594987278859
3358,140,22,-34.11,10.44,0.0,True,False,-32.845232693178836,8.230805426183156,1.2382594987278859
3359,140,23,-31.94,9.52,0.0,True,False,-32.7862723467743,8.743748251507025,0.8080824020783721
3360,141,0,-32.61,11.15,0.0,True,False,-32.98944219184312,8.97857721329567,0.8080824020783721
3361,141,1,-36.95,4.1,0.0,True,False,-32.68025525864767,8.64368496489965,0.8080824020783721
3362,141,2,-31.8,7.12,0.0,True,False,-32.77529169395583,8.692643611736854,0.8080824020783721
3363,141,3,-33.77,4.99,0.0,True,False,-32.345218323581456,8.247826444387696,0.8080824020783721
3364,141,4,-30.53,14.59,0.0,True,False,-32.16357166041179,8.465953294096286,0.8080824020783721
3365,141,5,-33.58,3.43,0.0,True,False,-31.287418953315317,7.328024296998797,0.8080824020783721
3366,141,6,-30.44,15.88,0.0,True,False,-30.74792639468475,8.812093912479913,0.8080824020783721
3367,141,7,-30.55,7.19,0.0,True,False,-29.79291734721969,8.376922994437958,0.8080824020783721
3368,141,8,-28.89,11.24,0.0,True,False,-30.007190844293884,8.006480057614581,0.8080824020783721
3369,141,9,-28.83,5.32,0.0,True,False,-29.322943100745313,8.250336732013063,0.8080824020783721
3370,141,10,-29.28,3.26,0.0,True,False,-29.11234029278804,7.286073764437146,0.8080824020783721
3371,141,11,-31.64,14.29,0.0,True,False,-29.17419926584099,8.754383114511818,0.8080824020783721
3372,141,12,-31.45,9.14,0.0,True,False,-28.89813214244672,8.080821466410057,3.28814102943625
3373,141,13,-29.73,3.61,0.0,True,False,-29.42713780612384,8.330121454269797,0.8080824020783721
3374,141,14,-28.78,6.7,0.0,True,False,-29.26922728580206,8.97943062612021,1.2382594987278859
3375,141,15,-30.3,6.43,0.0,True,False,-29.262879291639727,8.541925894044601,1.2382594987278859
3376,141,16,-28.25,8.98,0.0,True,False,-29.25460575408739,7.927496993126865,1.2382594987278859
3377,141,17,-30.54,4.09,0.0,True,False,-30.448162645882135,7.896789411323918,1.2382594987278859
3378,141,18,-32.43,3.56,0.0,True,False,-31.331013475067305,8.277135525756607,1.2382594987278859
3379,141,19,-31.57,7.62,0.0,True,False,-31.42108475285378,8.526660716635325,1.2382594987278859
3380,141,20,-31.05,4.22,0.0,True,False,-32.39141733524069,8.52673843169888,1.2382594987278859
3381,141,21,-31.26,14.52,0.0,True,False,-32.489311216241504,8.643526848527024,1.2382594987278859
3382,141,22,-28.47,10.7,0.0,True,False,-32.29498816444203,7.455348482520803,1.2382594987278859
3383,141,23,-33.77,10.54,0.0,True,False,-32.74719629727846,8.607590113920555,0.8080824020783721
3384,142,0,-32.8,2.02,0.0,True,False,-32.96173538481195,7.736170623017285,0.8080824020783721
3385,142,1,-31.73,5.44,0.0,True,False,-32.685228091205424,7.534857004090433,0.8080824020783721
3386,142,2,-32.43,6.06,0.0,True,False,-32.79469745415859,8.250141191807208,0.8080824020783721
3387,142,3,-33.07,18.85,0.0,True,False,-32.234196541732594,8.659089289489245,0.8080824020783721
3388,142,4,-34.75,9.53,0.0,True,False,-32.486765191047915,8.787964974938516,0.8080824020783721
3389,142,5,-32.19,8.89,0.0,True,False,-31.584874153695917,7.899076543597085,0.8080824020783721
3390,142,6,-32.8,10.32,0.0,True,False,-31.045420238459887,7.737233605755756,0.8080824020783721
3391,142,7,-33.59,11.85,0.0,True,False,-30.743347380146627,8.374044739390452,0.8080824020783721
3392,142,8,-31.24,11.55,0.0,True,False,-29.66499365490011,8.255181187321236,0.8080824020783721
3393,142,9,-31.33,23.1,0.0,True,False,-29.35563941346406,8.466288726671225,0.8080824020783721
3394,142,10,-27.75,7.0,0.0,True,False,-29.378631012069995,8.415191400678646,0.8080824020783721
3395,142,11,-27.52,6.38,0.0,True,False,-29.57713065128306,8.128602359483223,0.8080824020783721
3396,142,12,-30.46,9.47,0.0,True,False,-29.203985892552833,8.32357352844728,3.28814102943625
3397,142,13,-29.24,12.91,0.0,True,False,-29.15718285981489,8.326770436661104,0.8080824020783721
3398,142,14,-32.64,2.69,0.0,True,False,-29.182899410978674,7.999706780064481,1.2382594987278859
3399,142,15,-30.23,4.56,0.0,True,False,-29.519427019307383,8.341601196614215,1.2382594987278859
3400,142,16,-28.85,5.15,0.0,True,False,-29.40732685311139,8.567996520671022,1.2382594987278859
3401,142,17,-28.49,7.37,0.0,True,False,-30.298079180873966,7.95443919884736,1.2382594987278859
3402,142,18,-32.08,5.46,0.0,True,False,-31.12440261181962,8.89754655210392,1.2382594987278859
3403,142,19,-29.07,11.94,0.0,True,False,-31.50435056543247,8.41663770203669,1.2382594987278859
3404,142,20,-34.68,7.91,0.0,True,False,-32.326123705770996,8.190198358182851,1.2382594987278859
3405,142,21,-34.56,6.65,0.0,True,False,-32.69188535973205,8.521079496961299,1.2382594987278859
3406,142,22,-30.97,8.93,0.0,True,False,-32.27010191075725,8.28370547362557,1.2382594987278859
3407,142,23,-29.24,2.22,0.0,True,False,-32.47026845838312,8.045431806993944,0.8080824020783721
3408,143,0,-31.82,8.71,0.0,True,False,-32.759179046706194,7.953180361943627,0.8080824020783721
3409,143,1,-32.82,4.29,0.0,True,False,-32.11781986915274,8.088410379873146,0.8080824020783721
3410,143,2,-36.93,25.88,0.0,True,False,-32.55975274450706,9.48894084867538,0.8080824020783721
3411,143,3,-36.26,17.46,0.0,True,False,-32.768406982358606,12.452586376391677,0.8080824020783721
3412,143,4,-31.54,9.24,0.0,True,False,-32.013480064649876,7.816550890545838,0.8080824020783721
3413,143,5,-32.04,4.36,0.0,True,False,-31.67875915434094,7.441024154470701,0.8080824020783721
3414,143,6,-33.01,13.04,0.0,True,False,-31.481361161983976,9.321950393697128,0.8080824020783721
3415,143,7,-30.15,2.83,0.0,True,False,-30.251718887291062,7.995935359525062,0.8080824020783721
3416,143,8,-29.57,7.23,0.0,True,False,-29.9654051460715,8.819106593613196,0.8080824020783721
3417,143,9,-27.5,10.08,0.0,True,False,-29.78604399812817,8.572019375571362,0.8080824020783721
3418,143,10,-28.8,8.45,0.0,True,False,-28.98074382783845,8.001778172484062,0.8080824020783721
3419,143,11,-26.41,8.43,0.0,True,False,-28.859945497937158,7.903461112859801,0.8080824020783721
3420,143,12,-28.79,3.41,0.0,True,False,-28.323927975233577,7.8282790431324845,3.28814102943625
3421,143,13,-29.1,3.28,0.0,True,False,-28.96809137905972,8.604248190179508,0.8080824020783721
3422,143,14,-26.94,8.26,0.0,True,False,-29.7705119328008,8.162206599118852,1.2382594987278859
3423,143,15,-31.35,7.61,0.0,True,False,-28.990532273034287,7.70009620337594,1.2382594987278859
3424,143,16,-24.17,3.95,0.0,True,False,-29.41520625022345,7.946396132205181,1.2382594987278859
3425,143,17,-29.54,3.82,0.0,True,False,-29.338361428015567,8.36034841826571,1.2382594987278859
3426,143,18,-30.04,6.71,0.0,True,False,-30.925330008625252,8.274750981346804,1.2382594987278859
3427,143,19,-30.27,5.76,0.0,True,False,-30.524306904068876,8.174537554134442,1.2382594987278859
3428,143,20,-28.05,17.1,0.0,True,False,-31.720855784129572,8.091503336600038,1.2382594987278859
3429,143,21,-30.63,13.43,0.0,True,False,-31.535004479931608,8.365208959219128,1.2382594987278859
3430,143,22,-35.75,10.67,0.0,True,False,-32.86630891860798,8.346252130685201,1.2382594987278859
3431,143,23,-29.93,14.27,0.0,True,False,-32.58453678003887,9.093020252564814,0.8080824020783721
3432,144,0,-33.63,4.95,0.0,True,False,-32.848876712436926,8.11203842272079,0.8080824020783721
3433,144,1,-32.67,5.36,0.0,True,False,-32.54727020735011,8.377256863555854,0.8080824020783721
3434,144,2,-35.24,12.46,0.0,True,False,-32.94446966465086,8.369421087291872,0.8080824020783721
3435,144,3,-31.31,7.22,0.0,True,False,-32.430203478869046,8.461940861861336,0.8080824020783721
3436,144,4,-33.25,7.45,0.0,True,False,-32.64703245884216,8.587427416366406,0.8080824020783721
3437,144,5,-31.27,3.68,0.0,True,False,-31.710478763737466,8.059140336473112,0.8080824020783721
3438,144,6,-31.52,12.17,0.0,True,False,-31.52471860044214,8.427517302197261,0.8080824020783721
3439,144,7,-26.58,9.46,0.0,True,False,-30.124012595789413,8.153894947937939,0.8080824020783721
3440,144,8,-25.98,6.12,0.0,True,False,-28.949250837778813,7.738811427977565,0.8080824020783721
3441,144,9,-29.44,5.38,0.0,True,False,-28.57378021306143,8.344135559740867,0.8080824020783721
3442,144,10,-29.09,13.16,0.0,True,False,-29.02595788218014,8.25880411478222,0.8080824020783721
3443,144,11,-29.76,4.98,0.0,True,False,-28.984707045759638,8.088632040859107,0.8080824020783721
3444,144,12,-26.74,3.03,0.0,True,False,-28.779723631757065,8.761857983651433,3.28814102943625
3445,144,13,-29.68,13.53,0.0,True,False,-28.72466933656924,9.3554614874882,0.8080824020783721
3446,144,14,-30.06,13.67,0.0,True,False,-29.093289772605722,8.064203307078039,1.2382594987278859
3447,144,15,-27.58,4.97,0.0,True,False,-29.853965482302975,7.811036850620003,1.2382594987278859
3448,144,16,-31.03,18.77,0.0,True,False,-28.481491938297953,8.767687516506841,1.2382594987278859
3449,144,17,-30.51,6.8,0.0,True,False,-29.90956051941417,8.676513921510649,1.2382594987278859
3450,144,18,-34.11,5.0,0.0,True,False,-31.076658543636643,8.27321090168796,1.2382594987278859
3451,144,19,-30.06,9.3,0.0,True,False,-31.46753736784501,8.444274760903724,1.2382594987278859
3452,144,20,-28.07,3.36,0.0,True,False,-31.50380694643268,7.982905766629984,1.2382594987278859
3453,144,21,-30.92,4.21,0.0,True,False,-32.0933727743263,8.74976945833552,1.2382594987278859
3454,144,22,-29.76,23.29,0.0,True,False,-32.2386640355077,8.660176032769964,1.2382594987278859
3455,144,23,-34.57,7.54,0.0,True,False,-32.394413984635754,8.099134160120865,0.8080824020783721
3456,145,0,-32.62,11.21,0.0,True,False,-32.71481894484836,8.136896299675465,0.8080824020783721
3457,145,1,-34.91,3.65,0.0,True,False,-32.9832071398269,8.571539261228168,0.8080824020783721
3458,145,2,-33.28,17.16,0.0,True,False,-32.61072188937325,8.942108180136184,0.8080824020783721
3459,145,3,-30.96,20.7,0.0,True,False,-31.99494114489475,11.578945031592271,0.8080824020783721
3460,145,4,-31.89,7.4,0.0,True,False,-32.15517582262448,8.032407508295138,0.8080824020783721
3461,145,5,-34.43,5.56,0.0,True,False,-31.84735919993179,8.180485846191557,0.8080824020783721
3462,145,6,-33.72,3.34,0.0,True,False,-31.474790059380354,7.654620710257812,0.8080824020783721
3463,145,7,-33.34,6.99,0.0,True,False,-30.05782714361505,8.76727972596547,0.8080824020783721
3464,145,8,-29.11,10.01,0.0,True,False,-29.32131019470683,8.681521083453061,0.8080824020783721
3465,145,9,-25.55,6.44,0.0,True,False,-29.331006290877987,7.811852606656954,0.8080824020783721
3466,145,10,-26.63,4.47,0.0,True,False,-28.73961298249065,7.921943180566285,0.8080824020783721
3467,145,11,-32.95,11.4,0.0,True,False,-28.80128234282049,8.27316780530923,0.8080824020783721
3468,145,12,-26.25,11.62,0.0,True,False,-28.754021779043747,8.767005384893142,3.28814102943625
3469,145,13,-27.29,6.27,0.0,True,False,-28.932308654108702,9.094519627802471,0.8080824020783721
3470,145,14,-32.45,8.55,0.0,True,False,-29.344625297540727,8.018734534122206,1.2382594987278859
3471,145,15,-30.28,11.36,0.0,True,False,-29.22419762454858,7.9502330372793955,1.2382594987278859
3472,145,16,-27.9,9.95,0.0,True,False,-28.940768724239234,8.292512819309756,1.2382594987278859
3473,145,17,-29.47,8.43,0.0,True,False,-29.86915047071668,8.044800974577502,1.2382594987278859
3474,145,18,-33.71,9.75,0.0,True,False,-31.30758532187328,7.848817013587248,1.2382594987278859
3475,145,19,-30.39,23.85,0.0,True,False,-31.394699197647746,8.061023692669577,1.2382594987278859
3476,145,20,-36.37,7.2,0.0,True,False,-31.964110170474974,8.355552198479517,1.2382594987278859
3477,145,21,-32.95,3.61,0.0,True,False,-32.361185925420656,7.7672255560820425,1.2382594987278859
3478,145,22,-30.55,4.11,0.0,True,False,-32.3078533020179,9.611269049138105,1.2382594987278859
3479,145,23,-32.99,9.04,0.0,True,False,-32.796708186952685,10.397420213372548,0.8080824020783721
3480,146,0,-34.22,5.53,0.0,True,False,-32.97940190347032,8.47472229383561,0.8080824020783721
3481,146,1,-31.38,8.88,0.0,True,False,-32.934829253472955,8.621605275544486,0.8080824020783721
3482,146,2,-31.01,3.56,0.0,True,False,-32.49301706956379,8.263297189255105,0.8080824020783721
3483,146,3,-30.02,4.7,0.0,True,False,-32.17223389092409,8.885447677709175,0.8080824020783721
3484,146,4,-30.48,21.44,0.0,True,False,-32.203975141856766,13.364753270458035,0.8080824020783721
3485,146,5,-29.58,1.77,0.0,True,False,-31.234802330373007,8.706155208975735,0.8080824020783721
3486,146,6,-29.76,4.37,0.0,True,False,-31.007438099797188,8.027240511526836,0.8080824020783721
3487,146,7,-30.18,5.04,0.0,True,False,-30.408957674945654,8.706998856815611,0.8080824020783721
3488,146,8,-30.05,7.82,0.0,True,False,-29.2952068363764,8.64067782928899,0.8080824020783721
3489,146,9,-30.29,6.24,0.0,True,False,-28.95089768553862,9.131103207381596,0.8080824020783721
3490,146,10,-31.92,8.04,0.0,True,False,-29.119169085139674,8.345424422290549,0.8080824020783721
3491,146,11,-31.21,7.33,0.0,True,False,-29.820526513803642,8.221090190987459,0.8080824020783721
3492,146,12,-29.79,6.11,0.0,True,False,-29.070974072353298,8.302862313553366,3.28814102943625
3493,146,13,-28.81,5.06,0.0,True,False,-29.244831561500295,8.053553638173868,0.8080824020783721
3494,146,14,-26.61,7.46,0.0,True,False,-29.816667247675717,8.26513926925427,1.2382594987278859
3495,146,15,-29.9,12.92,0.0,True,False,-29.00994663503364,8.090738672439903,1.2382594987278859
3496,146,16,-28.22,5.04,0.0,True,False,-29.171705002402117,8.219118725372459,1.2382594987278859
3497,146,17,-28.55,16.81,0.0,True,False,-29.865320961742615,8.120706587773896,1.2382594987278859
3498,146,18,-31.69,7.53,0.0,True,False,-31.38533869159318,8.41683821839441,1.2382594987278859
3499,146,19,-30.56,10.93,0.0,True,False,-31.287721241822315,8.511072707090529,1.2382594987278859
3500,146,20,-32.71,8.6,0.0,True,False,-32.40728151459315,8.74596661508257,1.2382594987278859
3501,146,21,-30.0,9.24,0.0,True,False,-32.27365499598157,8.026674788841083,1.2382594987278859
3502,146,22,-31.69,4.35,0.0,True,False,-32.68171750892298,7.605720543734986,1.2382594987278859
3503,146,23,-35.54,5.51,0.0,True,False,-33.10168416383312,8.58162697158597,0.8080824020783721
3504,147,0,-33.04,2.65,0.0,True,False,-33.361182462659706,8.24283296771295,0.8080824020783721
3505,147,1,-29.99,6.37,0.0,True,False,-33.09262910680016,9.444580651170346,0.8080824020783721
3506,147,2,-33.45,9.67,0.0,True,False,-33.038578451514034,8.340440332453882,0.8080824020783721
3507,147,3,-31.88,6.39,0.0,True,False,-32.16861833885314,8.11483426200353,0.8080824020783721
3508,147,4,-31.27,11.23,0.0,True,False,-31.899276505284647,8.180771688052953,0.8080824020783721
3509,147,5,-33.95,5.79,0.0,True,False,-31.427565183702093,7.994706843972642,0.8080824020783721
3510,147,6,-30.34,4.87,0.0,True,False,-31.255291088891585,8.001546741275554,0.8080824020783721
3511,147,7,-33.63,5.38,0.0,True,False,-30.56097752379743,8.258127652575727,0.8080824020783721
3512,147,8,-31.61,10.14,0.0,True,False,-30.03293247363224,8.19943127026629,0.8080824020783721
3513,147,9,-27.79,14.99,0.0,True,False,-29.760637238849817,8.087366097562864,0.8080824020783721
3514,147,10,-28.91,17.67,0.0,True,False,-29.94691908404047,9.186432657469917,0.8080824020783721
3515,147,11,-30.04,9.62,0.0,True,False,-30.056701495787113,8.706255795739677,0.8080824020783721
3516,147,12,-28.47,10.97,0.0,True,False,-29.243704128101978,8.43034792354618,3.28814102943625
3517,147,13,-29.55,3.02,0.0,True,False,-29.612063396091287,8.28600686187818,0.8080824020783721
3518,147,14,-29.6,3.51,0.0,True,False,-29.573903930519453,8.147810722074286,1.2382594987278859
3519,147,15,-28.63,4.45,0.0,True,False,-29.772056646277182,8.191378656672056,1.2382594987278859
3520,147,16,-31.81,13.31,0.0,True,False,-29.77495296420047,8.506494165413827,1.2382594987278859
3521,147,17,-30.76,13.22,0.0,True,False,-30.457330138861078,8.04858367497036,1.2382594987278859
3522,147,18,-31.98,19.65,0.0,True,False,-31.782593353945973,9.628686507207203,1.2382594987278859
3523,147,19,-35.05,4.4,0.0,True,False,-31.972033139274338,9.260588913265865,1.2382594987278859
3524,147,20,-34.2,6.76,0.0,True,False,-32.65651960343047,9.592481481823993,1.2382594987278859
3525,147,21,-29.64,2.64,0.0,True,False,-32.56027152083944,7.688446798783087,1.2382594987278859
3526,147,22,-32.32,3.2,0.0,True,False,-32.95372831661387,9.763636888264205,1.2382594987278859
3527,147,23,-35.94,21.09,0.0,True,False,-33.3492780611407,8.145305948086042,0.8080824020783721
3528,148,0,-36.57,4.5,0.0,True,False,-33.59303690763956,8.558322793393225,0.8080824020783721
3529,148,1,-33.64,4.53,0.0,True,False,-32.82358410595015,8.427685565177674,0.8080824020783721
3530,148,2,-30.1,5.16,0.0,True,False,-32.98441919054039,9.53539605637295,0.8080824020783721
3531,148,3,-33.27,29.06,0.0,True,False,-32.819566591430124,10.11999107459901,0.8080824020783721
3532,148,4,-29.87,12.01,0.0,True,False,-32.48414496601491,9.275159124374499,0.8080824020783721
3533,148,5,-31.3,4.08,0.0,True,False,-31.628413334439685,5.706011794394558,0.8080824020783721
3534,148,6,-30.54,11.84,0.0,True,False,-31.030118211444048,8.179880418634397,0.8080824020783721
3535,148,7,-33.64,4.7,0.0,True,False,-30.88802336644227,8.588884803096924,0.8080824020783721
3536,148,8,-28.61,3.0,0.0,True,False,-30.511740075833785,8.75810057311488,0.8080824020783721
3537,148,9,-30.74,5.06,0.0,True,False,-29.636355208603053,8.791279004263458,0.8080824020783721
3538,148,10,-28.03,8.2,0.0,True,False,-29.482454908294624,8.153048908620274,0.8080824020783721
3539,148,11,-31.18,4.34,0.0,True,False,-29.325192382574453,7.8367543635039425,0.8080824020783721
3540,148,12,-29.13,9.53,0.0,True,False,-29.398988853414938,8.708319753225869,3.28814102943625
3541,148,13,-28.85,5.26,0.0,True,False,-29.68349034910009,8.310897232573637,0.8080824020783721
3542,148,14,-30.06,8.5,0.0,True,False,-29.814150036179097,9.099336483448687,1.2382594987278859
3543,148,15,-29.26,4.06,0.0,True,False,-29.586078377092495,8.00791540526862,1.2382594987278859
3544,148,16,-31.02,7.11,0.0,True,False,-30.368676788879547,8.744259626965219,1.2382594987278859
3545,148,17,-32.27,4.41,0.0,True,False,-31.051053963540156,7.996713017410097,1.2382594987278859
3546,148,18,-28.27,6.19,0.0,True,False,-31.405894653486886,8.608676990964332,1.2382594987278859
3547,148,19,-29.91,16.94,0.0,True,False,-31.66155631435784,8.102468050090907,1.2382594987278859
3548,148,20,-34.01,5.63,0.0,True,False,-32.592292099716786,8.87588673278644,1.2382594987278859
3549,148,21,-31.76,3.47,0.0,True,False,-32.403628785537315,7.663931133121703,1.2382594987278859
3550,148,22,-34.7,7.34,0.0,True,False,-33.07783305193999,9.198439559664182,1.2382594987278859
3551,148,23,-35.79,7.4,0.0,True,False,-33.49159222385549,8.58952789701443,0.8080824020783721
3552,149,0,-31.54,7.38,0.0,True,False,-33.63019055155502,8.17339618675536,0.8080824020783721
3553,149,1,-36.95,9.25,0.0,True,False,-33.37586533250193,8.100665708580076,0.8080824020783721
3554,149,2,-31.49,5.49,0.0,True,False,-32.92827240528015,8.029663729193146,0.8080824020783721
3555,149,3,-33.53,9.71,0.0,True,False,-32.677017456600296,8.900565024354687,0.8080824020783721
3556,149,4,-33.03,6.96,0.0,True,False,-32.08200561365414,8.227767192105896,0.8080824020783721
3557,149,5,-31.31,3.36,0.0,True,False,-31.93188347938217,8.406584908922435,0.8080824020783721
3558,149,6,-30.45,10.39,0.0,True,False,-31.530977910200694,8.63991497468281,0.8080824020783721
3559,149,7,-32.74,7.7,0.0,True,False,-30.922468515703063,7.724839159212346,0.8080824020783721
3560,149,8,-29.17,9.46,0.0,True,False,-29.730967663294088,7.925263927966443,0.8080824020783721
3561,149,9,-29.97,3.58,0.0,True,False,-30.140104158949267,7.717939549676207,0.8080824020783721
3562,149,10,-32.39,10.7,0.0,True,False,-29.826726525288905,8.47045795369813,0.8080824020783721
3563,149,11,-30.02,19.16,0.0,True,False,-30.190958763780607,10.695786145857296,0.8080824020783721
3564,149,12,-26.84,3.43,0.0,True,False,-29.1839424767746,8.214874538770477,3.28814102943625
3565,149,13,-26.32,11.44,0.0,True,False,-29.108108084281728,8.277049585661386,0.8080824020783721
3566,149,14,-28.44,7.71,0.0,True,False,-29.23229846086574,8.100986809660295,1.2382594987278859
3567,149,15,-32.57,7.0,0.0,True,False,-29.760483489173822,7.5687120003491,1.2382594987278859
3568,149,16,-29.63,10.76,0.0,True,False,-30.32348687457755,8.267234185625297,1.2382594987278859
3569,149,17,-29.39,10.18,0.0,True,False,-30.8093105160651,8.081648748109654,1.2382594987278859
3570,149,18,-30.16,12.85,0.0,True,False,-31.045057716150886,7.9758380764577685,1.2382594987278859
3571,149,19,-30.56,3.66,0.0,True,False,-31.37947341686557,8.269122032433359,1.2382594987278859
3572,149,20,-31.88,13.1,0.0,True,False,-32.54187600433422,8.334085537675316,1.2382594987278859
3573,149,21,-33.17,8.46,0.0,True,False,-32.78797516844725,7.861917979440407,1.2382594987278859
3574,149,22,-34.56,2.69,0.0,True,False,-33.24629152112786,8.042926674974867,1.2382594987278859
3575,149,23,-37.34,5.66,0.0,True,False,-33.98914795550805,8.850874668047851,0.8080824020783721
3576,150,0,-33.05,7.8,0.0,True,False,-33.555533591259355,8.163238712615547,0.8080824020783721
3577,150,1,-33.28,5.59,0.0,True,False,-32.67850275062245,8.17488260988314,0.8080824020783721
3578,150,2,-32.34,6.56,0.0,True,False,-33.122745098134786,8.882569103350985,0.8080824020783721
3579,150,3,-35.81,5.18,0.0,True,False,-32.836046550633036,7.99989339379347,0.8080824020783721
3580,150,4,-31.43,16.29,0.0,True,False,-32.672083796449925,8.993008673849637,0.8080824020783721
3581,150,5,-28.13,24.14,0.0,True,False,-31.572108846447602,8.741783975614515,0.8080824020783721
3582,150,6,-31.57,9.79,0.0,True,False,-30.972565663062927,7.743812360788326,0.8080824020783721
3583,150,7,-31.33,7.32,0.0,True,False,-31.063184622486457,8.5986135321936,0.8080824020783721
3584,150,8,-30.11,4.0,0.0,True,False,-29.870122812050102,8.54741149966073,0.8080824020783721
3585,150,9,-26.25,12.87,0.0,True,False,-29.55141406307838,8.504010962244335,0.8080824020783721
3586,150,10,-32.04,9.16,0.0,True,False,-29.70035437553717,7.99665419308849,0.8080824020783721
3587,150,11,-29.39,4.24,0.0,True,False,-29.258722395421533,8.083117930540705,0.8080824020783721
3588,150,12,-31.32,4.25,0.0,True,False,-29.244051124676925,8.901641559041373,3.28814102943625
3589,150,13,-30.89,6.64,0.0,True,False,-29.64062710401683,8.690780713289886,0.8080824020783721
3590,150,14,-30.09,7.36,0.0,True,False,-29.697153538259762,8.437332489579067,1.2382594987278859
3591,150,15,-27.62,9.67,0.0,True,False,-30.218117924550935,8.61219208245882,1.2382594987278859
3592,150,16,-27.12,6.87,0.0,True,False,-29.68138096507797,7.929352785100803,1.2382594987278859
3593,150,17,-30.31,10.08,0.0,True,False,-29.867611525848936,7.907397869212575,1.2382594987278859
3594,150,18,-32.48,5.59,0.0,True,False,-30.952233426725883,7.772880374269535,1.2382594987278859
3595,150,19,-27.26,6.88,0.0,True,False,-31.91667779738587,8.080065071252973,1.2382594987278859
3596,150,20,-33.58,13.11,0.0,True,False,-32.30561114390551,8.193947563122354,1.2382594987278859
3597,150,21,-34.28,10.31,0.0,True,False,-32.58680249642961,8.867674456039941,1.2382594987278859
3598,150,22,-37.01,7.09,0.0,True,False,-33.71990600689924,7.935354914614112,1.2382594987278859
3599,150,23,-30.86,8.31,0.0,True,False,-33.08574976631778,7.812409646105593,0.8080824020783721
3600,151,0,-31.9,6.89,0.0,True,False,-32.670259480948054,8.051871000400558,0.8080824020783721
3601,151,1,-28.93,3.22,0.0,True,False,-32.122527491577785,8.144424364664308,0.8080824020783721
3602,151,2,-36.35,1.35,0.0,True,False,-33.03269314060149,8.748507576081238,0.8080824020783721
3603,151,3,-30.33,15.32,0.0,True,False,-33.20162180570227,12.225049093878352,0.8080824020783721
3604,151,4,-32.7,4.39,0.0,True,False,-32.75865053176123,8.369427083894172,0.8080824020783721
3605,151,5,-30.74,5.82,0.0,True,False,-31.42510715146054,8.653200360547569,0.8080824020783721
3606,151,6,-35.13,22.03,0.0,True,False,-31.819079344806475,9.762423012903097,0.8080824020783721
3607,151,7,-28.38,3.92,0.0,True,False,-31.4460520300669,8.521474928166567,0.8080824020783721
3608,151,8,-29.26,6.69,0.0,True,False,-30.06022267106466,8.185201365585812,0.8080824020783721
3609,151,9,-30.5,13.54,0.0,True,False,-29.955982346354844,8.507932638229658,0.8080824020783721
3610,151,10,-28.81,16.98,0.0,True,False,-30.32057433287166,7.877044869462489,0.8080824020783721
3611,151,11,-31.44,9.09,0.0,True,False,-29.881320962781245,8.126051380769931,0.8080824020783721
3612,151,12,-31.0,12.93,0.0,True,False,-30.324424923980523,8.413220106401495,3.28814102943625
3613,151,13,-30.83,6.34,0.0,True,False,-30.449977359538952,8.441340324578103,0.8080824020783721
3614,151,14,-33.81,1.35,0.0,True,False,-30.151591387947228,8.070842588688949,1.2382594987278859
3615,151,15,-28.7,12.36,0.0,True,False,-30.134931838951598,8.684147391877362,1.2382594987278859
3616,151,16,-28.45,7.01,0.0,True,False,-30.135517080686686,7.857575539853507,1.2382594987278859
3617,151,17,-32.72,5.96,0.0,True,False,-30.700680144956813,7.643926103147924,1.2382594987278859
3618,151,18,-31.14,5.68,0.0,True,False,-31.924696714713722,8.159010894769736,1.2382594987278859
3619,151,19,-32.89,9.98,0.0,True,False,-31.673076161197546,8.211946570102109,1.2382594987278859
3620,151,20,-32.18,9.93,0.0,True,False,-32.7553941770511,8.045371417417687,1.2382594987278859
3621,151,21,-34.51,7.11,0.0,True,False,-33.159347479712544,8.3542975799775,1.2382594987278859
3622,151,22,-35.34,8.87,0.0,True,False,-33.7263339579069,7.96204294140223,1.2382594987278859
3623,151,23,-31.66,3.87,0.0,True,False,-32.72970801714015,8.121689961397127,0.8080824020783721
3624,152,0,-34.07,6.39,0.0,True,False,-33.79183130410768,8.551780960018172,0.8080824020783721
3625,152,1,-29.83,3.97,0.0,True,False,-32.79065435233845,8.29178824102833,0.8080824020783721
3626,152,2,-33.58,3.9,0.0,True,False,-33.438693638349356,8.819224328694956,0.8080824020783721
3627,152,3,-35.21,8.45,0.0,True,False,-32.952445134255136,8.72821880714942,0.8080824020783721
3628,152,4,-30.49,7.31,0.0,True,False,-32.92761732623714,8.07122494291516,0.8080824020783721
3629,152,5,-31.2,5.6,0.0,True,False,-32.167259991655605,8.198678574774268,0.8080824020783721
3630,152,6,-30.49,6.22,0.0,True,False,-31.851885335828058,7.034144079607904,0.8080824020783721
3631,152,7,-29.04,8.81,0.0,True,False,-30.4960676117335,8.01294241630289,0.8080824020783721
3632,152,8,-32.25,10.09,0.0,True,False,-30.336645741055047,9.039753867831916,0.8080824020783721
3633,152,9,-30.78,9.28,0.0,True,False,-30.18392044342862,8.120947837447556,0.8080824020783721
3634,152,10,-30.55,2.62,0.0,True,False,-30.30578494213101,7.922736201327041,0.8080824020783721
3635,152,11,-32.59,1.7,0.0,True,False,-30.55168210380267,8.421846826736417,0.8080824020783721
3636,152,12,-30.47,4.62,0.0,True,False,-30.294617239730382,8.618956475379308,3.28814102943625
3637,152,13,-27.34,1.72,0.0,True,False,-30.38567516683357,8.377081322804075,0.8080824020783721
3638,152,14,-29.74,14.43,0.0,True,False,-30.480321564452915,9.705799160982039,1.2382594987278859
3639,152,15,-33.22,6.12,0.0,True,False,-30.00839620425018,7.04194427115067,1.2382594987278859
3640,152,16,-34.06,3.35,0.0,True,False,-30.43431733334964,7.71352182980222,1.2382594987278859
3641,152,17,-28.1,6.08,0.0,True,False,-31.60457791961962,8.811014173356412,1.2382594987278859
3642,152,18,-32.12,2.25,0.0,True,False,-32.154976825412135,7.824624854886349,1.2382594987278859
3643,152,19,-33.76,3.39,0.0,True,False,-32.57685974749405,7.9871459306607875,1.2382594987278859
3644,152,20,-33.49,5.84,0.0,True,False,-33.24083441382315,8.233975254488401,1.2382594987278859
3645,152,21,-36.31,5.33,0.0,True,False,-33.4198731223661,8.196475171314288,1.2382594987278859
3646,152,22,-30.83,5.82,0.0,True,False,-33.058603669835705,7.722505404716651,1.2382594987278859
3647,152,23,-34.66,23.95,0.0,True,False,-33.54434044334112,8.97474113701195,0.8080824020783721
3648,153,0,-31.31,11.34,0.0,True,False,-33.53077341381308,8.43337746146866,0.8080824020783721
3649,153,1,-33.87,7.55,0.0,True,False,-33.176581005778935,8.726538261889836,0.8080824020783721
3650,153,2,-30.92,11.64,0.0,True,False,-33.21025506290984,8.52737351434116,0.8080824020783721
3651,153,3,-32.95,5.4,0.0,True,False,-33.16633618100014,8.365786168912916,0.8080824020783721
3652,153,4,-31.34,12.43,0.0,True,False,-32.56405854532807,8.333613773851134,0.8080824020783721
3653,153,5,-31.13,7.61,0.0,True,False,-32.022343183261796,8.608128720416214,0.8080824020783721
3654,153,6,-30.8,10.85,0.0,True,False,-31.61128216615508,8.920997789752306,0.8080824020783721
3655,153,7,-30.83,5.46,0.0,True,False,-30.84358613597665,8.543779136594525,0.8080824020783721
3656,153,8,-31.51,7.44,0.0,True,False,-30.893349378377046,8.065779740006283,0.8080824020783721
3657,153,9,-26.8,18.11,0.0,True,False,-30.620542191805924,8.021482300577583,0.8080824020783721
3658,153,10,-32.13,7.41,0.0,True,False,-30.005278361899972,8.97709300685628,0.8080824020783721
3659,153,11,-30.11,11.29,0.0,True,False,-30.46629364827012,8.26061368676844,0.8080824020783721
3660,153,12,-30.02,11.99,0.0,True,False,-29.58078122495741,8.33168925170289,3.28814102943625
3661,153,13,-29.31,9.64,0.0,True,False,-29.987057418954056,8.478359869482269,0.8080824020783721
3662,153,14,-31.17,10.5,0.0,True,False,-30.216935570464468,8.05506691084377,1.2382594987278859
3663,153,15,-30.0,5.47,0.0,True,False,-30.871938116554134,8.246852635173644,1.2382594987278859
3664,153,16,-31.38,4.53,0.0,True,False,-30.77874344329133,7.78803693850286,1.2382594987278859
3665,153,17,-34.69,4.01,0.0,True,False,-31.296946052772448,7.901355083723153,1.2382594987278859
3666,153,18,-32.03,8.74,0.0,True,False,-32.07063583952181,8.821885650798938,1.2382594987278859
3667,153,19,-34.76,7.3,0.0,True,False,-32.54051179230559,8.974740161502408,1.2382594987278859
3668,153,20,-36.51,8.43,0.0,True,False,-33.472466629031665,8.184410735921093,1.2382594987278859
3669,153,21,-33.19,3.63,0.0,True,False,-33.42645557938253,8.007602518499779,1.2382594987278859
3670,153,22,-32.8,4.93,0.0,True,False,-33.50753609974762,8.414022214288982,1.2382594987278859
3671,153,23,-32.92,11.13,0.0,True,False,-33.460020005867726,10.737792479699753,0.8080824020783721
3672,154,0,-33.01,7.88,0.0,True,False,-34.161690866277866,8.399837315429348,0.8080824020783721
3673,154,1,-37.94,7.64,0.0,True,False,-33.94193768620079,8.479728963251487,0.8080824020783721
3674,154,2,-36.6,6.36,0.0,True,False,-34.53983203079499,8.330703249438919,0.8080824020783721
3675,154,3,-29.61,4.69,0.0,True,False,-31.196931577335672,8.20175834080288,0.8080824020783721
3676,154,4,-35.24,12.64,0.0,True,False,-33.437338051237084,8.821125001560079,0.8080824020783721
3677,154,5,-31.44,13.68,0.0,True,False,-32.749434837987515,8.634340365623135,0.8080824020783721
3678,154,6,-33.52,7.46,0.0,True,False,-32.49468997021381,8.09100104132315,0.8080824020783721
3679,154,7,-31.47,2.36,0.0,True,False,-32.08153437710277,7.64436218530045,0.8080824020783721
3680,154,8,-32.41,6.71,0.0,True,False,-31.407941357387475,8.29206540968565,0.8080824020783721
3681,154,9,-29.61,14.18,0.0,True,False,-30.469842949661565,7.744745219614799,0.8080824020783721
3682,154,10,-30.14,5.01,0.0,True,False,-30.769206938892406,7.778772179101186,0.8080824020783721
3683,154,11,-31.11,5.65,0.0,True,False,-30.571516902142537,7.9281472996946984,0.8080824020783721
3684,154,12,-32.24,10.87,0.0,True,False,-30.351845567601654,8.898468238256504,3.28814102943625
3685,154,13,-29.68,5.6,0.0,True,False,-30.72848202423785,8.493025918003653,0.8080824020783721
3686,154,14,-32.84,7.24,0.0,True,False,-30.987910404116015,8.432350928364745,1.2382594987278859
3687,154,15,-29.87,1.97,0.0,True,False,-30.812209940876375,7.739368373206115,1.2382594987278859
3688,154,16,-25.89,13.85,0.0,True,False,-31.243417503976893,8.488089259943358,1.2382594987278859
3689,154,17,-28.92,10.42,0.0,True,False,-31.030174709146074,7.307274340574559,1.2382594987278859
3690,154,18,-30.71,12.2,0.0,True,False,-31.905437595055478,9.640894505696789,1.2382594987278859
3691,154,19,-32.83,4.31,0.0,True,False,-32.79012512750614,8.637717497051371,1.2382594987278859
3692,154,20,-37.02,15.33,0.0,True,False,-33.716564498242825,8.621965388074269,1.2382594987278859
3693,154,21,-36.2,6.9,0.0,True,False,-34.73436734549657,8.345989870686374,1.2382594987278859
3694,154,22,-31.31,12.73,0.0,True,False,-33.00014792873481,9.019385638339093,1.2382594987278859
3695,154,23,-35.65,8.62,0.0,True,False,-34.08027914059746,9.025034139490375,0.8080824020783721
3696,155,0,-35.63,10.66,0.0,True,False,-34.1441012663859,8.13333007700001,0.8080824020783721
3697,155,1,-34.5,8.95,0.0,True,False,-34.49909750913816,8.381091081010691,0.8080824020783721
3698,155,2,-36.09,5.58,0.0,True,False,-34.09242705066638,8.101778733446949,0.8080824020783721
3699,155,3,-36.1,2.84,0.0,True,False,-33.55830277712428,8.270812920902133,0.8080824020783721
3700,155,4,-33.34,13.22,0.0,True,False,-33.542868767784164,8.786888525936332,0.8080824020783721
3701,155,5,-34.54,1.43,0.0,True,False,-32.80212662686489,8.327369705890296,0.8080824020783721
3702,155,6,-33.72,11.25,0.0,True,False,-32.545991684806104,10.891547620269836,0.8080824020783721
3703,155,7,-33.28,13.21,0.0,True,False,-31.868105853367616,9.680502142020865,0.8080824020783721
3704,155,8,-30.19,3.27,0.0,True,False,-31.27777763868193,7.72500405532064,0.8080824020783721
3705,155,9,-31.28,5.75,0.0,True,False,-30.568900069016735,8.932421041390278,0.8080824020783721
3706,155,10,-30.86,3.05,0.0,True,False,-30.690955745094755,8.060436169289742,0.8080824020783721
3707,155,11,-29.11,5.14,0.0,True,False,-31.07905310561201,8.542196717678463,0.8080824020783721
3708,155,12,-30.52,12.1,0.0,True,False,-30.561935273721804,8.236749402000813,3.28814102943625
3709,155,13,-30.86,10.6,0.0,True,False,-30.55789545713275,8.194372918975375,0.8080824020783721
3710,155,14,-29.56,9.89,0.0,True,False,-30.934759031991053,8.479288811743917,1.2382594987278859
3711,155,15,-29.48,5.77,0.0,True,False,-30.558115675402473,8.011486561755488,1.2382594987278859
3712,155,16,-31.53,1.54,0.0,True,False,-30.092423950343097,7.781843856344882,1.2382594987278859
3713,155,17,-31.56,3.54,0.0,True,False,-31.332070853958424,7.8033502042989005,1.2382594987278859
3714,155,18,-33.8,6.36,0.0,True,False,-32.76965781227653,8.119447717693074,1.2382594987278859
3715,155,19,-34.47,3.99,0.0,True,False,-33.2221488958795,7.928118215092551,1.2382594987278859
3716,155,20,-31.7,11.31,0.0,True,False,-33.46326155483638,8.601933495732379,1.2382594987278859
3717,155,21,-32.76,15.57,0.0,True,False,-33.643809296056226,8.346865243010612,1.2382594987278859
3718,155,22,-33.06,8.58,0.0,True,False,-34.05090888173641,8.718701669179922,1.2382594987278859
3719,155,23,-33.6,3.24,0.0,True,False,-34.134193204148175,7.672477625429022,0.8080824020783721
3720,156,0,-34.23,13.46,0.0,True,False,-34.19226582383276,9.762140060677398,0.8080824020783721
3721,156,1,-32.86,7.64,0.0,True,False,-33.970332169747536,7.98319019777788,0.8080824020783721
3722,156,2,-32.18,7.12,0.0,True,False,-33.64353096457813,7.860145149280483,0.8080824020783721
3723,156,3,-31.91,9.48,0.0,True,False,-33.39473361709634,8.957033003040326,0.8080824020783721
3724,156,4,-33.52,3.63,0.0,True,False,-33.19241069068709,8.14081855922745,0.8080824020783721
3725,156,5,-30.07,5.82,0.0,True,False,-32.62984859986391,8.719909179656746,0.8080824020783721
3726,156,6,-31.86,21.87,0.0,True,False,-32.309888012543674,11.244543096533446,0.8080824020783721
3727,156,7,-30.54,8.21,0.0,True,False,-31.598869303333093,8.147321640198518,0.8080824020783721
3728,156,8,-30.76,8.64,0.0,True,False,-30.74467107487507,8.217043344501173,0.8080824020783721
3729,156,9,-30.41,9.47,0.0,True,False,-31.09503878443128,8.024508121718783,0.8080824020783721
3730,156,10,-32.06,5.22,0.0,True,False,-30.94557472727788,8.068950151444017,0.8080824020783721
3731,156,11,-28.99,2.51,0.0,True,False,-30.41475833714525,8.259683203823482,0.8080824020783721
3732,156,12,-24.63,6.33,0.0,True,False,-30.20287206943615,8.421568467026239,3.28814102943625
3733,156,13,-31.14,6.75,0.0,True,False,-30.25782075663454,8.201186672009452,0.8080824020783721
3734,156,14,-30.45,2.44,0.0,True,False,-30.404496424350544,8.205340194866498,1.2382594987278859
3735,156,15,-31.8,5.06,0.0,True,False,-30.47770775560071,7.7863508761654066,1.2382594987278859
3736,156,16,-32.3,7.83,0.0,True,False,-31.261221276730346,8.061622043469445,1.2382594987278859
3737,156,17,-28.72,5.5,0.0,True,False,-31.88843774430722,7.444628301903775,1.2382594987278859
3738,156,18,-33.67,7.67,0.0,True,False,-32.242445401382554,8.424589740054246,1.2382594987278859
3739,156,19,-33.79,5.37,0.0,True,False,-32.951692047437035,7.668690320781204,1.2382594987278859
3740,156,20,-36.5,9.82,0.0,True,False,-33.90225868746128,8.192861703003137,1.2382594987278859
3741,156,21,-35.25,4.17,0.0,True,False,-33.805700070557954,8.051320512377966,1.2382594987278859
3742,156,22,-37.47,7.16,0.0,True,False,-34.175499327471435,8.880007656082828,1.2382594987278859
3743,156,23,-32.99,7.35,0.0,True,False,-34.21368223586384,7.779314217440745,0.8080824020783721
3744,157,0,-28.8,11.09,0.0,True,False,-32.517043334233875,8.310911672983199,0.8080824020783721
3745,157,1,-35.07,5.98,0.0,True,False,-34.16426617018398,8.324408399829114,0.8080824020783721
3746,157,2,-37.47,15.47,0.0,True,False,-34.25618585630556,8.435549639975564,0.8080824020783721
3747,157,3,-32.02,15.17,0.0,True,False,-33.96525468625005,9.029173758647534,0.8080824020783721
3748,157,4,-34.86,4.32,0.0,True,False,-33.329009438963745,7.996499473101868,0.8080824020783721
3749,157,5,-30.32,7.06,0.0,True,False,-32.59186104972748,9.485838615414869,0.8080824020783721
3750,157,6,-32.97,3.44,0.0,True,False,-32.399167078094884,6.225263481333213,0.8080824020783721
3751,157,7,-33.15,9.1,0.0,True,False,-31.983206705049508,8.87722851229486,0.8080824020783721
3752,157,8,-31.76,5.46,0.0,True,False,-31.30262337372711,7.9817113462266915,0.8080824020783721
3753,157,9,-29.47,7.59,0.0,True,False,-30.603960277549007,8.071299798647784,0.8080824020783721
3754,157,10,-31.13,6.24,0.0,True,False,-30.849523402780676,8.244252056481956,0.8080824020783721
3755,157,11,-31.46,23.68,0.0,True,False,-30.52176159463545,9.041104568718342,0.8080824020783721
3756,157,12,-30.8,6.63,0.0,True,False,-29.21207163397128,8.15776766079976,3.28814102943625
3757,157,13,-33.02,6.32,0.0,True,False,-31.046416361929577,7.749670638794852,0.8080824020783721
3758,157,14,-29.88,11.46,0.0,True,False,-30.664300257372577,7.993051122666356,1.2382594987278859
3759,157,15,-34.56,12.28,0.0,True,False,-31.118863064859248,8.07253301767402,1.2382594987278859
3760,157,16,-32.29,8.16,0.0,True,False,-31.37888527011011,8.016459618422624,1.2382594987278859
3761,157,17,-30.37,12.45,0.0,True,False,-31.279661899296524,8.053275381345529,1.2382594987278859
3762,157,18,-31.8,21.66,0.0,True,False,-32.51844951463146,8.321362168419217,1.2382594987278859
3763,157,19,-31.74,6.07,0.0,True,False,-32.8405412228887,8.457186969910781,1.2382594987278859
3764,157,20,-33.53,3.67,0.0,True,False,-33.536158103975545,8.264599527747272,1.2382594987278859
3765,157,21,-31.48,23.75,0.0,True,False,-33.771867648813,8.60860481799379,1.2382594987278859
3766,157,22,-32.29,11.87,0.0,True,False,-34.122263923101116,8.41619759060113,1.2382594987278859
3767,157,23,-33.44,14.84,0.0,True,False,-34.21088046104787,7.89698638716558,0.8080824020783721
3768,158,0,-32.62,9.55,0.0,True,False,-33.600305858980796,8.627100915696419,0.8080824020783721
3769,158,1,-32.91,7.26,0.0,True,False,-34.229086503854994,8.02389785833819,0.8080824020783721
3770,158,2,-35.09,4.68,0.0,True,False,-34.36268505832449,8.194554367963168,0.8080824020783721
3771,158,3,-36.58,13.25,0.0,True,False,-33.74573083877677,9.29276567120666,0.8080824020783721
3772,158,4,-32.64,8.38,0.0,True,False,-33.73412453483387,8.262361441975068,0.8080824020783721
3773,158,5,-31.91,2.55,0.0,True,False,-32.645707892989016,8.379660289250328,0.8080824020783721
3774,158,6,-30.3,18.09,0.0,True,False,-32.398965480334056,9.67041496982738,0.8080824020783721
3775,158,7,-33.83,3.8,0.0,True,False,-31.85973469215703,7.901310857011119,0.8080824020783721
3776,158,8,-33.29,11.98,0.0,True,False,-31.522918192820114,8.809327188793707,0.8080824020783721
3777,158,9,-30.15,8.03,0.0,True,False,-30.88691433473339,7.570882458378105,0.8080824020783721
3778,158,10,-30.89,2.67,0.0,True,False,-31.34649792468425,8.249598960375106,0.8080824020783721
3779,158,11,-34.32,21.82,0.0,True,False,-31.237017825967435,10.763196528619162,0.8080824020783721
3780,158,12,-29.73,6.08,0.0,True,False,-29.971023544691995,8.03774937044345,3.28814102943625
3781,158,13,-34.25,3.05,0.0,True,False,-31.409652836271434,7.989731616363224,0.8080824020783721
3782,158,14,-32.64,9.09,0.0,True,False,-31.03427508479502,9.213964448370383,1.2382594987278859
3783,158,15,-28.36,11.14,0.0,True,False,-31.357380107668114,7.794070820270679,1.2382594987278859
3784,158,16,-27.83,7.07,0.0,True,False,-31.444409512946585,8.178862236486564,1.2382594987278859
3785,158,17,-34.39,5.99,0.0,True,False,-31.379661268004114,8.033855166471653,1.2382594987278859
3786,158,18,-33.14,9.44,0.0,True,False,-32.81300525926908,8.115573968303282,1.2382594987278859
3787,158,19,-32.91,1.19,0.0,True,False,-33.06694973771809,8.088088197168556,1.2382594987278859
3788,158,20,-29.92,5.64,0.0,True,False,-33.433305324342165,8.721833659127713,1.2382594987278859
3789,158,21,-34.88,5.86,0.0,True,False,-33.71728969785029,8.428715096673294,1.2382594987278859
3790,158,22,-35.17,22.19,0.0,True,False,-34.29782496813121,11.506737957417892,1.2382594987278859
3791,158,23,-31.31,2.94,0.0,True,False,-34.28762750683311,8.590458959561218,0.8080824020783721
3792,159,0,-35.3,2.13,0.0,True,False,-34.49613269021625,8.20251418708364,0.8080824020783721
3793,159,1,-33.04,4.01,0.0,True,False,-34.311336955115706,8.491043696989381,0.8080824020783721
3794,159,2,-37.24,9.02,0.0,True,False,-34.51924728526406,8.299973440233412,0.8080824020783721
3795,159,3,-34.31,5.81,0.0,True,False,-34.91216437901671,8.556064204102961,0.8080824020783721
3796,159,4,-36.87,4.0,0.0,True,False,-34.01735426903563,8.18600982858062,0.8080824020783721
3797,159,5,-35.18,16.68,0.0,True,False,-33.56742713925746,8.573153872002843,0.8080824020783721
3798,159,6,-30.87,5.99,0.0,True,False,-32.07191205103465,8.689819181976658,0.8080824020783721
3799,159,7,-32.13,7.21,0.0,True,False,-32.38563628994486,8.084084836932659,0.8080824020783721
3800,159,8,-32.19,13.14,0.0,True,False,-31.561622371635426,8.613863863516027,0.8080824020783721
3801,159,9,-32.63,7.76,0.0,True,False,-31.092136499225603,7.913421593289271,0.8080824020783721
3802,159,10,-31.26,9.39,0.0,True,False,-31.185705244021474,7.686533395969766,0.8080824020783721
3803,159,11,-30.02,4.55,0.0,True,False,-31.194899041325453,7.048813912141353,0.8080824020783721
3804,159,12,-28.59,7.42,0.0,True,False,-30.314908487395577,8.347022389654217,3.28814102943625
3805,159,13,-35.87,15.62,0.0,True,False,-31.277589723214902,8.328721102243845,0.8080824020783721
3806,159,14,-32.48,8.79,0.0,True,False,-31.425078007325297,8.632757360668792,1.2382594987278859
3807,159,15,-30.82,8.16,0.0,True,False,-30.857195967427952,8.174109249157324,1.2382594987278859
3808,159,16,-31.75,6.31,0.0,True,False,-31.339648281214895,8.209135593168268,1.2382594987278859
3809,159,17,-31.23,3.41,0.0,True,False,-32.19037341435201,7.985165451434671,1.2382594987278859
3810,159,18,-32.02,12.44,0.0,True,False,-32.74020722218391,8.589326771709445,1.2382594987278859
3811,159,19,-33.68,6.92,0.0,True,False,-32.834073820621924,8.206725649734755,1.2382594987278859
3812,159,20,-34.6,4.92,0.0,True,False,-33.349688841910215,8.168185208607195,1.2382594987278859
3813,159,21,-34.46,3.2,0.0,True,False,-33.94157470756882,8.439312840897902,1.2382594987278859
3814,159,22,-31.99,23.37,0.0,True,False,-34.45443953808701,12.757029689732912,1.2382594987278859
3815,159,23,-35.95,3.73,0.0,True,False,-34.41013118160352,8.329051008011582,0.8080824020783721
3816,160,0,-34.74,12.49,0.0,True,False,-34.55035520009239,8.242472592286404,0.8080824020783721
3817,160,1,-34.18,5.08,0.0,True,False,-34.541395338151595,7.949787184507671,0.8080824020783721
3818,160,2,-31.23,7.5,0.0,True,False,-33.65954592412094,8.582292235789861,0.8080824020783721
3819,160,3,-34.63,8.71,0.0,True,False,-33.79017112925858,8.29677777094698,0.8080824020783721
3820,160,4,-31.7,8.2,0.0,True,False,-33.79194879470413,8.10061669823219,0.8080824020783721
3821,160,5,-30.67,11.16,0.0,True,False,-32.80029588458958,8.072219778587185,0.8080824020783721
3822,160,6,-32.74,5.34,0.0,True,False,-32.80139762076024,8.189581306330574,0.8080824020783721
3823,160,7,-32.52,7.24,0.0,True,False,-32.21984619254715,7.34860381031812,0.8080824020783721
3824,160,8,-32.28,9.65,0.0,True,False,-31.74469603068597,8.250291212698867,0.8080824020783721
3825,160,9,-31.71,14.86,0.0,True,False,-31.44107349304459,8.507439538898431,0.8080824020783721
3826,160,10,-29.18,10.76,0.0,True,False,-31.237956453173307,8.453370267901983,0.8080824020783721
3827,160,11,-30.22,11.78,0.0,True,False,-30.823078979007967,8.590812756855682,0.8080824020783721
3828,160,12,-30.15,6.07,0.0,True,False,-30.24605784928546,8.220694867269067,3.28814102943625
3829,160,13,-32.94,8.79,0.0,True,False,-31.359079607606045,8.099117101743492,0.8080824020783721
3830,160,14,-32.82,13.79,0.0,True,False,-31.369505697740806,8.018019439292205,1.2382594987278859
3831,160,15,-26.92,7.05,0.0,True,False,-31.51342266809239,8.12569499139344,1.2382594987278859
3832,160,16,-31.97,8.82,0.0,True,False,-30.87331949450273,7.942403358743168,1.2382594987278859
3833,160,17,-33.65,2.77,0.0,True,False,-32.15855937473058,8.008132452430596,1.2382594987278859
3834,160,18,-29.76,10.13,0.0,True,False,-32.836217599773235,8.244207421164797,1.2382594987278859
3835,160,19,-32.57,8.11,0.0,True,False,-32.93819606203177,7.914389783560986,1.2382594987278859
3836,160,20,-32.46,9.79,0.0,True,False,-33.49593419088877,8.912818630950532,1.2382594987278859
3837,160,21,-34.31,6.15,0.0,True,False,-34.20817635846759,7.895963399406804,1.2382594987278859
3838,160,22,-34.99,2.37,0.0,True,False,-34.34767671671846,8.619854062004237,1.2382594987278859
3839,160,23,-34.89,10.37,0.0,True,False,-34.341993784536896,8.062192431420167,0.8080824020783721
3840,161,0,-37.44,4.89,0.0,True,False,-34.78858873439217,7.8609789035381565,0.8080824020783721
3841,161,1,-34.79,2.95,0.0,True,False,-35.22465712467939,7.713338207712802,0.8080824020783721
3842,161,2,-33.82,7.83,0.0,True,False,-33.77915353318625,8.362364388294294,0.8080824020783721
3843,161,3,-30.39,15.83,0.0,True,False,-34.25087489373388,8.322972075558427,0.8080824020783721
3844,161,4,-33.51,4.49,0.0,True,False,-33.68093366544601,8.570123441277442,0.8080824020783721
3845,161,5,-37.86,5.0,0.0,True,False,-33.29344470368242,8.660329834857535,0.8080824020783721
3846,161,6,-32.87,10.63,0.0,True,False,-33.28812666638464,9.098177384037038,0.8080824020783721
3847,161,7,-26.68,6.46,0.0,True,False,-29.37065242687972,8.636939447917353,0.8080824020783721
3848,161,8,-29.95,10.35,0.0,True,False,-31.178389429543323,8.211131494568695,0.8080824020783721
3849,161,9,-32.89,6.27,0.0,True,False,-31.64074029885204,7.45552970740625,0.8080824020783721
3850,161,10,-29.76,5.75,0.0,True,False,-30.6744806564138,8.024921176159722,0.8080824020783721
3851,161,11,-32.23,4.62,0.0,True,False,-30.738814757207166,8.196692766044743,0.8080824020783721
3852,161,12,-33.39,8.48,0.0,True,False,-30.642808751460933,8.537109008288462,3.28814102943625
3853,161,13,-31.44,4.6,0.0,True,False,-31.449149198044463,8.161317893301842,0.8080824020783721
3854,161,14,-30.76,5.56,0.0,True,False,-31.526892390091227,8.615925733670409,1.2382594987278859
3855,161,15,-35.01,12.39,0.0,True,False,-31.958996841898387,8.082015785639149,1.2382594987278859
3856,161,16,-33.98,19.2,0.0,True,False,-31.86597880705425,8.28441321085474,1.2382594987278859
3857,161,17,-32.14,9.03,0.0,True,False,-32.513746162228514,9.230810264795473,1.2382594987278859
3858,161,18,-33.49,12.64,0.0,True,False,-32.937754652316265,8.547212572593004,1.2382594987278859
3859,161,19,-32.41,5.93,0.0,True,False,-33.35557594679794,7.832030666915639,1.2382594987278859
3860,161,20,-36.11,6.35,0.0,True,False,-33.85713527406533,8.300655910123332,1.2382594987278859
3861,161,21,-32.66,8.02,0.0,True,False,-34.16440870039374,8.046430957876112,1.2382594987278859
3862,161,22,-36.78,4.93,0.0,True,False,-34.752914521648734,7.980521219300757,1.2382594987278859
3863,161,23,-31.32,5.71,0.0,True,False,-34.17984579869318,8.055579152401773,0.8080824020783721
3864,162,0,-38.17,10.17,0.0,True,False,-35.25557543583375,8.435108334871764,0.8080824020783721
3865,162,1,-36.85,7.33,0.0,True,False,-35.1582165827696,8.762536274357087,0.8080824020783721
3866,162,2,-33.63,6.71,0.0,True,False,-34.11852756403477,8.638194291296875,0.8080824020783721
3867,162,3,-30.82,6.54,0.0,True,False,-33.48192367660028,8.28835984598724,0.8080824020783721
3868,162,4,-33.1,4.03,0.0,True,False,-33.69136794553184,8.301032797657292,0.8080824020783721
3869,162,5,-32.13,7.86,0.0,True,False,-33.373339964711896,8.454745468241965,0.8080824020783721
3870,162,6,-32.7,4.93,0.0,True,False,-32.93844136026832,8.42190324159351,0.8080824020783721
3871,162,7,-34.27,2.75,0.0,True,False,-32.518962824546044,8.002936479074428,0.8080824020783721
3872,162,8,-32.71,3.71,0.0,True,False,-31.7443782425029,8.364293490921984,0.8080824020783721
3873,162,9,-33.74,6.6,0.0,True,False,-31.644654614542954,8.425162997272254,0.8080824020783721
3874,162,10,-33.56,9.76,0.0,True,False,-31.01188874981947,8.418884806725853,0.8080824020783721
3875,162,11,-30.0,11.05,0.0,True,False,-31.43963957824468,8.090057488345298,0.8080824020783721
3876,162,12,-32.98,3.22,0.0,True,False,-30.814525871817047,8.295192881407417,3.28814102943625
3877,162,13,-30.16,9.27,0.0,True,False,-31.42434739761676,8.065133216511414,0.8080824020783721
3878,162,14,-33.61,16.31,0.0,True,False,-31.43657523288733,7.904652453529239,1.2382594987278859
3879,162,15,-30.73,11.33,0.0,True,False,-31.850806268572043,8.527298900646988,1.2382594987278859
3880,162,16,-32.71,7.71,0.0,True,False,-32.00151741216533,8.34835971144835,1.2382594987278859
3881,162,17,-29.4,8.03,0.0,True,False,-32.49953748925038,8.500447306964725,1.2382594987278859
3882,162,18,-32.09,7.6,0.0,True,False,-32.81624924128179,8.21014348894737,1.2382594987278859
3883,162,19,-30.78,5.49,0.0,True,False,-33.32629951173988,8.17996020084921,1.2382594987278859
3884,162,20,-35.25,11.6,0.0,True,False,-34.05919859749004,8.286938876105001,1.2382594987278859
3885,162,21,-34.04,4.23,0.0,True,False,-34.34088636253805,8.549518677365606,1.2382594987278859
3886,162,22,-36.43,7.92,0.0,True,False,-34.90690501970139,9.139349632655975,1.2382594987278859
3887,162,23,-35.49,2.72,0.0,True,False,-34.85626760039213,8.02138160618475,0.8080824020783721
3888,163,0,-35.31,12.13,0.0,True,False,-35.02281756187191,9.315736468732123,0.8080824020783721
3889,163,1,-36.17,7.75,0.0,True,False,-34.996073168185724,8.636223823530036,0.8080824020783721
3890,163,2,-36.95,3.08,0.0,True,False,-34.88214016805069,8.31518506005424,0.8080824020783721
3891,163,3,-37.03,14.16,0.0,True,False,-34.64053755995135,9.021924451691783,0.8080824020783721
3892,163,4,-38.46,6.86,0.0,True,False,-35.76989790654431,8.153792413392077,0.8080824020783721
3893,163,5,-35.41,3.49,0.0,True,False,-34.26446333877648,8.543902869930786,0.8080824020783721
3894,163,6,-31.53,17.04,0.0,True,False,-31.848713108207974,9.30292336719028,0.8080824020783721
3895,163,7,-35.46,6.28,0.0,True,False,-33.074230516435,8.222225473477076,0.8080824020783721
3896,163,8,-34.52,4.66,0.0,True,False,-32.28125022973298,8.2194107614925,0.8080824020783721
3897,163,9,-27.79,8.12,0.0,True,False,-31.54958207843613,9.78034573355245,0.8080824020783721
3898,163,10,-32.33,3.73,0.0,True,False,-31.6413932149556,8.258332069730042,0.8080824020783721
3899,163,11,-30.21,5.49,0.0,True,False,-30.923088057687043,8.697504897915293,0.8080824020783721
3900,163,12,-29.5,13.33,0.0,True,False,-30.86895419926958,8.471162648658034,3.28814102943625
3901,163,13,-29.53,17.57,0.0,True,False,-30.728586013915386,8.70225778678686,0.8080824020783721
3902,163,14,-34.1,6.36,0.0,True,False,-31.21862726247758,9.202103031745027,1.2382594987278859
3903,163,15,-31.83,9.0,0.0,True,False,-31.91492862986103,8.901629359045408,1.2382594987278859
3904,163,16,-35.02,13.63,0.0,True,False,-32.13226778771671,8.580360112225529,1.2382594987278859
3905,163,17,-27.37,6.26,0.0,True,False,-32.275420545004394,8.265076058654046,1.2382594987278859
3906,163,18,-35.97,4.55,0.0,True,False,-32.862611494956916,8.149285495390465,1.2382594987278859
3907,163,19,-35.4,9.85,0.0,True,False,-33.64888238937492,9.007898367465247,1.2382594987278859
3908,163,20,-35.87,3.41,0.0,True,False,-34.34393175417674,8.147074584491262,1.2382594987278859
3909,163,21,-37.19,4.27,0.0,True,False,-34.673532310062,9.340497626970514,1.2382594987278859
3910,163,22,-31.81,3.03,0.0,True,False,-34.5800020374818,8.670359077403557,1.2382594987278859
3911,163,23,-29.87,13.14,0.0,True,False,-33.18002169622857,8.499316795760826,0.8080824020783721
3912,164,0,-35.78,7.45,0.0,True,False,-34.297661092069774,8.429008208820857,0.8080824020783721
3913,164,1,-37.4,10.04,0.0,True,False,-35.02583573755742,8.130227001501973,0.8080824020783721
3914,164,2,-39.04,4.43,0.0,True,False,-35.600234896654456,7.881469653714147,0.8080824020783721
3915,164,3,-34.73,8.82,0.0,True,False,-34.90118272296773,8.496185378731937,0.8080824020783721
3916,164,4,-34.46,8.97,0.0,True,False,-33.58093331656891,8.591323041309778,0.8080824020783721
3917,164,5,-34.65,16.99,0.0,True,False,-33.652783816405616,9.203042418035201,0.8080824020783721
3918,164,6,-32.39,9.61,0.0,True,False,-33.38659541354164,8.853500883803312,0.8080824020783721
3919,164,7,-31.52,11.04,0.0,True,False,-32.50785561535882,7.999214640306945,0.8080824020783721
3920,164,8,-31.18,7.76,0.0,True,False,-32.058222768762406,8.962029910701157,0.8080824020783721
3921,164,9,-32.05,1.32,0.0,True,False,-31.3022708148797,8.0067188177506,0.8080824020783721
3922,164,10,-33.3,8.42,0.0,True,False,-31.501827315648182,8.635546707447201,0.8080824020783721
3923,164,11,-29.57,6.58,0.0,True,False,-30.8445108281599,7.83972569937905,0.8080824020783721
3924,164,12,-30.8,21.41,0.0,True,False,-30.541613714662166,12.429429262850766,3.28814102943625
3925,164,13,-29.12,5.62,0.0,True,False,-30.939836247982864,8.185075111201495,0.8080824020783721
3926,164,14,-29.52,6.41,0.0,True,False,-31.371718871651566,8.148675741716572,1.2382594987278859
3927,164,15,-34.26,5.06,0.0,True,False,-31.605112762740838,8.638896462860135,1.2382594987278859
3928,164,16,-34.7,10.52,0.0,True,False,-32.297640445594205,8.441369590570972,1.2382594987278859
3929,164,17,-33.82,4.06,0.0,True,False,-32.9465459910643,7.735986569047084,1.2382594987278859
3930,164,18,-34.94,15.87,0.0,True,False,-33.36724057652128,8.497007932390725,1.2382594987278859
3931,164,19,-31.84,10.07,0.0,True,False,-33.50913289624645,8.663406694166927,1.2382594987278859
3932,164,20,-33.13,11.91,0.0,True,False,-33.87098400983515,7.93498390664218,1.2382594987278859
3933,164,21,-32.05,4.23,0.0,True,False,-34.023722789441656,8.808238311423102,1.2382594987278859
3934,164,22,-33.77,5.41,0.0,True,False,-34.585009071930536,8.372806709986289,1.2382594987278859
3935,164,23,-34.34,7.6,0.0,True,False,-34.35679712367953,8.079874149861256,0.8080824020783721
3936,165,0,-32.47,7.23,0.0,True,False,-34.732943444838135,8.792093766984086,0.8080824020783721
3937,165,1,-33.86,10.08,0.0,True,False,-34.48255696873266,8.84070909629384,0.8080824020783721
3938,165,2,-34.47,7.24,0.0,True,False,-33.94523200083219,8.226462318779841,0.8080824020783721
3939,165,3,-31.32,16.3,0.0,True,False,-33.8184940058802,8.470541631968414,0.8080824020783721
3940,165,4,-33.64,4.28,0.0,True,False,-33.656423916550295,8.620437415648349,0.8080824020783721
3941,165,5,-34.0,3.79,0.0,True,False,-33.3510431102127,8.530062601287595,0.8080824020783721
3942,165,6,-34.55,5.27,0.0,True,False,-32.89109164743515,9.094426754829774,0.8080824020783721
3943,165,7,-30.95,6.42,0.0,True,False,-32.75180652551651,8.793027433792282,0.8080824020783721
3944,165,8,-29.4,12.44,0.0,True,False,-32.15661318699316,8.635044152135519,0.8080824020783721
3945,165,9,-31.56,8.7,0.0,True,False,-31.625017141462717,9.099522294051326,0.8080824020783721
3946,165,10,-28.52,1.5,0.0,True,False,-31.26125937365936,8.409389148246941,0.8080824020783721
3947,165,11,-34.88,1.61,0.0,True,False,-30.78060414882765,8.852536075281385,0.8080824020783721
3948,165,12,-30.98,6.73,0.0,True,False,-31.149129876660183,8.174351624415538,3.28814102943625
3949,165,13,-31.02,20.74,0.0,True,False,-31.049575369584687,10.550684511939847,0.8080824020783721
3950,165,14,-32.59,6.84,0.0,True,False,-31.26790006995193,8.302513357709847,1.2382594987278859
3951,165,15,-26.69,6.42,0.0,True,False,-31.503035822961902,7.851136311836235,1.2382594987278859
3952,165,16,-32.0,15.11,0.0,True,False,-31.191232726726586,8.64738761725212,1.2382594987278859
3953,165,17,-33.17,11.5,0.0,True,False,-32.367336364120675,8.08356446964624,1.2382594987278859
3954,165,18,-32.82,5.42,0.0,True,False,-33.043352161999046,8.193160280787184,1.2382594987278859
3955,165,19,-37.39,7.17,0.0,True,False,-33.394821096028835,8.07947302649039,1.2382594987278859
3956,165,20,-35.39,6.14,0.0,True,False,-34.480558665264304,8.359264900481625,1.2382594987278859
3957,165,21,-32.32,2.06,0.0,True,False,-33.62760091057304,8.724286409920225,1.2382594987278859
3958,165,22,-35.86,5.56,0.0,True,False,-34.75105124666489,7.828156165902126,1.2382594987278859
3959,165,23,-36.46,5.6,0.0,True,False,-34.95291571897074,7.9764323893050735,0.8080824020783721
3960,166,0,-32.29,4.95,0.0,True,False,-34.83337791311469,8.626345435258795,0.8080824020783721
3961,166,1,-32.16,5.47,0.0,True,False,-34.15613302816073,8.3565923721575,0.8080824020783721
3962,166,2,-33.6,6.21,0.0,True,False,-34.34382166527475,8.569034931507973,0.8080824020783721
3963,166,3,-35.23,24.06,0.0,True,False,-34.240010973578364,8.590511721302018,0.8080824020783721
3964,166,4,-34.38,5.16,0.0,True,False,-33.95214375944,8.493050983279778,0.8080824020783721
3965,166,5,-35.03,13.36,0.0,True,False,-33.41549612300847,7.927319675315569,0.8080824020783721
3966,166,6,-34.89,4.25,0.0,True,False,-33.32173905230588,8.01589599330987,0.8080824020783721
3967,166,7,-34.48,12.23,0.0,True,False,-32.6351921210726,8.827046198587233,0.8080824020783721
3968,166,8,-33.14,8.34,0.0,True,False,-31.85358393086935,8.244628850620995,0.8080824020783721
3969,166,9,-33.56,3.61,0.0,True,False,-32.184355033391896,8.640790423278439,0.8080824020783721
3970,166,10,-34.3,6.12,0.0,True,False,-31.047498988866465,8.790231105867425,0.8080824020783721
3971,166,11,-30.53,15.4,0.0,True,False,-31.414154904412147,11.548995189122927,0.8080824020783721
3972,166,12,-30.43,4.3,0.0,True,False,-31.062907731286195,8.149331526694501,3.28814102943625
3973,166,13,-27.57,15.61,0.0,True,False,-31.234061549009,8.552760291407672,0.8080824020783721
3974,166,14,-32.51,9.19,0.0,True,False,-31.184686960861644,9.21946513838533,1.2382594987278859
3975,166,15,-30.9,8.41,0.0,True,False,-31.63154566719501,9.348347267945709,1.2382594987278859
3976,166,16,-31.28,8.92,0.0,True,False,-31.904172358505043,8.499370868480664,1.2382594987278859
3977,166,17,-32.89,6.04,0.0,True,False,-32.63633964583497,8.203900555168872,1.2382594987278859
3978,166,18,-31.42,0.6,0.0,True,False,-32.92067276840229,8.163605226052782,1.2382594987278859
3979,166,19,-31.87,4.4,0.0,True,False,-32.93959824264528,6.959251746131482,1.2382594987278859
3980,166,20,-33.25,7.34,0.0,True,False,-33.88789153804359,7.24967856953417,1.2382594987278859
3981,166,21,-34.83,8.56,0.0,True,False,-34.303171342893435,8.36085248058157,1.2382594987278859
3982,166,22,-35.35,9.4,0.0,True,False,-34.836791302261,9.404413232441138,1.2382594987278859
3983,166,23,-37.57,9.21,0.0,True,False,-34.96922987538485,8.035636621365812,0.8080824020783721
3984,167,0,-36.55,10.41,0.0,True,False,-35.34269033247294,9.166990119513432,0.8080824020783721
3985,167,1,-36.11,18.6,0.0,True,False,-34.449873093560925,12.668224399444993,0.8080824020783721
3986,167,2,-36.91,8.2,0.0,True,False,-35.20709844076508,9.63351136953434,0.8080824020783721
3987,167,3,-33.47,13.01,0.0,True,False,-34.28136687216819,9.679292939872024,0.8080824020783721
3988,167,4,-31.54,9.57,0.0,True,False,-33.80683061209248,8.991937568450528,0.8080824020783721
3989,167,5,-35.27,19.59,0.0,True,False,-33.32338289656989,9.013174593596805,0.8080824020783721
3990,167,6,-32.37,7.6,0.0,True,False,-33.066125510222,9.738095216920692,0.8080824020783721
3991,167,7,-34.48,7.18,0.0,True,False,-32.35395612211012,8.628714137162074,0.8080824020783721
3992,167,8,-32.54,12.61,0.0,True,False,-32.388779731230905,8.505352588485774,0.8080824020783721
3993,167,9,-32.9,12.62,0.0,True,False,-31.684278521322444,9.028325879917025,0.8080824020783721
3994,167,10,-30.0,6.31,0.0,True,False,-31.444305547581127,9.190774205864782,0.8080824020783721
3995,167,11,-32.36,9.4,0.0,True,False,-31.330932457881364,8.904902975640026,0.8080824020783721
3996,167,12,-28.91,10.46,0.0,True,False,-30.49877151594354,8.73510822203667,3.28814102943625
3997,167,13,-31.49,10.17,0.0,True,False,-30.90011485336843,8.484454090131662,0.8080824020783721
3998,167,14,-32.5,23.93,0.0,True,False,-31.572386433838815,9.349103571076785,1.2382594987278859
3999,167,15,-34.03,2.6,0.0,True,False,-31.81523414705966,7.905282822323338,1.2382594987278859
4000,167,16,-31.43,10.24,0.0,True,False,-32.3565951151579,9.388912824412827,1.2382594987278859
4001,167,17,-30.63,10.48,0.0,True,False,-32.575486759295096,9.359108525384837,1.2382594987278859
4002,167,18,-32.39,9.11,0.0,True,False,-33.085667560239735,9.575385730369272,1.2382594987278859
4003,167,19,-28.97,5.95,0.0,True,False,-32.76205476421794,8.808816552310821,1.2382594987278859
4004,167,20,-31.07,14.63,0.0,True,False,-33.563494172078116,9.143692767424682,1.2382594987278859
4005,167,21,-34.96,4.35,0.0,True,False,-34.128549808319256,8.457656270268213,1.2382594987278859
4006,167,22,-35.3,12.73,0.0,True,False,-34.97795876344127,9.485643613898388,1.2382594987278859
4007,167,23,-33.93,4.32,0.0,True,False,-34.586136202891424,9.358929488512747,0.8080824020783721
4008,168,0,-36.63,11.95,0.0,True,False,-35.04087606051783,10.050283546979278,0.8080824020783721
4009,168,1,-32.56,4.43,0.0,True,False,-34.844257917216574,8.755950194569436,0.8080824020783721
4010,168,2,-33.97,11.61,0.0,True,False,-34.814761587202874,8.866068694199553,0.8080824020783721
4011,168,3,-33.86,16.25,0.0,True,False,-34.20068530547835,8.327141133612969,0.8080824020783721
4012,168,4,-32.58,16.28,0.0,True,False,-33.97125452664417,10.314479945102107,0.8080824020783721
4013,168,5,-30.03,14.5,0.0,True,False,-33.16359284838862,8.850741971767016,0.8080824020783721
4014,168,6,-32.62,7.58,0.0,True,False,-32.7707178987736,9.264721229187682,0.8080824020783721
4015,168,7,-32.67,5.42,0.0,True,False,-32.48030130868216,9.328620747007994,0.8080824020783721
4016,168,8,-28.94,1.39,0.0,True,False,-31.927614451387605,8.122412422298487,0.8080824020783721
4017,168,9,-29.61,6.96,0.0,True,False,-31.58702439380462,10.068408512921494,0.8080824020783721
4018,168,10,-31.87,12.25,0.0,True,False,-30.966897262964387,8.813934469684398,0.8080824020783721
4019,168,11,-31.02,10.16,0.0,True,False,-31.24552175978409,8.151137318271141,0.8080824020783721
4020,168,12,-30.57,20.49,0.0,True,False,-30.4959822398809,9.68283231216144,3.28814102943625
4021,168,13,-30.3,5.71,0.0,True,False,-31.269906987395817,8.923759389768279,0.8080824020783721
4022,168,14,-33.94,16.81,0.0,True,False,-31.42800510400223,8.946886687463824,1.2382594987278859
4023,168,15,-34.63,7.25,0.0,True,False,-31.668868416402077,7.983319724916311,1.2382594987278859
4024,168,16,-33.73,4.31,0.0,True,False,-32.15820867627574,8.37873407346473,1.2382594987278859
4025,168,17,-34.37,8.77,0.0,True,False,-32.75527241347186,9.359290732597106,1.2382594987278859
4026,168,18,-34.24,10.03,0.0,True,False,-33.19212493714151,8.953550428437659,1.2382594987278859
4027,168,19,-32.21,13.84,0.0,True,False,-32.80826901263849,10.116789825298898,1.2382594987278859
4028,168,20,-34.3,5.7,0.0,True,False,-33.951524491563035,8.41512394206592,1.2382594987278859
4029,168,21,-33.98,8.77,0.0,True,False,-34.25913614853365,8.3438880235287,1.2382594987278859
4030,168,22,-37.14,7.65,0.0,True,False,-34.760413619737015,8.24309114551685,1.2382594987278859
4031,168,23,-35.81,6.29,0.0,True,False,-35.34797486552624,8.875562120528684,0.8080824020783721
4032,169,0,-33.8,15.95,0.0,True,False,-34.334672228336274,9.297979665525931,0.8080824020783721
4033,169,1,-33.72,10.11,0.0,True,False,-34.64208735215014,8.986784908772977,0.8080824020783721
4034,169,2,-36.16,1.92,0.0,True,False,-34.527285751767714,7.4592508193672264,0.8080824020783721
4035,169,3,-34.07,8.85,0.0,True,False,-34.329639850591185,8.89145280069357,0.8080824020783721
4036,169,4,-29.58,2.97,0.0,True,False,-33.68648110970111,7.921501147520518,0.8080824020783721
4037,169,5,-33.53,8.4,0.0,True,False,-32.851447586060004,9.366165207912049,0.8080824020783721
4038,169,6,-34.36,3.28,0.0,True,False,-33.01671469313722,8.09056433662195,0.8080824020783721
4039,169,7,-32.81,10.13,0.0,True,False,-32.67305996326848,8.676072698606209,0.8080824020783721
4040,169,8,-31.79,2.94,0.0,True,False,-31.562889362314092,7.9037222315534486,0.8080824020783721
4041,169,9,-31.86,4.45,0.0,True,False,-31.366189726646887,8.715131405963714,0.8080824020783721
4042,169,10,-31.31,11.28,0.0,True,False,-31.431796736624506,8.30471133858426,0.8080824020783721
4043,169,11,-33.93,7.58,0.0,True,False,-31.475313787717948,8.330416794411938,0.8080824020783721
4044,169,12,-32.9,3.45,0.0,True,False,-31.126955021904134,8.386252033273424,3.28814102943625
4045,169,13,-31.34,15.45,0.0,True,False,-30.896778649984327,9.037287000138981,0.8080824020783721
4046,169,14,-31.57,6.1,0.0,True,False,-31.530670858483898,8.068649702301737,1.2382594987278859
4047,169,15,-32.69,6.64,0.0,True,False,-31.841588748611326,8.42856536954329,1.2382594987278859
4048,169,16,-32.33,6.96,0.0,True,False,-31.831430137500455,9.16658786542117,1.2382594987278859
4049,169,17,-32.34,10.55,0.0,True,False,-32.34910639640182,8.339876398652855,1.2382594987278859
4050,169,18,-31.2,6.35,0.0,True,False,-33.056656637390795,7.941029498332082,1.2382594987278859
4051,169,19,-33.69,7.11,0.0,True,False,-33.36251065033929,8.132117278920502,1.2382594987278859
4052,169,20,-33.18,13.17,0.0,True,False,-33.80910060830335,8.61954147106554,1.2382594987278859
4053,169,21,-35.47,12.36,0.0,True,False,-34.157023078518925,9.158877773291003,1.2382594987278859
4054,169,22,-33.56,6.88,0.0,True,False,-34.9067171829392,8.706027120266024,1.2382594987278859
4055,169,23,-34.16,7.0,0.0,True,False,-34.760413619737015,9.363956770644602,0.8080824020783721
4056,170,0,-33.26,1.46,0.0,True,False,-34.626565280042215,8.340417698286698,0.8080824020783721
4057,170,1,-33.49,23.32,0.0,True,False,-34.63828921721093,10.838778510508872,0.8080824020783721
4058,170,2,-33.54,11.5,0.0,True,False,-34.65579640155555,9.280855694988393,0.8080824020783721
4059,170,3,-34.6,6.17,0.0,True,False,-34.184531407511464,8.154205817892041,0.8080824020783721
4060,170,4,-33.5,14.3,0.0,True,False,-33.53161973517406,8.858070420476148,0.8080824020783721
4061,170,5,-31.38,2.74,0.0,True,False,-33.24073372568554,7.847353650461879,0.8080824020783721
4062,170,6,-34.29,4.62,0.0,True,False,-33.05007479916761,8.491336230699947,0.8080824020783721
4063,170,7,-33.73,28.74,0.0,True,False,-32.571263742117075,11.441169368011975,0.8080824020783721
4064,170,8,-31.63,11.27,0.0,True,False,-32.18116542993715,9.152532536606307,0.8080824020783721
4065,170,9,-30.74,2.64,0.0,True,False,-31.68996166015668,5.81727136767322,0.8080824020783721
4066,170,10,-32.91,2.96,0.0,True,False,-31.335026347240458,7.850374928860617,0.8080824020783721
4067,170,11,-31.21,10.21,0.0,True,False,-31.200966363932142,8.73378342577568,0.8080824020783721
4068,170,12,-31.18,9.16,0.0,True,False,-30.96177004210426,8.100921245923699,3.28814102943625
4069,170,13,-35.49,6.59,0.0,True,False,-31.425216633484556,8.080273326729731,0.8080824020783721
4070,170,14,-31.7,14.06,0.0,True,False,-31.712447128259036,8.457149113655817,1.2382594987278859
4071,170,15,-31.89,5.27,0.0,True,False,-31.825198688199688,8.660964285333794,1.2382594987278859
4072,170,16,-32.31,1.99,0.0,True,False,-32.11330438771745,8.886469788632533,1.2382594987278859
4073,170,17,-29.64,10.55,0.0,True,False,-32.54491828765849,8.536879960963988,1.2382594987278859
4074,170,18,-35.42,11.73,0.0,True,False,-32.97713166878998,9.081746696455149,1.2382594987278859
4075,170,19,-35.16,20.44,0.0,True,False,-33.52689579202248,9.009882586138868,1.2382594987278859
4076,170,20,-39.21,3.91,0.0,True,False,-34.221641549477155,8.392275628511262,1.2382594987278859
4077,170,21,-35.37,2.06,0.0,True,False,-34.76763102870826,8.390182860852939,1.2382594987278859
4078,170,22,-35.51,7.5,0.0,True,False,-33.817598066710744,7.91887926986426,1.2382594987278859
4079,170,23,-35.94,8.93,0.0,True,False,-35.23837447018264,8.121755387242176,0.8080824020783721
4080,171,0,-32.78,12.16,0.0,True,False,-34.74371900446536,9.153216889119642,0.8080824020783721
4081,171,1,-33.21,9.21,0.0,True,False,-34.60506115026132,8.80732294712506,0.8080824020783721
4082,171,2,-34.57,5.67,0.0,True,False,-34.50612848045533,9.036961692487093,0.8080824020783721
4083,171,3,-35.15,8.33,0.0,True,False,-34.2471845297515,8.515245244542031,0.8080824020783721
4084,171,4,-31.94,12.47,0.0,True,False,-33.82312695614866,9.164535952321154,0.8080824020783721
4085,171,5,-33.55,8.87,0.0,True,False,-33.44536386301146,9.331627267953467,0.8080824020783721
4086,171,6,-34.63,11.57,0.0,True,False,-33.14228771353756,8.919993853113247,0.8080824020783721
4087,171,7,-35.91,4.02,0.0,True,False,-32.66567099746176,8.067787223963743,0.8080824020783721
4088,171,8,-32.88,10.34,0.0,True,False,-32.123567851284534,9.351769326579651,0.8080824020783721
4089,171,9,-30.07,9.22,0.0,True,False,-31.570360216839447,9.074608648518648,0.8080824020783721
4090,171,10,-26.71,6.31,0.0,True,False,-31.208072546735767,8.393273962552179,0.8080824020783721
4091,171,11,-30.94,12.58,0.0,True,False,-30.64517462265551,8.20786864869155,0.8080824020783721
4092,171,12,-32.53,18.48,0.0,True,False,-31.089318968148422,9.612409952763707,3.28814102943625
4093,171,13,-33.44,3.19,0.0,True,False,-31.31958650576075,8.794701138756785,0.8080824020783721
4094,171,14,-30.16,2.58,0.0,True,False,-31.403970557005398,8.246046913798034,1.2382594987278859
4095,171,15,-35.11,6.48,0.0,True,False,-31.781001690188887,8.11172861745885,1.2382594987278859
4096,171,16,-30.9,7.22,0.0,True,False,-32.14829300895022,8.322748930234571,1.2382594987278859
4097,171,17,-30.84,7.51,0.0,True,False,-32.180015984812904,8.275402603589244,1.2382594987278859
4098,171,18,-32.12,5.34,0.0,True,False,-32.94324188204128,8.215269978935215,1.2382594987278859
4099,171,19,-33.95,2.89,0.0,True,False,-33.22406941256276,7.462050268067123,1.2382594987278859
4100,171,20,-32.87,6.66,0.0,True,False,-33.01497409614353,8.750085155326444,1.2382594987278859
4101,171,21,-34.07,7.25,0.0,True,False,-34.157023078518925,9.029520559520098,1.2382594987278859
4102,171,22,-36.29,6.36,0.0,True,False,-34.741475709558635,8.326198828431043,1.2382594987278859
4103,171,23,-31.23,7.34,0.0,True,False,-34.76699607675344,8.332750521705726,0.8080824020783721
4104,172,0,-35.7,8.43,0.0,True,False,-34.74343888245353,9.026639093352411,0.8080824020783721
4105,172,1,-33.38,6.79,0.0,True,False,-34.79757359839726,8.456489680665133,0.8080824020783721
4106,172,2,-39.57,5.3,0.0,True,False,-34.712616562568044,8.687874240823835,0.8080824020783721
4107,172,3,-31.86,7.36,0.0,True,False,-33.668011799394804,7.639465781123488,0.8080824020783721
4108,172,4,-31.06,8.76,0.0,True,False,-32.126414695682534,8.553310685771212,0.8080824020783721
4109,172,5,-33.46,7.7,0.0,True,False,-33.14777505472889,9.421020956519184,0.8080824020783721
4110,172,6,-31.88,19.1,0.0,True,False,-33.05622535457723,9.314608141556306,0.8080824020783721
4111,172,7,-31.37,9.07,0.0,True,False,-32.47089232804771,7.897435375084017,0.8080824020783721
4112,172,8,-33.29,7.53,0.0,True,False,-31.706749310347195,8.491245654195021,0.8080824020783721
4113,172,9,-30.49,4.89,0.0,True,False,-31.14415808110118,8.377620376442854,0.8080824020783721
4114,172,10,-32.89,4.95,0.0,True,False,-31.380702004686107,8.999352045966825,0.8080824020783721
4115,172,11,-32.29,6.37,0.0,True,False,-31.197275385890727,7.886767224037947,0.8080824020783721
4116,172,12,-28.75,6.47,0.0,True,False,-30.871606044298545,8.196110053388638,3.28814102943625
4117,172,13,-29.12,6.34,0.0,True,False,-31.197570412161724,9.013161744435028,0.8080824020783721
4118,172,14,-32.68,9.27,0.0,True,False,-30.847514626866452,8.429498705948852,1.2382594987278859
4119,172,15,-33.05,12.38,0.0,True,False,-31.680885669562066,8.92631488181797,1.2382594987278859
4120,172,16,-33.29,10.56,0.0,True,False,-32.035812157642226,8.933012778000805,1.2382594987278859
4121,172,17,-31.02,9.96,0.0,True,False,-32.47488770863482,8.125952211845638,1.2382594987278859
4122,172,18,-35.0,4.6,0.0,True,False,-33.06252677435889,8.4843012070479,1.2382594987278859
4123,172,19,-32.8,13.29,0.0,True,False,-33.49105035363566,9.171022001624307,1.2382594987278859
4124,172,20,-32.51,4.83,0.0,True,False,-33.70365801536071,9.075963877076171,1.2382594987278859
4125,172,21,-34.59,8.65,0.0,True,False,-34.22414752730088,8.592662219524533,1.2382594987278859
4126,172,22,-32.71,9.65,0.0,True,False,-34.836791302261,9.367194934011366,1.2382594987278859
4127,172,23,-35.54,13.49,0.0,True,False,-34.91504707469986,8.551252606274929,0.8080824020783721
4128,173,0,-35.43,17.37,0.0,True,False,-34.874148873706304,8.642858654878777,0.8080824020783721
4129,173,1,-36.88,6.23,0.0,True,False,-34.62002431378794,8.82218209741339,0.8080824020783721
4130,173,2,-32.7,8.29,0.0,True,False,-33.95687252224073,8.499810321998803,0.8080824020783721
4131,173,3,-35.94,12.88,0.0,True,False,-33.9614145166906,9.026592338682677,0.8080824020783721
4132,173,4,-33.3,18.11,0.0,True,False,-33.95182604452168,8.581733793277701,0.8080824020783721
4133,173,5,-33.66,6.58,0.0,True,False,-33.11400944316514,8.899473918567967,0.8080824020783721
4134,173,6,-35.1,4.72,0.0,True,False,-33.207144074773325,8.573290174718245,0.8080824020783721
4135,173,7,-33.7,3.45,0.0,True,False,-32.85878635939489,8.306055472839246,0.8080824020783721
4136,173,8,-29.23,2.66,0.0,True,False,-31.78704163066497,8.39146809244079,0.8080824020783721
4137,173,9,-31.18,5.16,0.0,True,False,-31.349587659913716,8.806413091494102,0.8080824020783721
4138,173,10,-33.28,11.63,0.0,True,False,-31.395094030146165,8.45650248004019,0.8080824020783721
4139,173,11,-30.45,11.97,0.0,True,False,-31.156420405517675,8.701521342726084,0.8080824020783721
4140,173,12,-31.29,9.07,0.0,True,False,-30.452394271983156,9.033590504955766,3.28814102943625
4141,173,13,-24.16,6.43,0.0,True,False,-30.882874782089516,9.359914959268856,0.8080824020783721
4142,173,14,-30.7,9.29,0.0,True,False,-30.641453906837537,9.233730214040465,1.2382594987278859
4143,173,15,-32.34,7.76,0.0,True,False,-31.605967821838096,8.22757688254883,1.2382594987278859
4144,173,16,-29.16,6.59,0.0,True,False,-31.66027273258083,8.241102104569054,1.2382594987278859
4145,173,17,-36.16,8.86,0.0,True,False,-32.447936290473095,8.513575531708145,1.2382594987278859
4146,173,18,-32.81,6.28,0.0,True,False,-33.164854558934266,8.854736609666187,1.2382594987278859
4147,173,19,-29.53,8.84,0.0,True,False,-33.18748647258617,8.896656088177323,1.2382594987278859
4148,173,20,-34.23,9.55,0.0,True,False,-33.83544270413544,8.45202061395035,1.2382594987278859
4149,173,21,-37.88,10.72,0.0,True,False,-34.28544622689918,8.29181864760338,1.2382594987278859
4150,173,22,-35.52,2.96,0.0,True,False,-35.117468720706874,8.64494089556102,1.2382594987278859
4151,173,23,-32.02,13.38,0.0,True,False,-33.62761872801811,8.69658938139152,0.8080824020783721
4152,174,0,-34.24,7.25,0.0,True,False,-34.90460071121421,7.866433663749683,0.8080824020783721
4153,174,1,-36.6,17.47,0.0,True,False,-34.977135258007344,8.686539340404197,0.8080824020783721
4154,174,2,-36.09,11.67,0.0,True,False,-34.6594167350498,10.337547831011157,0.8080824020783721
4155,174,3,-35.52,4.8,0.0,True,False,-34.1018158454685,8.05714610227523,0.8080824020783721
4156,174,4,-33.27,10.04,0.0,True,False,-33.865574203729004,8.841917780320893,0.8080824020783721
4157,174,5,-30.83,12.9,0.0,True,False,-33.20007180212547,8.42210398587246,0.8080824020783721
4158,174,6,-30.88,6.76,0.0,True,False,-32.80331288386655,8.655892211876582,0.8080824020783721
4159,174,7,-31.56,4.6,0.0,True,False,-32.25451411600677,8.24931425724661,0.8080824020783721
4160,174,8,-34.65,4.19,0.0,True,False,-31.765836686595044,9.130596713750942,0.8080824020783721
4161,174,9,-34.23,3.39,0.0,True,False,-32.00808791281025,9.183195272474823,0.8080824020783721
4162,174,10,-30.19,2.14,0.0,True,False,-31.594135660363094,9.29983243941181,0.8080824020783721
4163,174,11,-33.75,7.32,0.0,True,False,-31.210036697026165,8.388109803820829,0.8080824020783721
4164,174,12,-31.44,4.31,0.0,True,False,-31.091109583517316,7.923281785308706,3.28814102943625
4165,174,13,-30.45,5.44,0.0,True,False,-30.57808701230627,9.51283048644236,0.8080824020783721
4166,174,14,-33.53,17.67,0.0,True,False,-31.451145889883076,8.336787202565073,1.2382594987278859
4167,174,15,-33.62,9.57,0.0,True,False,-31.906358500975934,8.93311310938168,1.2382594987278859
4168,174,16,-32.18,4.72,0.0,True,False,-31.572177067689868,9.26001605804251,1.2382594987278859
4169,174,17,-31.46,21.71,0.0,True,False,-32.294316617359264,8.810477575218547,1.2382594987278859
4170,174,18,-30.87,8.81,0.0,True,False,-32.98118729222449,10.290532670985305,1.2382594987278859
4171,174,19,-32.29,1.03,0.0,True,False,-32.945286148913965,8.231873357392232,1.2382594987278859
4172,174,20,-33.84,20.75,0.0,True,False,-33.8783561780223,13.534383278799247,1.2382594987278859
4173,174,21,-35.9,15.58,0.0,True,False,-34.74048599332313,11.218149118831215,1.2382594987278859
4174,174,22,-36.86,8.96,0.0,True,False,-35.02206643841889,9.115770573482655,1.2382594987278859
4175,174,23,-35.94,7.29,0.0,True,False,-34.70021263885203,8.434405362899138,0.8080824020783721
4176,175,0,-34.16,11.55,0.0,True,False,-34.45484684093778,9.598737462186032,0.8080824020783721
4177,175,1,-34.23,8.58,0.0,True,False,-34.7129660640384,8.42682009652199,0.8080824020783721
4178,175,2,-38.91,6.01,0.0,True,False,-34.74489506816845,8.381449531880547,0.8080824020783721
4179,175,3,-35.96,5.82,0.0,True,False,-34.76009653397225,8.630191630838606,0.8080824020783721
4180,175,4,-31.57,12.47,0.0,True,False,-32.31029208934339,8.663438159756362,0.8080824020783721
4181,175,5,-33.34,4.71,0.0,True,False,-33.26833498338051,8.352437353416871,0.8080824020783721
4182,175,6,-35.81,12.39,0.0,True,False,-33.2490254787945,10.389907656666164,0.8080824020783721
4183,175,7,-27.75,7.87,0.0,True,False,-32.69157598020874,9.273582914137215,0.8080824020783721
4184,175,8,-32.03,3.03,0.0,True,False,-31.591207202020005,9.120208960632636,0.8080824020783721
4185,175,9,-30.79,27.88,0.0,True,False,-31.510634834057523,10.786799378694914,0.8080824020783721
4186,175,10,-30.44,4.78,0.0,True,False,-31.040849029108003,7.404892777608057,0.8080824020783721
4187,175,11,-31.78,5.14,0.0,True,False,-31.191537117554702,6.433178109398761,0.8080824020783721
4188,175,12,-32.43,6.92,0.0,True,False,-31.15889906657193,7.943577502124465,3.28814102943625
4189,175,13,-26.8,7.51,0.0,True,False,-29.77342170337806,8.859411158167722,0.8080824020783721
4190,175,14,-29.24,8.99,0.0,True,False,-30.526421909209308,8.165183214141964,1.2382594987278859
4191,175,15,-29.92,12.55,0.0,True,False,-31.62642958749651,8.219113352720486,1.2382594987278859
4192,175,16,-30.82,12.34,0.0,True,False,-31.75112555241914,8.64484661865061,1.2382594987278859
4193,175,17,-34.46,5.72,0.0,True,False,-32.85173318395831,8.324244496889863,1.2382594987278859
4194,175,18,-30.42,5.82,0.0,True,False,-33.198444493492225,8.108459441583724,1.2382594987278859
4195,175,19,-35.18,11.88,0.0,True,False,-33.45253323024858,9.00427548649108,1.2382594987278859
4196,175,20,-33.41,4.33,0.0,True,False,-34.10229103842043,8.514664407010573,1.2382594987278859
4197,175,21,-37.67,7.87,0.0,True,False,-34.89057698380777,8.500394037186508,1.2382594987278859
4198,175,22,-38.79,30.01,0.0,True,False,-35.30299316985528,9.30839456410093,1.2382594987278859
4199,175,23,-34.27,6.18,0.0,True,False,-34.841253556975076,8.391908529469452,0.8080824020783721
4200,176,0,-36.58,3.36,0.0,True,False,-34.9419798724999,5.017176076795935,0.8080824020783721
4201,176,1,-38.87,4.78,0.0,True,False,-35.74506303447545,7.959798184488661,0.8080824020783721
4202,176,2,-33.61,4.95,0.0,True,False,-34.152371609804774,8.223611247293743,0.8080824020783721
4203,176,3,-30.13,4.57,0.0,True,False,-32.37630970799651,9.372121435910444,0.8080824020783721
4204,176,4,-31.18,6.75,0.0,True,False,-33.57486100563557,9.011600027956353,0.8080824020783721
4205,176,5,-33.99,20.55,0.0,True,False,-32.9227132166888,9.370050311858215,0.8080824020783721
4206,176,6,-32.94,9.9,0.0,True,False,-32.75206375220982,8.667652153329792,0.8080824020783721
4207,176,7,-30.66,7.1,0.0,True,False,-31.88718514594768,8.877421162754848,0.8080824020783721
4208,176,8,-29.71,7.41,0.0,True,False,-31.911412937535022,8.542067015077333,0.8080824020783721
4209,176,9,-32.23,5.31,0.0,True,False,-31.671491193509468,9.632125095140973,0.8080824020783721
4210,176,10,-31.16,7.4,0.0,True,False,-31.182392575491797,7.774818407569188,0.8080824020783721
4211,176,11,-30.42,14.68,0.0,True,False,-31.40488422402498,8.495351939285376,0.8080824020783721
4212,176,12,-29.85,23.01,0.0,True,False,-30.754909115800764,12.25797907131323,3.28814102943625
4213,176,13,-31.29,12.3,0.0,True,False,-31.49060394505318,10.804454986968482,0.8080824020783721
4214,176,14,-31.47,11.49,0.0,True,False,-31.111408147298636,8.966151570045557,1.2382594987278859
4215,176,15,-28.78,20.07,0.0,True,False,-31.386480599039245,9.200378072975907,1.2382594987278859
4216,176,16,-29.54,26.39,0.0,True,False,-31.9218334548778,10.480330027454453,1.2382594987278859
4217,176,17,-31.48,19.37,0.0,True,False,-32.175176238233554,13.265548817747272,1.2382594987278859
4218,176,18,-29.52,12.76,0.0,True,False,-32.40207137350887,8.765784124178477,1.2382594987278859
4219,176,19,-34.25,8.99,0.0,True,False,-33.336876996092535,8.483546692621957,1.2382594987278859
4220,176,20,-30.71,5.06,0.0,True,False,-33.87690128548012,7.913122727039088,1.2382594987278859
4221,176,21,-33.29,12.27,0.0,True,False,-34.44032765574423,9.370832781398704,1.2382594987278859
4222,176,22,-28.15,12.79,0.0,True,False,-30.951698238357185,8.970040911848288,1.2382594987278859
4223,176,23,-37.27,12.96,0.0,True,False,-35.19867762868959,9.25970960713139,0.8080824020783721
4224,177,0,-36.31,1.36,0.0,True,False,-35.46892188701588,8.481042775050515,0.8080824020783721
4225,177,1,-34.03,6.09,0.0,True,False,-34.122566833946905,8.843570800673394,0.8080824020783721
4226,177,2,-33.87,9.84,0.0,True,False,-34.473910400001465,8.90774629203543,0.8080824020783721
4227,177,3,-30.45,6.34,0.0,True,False,-33.310286174011715,8.677178398498258,0.8080824020783721
4228,177,4,-35.27,5.8,0.0,True,False,-33.46992171127345,8.711390174761402,0.8080824020783721
4229,177,5,-31.64,5.3,0.0,True,False,-33.30988477929259,9.312643179846779,0.8080824020783721
4230,177,6,-30.61,3.09,0.0,True,False,-32.79254274762199,7.352912052046744,0.8080824020783721
4231,177,7,-31.01,9.57,0.0,True,False,-32.509839342190894,8.731811004907154,0.8080824020783721
4232,177,8,-33.86,5.58,0.0,True,False,-31.726684393197353,9.835743419376602,0.8080824020783721
4233,177,9,-28.7,21.18,0.0,True,False,-31.38088408399984,14.39925987815566,0.8080824020783721
4234,177,10,-28.74,7.1,0.0,True,False,-31.231769278067365,9.735918185477809,0.8080824020783721
4235,177,11,-29.8,10.36,0.0,True,False,-30.6355968497807,9.264800455332587,0.8080824020783721
4236,177,12,-30.52,8.87,0.0,True,False,-30.471184150969197,8.369948952877305,3.28814102943625
4237,177,13,-30.55,8.66,0.0,True,False,-31.30908949337283,8.143036862220265,0.8080824020783721
4238,177,14,-31.36,1.92,0.0,True,False,-31.355256181768496,7.9368552205128235,1.2382594987278859
4239,177,15,-30.24,12.42,0.0,True,False,-31.150125063298283,7.880618678412768,1.2382594987278859
4240,177,16,-31.87,16.93,0.0,True,False,-31.23194065809179,8.880084034536301,1.2382594987278859
4241,177,17,-34.11,8.54,0.0,True,False,-32.63625055592604,8.68102829861834,1.2382594987278859
4242,177,18,-35.03,4.24,0.0,True,False,-32.66232204581079,7.854888466482465,1.2382594987278859
4243,177,19,-34.96,5.88,0.0,True,False,-33.65437507144913,9.415354801933361,1.2382594987278859
4244,177,20,-33.49,4.35,0.0,True,False,-34.1222933200112,8.979949102109819,1.2382594987278859
4245,177,21,-34.4,15.94,0.0,True,False,-34.39586728436838,9.163468399118738,1.2382594987278859
4246,177,22,-34.23,6.17,0.0,True,False,-33.96140710053839,7.949802654731744,1.2382594987278859
4247,177,23,-33.86,8.74,0.0,True,False,-34.60573447590939,8.16503355595502,0.8080824020783721
4248,178,0,-36.16,6.95,0.0,True,False,-34.850033871508266,9.712954224362248,0.8080824020783721
4249,178,1,-31.9,10.12,0.0,True,False,-34.38780701388074,9.174567154480673,0.8080824020783721
4250,178,2,-35.17,4.88,0.0,True,False,-34.60146573801971,8.844195121988466,0.8080824020783721
4251,178,3,-35.19,8.57,0.0,True,False,-33.96253141656755,8.961085521686924,0.8080824020783721
4252,178,4,-32.94,6.2,0.0,True,False,-33.70430628600691,8.414452623927241,0.8080824020783721
4253,178,5,-37.09,13.24,0.0,True,False,-33.425350394701056,9.37369229050366,0.8080824020783721
4254,178,6,-34.49,2.05,0.0,True,False,-33.75798926938526,8.17985370948515,0.8080824020783721
4255,178,7,-30.42,6.56,0.0,True,False,-31.954650675202426,7.781433182232753,0.8080824020783721
4256,178,8,-35.38,12.61,0.0,True,False,-32.14204446975959,9.047699221614348,0.8080824020783721
4257,178,9,-29.25,11.88,0.0,True,False,-31.179094173535958,9.501253566397214,0.8080824020783721
4258,178,10,-28.15,3.23,0.0,True,False,-30.346950018238722,8.579029717461903,0.8080824020783721
4259,178,11,-31.71,11.24,0.0,True,False,-30.950064077486424,8.935792461962578,0.8080824020783721
4260,178,12,-30.32,4.63,0.0,True,False,-30.578368257514217,8.890710162170384,3.28814102943625
4261,178,13,-28.73,5.4,0.0,True,False,-31.10769139733729,8.565221575266142,0.8080824020783721
4262,178,14,-32.11,12.27,0.0,True,False,-31.277036105670923,8.601581848819738,1.2382594987278859
4263,178,15,-29.75,6.49,0.0,True,False,-31.325175016230816,8.293212925782445,1.2382594987278859
4264,178,16,-33.25,3.1,0.0,True,False,-31.779250701318475,8.284262763146955,1.2382594987278859
4265,178,17,-33.34,4.0,0.0,True,False,-32.31955756807013,8.725471239678535,1.2382594987278859
4266,178,18,-34.5,7.92,0.0,True,False,-33.14579227542553,8.1484183253573,1.2382594987278859
4267,178,19,-32.74,6.38,0.0,True,False,-33.431002246675774,8.796165059045606,1.2382594987278859
4268,178,20,-31.59,6.32,0.0,True,False,-33.66102878723618,9.240597712093678,1.2382594987278859
4269,178,21,-34.69,10.03,0.0,True,False,-34.204134058990476,8.228124578595502,1.2382594987278859
4270,178,22,-37.18,9.13,0.0,True,False,-34.80903919050476,8.450051364202153,1.2382594987278859
4271,178,23,-37.0,6.62,0.0,True,False,-34.729562501984866,8.185597115569324,0.8080824020783721
4272,179,0,-34.08,11.98,0.0,True,False,-34.30019619284497,9.27316926443588,0.8080824020783721
4273,179,1,-31.11,10.07,0.0,True,False,-33.89127691848165,8.627249759975603,0.8080824020783721
4274,179,2,-33.81,8.85,0.0,True,False,-34.530355420235985,8.385222016139037,0.8080824020783721
4275,179,3,-35.06,5.85,0.0,True,False,-33.97751729919109,8.200732535108488,0.8080824020783721
4276,179,4,-32.34,12.93,0.0,True,False,-33.95440125668169,8.725671521097874,0.8080824020783721
4277,179,5,-33.87,6.28,0.0,True,False,-33.21836554874546,9.286157837609323,0.8080824020783721
4278,179,6,-33.63,6.58,0.0,True,False,-33.00957813868129,9.877902691746835,0.8080824020783721
4279,179,7,-34.27,16.12,0.0,True,False,-32.082416200157894,8.507088373991872,0.8080824020783721
4280,179,8,-29.05,4.77,0.0,True,False,-32.05425358102904,8.481302960226188,0.8080824020783721
4281,179,9,-36.53,4.74,0.0,True,False,-31.330531907384113,7.868312902096138,0.8080824020783721
4282,179,10,-29.54,6.71,0.0,True,False,-30.765942224879733,8.578142086302778,0.8080824020783721
4283,179,11,-31.87,4.22,0.0,True,False,-31.304510430593172,8.613304504133792,0.8080824020783721
4284,179,12,-31.69,4.28,0.0,True,False,-30.694317263488,9.389123168853361,3.28814102943625
4285,179,13,-27.55,15.89,0.0,True,False,-30.69519904760938,8.613034402947994,0.8080824020783721
4286,179,14,-32.57,6.66,0.0,True,False,-31.08645341645367,9.14907124879871,1.2382594987278859
4287,179,15,-32.82,24.0,0.0,True,False,-30.9576342580053,9.96276592494579,1.2382594987278859
4288,179,16,-32.13,3.4,0.0,True,False,-31.720667184072187,8.290121031009035,1.2382594987278859
4289,179,17,-31.52,4.55,0.0,True,False,-32.38069683956829,7.754625265939181,1.2382594987278859
4290,179,18,-33.75,16.98,0.0,True,False,-33.09853804141197,10.042123080935186,1.2382594987278859
4291,179,19,-36.53,4.24,0.0,True,False,-33.48886710033068,9.094257439481904,1.2382594987278859
4292,179,20,-35.6,24.15,0.0,True,False,-34.06940562271209,11.08434795360343,1.2382594987278859
4293,179,21,-31.72,1.29,0.0,True,False,-34.12601025057914,8.112040098819673,1.2382594987278859
4294,179,22,-34.45,3.26,0.0,True,False,-34.68596060891727,9.112446999853411,1.2382594987278859
4295,179,23,-33.9,6.6,0.0,True,False,-34.89499753067245,9.240403737777795,0.8080824020783721
4296,180,0,-35.35,11.8,0.0,True,False,-34.8591701486849,9.850086494302062,0.8080824020783721
4297,180,1,-36.08,7.69,0.0,True,False,-34.68031979001419,8.330952875267728,0.8080824020783721
4298,180,2,-31.21,6.91,0.0,True,False,-34.67154616739775,9.251126300351519,0.8080824020783721
4299,180,3,-34.62,10.48,0.0,True,False,-34.150353795129575,8.527025828451867,0.8080824020783721
4300,180,4,-34.72,8.5,0.0,True,False,-34.062768106232184,8.271908499470603,0.8080824020783721
4301,180,5,-31.15,2.76,0.0,True,False,-33.13241052056867,8.553126690315692,0.8080824020783721
4302,180,6,-34.27,7.44,0.0,True,False,-33.149080808394594,9.447776206906186,0.8080824020783721
4303,180,7,-33.5,5.92,0.0,True,False,-32.77304288335585,7.888523357091419,0.8080824020783721
4304,180,8,-31.81,6.78,0.0,True,False,-31.75176702927043,8.70968305753354,0.8080824020783721
4305,180,9,-31.41,5.83,0.0,True,False,-31.84924875516201,8.395570590080782,0.8080824020783721
4306,180,10,-30.58,22.49,0.0,True,False,-30.95726395818074,9.983734875260783,0.8080824020783721
4307,180,11,-26.71,9.3,0.0,True,False,-31.120977235282393,8.62841211017097,0.8080824020783721
4308,180,12,-30.16,3.65,0.0,True,False,-30.198149946569927,9.783936724265416,3.28814102943625
4309,180,13,-35.65,5.2,0.0,True,False,-31.844100006366375,9.649986524978889,0.8080824020783721
4310,180,14,-30.44,25.31,0.0,True,False,-31.379749457429106,11.99460888385501,1.2382594987278859
4311,180,15,-31.34,10.96,0.0,True,False,-31.63116148470706,7.8673394198859095,1.2382594987278859
4312,180,16,-31.74,14.76,0.0,True,False,-32.093290919407046,12.674060298366738,1.2382594987278859
4313,180,17,-31.82,7.77,0.0,True,False,-32.533474948233184,8.304544997802706,1.2382594987278859
4314,180,18,-32.89,5.04,0.0,True,False,-33.09853804141197,7.738710783902343,1.2382594987278859
4315,180,19,-33.45,5.25,0.0,True,False,-33.42345192942814,9.120487495750732,1.2382594987278859
4316,180,20,-32.6,7.64,0.0,True,False,-33.78908713999295,8.838894708336218,1.2382594987278859
4317,180,21,-35.33,4.54,0.0,True,False,-34.26376084377586,9.443638250948698,1.2382594987278859
4318,180,22,-36.46,14.26,0.0,True,False,-34.41540931725438,9.777011072631746,1.2382594987278859
4319,180,23,-28.71,5.81,0.0,True,False,-33.717613533465006,7.729941285209652,0.8080824020783721
4320,181,0,-36.22,13.26,0.0,True,False,-34.65092826268094,9.640081225998285,0.8080824020783721
4321,181,1,-34.52,4.22,0.0,True,False,-34.60684017416474,8.873231582933455,0.8080824020783721
4322,181,2,-37.51,21.79,0.0,True,False,-34.85254297032591,10.167544355655947,0.8080824020783721
4323,181,3,-33.97,21.27,0.0,True,False,-34.309815700786615,13.451750563904726,0.8080824020783721
4324,181,4,-35.65,3.35,0.0,True,False,-33.89875616612502,8.248128914315954,0.8080824020783721
4325,181,5,-34.19,6.52,0.0,True,False,-33.63989004263352,9.093094626621916,0.8080824020783721
4326,181,6,-30.69,8.49,0.0,True,False,-32.89599326361397,8.494910661815732,0.8080824020783721
4327,181,7,-31.32,1.96,0.0,True,False,-32.631948074737565,8.531230682934371,0.8080824020783721
4328,181,8,-30.65,9.74,0.0,True,False,-31.883002136417602,10.539208839861397,0.8080824020783721
4329,181,9,-34.91,8.86,0.0,True,False,-32.21308951835023,9.19143741421871,0.8080824020783721
4330,181,10,-27.38,7.4,0.0,True,False,-31.289575855597363,8.640444568178859,0.8080824020783721
4331,181,11,-33.24,10.72,0.0,True,False,-31.49518810692935,9.940464902975636,0.8080824020783721
4332,181,12,-27.73,11.09,0.0,True,False,-29.245050742374108,10.859395531865765,3.28814102943625
4333,181,13,-28.81,24.11,0.0,True,False,-30.991936214021976,10.177257770959788,0.8080824020783721
4334,181,14,-29.9,3.25,0.0,True,False,-30.845095541733276,7.74891031489328,1.2382594987278859
4335,181,15,-33.08,15.3,0.0,True,False,-31.691634216317535,9.976254511421619,1.2382594987278859
4336,181,16,-31.48,12.1,0.0,True,False,-32.015798689331824,9.991924377239684,1.2382594987278859
4337,181,17,-33.21,8.85,0.0,True,False,-32.3954681181658,9.141504810441326,1.2382594987278859
4338,181,18,-32.73,4.26,0.0,True,False,-32.99701926230091,9.562916889429824,1.2382594987278859
4339,181,19,-33.8,6.03,0.0,True,False,-33.12333612168702,9.966526775281297,1.2382594987278859
4340,181,20,-37.86,5.58,0.0,True,False,-34.100883850610394,8.741765216390911,1.2382594987278859
4341,181,21,-31.96,22.01,0.0,True,False,-33.084309793801665,14.970528925119794,1.2382594987278859
4342,181,22,-34.68,10.51,0.0,True,False,-33.92071044643387,9.69345174049864,1.2382594987278859
4343,181,23,-35.69,13.87,0.0,True,False,-34.51579130034775,10.309886350599095,0.8080824020783721
4344,182,0,-35.85,17.47,0.0,True,False,-35.13611693704443,11.587663385870234,0.8080824020783721
4345,182,1,-33.95,6.05,0.0,True,False,-34.90049131576921,8.509423992183747,0.8080824020783721
4346,182,2,-36.25,8.15,0.0,True,False,-35.23468111360453,7.585820822915645,0.8080824020783721
4347,182,3,-38.66,4.71,0.0,True,False,-34.737197504561344,8.21220256909616,0.8080824020783721
4348,182,4,-32.92,12.37,0.0,True,False,-33.714487256515326,10.513828020466098,0.8080824020783721
4349,182,5,-32.21,9.14,0.0,True,False,-31.7971011120648,8.824835985476225,0.8080824020783721
4350,182,6,-33.13,6.68,0.0,True,False,-33.231435346464366,7.684264384611941,0.8080824020783721
4351,182,7,-34.51,3.13,0.0,True,False,-32.6667148378489,6.9271493412696215,0.8080824020783721
4352,182,8,-31.56,8.21,0.0,True,False,-32.1159932432389,7.871447316308755,0.8080824020783721
4353,182,9,-34.25,8.65,0.0,True,False,-31.935686511341157,7.5200599960785715,0.8080824020783721
4354,182,10,-33.06,2.59,0.0,True,False,-31.85997634160247,7.487144628381259,0.8080824020783721
4355,182,11,-32.3,3.68,0.0,True,False,-31.342011910833445,7.764336839048455,0.8080824020783721
4356,182,12,-29.05,8.11,0.0,True,False,-29.561680136832408,8.636674473889643,3.28814102943625
4357,182,13,-31.53,16.71,0.0,True,False,-30.816220294660926,10.741897172506276,0.8080824020783721
4358,182,14,-31.9,13.02,0.0,True,False,-31.074596831010346,11.940193686509557,1.2382594987278859
4359,182,15,-27.41,6.77,0.0,True,False,-31.493533247227592,7.713618818691559,1.2382594987278859
4360,182,16,-31.03,6.25,0.0,True,False,-31.60029523563964,7.939019014008764,1.2382594987278859
4361,182,17,-31.54,5.11,0.0,True,False,-32.009353191730426,7.56811224053945,1.2382594987278859
4362,182,18,-33.47,4.83,0.0,True,False,-32.982561850644636,7.990359548976466,1.2382594987278859
4363,182,19,-34.44,6.49,0.0,True,False,-33.421102091031,8.239245245123309,1.2382594987278859
4364,182,20,-38.11,19.2,0.0,True,False,-35.244069005256605,8.640892296110119,1.2382594987278859
4365,182,21,-32.21,6.23,0.0,True,False,-33.233517544133576,8.126612030940894,1.2382594987278859
4366,182,22,-33.57,7.49,0.0,True,False,-33.697037609172874,7.973187407685069,1.2382594987278859
4367,182,23,-35.02,3.83,0.0,True,False,-35.144072180481196,7.202644382392384,0.8080824020783721
4368,183,0,-34.95,9.92,0.0,True,False,-34.92112343891158,7.99750443993063,0.8080824020783721
4369,183,1,-33.14,7.43,0.0,True,False,-34.94448737984893,8.370984584740897,0.8080824020783721
4370,183,2,-37.52,6.04,0.0,True,False,-35.45019622821099,7.654342718734543,0.8080824020783721
4371,183,3,-35.27,4.35,0.0,True,False,-35.11214075553142,7.913956024154855,0.8080824020783721
4372,183,4,-35.95,4.96,0.0,True,False,-34.13129449127009,8.869898782761426,0.8080824020783721
4373,183,5,-29.65,5.83,0.0,True,False,-33.53250339493572,7.6063268759478895,0.8080824020783721
4374,183,6,-30.93,6.02,0.0,True,False,-32.77521263706683,8.75279793211633,0.8080824020783721
4375,183,7,-36.57,19.32,0.0,True,False,-32.488443721263614,12.674680524730807,0.8080824020783721
4376,183,8,-34.71,7.07,0.0,True,False,-32.201790142019036,7.920233096280625,0.8080824020783721
4377,183,9,-31.53,8.31,0.0,True,False,-31.61698376539926,7.568107354109928,0.8080824020783721
4378,183,10,-31.89,10.81,0.0,True,False,-32.04533163417301,8.943743809935468,0.8080824020783721
4379,183,11,-33.4,16.25,0.0,True,False,-31.647113631210654,10.595524939440134,0.8080824020783721
4380,183,12,-26.79,2.55,0.0,True,False,-29.32994999741982,7.913523670793766,3.28814102943625
4381,183,13,-30.12,8.94,0.0,True,False,-30.56413568385956,8.343093014525978,0.8080824020783721
4382,183,14,-30.0,6.38,0.0,True,False,-31.218649354423146,8.764050271501233,1.2382594987278859
4383,183,15,-32.65,2.12,0.0,True,False,-31.885391807529547,8.361832920966105,1.2382594987278859
4384,183,16,-30.23,5.31,0.0,True,False,-31.825856935043248,7.332078202733528,1.2382594987278859
4385,183,17,-32.92,2.75,0.0,True,False,-32.3890936183966,6.638805478347603,1.2382594987278859
4386,183,18,-33.24,10.25,0.0,True,False,-33.0271078090591,10.62242363376765,1.2382594987278859
4387,183,19,-31.97,9.59,0.0,True,False,-33.259535171100104,8.974344016655357,1.2382594987278859
4388,183,20,-36.94,7.92,0.0,True,False,-35.554925651346096,7.762748538492189,1.2382594987278859
4389,183,21,-30.9,5.03,0.0,True,False,-33.643898726712614,7.792883427346768,1.2382594987278859
4390,183,22,-34.05,14.12,0.0,True,False,-34.23782202233036,8.101676712840446,1.2382594987278859
4391,183,23,-32.05,4.03,0.0,True,False,-34.72266263135076,7.797691731682786,0.8080824020783721
4392,184,0,-36.77,6.08,0.0,True,False,-34.683243958890344,9.505136853274475,0.8080824020783721
4393,184,1,-36.4,6.66,0.0,True,False,-34.99970389766445,8.655514377218202,0.8080824020783721
4394,184,2,-36.67,7.15,0.0,True,False,-35.62980771784554,8.545727991102263,0.8080824020783721
4395,184,3,-33.53,21.0,0.0,True,False,-34.08167786524798,15.557991687475946,0.8080824020783721
4396,184,4,-33.49,15.58,0.0,True,False,-33.98865475225342,13.586630140974753,0.8080824020783721
4397,184,5,-34.06,24.44,0.0,True,False,-33.02984166692871,16.361327412808958,0.8080824020783721
4398,184,6,-34.65,7.45,0.0,True,False,-33.08416071929415,8.477500762965,0.8080824020783721
4399,184,7,-34.63,7.41,0.0,True,False,-33.197216189162084,9.553740662288277,0.8080824020783721
4400,184,8,-31.71,10.63,0.0,True,False,-32.03869802173839,8.67409486720565,0.8080824020783721
4401,184,9,-32.13,12.79,0.0,True,False,-32.144511709605744,9.285446994667575,0.8080824020783721
4402,184,10,-32.26,3.98,0.0,True,False,-31.62686243056577,9.45629623376476,0.8080824020783721
4403,184,11,-27.59,16.32,0.0,True,False,-31.02927492422931,11.670445681694135,0.8080824020783721
4404,184,12,-30.78,9.21,0.0,True,False,-30.19213853487373,15.095618710719014,3.28814102943625
4405,184,13,-28.15,5.57,0.0,True,False,-30.716451942717043,10.068071580288185,0.8080824020783721
4406,184,14,-31.95,6.93,0.0,True,False,-30.777085063173484,11.320052150513492,1.2382594987278859
4407,184,15,-30.71,9.45,0.0,True,False,-31.980406476573496,14.4256040583988,1.2382594987278859
4408,184,16,-31.73,9.68,0.0,True,False,-31.376321987928375,15.078400713992373,1.2382594987278859
4409,184,17,-35.49,4.36,0.0,True,False,-32.27993366129065,14.94346488493718,1.2382594987278859
4410,184,18,-29.76,7.26,0.0,True,False,-33.528291304169045,11.367682091733249,1.2382594987278859
4411,184,19,-33.41,8.3,0.0,True,False,-33.05630818681021,10.509239292144704,1.2382594987278859
4412,184,20,-32.12,12.89,0.0,True,False,-33.85130996029226,11.2682446751727,1.2382594987278859
4413,184,21,-35.54,13.58,0.0,True,False,-34.23853683713372,14.81072818135535,1.2382594987278859
4414,184,22,-34.68,3.72,0.0,True,False,-34.890881249290196,10.450749032128869,1.2382594987278859
4415,184,23,-36.28,7.65,0.0,True,False,-34.84303572156716,15.06915565933397,0.8080824020783721
4416,185,0,-32.08,5.41,0.0,True,False,-35.4491587242255,9.266734854417338,0.8080824020783721
4417,185,1,-33.86,9.34,0.0,True,False,-34.36597269077747,8.785566685793178,0.8080824020783721
4418,185,2,-33.55,20.47,0.0,True,False,-35.42588342139116,8.97062702037022,0.8080824020783721
4419,185,3,-31.25,12.14,0.0,True,False,-34.22953220774677,10.420120615706304,0.8080824020783721
4420,185,4,-31.24,9.76,0.0,True,False,-33.3321468539853,10.142700088297977,0.8080824020783721
4421,185,5,-31.54,11.13,0.0,True,False,-33.033506917442615,7.704237164988202,0.8080824020783721
4422,185,6,-35.39,15.02,0.0,True,False,-32.73511930742993,9.459301545690959,0.8080824020783721
4423,185,7,-33.42,11.6,0.0,True,False,-32.84558175130506,8.711094803802833,0.8080824020783721
4424,185,8,-33.56,4.08,0.0,True,False,-31.88752697747021,8.594803495345174,0.8080824020783721
4425,185,9,-29.68,16.94,0.0,True,False,-31.508624636277357,8.418314775156695,0.8080824020783721
4426,185,10,-30.48,8.03,0.0,True,False,-31.130583235004192,12.87205188950526,0.8080824020783721
4427,185,11,-33.4,9.16,0.0,True,False,-30.962902205390204,10.284455078360292,0.8080824020783721
4428,185,12,-30.93,13.57,0.0,True,False,-29.99169378314903,13.0888651649065,3.28814102943625
4429,185,13,-33.61,19.97,0.0,True,False,-30.79791339022709,14.62051899551855,0.8080824020783721
4430,185,14,-30.93,6.07,0.0,True,False,-31.17047488150796,10.583616524697515,1.2382594987278859
4431,185,15,-34.45,13.2,0.0,True,False,-31.809009589506047,10.284345621193518,1.2382594987278859
4432,185,16,-30.49,5.87,0.0,True,False,-32.100038353236656,10.388102874939564,1.2382594987278859
4433,185,17,-31.28,8.78,0.0,True,False,-32.316473654884454,14.811250983517926,1.2382594987278859
4434,185,18,-28.74,3.36,0.0,True,False,-32.622267905285305,10.790554885897123,1.2382594987278859
4435,185,19,-31.37,5.89,0.0,True,False,-33.08644415710871,10.703882420701012,1.2382594987278859
4436,185,20,-34.4,8.56,0.0,True,False,-33.65379207250104,10.012911367000909,1.2382594987278859
4437,185,21,-32.33,10.02,0.0,True,False,-34.134727106637555,10.636914407193228,1.2382594987278859
4438,185,22,-37.08,9.74,0.0,True,False,-34.70335274221788,12.977582675901342,1.2382594987278859
4439,185,23,-36.41,12.37,0.0,True,False,-34.30181587216943,11.02636682892359,0.8080824020783721
4440,186,0,-33.81,6.35,0.0,True,False,-34.34039529832385,14.312377075360347,0.8080824020783721
4441,186,1,-38.73,7.31,0.0,True,False,-34.58137569879691,8.540532566809441,0.8080824020783721
4442,186,2,-34.29,7.5,0.0,True,False,-34.52909349075509,8.307253588059224,0.8080824020783721
4443,186,3,-35.93,6.59,0.0,True,False,-32.8891874606285,8.852635314312815,0.8080824020783721
4444,186,4,-33.28,4.78,0.0,True,False,-33.98787193043381,8.993323153989273,0.8080824020783721
4445,186,5,-35.15,8.06,0.0,True,False,-33.123006897703675,8.740041704981342,0.8080824020783721
4446,186,6,-31.63,11.38,0.0,True,False,-33.24967569010875,8.334354160615478,0.8080824020783721
4447,186,7,-31.92,9.06,0.0,True,False,-32.433597306910286,9.486241813569864,0.8080824020783721
4448,186,8,-28.68,6.17,0.0,True,False,-31.848267546163427,13.776208534754392,0.8080824020783721
4449,186,9,-31.05,23.14,0.0,True,False,-31.221956246394594,8.42040881942852,0.8080824020783721
4450,186,10,-32.29,5.98,0.0,True,False,-31.09126512449057,9.630315848953876,0.8080824020783721
4451,186,11,-31.04,10.15,0.0,True,False,-31.015557699114716,10.961926801700008,0.8080824020783721
4452,186,12,-33.17,11.56,0.0,True,False,-30.146548193578738,10.691336393841654,3.28814102943625
4453,186,13,-29.74,11.7,0.0,True,False,-31.106587296555464,11.068467653014997,0.8080824020783721
4454,186,14,-29.57,6.93,0.0,True,False,-31.277036105670923,11.104934994067557,1.2382594987278859
4455,186,15,-26.13,6.04,0.0,True,False,-31.48725219617577,10.145258561346628,1.2382594987278859
4456,186,16,-32.72,12.37,0.0,True,False,-30.546182822865937,14.3195856205236,1.2382594987278859
4457,186,17,-32.5,6.66,0.0,True,False,-32.15736841839139,11.326759620372004,1.2382594987278859
4458,186,18,-33.63,8.07,0.0,True,False,-32.417127876298956,14.37968839371882,1.2382594987278859
4459,186,19,-32.57,9.02,0.0,True,False,-33.485958452266765,14.136363339697404,1.2382594987278859
4460,186,20,-32.72,7.74,0.0,True,False,-33.940905926940765,10.571038404675052,1.2382594987278859
4461,186,21,-34.0,10.86,0.0,True,False,-34.204081217972195,10.372330811549737,1.2382594987278859
4462,186,22,-32.04,3.58,0.0,True,False,-35.12058030894303,11.853134619619079,1.2382594987278859
4463,186,23,-35.65,9.69,0.0,True,False,-34.019150858069814,10.380323663817887,0.8080824020783721
4464,187,0,-32.43,5.13,0.0,True,False,-35.12677097709637,11.66263392425774,0.8080824020783721
4465,187,1,-33.26,6.29,0.0,True,False,-32.99266083918789,8.549984414603909,0.8080824020783721
4466,187,2,-34.16,8.46,0.0,True,False,-34.60338970792092,8.7720892453861,0.8080824020783721
4467,187,3,-34.45,3.08,0.0,True,False,-34.00769140931602,9.58560615893894,0.8080824020783721
4468,187,4,-28.55,7.12,0.0,True,False,-33.72009965574811,14.67091347684439,0.8080824020783721
4469,187,5,-34.55,6.52,0.0,True,False,-32.86638090115887,8.527874241388918,0.8080824020783721
4470,187,6,-31.81,7.32,0.0,True,False,-33.23665526530231,8.388096013592579,0.8080824020783721
4471,187,7,-33.39,6.34,0.0,True,False,-32.48062110671444,8.762945893944487,0.8080824020783721
4472,187,8,-27.83,8.1,0.0,True,False,-31.620492661557023,9.955750891160028,0.8080824020783721
4473,187,9,-29.22,5.87,0.0,True,False,-31.410877925268537,8.83262021487254,0.8080824020783721
4474,187,10,-32.03,7.59,0.0,True,False,-31.21435966744352,9.378159128062544,0.8080824020783721
4475,187,11,-29.45,8.45,0.0,True,False,-31.40488422402498,10.637652181341677,0.8080824020783721
4476,187,12,-29.89,12.59,0.0,True,False,-30.026423163180052,11.038227052573717,3.28814102943625
4477,187,13,-31.5,13.92,0.0,True,False,-30.898514299893552,10.598663338938197,0.8080824020783721
4478,187,14,-29.15,3.74,0.0,True,False,-30.921466393010068,10.383892211340394,1.2382594987278859
4479,187,15,-30.21,13.06,0.0,True,False,-31.71779888325596,11.588790945941675,1.2382594987278859
4480,187,16,-30.97,4.76,0.0,True,False,-31.77561981893928,10.248199955716304,1.2382594987278859
4481,187,17,-31.97,7.63,0.0,True,False,-32.275011609655664,10.110750961677827,1.2382594987278859
4482,187,18,-31.54,3.2,0.0,True,False,-33.040217637369246,10.945433158988177,1.2382594987278859
4483,187,19,-32.46,2.36,0.0,True,False,-33.02951968695318,10.951632059711264,1.2382594987278859
4484,187,20,-33.29,19.87,0.0,True,False,-33.927838153730484,9.674521346201725,1.2382594987278859
4485,187,21,-35.1,7.73,0.0,True,False,-34.17216164705934,10.005837081440525,1.2382594987278859
4486,187,22,-30.75,6.9,0.0,True,False,-34.40271582638216,14.833130831674719,1.2382594987278859
4487,187,23,-36.44,8.94,0.0,True,False,-34.42808263501595,9.677509234647962,0.8080824020783721
4488,188,0,-33.47,6.98,0.0,True,False,-35.02080648118459,14.354132948523981,0.8080824020783721
4489,188,1,-34.89,11.5,0.0,True,False,-34.35118997013182,9.576476748649686,0.8080824020783721
4490,188,2,-30.53,8.69,0.0,True,False,-34.83686726603176,9.22990792128354,0.8080824020783721
4491,188,3,-35.54,10.6,0.0,True,False,-34.102259054059225,14.390816754307194,0.8080824020783721
4492,188,4,-34.79,5.16,0.0,True,False,-33.37698917221223,10.434379673831566,0.8080824020783721
4493,188,5,-34.78,3.45,0.0,True,False,-33.26237117038367,9.277045213889448,0.8080824020783721
4494,188,6,-31.67,12.13,0.0,True,False,-33.17664019094268,8.888669097834365,0.8080824020783721
4495,188,7,-34.55,9.13,0.0,True,False,-32.4016729307137,9.214111932542625,0.8080824020783721
4496,188,8,-32.28,4.09,0.0,True,False,-31.793180592213638,7.761809645926452,0.8080824020783721
4497,188,9,-35.21,4.13,0.0,True,False,-30.932115706699427,13.395208018004892,0.8080824020783721
4498,188,10,-30.11,8.19,0.0,True,False,-31.430658448064396,8.896002909635794,0.8080824020783721
4499,188,11,-31.39,10.2,0.0,True,False,-30.636490938637817,10.275540578464536,0.8080824020783721
4500,188,12,-33.3,4.74,0.0,True,False,-29.97301735971276,10.29266135625423,3.28814102943625
4501,188,13,-28.22,15.38,0.0,True,False,-31.094314731264554,10.10414820212328,0.8080824020783721
4502,188,14,-33.2,10.84,0.0,True,False,-30.744237231989075,14.237767975218002,1.2382594987278859
4503,188,15,-29.31,12.55,0.0,True,False,-30.954111223091306,11.054049888009006,1.2382594987278859
4504,188,16,-32.72,8.08,0.0,True,False,-31.871417359495233,11.017440830969312,1.2382594987278859
4505,188,17,-28.6,7.75,0.0,True,False,-32.442715884457286,9.963413815516347,1.2382594987278859
4506,188,18,-30.82,3.89,0.0,True,False,-32.9586370293182,13.976552608810765,1.2382594987278859
4507,188,19,-34.86,5.18,0.0,True,False,-33.30628604342948,14.362962212754786,1.2382594987278859
4508,188,20,-35.16,7.27,0.0,True,False,-33.930145135797524,10.274485981942323,1.2382594987278859
4509,188,21,-32.52,9.25,0.0,True,False,-34.5759208371605,10.165008109113957,1.2382594987278859
4510,188,22,-34.58,8.45,0.0,True,False,-34.94310926153056,12.084848810994506,1.2382594987278859
4511,188,23,-34.59,2.59,0.0,True,False,-34.52232281894238,10.47180230931691,0.8080824020783721
4512,189,0,-31.69,4.6,0.0,True,False,-34.98649284968996,10.755215236912063,0.8080824020783721
4513,189,1,-35.66,8.72,0.0,True,False,-34.708063284732255,8.840183384708475,0.8080824020783721
4514,189,2,-33.78,9.36,0.0,True,False,-34.83232091556078,8.20751275851058,0.8080824020783721
4515,189,3,-31.74,6.28,0.0,True,False,-34.278465946114544,10.021501219881719,0.8080824020783721
4516,189,4,-31.62,10.39,0.0,True,False,-33.94886492997753,14.432490264877025,0.8080824020783721
4517,189,5,-33.07,10.32,0.0,True,False,-33.22441859306553,14.262382717460174,0.8080824020783721
4518,189,6,-32.81,19.21,0.0,True,False,-32.799975668665695,8.319209132993604,0.8080824020783721
4519,189,7,-35.19,7.78,0.0,True,False,-32.469823200393044,8.3400645387457,0.8080824020783721
4520,189,8,-33.35,6.16,0.0,True,False,-31.992469477048516,13.523519964521476,0.8080824020783721
4521,189,9,-30.18,4.76,0.0,True,False,-31.32422130132529,10.922310393395497,0.8080824020783721
4522,189,10,-30.78,3.62,0.0,True,False,-31.192162191199106,8.07840307046519,0.8080824020783721
4523,189,11,-30.15,10.11,0.0,True,False,-31.321299153097716,11.008714514187297,0.8080824020783721
4524,189,12,-28.16,9.57,0.0,True,False,-29.977038014390697,15.746920964169464,3.28814102943625
4525,189,13,-32.68,3.87,0.0,True,False,-30.742738530712863,10.18011799538418,0.8080824020783721
4526,189,14,-30.98,10.14,0.0,True,False,-31.286074913514053,11.260608202054621,1.2382594987278859
4527,189,15,-30.44,8.3,0.0,True,False,-31.33610333248297,10.810707624385637,1.2382594987278859
4528,189,16,-32.64,6.63,0.0,True,False,-31.672905476321567,10.553628905423523,1.2382594987278859
4529,189,17,-28.85,2.47,0.0,True,False,-31.89589560228686,10.165175913797642,1.2382594987278859
4530,189,18,-30.42,9.52,0.0,True,False,-32.71676035080844,15.462564336497467,1.2382594987278859
4531,189,19,-32.17,16.41,0.0,True,False,-33.1560345766248,14.632415716230033,1.2382594987278859
4532,189,20,-29.65,5.08,0.0,True,False,-34.03180479196636,10.858904116820009,1.2382594987278859
4533,189,21,-36.65,8.31,0.0,True,False,-34.04512923113987,11.447095195212814,1.2382594987278859
4534,189,22,-33.98,9.89,0.0,True,False,-34.146452254824034,10.340844296504036,1.2382594987278859
4535,189,23,-33.43,1.84,0.0,True,False,-34.48136198114408,14.802621501721921,0.8080824020783721
4536,190,0,-35.97,4.65,0.0,True,False,-34.94609122656721,13.999686153946406,0.8080824020783721
4537,190,1,-33.47,3.31,0.0,True,False,-34.66881595341445,9.17032431785843,0.8080824020783721
4538,190,2,-36.09,16.36,0.0,True,False,-34.57676475530867,9.180545461456683,0.8080824020783721
4539,190,3,-32.18,1.78,0.0,True,False,-34.55691827699782,9.52068112789599,0.8080824020783721
4540,190,4,-31.03,6.61,0.0,True,False,-33.920229614759386,13.357860970512915,0.8080824020783721
4541,190,5,-32.12,8.77,0.0,True,False,-33.453153245578555,9.55957792016789,0.8080824020783721
4542,190,6,-35.85,5.06,0.0,True,False,-32.68596004062916,8.588504397782192,0.8080824020783721
4543,190,7,-33.56,2.01,0.0,True,False,-32.65073224047044,8.617501525265022,0.8080824020783721
4544,190,8,-30.01,6.75,0.0,True,False,-31.81556475289135,10.579799790042856,0.8080824020783721
4545,190,9,-30.69,5.02,0.0,True,False,-31.388851387864882,15.014292911275463,0.8080824020783721
4546,190,10,-35.8,9.25,0.0,True,False,-31.417727221547768,14.167400415385154,0.8080824020783721
4547,190,11,-27.73,10.93,0.0,True,False,-30.643200109904797,10.788183094253954,0.8080824020783721
4548,190,12,-29.87,3.89,0.0,True,False,-29.76029430151506,12.844265949864319,3.28814102943625
4549,190,13,-31.85,5.29,0.0,True,False,-31.304804101305262,13.47833509624958,0.8080824020783721
4550,190,14,-28.42,5.44,0.0,True,False,-31.56094309441351,11.412002323722023,1.2382594987278859
4551,190,15,-32.08,10.85,0.0,True,False,-31.18079368639423,10.02789008838516,1.2382594987278859
4552,190,16,-32.52,7.85,0.0,True,False,-32.00722856044673,12.423071097520955,1.2382594987278859
4553,190,17,-30.91,3.98,0.0,True,False,-31.930380464966877,14.880423250252289,1.2382594987278859
4554,190,18,-28.58,12.54,0.0,True,False,-32.46202282891272,10.919353693357229,1.2382594987278859
4555,190,19,-29.41,5.05,0.0,True,False,-33.223799585924475,11.025094424412046,1.2382594987278859
4556,190,20,-32.42,5.78,0.0,True,False,-33.348907651147954,13.712811408594112,1.2382594987278859
4557,190,21,-32.63,4.49,0.0,True,False,-34.650587856885785,10.313759258758957,1.2382594987278859
4558,190,22,-32.29,8.15,0.0,True,False,-34.68593366087812,11.129206228351284,1.2382594987278859
4559,190,23,-36.59,6.28,0.0,True,False,-34.58290046841902,14.605083233954883,0.8080824020783721
4560,191,0,-32.76,14.34,0.0,True,False,-34.796413014863234,16.1228406552732,0.8080824020783721
4561,191,1,-35.45,7.9,0.0,True,False,-34.60556317503824,13.473076968917303,0.8080824020783721
4562,191,2,-33.14,4.64,0.0,True,False,-34.780047105019264,8.655780589063376,0.8080824020783721
4563,191,3,-33.91,7.47,0.0,True,False,-33.95923088274828,12.598892734433305,0.8080824020783721
4564,191,4,-32.04,15.34,0.0,True,False,-33.88251369985635,9.629426291312356,0.8080824020783721
4565,191,5,-32.33,3.72,0.0,True,False,-33.28030181147306,9.216044640036065,0.8080824020783721
4566,191,6,-38.19,9.52,0.0,True,False,-32.85133337249756,12.661170261132632,0.8080824020783721
4567,191,7,-31.17,2.49,0.0,True,False,-32.517102040130645,12.328259431186746,0.8080824020783721
4568,191,8,-29.76,13.85,0.0,True,False,-29.44732798060763,8.612281146432718,0.8080824020783721
4569,191,9,-29.74,5.86,0.0,True,False,-31.532248521814143,14.65116771374862,0.8080824020783721
4570,191,10,-30.52,4.57,0.0,True,False,-31.10373837541041,9.331235082264152,0.8080824020783721
4571,191,11,-26.83,14.88,0.0,True,False,-30.676510450855368,11.32110342618702,0.8080824020783721
4572,191,12,-29.42,7.22,0.0,True,False,-28.945094157499,14.977605589452557,3.28814102943625
4573,191,13,-29.24,7.36,0.0,True,False,-31.24686878865803,16.343904386811815,0.8080824020783721
4574,191,14,-28.22,5.9,0.0,True,False,-30.63289618560928,11.667467461476607,1.2382594987278859
4575,191,15,-29.91,6.04,0.0,True,False,-31.582270725493597,10.594111242691818,1.2382594987278859
4576,191,16,-32.84,2.34,0.0,True,False,-31.81243113522757,10.546848154162324,1.2382594987278859
4577,191,17,-36.4,9.45,0.0,True,False,-32.46263400540347,15.435532956308068,1.2382594987278859
4578,191,18,-33.0,3.32,0.0,True,False,-32.150571403280004,10.049351369648686,1.2382594987278859
4579,191,19,-31.04,11.69,0.0,True,False,-32.820899496337525,13.027816000688194,1.2382594987278859
4580,191,20,-33.75,4.11,0.0,True,False,-34.01651818876082,14.861266476420395,1.2382594987278859
4581,191,21,-31.86,7.71,0.0,True,False,-34.23136994657053,13.919750320680654,1.2382594987278859
4582,191,22,-33.48,5.39,0.0,True,False,-34.70922287918598,10.32805539858713,1.2382594987278859
4583,191,23,-31.4,5.9,0.0,True,False,-35.164155091210304,11.259913534657887,0.8080824020783721
4584,192,0,-34.53,6.51,0.0,True,False,-34.770650753837096,9.450900232812835,0.8080824020783721
4585,192,1,-32.94,23.72,0.0,True,False,-34.682539277023544,10.099218427594662,0.8080824020783721
4586,192,2,-32.66,14.67,0.0,True,False,-34.734895380270515,13.469537817732226,0.8080824020783721
4587,192,3,-30.35,5.83,0.0,True,False,-34.2104269488507,9.742428882010877,0.8080824020783721
4588,192,4,-36.36,2.08,0.0,True,False,-33.409279387373914,9.105299588315685,0.8080824020783721
4589,192,5,-33.38,13.12,0.0,True,False,-33.450963203695636,11.758782791706153,0.8080824020783721
4590,192,6,-30.25,10.16,0.0,True,False,-33.75847437121203,9.57292089099013,0.8080824020783721
4591,192,7,-28.33,4.03,0.0,True,False,-32.476360590752556,14.571566850700574,0.8080824020783721
4592,192,8,-30.46,3.63,0.0,True,False,-31.258224784097816,8.668236344487601,0.8080824020783721
4593,192,9,-31.11,8.92,0.0,True,False,-31.01844854183804,14.952143310474224,0.8080824020783721
4594,192,10,-28.7,8.15,0.0,True,False,-31.10274390143958,16.43386972816491,0.8080824020783721
4595,192,11,-28.27,16.47,0.0,True,False,-31.67461430624243,10.219256384549157,0.8080824020783721
4596,192,12,-30.66,9.49,0.0,True,False,-29.61355686762451,12.078323432212411,3.28814102943625
4597,192,13,-29.35,5.21,0.0,True,False,-30.802537780059,11.234927750207737,0.8080824020783721
4598,192,14,-27.85,4.59,0.0,True,False,-30.76153235708942,14.397804551104304,1.2382594987278859
4599,192,15,-26.75,7.58,0.0,True,False,-31.498489799892514,11.537416646237379,1.2382594987278859
4600,192,16,-29.46,2.41,0.0,True,False,-31.081179256254128,14.379972005689693,1.2382594987278859
4601,192,17,-31.34,2.96,0.0,True,False,-31.639978892163615,12.62081750044165,1.2382594987278859
4602,192,18,-32.05,3.76,0.0,True,False,-33.147044492535116,12.471783017710266,1.2382594987278859
4603,192,19,-31.35,5.14,0.0,True,False,-33.439852380249754,10.97125831657062,1.2382594987278859
4604,192,20,-33.18,7.16,0.0,True,False,-33.921968016762385,13.4647664857963,1.2382594987278859
4605,192,21,-32.98,9.81,0.0,True,False,-34.2370180082951,10.969889540349596,1.2382594987278859
4606,192,22,-35.79,13.5,0.0,True,False,-34.6844148320395,14.487212214862673,1.2382594987278859
4607,192,23,-31.28,12.23,0.0,True,False,-34.643644024132804,14.39648136258223,0.8080824020783721
4608,193,0,-36.12,11.3,0.0,True,False,-34.86641991030125,8.912568811214184,0.8080824020783721
4609,193,1,-34.63,5.78,0.0,True,False,-34.76071271065396,9.06569477416822,0.8080824020783721
4610,193,2,-33.37,4.66,0.0,True,False,-34.818322240596935,9.45141295512716,0.8080824020783721
4611,193,3,-29.27,8.83,0.0,True,False,-33.929552774320996,15.129199683637939,0.8080824020783721
4612,193,4,-33.68,9.11,0.0,True,False,-34.0386936992592,13.14104417542413,0.8080824020783721
4613,193,5,-33.69,3.98,0.0,True,False,-33.12580134244929,9.819410105748565,0.8080824020783721
4614,193,6,-32.94,6.49,0.0,True,False,-32.37390524367776,8.683685375765323,0.8080824020783721
4615,193,7,-28.0,4.45,0.0,True,False,-31.73410645445273,14.298884303791692,0.8080824020783721
4616,193,8,-36.46,2.89,0.0,True,False,-31.126628319148224,12.315014681299152,0.8080824020783721
4617,193,9,-32.43,8.5,0.0,True,False,-31.75822863007642,8.89549307755821,0.8080824020783721
4618,193,10,-24.64,11.19,0.0,True,False,-30.63129214566335,10.242103002952692,0.8080824020783721
4619,193,11,-28.72,15.72,0.0,True,False,-30.223740364620095,11.845693036845532,0.8080824020783721
4620,193,12,-32.05,6.75,0.0,True,False,-30.093308049256507,11.06993452023265,3.28814102943625
4621,193,13,-29.99,2.57,0.0,True,False,-30.85076603173738,14.471645046249481,0.8080824020783721
4622,193,14,-29.97,17.1,0.0,True,False,-30.821641004991744,12.48668462960566,1.2382594987278859
4623,193,15,-28.73,17.85,0.0,True,False,-31.577303303015608,10.554638635247105,1.2382594987278859
4624,193,16,-27.16,25.82,0.0,True,False,-31.42188241238036,14.93454511621774,1.2382594987278859
4625,193,17,-30.54,20.58,0.0,True,False,-31.921400457546927,15.625677861841995,1.2382594987278859
4626,193,18,-32.92,8.24,0.0,True,False,-32.51261436776284,11.32386215950827,1.2382594987278859
4627,193,19,-30.78,7.33,0.0,True,False,-33.12491441802601,10.470137900260175,1.2382594987278859
4628,193,20,-34.23,10.61,0.0,True,False,-33.97837877654569,10.315795526311183,1.2382594987278859
4629,193,21,-35.32,3.22,0.0,True,False,-34.08995704454993,11.137172721129575,1.2382594987278859
4630,193,22,-37.09,4.99,0.0,True,False,-35.08817402214066,11.230585125226249,1.2382594987278859
4631,193,23,-36.9,6.8,0.0,True,False,-34.2628760257948,10.130066212493523,0.8080824020783721
4632,194,0,-35.52,12.46,0.0,True,False,-34.45747669628315,8.52128824900425,0.8080824020783721
4633,194,1,-36.01,12.74,0.0,True,False,-34.49647324889437,13.11652841566737,0.8080824020783721
4634,194,2,-32.83,7.0,0.0,True,False,-34.69852942322006,12.917603747966805,0.8080824020783721
4635,194,3,-35.54,3.42,0.0,True,False,-33.91117659457468,9.017939371894693,0.8080824020783721
4636,194,4,-39.01,11.09,0.0,True,False,-34.10759603397603,9.901124777944007,0.8080824020783721
4637,194,5,-34.33,3.28,0.0,True,False,-33.06044203208237,13.42952842925817,0.8080824020783721
4638,194,6,-32.67,5.46,0.0,True,False,-31.72683542039708,8.749825707314264,0.8080824020783721
4639,194,7,-32.42,8.21,0.0,True,False,-32.55022302921433,14.679536100701664,0.8080824020783721
4640,194,8,-27.69,3.06,0.0,True,False,-32.31314283278629,14.444870008079079,0.8080824020783721
4641,194,9,-31.54,4.82,0.0,True,False,-31.290966750003644,9.14298079494114,0.8080824020783721
4642,194,10,-28.23,11.93,0.0,True,False,-30.67417951276463,8.082905351780143,0.8080824020783721
4643,194,11,-29.83,10.61,0.0,True,False,-30.605473486700888,10.326521284516245,0.8080824020783721
4644,194,12,-29.81,18.68,0.0,True,False,-29.903228965495344,12.413821417431498,3.28814102943625
4645,194,13,-31.46,8.72,0.0,True,False,-30.786792621702556,16.085749604719815,0.8080824020783721
4646,194,14,-30.11,2.54,0.0,True,False,-31.050102564490206,10.5085949649492,1.2382594987278859
4647,194,15,-31.84,10.05,0.0,True,False,-31.10936673338543,9.637525019029102,1.2382594987278859
4648,194,16,-30.38,5.06,0.0,True,False,-32.1618166480034,12.301499138243196,1.2382594987278859
4649,194,17,-31.68,6.56,0.0,True,False,-32.19915186410804,10.944257279716743,1.2382594987278859
4650,194,18,-33.61,7.71,0.0,True,False,-33.14669993986441,10.907297805214457,1.2382594987278859
4651,194,19,-30.26,3.81,0.0,True,False,-33.24560060259563,11.526646727738724,1.2382594987278859
4652,194,20,-31.87,4.84,0.0,True,False,-33.79652459710418,10.785910153296333,1.2382594987278859
4653,194,21,-34.03,16.01,0.0,True,False,-34.12678084865123,14.11153885621919,1.2382594987278859
4654,194,22,-33.17,6.31,0.0,True,False,-35.239952444168296,12.306441774870635,1.2382594987278859
4655,194,23,-33.82,7.94,0.0,True,False,-34.918823901743,12.224719683901226,0.8080824020783721
4656,195,0,-35.34,8.0,0.0,True,False,-34.856439934701605,8.699916720529384,0.8080824020783721
4657,195,1,-33.4,13.69,0.0,True,False,-34.77456985279472,8.684138235993455,0.8080824020783721
4658,195,2,-34.58,10.94,0.0,True,False,-34.72708260281776,9.67821833546847,0.8080824020783721
4659,195,3,-34.91,0.91,0.0,True,False,-34.3962748053192,14.901809598458637,0.8080824020783721
4660,195,4,-35.85,3.93,0.0,True,False,-33.57911156137901,7.632209572275627,0.8080824020783721
4661,195,5,-32.84,14.55,0.0,True,False,-33.575033681397755,17.444525012848572,0.8080824020783721
4662,195,6,-30.47,17.23,0.0,True,False,-32.91262037338089,12.71772439758331,0.8080824020783721
4663,195,7,-32.48,3.92,0.0,True,False,-32.45085311792323,9.800955195296664,0.8080824020783721
4664,195,8,-25.57,6.1,0.0,True,False,-31.70225025828276,12.766945524824301,0.8080824020783721
4665,195,9,-28.42,6.91,0.0,True,False,-30.935317262901048,11.705846872692959,0.8080824020783721
4666,195,10,-27.27,6.23,0.0,True,False,-29.801675192175615,8.285118017999146,0.8080824020783721
4667,195,11,-28.09,10.08,0.0,True,False,-30.53765797951374,11.004385908928855,0.8080824020783721
4668,195,12,-25.9,6.58,0.0,True,False,-29.669012785200657,10.54748675695772,3.28814102943625
4669,195,13,-31.25,5.51,0.0,True,False,-30.519708658223248,11.350501462436773,0.8080824020783721
4670,195,14,-35.0,10.31,0.0,True,False,-30.87421531843409,12.641519973535088,1.2382594987278859
4671,195,15,-31.09,2.13,0.0,True,False,-31.722431732251096,10.49185905743555,1.2382594987278859
4672,195,16,-29.49,8.25,0.0,True,False,-31.746727888574053,13.0849764087765,1.2382594987278859
4673,195,17,-30.79,9.49,0.0,True,False,-32.41287596619363,9.845059577043894,1.2382594987278859
4674,195,18,-31.06,14.09,0.0,True,False,-33.0271078090591,10.114422207026987,1.2382594987278859
4675,195,19,-29.48,7.63,0.0,True,False,-32.67537947091114,15.13601483010043,1.2382594987278859
4676,195,20,-31.84,2.66,0.0,True,False,-34.02079791083365,14.631645274202596,1.2382594987278859
4677,195,21,-31.42,7.87,0.0,True,False,-34.22452115936963,12.341020265083191,1.2382594987278859
4678,195,22,-35.22,2.53,0.0,True,False,-35.059071592789905,11.524991728059971,1.2382594987278859
4679,195,23,-35.73,8.98,0.0,True,False,-34.54864806463087,10.117408207640306,0.8080824020783721
4680,196,0,-30.26,12.88,0.0,True,False,-34.861794609653955,8.41411026335641,0.8080824020783721
4681,196,1,-33.22,7.1,0.0,True,False,-34.25910851071785,8.61397079451099,0.8080824020783721
4682,196,2,-34.46,6.59,0.0,True,False,-34.52076168230683,8.74865486232053,0.8080824020783721
4683,196,3,-34.14,10.82,0.0,True,False,-34.20592379621742,16.121869182035784,0.8080824020783721
4684,196,4,-33.78,8.81,0.0,True,False,-33.59576969550074,13.651261946415426,0.8080824020783721
4685,196,5,-33.42,10.41,0.0,True,False,-33.32579727437911,9.389023041836646,0.8080824020783721
4686,196,6,-34.05,20.35,0.0,True,False,-32.634625772179284,9.622107967943794,0.8080824020783721
4687,196,7,-33.97,5.7,0.0,True,False,-32.55099872352266,14.382350250415813,0.8080824020783721
4688,196,8,-30.88,9.28,0.0,True,False,-31.969274211114165,9.303039619403338,0.8080824020783721
4689,196,9,-31.26,14.68,0.0,True,False,-31.15180336033374,8.661225461574187,0.8080824020783721
4690,196,10,-27.54,14.79,0.0,True,False,-31.846191381654478,10.695798160512442,0.8080824020783721
4691,196,11,-28.97,9.73,0.0,True,False,-30.935023168743083,11.407198177294056,0.8080824020783721
4692,196,12,-28.95,6.45,0.0,True,False,-29.560947203245853,11.603357195113745,3.28814102943625
4693,196,13,-31.04,10.34,0.0,True,False,-31.10769139733729,11.989017703892006,0.8080824020783721
4694,196,14,-30.0,10.45,0.0,True,False,-31.402951287955133,10.809104739839826,1.2382594987278859
4695,196,15,-29.35,11.34,0.0,True,False,-31.501692462028966,14.509317024559875,1.2382594987278859
4696,196,16,-29.05,4.07,0.0,True,False,-31.38507109609207,11.69724219791104,1.2382594987278859
4697,196,17,-31.16,17.0,0.0,True,False,-32.18961650408675,9.685439865648556,1.2382594987278859
4698,196,18,-29.33,14.71,0.0,True,False,-33.0415480749123,10.376345692737397,1.2382594987278859
4699,196,19,-31.99,7.22,0.0,True,False,-32.73203291304933,12.260798871896299,1.2382594987278859
4700,196,20,-30.9,13.99,0.0,True,False,-33.78734726368829,12.967057718336028,1.2382594987278859
4701,196,21,-33.88,6.96,0.0,True,False,-34.23853683713372,10.535477070957874,1.2382594987278859
4702,196,22,-36.84,15.65,0.0,True,False,-34.75589069830037,14.563614509377476,1.2382594987278859
4703,196,23,-32.88,7.84,0.0,True,False,-34.298646915369424,10.277747406363602,0.8080824020783721
4704,197,0,-31.91,4.56,0.0,True,False,-34.02824699470556,9.150317534754276,0.8080824020783721
4705,197,1,-32.14,18.98,0.0,True,False,-34.74704004227801,9.665392147221178,0.8080824020783721
4706,197,2,-32.25,11.11,0.0,True,False,-34.63661777487053,9.137295929166399,0.8080824020783721
4707,197,3,-33.47,6.72,0.0,True,False,-34.09944347302006,13.70611310963501,0.8080824020783721
4708,197,4,-33.97,16.3,0.0,True,False,-33.9834316062804,8.943185875386646,0.8080824020783721
4709,197,5,-30.77,10.4,0.0,True,False,-33.190120051035784,9.056750813445534,0.8080824020783721
4710,197,6,-30.51,6.28,0.0,True,False,-32.878050727045014,8.30702605528143,0.8080824020783721
4711,197,7,-31.96,16.4,0.0,True,False,-32.28006107214835,12.503105794014116,0.8080824020783721
4712,197,8,-28.14,11.32,0.0,True,False,-32.003951224476964,8.386750459023842,0.8080824020783721
4713,197,9,-31.71,8.92,0.0,True,False,-31.55976951531847,8.879030994374652,0.8080824020783721
4714,197,10,-30.79,7.58,0.0,True,False,-32.21491821794235,8.016108182828757,0.8080824020783721
4715,197,11,-26.15,4.46,0.0,True,False,-30.74985481653747,10.733560577999874,0.8080824020783721
4716,197,12,-27.62,1.59,0.0,True,False,-28.730044003965954,11.766368751584144,3.28814102943625
4717,197,13,-30.14,10.76,0.0,True,False,-31.006799438339836,10.501184352849869,0.8080824020783721
4718,197,14,-29.05,3.94,0.0,True,False,-30.892419757069106,11.364987668236637,1.2382594987278859
4719,197,15,-29.63,4.46,0.0,True,False,-31.052157514914093,12.034169057758941,1.2382594987278859
4720,197,16,-35.85,6.9,0.0,True,False,-31.216387952007725,13.953475568638943,1.2382594987278859
4721,197,17,-32.65,6.99,0.0,True,False,-32.49089425250326,9.861914300202066,1.2382594987278859
4722,197,18,-31.46,4.79,0.0,True,False,-32.517602865446584,11.975223756798679,1.2382594987278859
4723,197,19,-32.59,10.75,0.0,True,False,-33.487540445481045,10.723091538142809,1.2382594987278859
4724,197,20,-31.86,2.77,0.0,True,False,-33.79688262370958,11.349346916719382,1.2382594987278859
4725,197,21,-30.51,10.64,0.0,True,False,-33.98221989277077,11.520530160523881,1.2382594987278859
4726,197,22,-33.73,6.48,0.0,True,False,-34.90862293682539,11.226087798952983,1.2382594987278859
4727,197,23,-35.41,4.66,0.0,True,False,-34.71626679152089,9.956717940619596,0.8080824020783721
4728,198,0,-32.58,2.93,0.0,True,False,-34.891569624719224,13.739630903886212,0.8080824020783721
4729,198,1,-33.81,8.25,0.0,True,False,-34.69824930120823,9.256502910180764,0.8080824020783721
4730,198,2,-33.27,3.76,0.0,True,False,-34.72041066943735,9.270260505020623,0.8080824020783721
4731,198,3,-33.22,3.45,0.0,True,False,-34.14330250006875,9.399523057133843,0.8080824020783721
4732,198,4,-27.74,14.6,0.0,True,False,-33.774540471013665,9.22771252043817,0.8080824020783721
4733,198,5,-36.23,3.25,0.0,True,False,-32.951402287183534,8.519133875182463,0.8080824020783721
4734,198,6,-32.0,2.73,0.0,True,False,-32.44845623551376,9.100693374256679,0.8080824020783721
4735,198,7,-30.72,10.21,0.0,True,False,-32.30018540706421,9.266583083787973,0.8080824020783721
4736,198,8,-31.79,8.6,0.0,True,False,-31.31940008272011,8.230770539051893,0.8080824020783721
4737,198,9,-28.01,5.48,0.0,True,False,-31.625930769057483,8.466600605602249,0.8080824020783721
4738,198,10,-27.87,4.3,0.0,True,False,-31.34502141156834,8.917147448166254,0.8080824020783721
4739,198,11,-29.39,4.97,0.0,True,False,-31.081461109808803,15.261235353509136,0.8080824020783721
4740,198,12,-29.77,5.56,0.0,True,False,-29.768215594045788,15.78014372074519,3.28814102943625
4741,198,13,-29.52,9.62,0.0,True,False,-30.658156450222418,11.871579221395113,0.8080824020783721
4742,198,14,-29.7,8.35,0.0,True,False,-30.73067128172109,14.790974515477137,1.2382594987278859
4743,198,15,-29.97,6.1,0.0,True,False,-31.18079368639423,13.716676818166839,1.2382594987278859
4744,198,16,-30.6,6.07,0.0,True,False,-31.664614985950582,10.891061759581591,1.2382594987278859
4745,198,17,-30.2,10.45,0.0,True,False,-32.13063027981909,10.956119462080288,1.2382594987278859
4746,198,18,-29.72,4.65,0.0,True,False,-32.960692668768424,13.292891087377095,1.2382594987278859
4747,198,19,-34.21,17.87,0.0,True,False,-33.2794425578605,11.390721027126151,1.2382594987278859
4748,198,20,-34.33,13.8,0.0,True,False,-33.848081992854055,13.368499797862102,1.2382594987278859
4749,198,21,-36.14,6.11,0.0,True,False,-33.96483621877715,12.45594345498113,1.2382594987278859
4750,198,22,-31.23,33.01,0.0,True,False,-34.284834703262916,10.367644698955022,1.2382594987278859
4751,198,23,-32.66,5.65,0.0,True,False,-34.755860341901226,11.739152284696349,0.8080824020783721
4752,199,0,-32.08,7.37,0.0,True,False,-34.55708965026,12.493401643110834,0.8080824020783721
4753,199,1,-35.88,4.44,0.0,True,False,-34.67344125406175,12.281860724094884,0.8080824020783721
4754,199,2,-29.25,8.42,0.0,True,False,-34.655176350638754,13.159906976933788,0.8080824020783721
4755,199,3,-33.72,6.15,0.0,True,False,-34.105748025398036,14.2928387159883,0.8080824020783721
4756,199,4,-31.75,6.55,0.0,True,False,-33.33370899673042,9.294074519919828,0.8080824020783721
4757,199,5,-29.9,7.79,0.0,True,False,-33.2594161868538,14.901240709816783,0.8080824020783721
4758,199,6,-33.06,5.71,0.0,True,False,-32.48810910130511,14.03662426967233,0.8080824020783721
4759,199,7,-31.67,8.28,0.0,True,False,-32.33520244731895,8.62767754629344,0.8080824020783721
4760,199,8,-29.73,5.01,0.0,True,False,-31.905281624536435,8.38603754873077,0.8080824020783721
4761,199,9,-23.96,8.06,0.0,True,False,-31.187912023961868,13.90002065935969,0.8080824020783721
4762,199,10,-28.76,2.55,0.0,True,False,-29.987103975477684,13.779905191387702,0.8080824020783721
4763,199,11,-25.95,3.25,0.0,True,False,-30.655766310414343,15.149837205175054,0.8080824020783721
4764,199,12,-26.68,4.4,0.0,True,False,-28.86468623769724,14.401222551828242,3.28814102943625
4765,199,13,-28.42,3.64,0.0,True,False,-30.111318261877653,10.638895802929758,0.8080824020783721
4766,199,14,-31.34,3.82,0.0,True,False,-30.854956871685793,10.495825723635825,1.2382594987278859
4767,199,15,-27.56,9.33,0.0,True,False,-31.294313940862487,15.063559938900404,1.2382594987278859
4768,199,16,-33.09,6.24,0.0,True,False,-31.80171576687722,10.047024731019649,1.2382594987278859
4769,199,17,-27.37,5.71,0.0,True,False,-31.90230054354208,9.918089105814268,1.2382594987278859
4770,199,18,-30.69,8.32,0.0,True,False,-32.187563862965156,13.961952739947154,1.2382594987278859
4771,199,19,-36.91,8.65,0.0,True,False,-33.04750332828568,10.517560470538163,1.2382594987278859
4772,199,20,-32.77,5.37,0.0,True,False,-33.36372894243053,10.929981965625224,1.2382594987278859
4773,199,21,-31.2,12.07,0.0,True,False,-33.71843044223458,10.386747100053244,1.2382594987278859
4774,199,22,-33.3,6.43,0.0,True,False,-34.71604312632565,11.046589319461898,1.2382594987278859
4775,199,23,-31.59,9.78,0.0,True,False,-34.696968849932645,14.872423768970261,0.8080824020783721
4776,200,0,-34.65,5.01,0.0,True,False,-34.85335213709097,8.861535218624203,0.8080824020783721
4777,200,1,-35.49,8.15,0.0,True,False,-34.682539277023544,14.019602687306177,0.8080824020783721
4778,200,2,-32.82,10.24,0.0,True,False,-34.401489194372424,8.807579831150713,0.8080824020783721
4779,200,3,-32.3,9.65,0.0,True,False,-34.22936485902908,9.696681529877363,0.8080824020783721
4780,200,4,-32.65,9.2,0.0,True,False,-33.994783381034914,8.513230148792143,0.8080824020783721
4781,200,5,-29.01,4.87,0.0,True,False,-32.93491427483087,8.784265035810515,0.8080824020783721
4782,200,6,-32.65,3.55,0.0,True,False,-33.04672262463258,13.672818899780273,0.8080824020783721
4783,200,7,-29.81,3.31,0.0,True,False,-32.33520244731895,8.609660876064925,0.8080824020783721
4784,200,8,-29.81,5.57,0.0,True,False,-31.18272917610484,15.07498834903016,0.8080824020783721
4785,200,9,-32.65,5.36,0.0,True,False,-30.94137256739318,8.045210122840338,0.8080824020783721
4786,200,10,-31.86,8.72,0.0,True,False,-30.674038950404565,13.069729622243358,0.8080824020783721
4787,200,11,-28.99,7.22,0.0,True,False,-30.977935962447543,15.658809308628454,0.8080824020783721
4788,200,12,-24.99,3.37,0.0,True,False,-30.063386127849828,15.342333828066803,3.28814102943625
4789,200,13,-27.86,11.15,0.0,True,False,-29.970411859180484,14.739170642937884,0.8080824020783721
4790,200,14,-32.67,7.93,0.0,True,False,-31.19215380059937,14.506936104365483,1.2382594987278859
4791,200,15,-35.76,4.69,0.0,True,False,-31.15392948554726,9.651577117828364,1.2382594987278859
4792,200,16,-28.48,5.14,0.0,True,False,-32.06157399266789,11.510656702604855,1.2382594987278859
4793,200,17,-30.62,13.75,0.0,True,False,-32.60010110101556,13.970231378975333,1.2382594987278859
4794,200,18,-28.67,3.64,0.0,True,False,-33.18064420532521,11.16115525915728,1.2382594987278859
4795,200,19,-33.23,14.12,0.0,True,False,-33.64399614647253,10.852888246435286,1.2382594987278859
4796,200,20,-31.25,6.15,0.0,True,False,-33.876624600392006,12.986491586344759,1.2382594987278859
4797,200,21,-30.67,6.37,0.0,True,False,-34.359760538722924,10.047077953866443,1.2382594987278859
4798,200,22,-33.58,8.35,0.0,True,False,-34.42400008974946,12.390780178141336,1.2382594987278859
4799,200,23,-33.73,2.82,0.0,True,False,-34.82074705953613,10.478224737435061,0.8080824020783721
4800,201,0,-32.75,7.91,0.0,True,False,-35.278318155915244,14.402060463587107,0.8080824020783721
4801,201,1,-31.65,10.14,0.0,True,False,-34.567680924204126,8.6459235598955,0.8080824020783721
4802,201,2,-32.56,5.49,0.0,True,False,-34.49883814016804,7.9403409509974034,0.8080824020783721
4803,201,3,-30.27,6.92,0.0,True,False,-34.08728165953185,8.457469608292934,0.8080824020783721
4804,201,4,-32.73,18.21,0.0,True,False,-33.48193296224343,8.556510256750796,0.8080824020783721
4805,201,5,-33.98,10.69,0.0,True,False,-32.530949532364836,15.354879172299373,0.8080824020783721
4806,201,6,-26.85,4.21,0.0,True,False,-32.99166592785236,14.894997616278507,0.8080824020783721
4807,201,7,-31.49,5.31,0.0,True,False,-31.14112621054712,11.24233286542955,0.8080824020783721
4808,201,8,-30.94,6.05,0.0,True,False,-31.35184175096657,13.07680560906235,0.8080824020783721
4809,201,9,-29.52,11.03,0.0,True,False,-30.554539989084653,13.644292157008795,0.8080824020783721
4810,201,10,-28.94,4.2,0.0,True,False,-31.298263013845848,10.200966302705448,0.8080824020783721
4811,201,11,-29.64,9.66,0.0,True,False,-30.429428261760307,11.233853969453847,0.8080824020783721
4812,201,12,-28.84,9.69,0.0,True,False,-29.566034471468168,15.022922601872798,3.28814102943625
4813,201,13,-28.95,22.15,0.0,True,False,-30.702712392040677,10.972161842288147,0.8080824020783721
4814,201,14,-28.72,11.22,0.0,True,False,-31.167633786020694,10.814314446183621,1.2382594987278859
4815,201,15,-34.1,4.44,0.0,True,False,-31.484831842772884,14.188598141495387,1.2382594987278859
4816,201,16,-26.04,12.35,0.0,True,False,-31.533225689201082,11.776517790648946,1.2382594987278859
4817,201,17,-30.58,2.47,0.0,True,False,-31.84278956452311,10.471783980739076,1.2382594987278859
4818,201,18,-29.64,4.19,0.0,True,False,-31.727857155793444,16.027926917042183,1.2382594987278859
4819,201,19,-34.08,2.51,0.0,True,False,-32.956672517265325,10.566875414868967,1.2382594987278859
4820,201,20,-32.75,4.58,0.0,True,False,-34.046761649208,10.803969901384484,1.2382594987278859
4821,201,21,-33.56,9.78,0.0,True,False,-34.06753299302353,10.591666227307527,1.2382594987278859
4822,201,22,-29.6,8.53,0.0,True,False,-34.79556565658783,10.191312882644764,1.2382594987278859
4823,201,23,-33.91,7.88,0.0,True,False,-34.40585313728395,15.069595770398616,0.8080824020783721
4824,202,0,-31.14,4.54,0.0,True,False,-34.845051456834,8.814089047033264,0.8080824020783721
4825,202,1,-33.89,6.86,0.0,True,False,-34.64565404173532,8.842534524284636,0.8080824020783721
4826,202,2,-33.29,27.41,0.0,True,False,-34.680546070794165,14.139092468313404,0.8080824020783721
4827,202,3,-32.56,4.65,0.0,True,False,-33.73233959081233,10.11728851759556,0.8080824020783721
4828,202,4,-29.08,19.77,0.0,True,False,-33.780410607981764,9.45554215533172,0.8080824020783721
4829,202,5,-34.95,4.88,0.0,True,False,-32.91998666297436,9.008146439680118,0.8080824020783721
4830,202,6,-33.28,22.66,0.0,True,False,-33.331036072724906,14.372317073448283,0.8080824020783721
4831,202,7,-34.03,9.34,0.0,True,False,-32.52009424767486,11.983832781149754,0.8080824020783721
4832,202,8,-31.83,10.43,0.0,True,False,-32.21683416230611,8.980091390645503,0.8080824020783721
4833,202,9,-30.86,6.04,0.0,True,False,-31.485933992186514,9.052341512349878,0.8080824020783721
4834,202,10,-32.15,5.74,0.0,True,False,-30.721289054250978,13.680799447339714,0.8080824020783721
4835,202,11,-30.19,5.18,0.0,True,False,-30.90760964436966,10.39635570663619,0.8080824020783721
4836,202,12,-32.68,9.05,0.0,True,False,-29.367833627361243,11.326218660306731,3.28814102943625
4837,202,13,-30.76,2.89,0.0,True,False,-30.639235405912117,15.134203160322542,0.8080824020783721
4838,202,14,-26.52,6.47,0.0,True,False,-30.967219269734432,10.889404837740456,1.2382594987278859
4839,202,15,-28.43,6.49,0.0,True,False,-31.053330987570064,14.004215872713582,1.2382594987278859
4840,202,16,-29.28,9.76,0.0,True,False,-31.709498344776595,10.172806322569379,1.2382594987278859
4841,202,17,-32.14,3.39,0.0,True,False,-32.226466649201335,12.455025898350348,1.2382594987278859
4842,202,18,-33.72,10.14,0.0,True,False,-32.65553905149014,13.848082413283624,1.2382594987278859
4843,202,19,-33.45,8.77,0.0,True,False,-33.42262091986962,12.557748325912595,1.2382594987278859
4844,202,20,-31.74,16.15,0.0,True,False,-33.86798513416863,13.20922796336723,1.2382594987278859
4845,202,21,-30.33,14.63,0.0,True,False,-33.96531236456233,10.549841352447812,1.2382594987278859
4846,202,22,-30.58,11.97,0.0,True,False,-34.15535491632381,10.570479450971902,1.2382594987278859
4847,202,23,-31.32,2.07,0.0,True,False,-34.53718202310667,12.015825150051038,0.8080824020783721
4848,203,0,-33.97,3.58,0.0,True,False,-34.75300991698468,11.265521444143035,0.8080824020783721
4849,203,1,-32.38,11.24,0.0,True,False,-34.44305598622031,8.7793534837484,0.8080824020783721
4850,203,2,-32.87,6.39,0.0,True,False,-34.51721784223721,12.180080224071851,0.8080824020783721
4851,203,3,-32.31,14.62,0.0,True,False,-34.007161876800794,13.494575390371184,0.8080824020783721
4852,203,4,-27.42,7.24,0.0,True,False,-33.08592252534072,7.864175743037299,0.8080824020783721
4853,203,5,-34.54,9.59,0.0,True,False,-32.922391364334594,14.978494166962664,0.8080824020783721
4854,203,6,-30.97,9.25,0.0,True,False,-32.64375648717366,8.098672916378222,0.8080824020783721
4855,203,7,-27.56,7.14,0.0,True,False,-32.35746279032728,8.813243628879839,0.8080824020783721
4856,203,8,-32.43,11.34,0.0,True,False,-31.637146112613014,8.425712924617157,0.8080824020783721
4857,203,9,-30.37,9.97,0.0,True,False,-31.32353928215869,9.45025994263615,0.8080824020783721
4858,203,10,-29.82,3.78,0.0,True,False,-31.2257108393102,14.276036277714665,0.8080824020783721
4859,203,11,-29.01,18.83,0.0,True,False,-30.73236723916475,14.883085069457334,0.8080824020783721
4860,203,12,-31.69,3.58,0.0,True,False,-30.054102616462423,10.861959794004786,3.28814102943625
4861,203,13,-27.37,4.75,0.0,True,False,-31.380708898654014,12.809348825488676,0.8080824020783721
4862,203,14,-27.43,9.51,0.0,True,False,-31.433564396572603,12.065863210464618,1.2382594987278859
4863,203,15,-28.07,8.63,0.0,True,False,-30.965965659103603,10.435130331909882,1.2382594987278859
4864,203,16,-31.24,10.39,0.0,True,False,-30.99922721889827,10.638805850972892,1.2382594987278859
4865,203,17,-29.81,6.28,0.0,True,False,-32.31186175477025,13.844279026820852,1.2382594987278859
4866,203,18,-32.3,8.95,0.0,True,False,-32.801614009905684,10.304334232867085,1.2382594987278859
4867,203,19,-31.68,4.93,0.0,True,False,-33.16207806364968,10.135595716375125,1.2382594987278859
4868,203,20,-27.19,7.24,0.0,True,False,-33.98834320683677,10.549005015791435,1.2382594987278859
4869,203,21,-31.72,13.74,0.0,True,False,-32.831158700792336,10.333413734743697,1.2382594987278859
4870,203,22,-34.6,3.57,0.0,True,False,-34.32766685352076,10.770841826658874,1.2382594987278859
4871,203,23,-32.07,11.68,0.0,True,False,-34.9271168410984,14.716766811984051,0.8080824020783721
4872,204,0,-35.04,6.52,0.0,True,False,-34.652617947546155,12.68933341465166,0.8080824020783721
4873,204,1,-34.67,4.36,0.0,True,False,-34.848851471796685,8.4409607854484,0.8080824020783721
4874,204,2,-34.15,4.53,0.0,True,False,-34.74896798838282,9.891504158380132,0.8080824020783721
4875,204,3,-32.64,6.42,0.0,True,False,-34.322525612078984,9.462087427632554,0.8080824020783721
4876,204,4,-29.46,11.95,0.0,True,False,-34.07817972207433,9.292316055411346,0.8080824020783721
4877,204,5,-29.7,8.93,0.0,True,False,-33.056177054762415,10.000698291857919,0.8080824020783721
4878,204,6,-29.29,3.4,0.0,True,False,-32.81214052462986,8.606362028077923,0.8080824020783721
4879,204,7,-32.02,11.39,0.0,True,False,-31.958290703624304,8.974328358449496,0.8080824020783721
4880,204,8,-30.42,10.46,0.0,True,False,-31.693799020322103,8.805918034092878,0.8080824020783721
4881,204,9,-28.38,2.49,0.0,True,False,-30.98159839672346,8.272972455829468,0.8080824020783721
4882,204,10,-29.86,4.25,0.0,True,False,-30.946883794653985,14.42978929861825,0.8080824020783721
4883,204,11,-28.96,12.57,0.0,True,False,-30.616401802953042,10.694015831650589,0.8080824020783721
4884,204,12,-27.45,7.16,0.0,True,False,-30.141692522648157,14.35638362179781,3.28814102943625
4885,204,13,-29.1,26.35,0.0,True,False,-31.327308520732565,15.90993526903456,0.8080824020783721
4886,204,14,-28.15,1.71,0.0,True,False,-31.564895512403293,11.424253867452824,1.2382594987278859
4887,204,15,-25.74,1.28,0.0,True,False,-31.336691218250074,9.167410853087604,1.2382594987278859
4888,204,16,-29.68,9.84,0.0,True,False,-31.10049373299442,17.169465772566472,1.2382594987278859
4889,204,17,-27.46,5.2,0.0,True,False,-31.62207839047841,10.135260267401488,1.2382594987278859
4890,204,18,-29.22,10.12,0.0,True,False,-32.60231592759018,10.331524600839685,1.2382594987278859
4891,204,19,-33.79,11.43,0.0,True,False,-32.807964486079065,13.558618657743375,1.2382594987278859
4892,204,20,-33.54,5.25,0.0,True,False,-33.90696478849775,11.559359048515722,1.2382594987278859
4893,204,21,-33.42,6.81,0.0,True,False,-34.294388096837636,10.59898014575854,1.2382594987278859
4894,204,22,-33.78,6.04,0.0,True,False,-34.600701604011114,12.542474056152006,1.2382594987278859
4895,204,23,-32.45,5.2,0.0,True,False,-34.58763383080083,11.056635070249678,0.8080824020783721
4896,205,0,-30.94,8.01,0.0,True,False,-34.7749969223423,9.078718372813192,0.8080824020783721
4897,205,1,-29.59,10.85,0.0,True,False,-34.58201826610279,12.69241297312726,0.8080824020783721
4898,205,2,-31.29,19.78,0.0,True,False,-34.29025942939322,14.81178968831006,0.8080824020783721
4899,205,3,-32.48,4.76,0.0,True,False,-33.86203734727489,9.500666556779404,0.8080824020783721
4900,205,4,-35.34,5.28,0.0,True,False,-33.38460907581669,8.87243862456435,0.8080824020783721
4901,205,5,-30.55,9.52,0.0,True,False,-32.880430973236166,13.02778450748799,0.8080824020783721
4902,205,6,-30.12,26.39,0.0,True,False,-32.10806970849247,14.084028719191629,0.8080824020783721
4903,205,7,-29.29,5.98,0.0,True,False,-32.263728481462636,12.770557544618777,0.8080824020783721
4904,205,8,-24.96,17.15,0.0,True,False,-31.2206200394764,8.210653147550863,0.8080824020783721
4905,205,9,-26.28,3.95,0.0,True,False,-30.177438777672076,10.95121540631053,0.8080824020783721
4906,205,10,-26.87,5.79,0.0,True,False,-30.02853176624154,14.580469795565193,0.8080824020783721
4907,205,11,-30.17,4.44,0.0,True,False,-29.78786857423785,10.734208305827094,0.8080824020783721
4908,205,12,-29.2,3.38,0.0,True,False,-29.850402186491497,11.170714713011257,3.28814102943625
4909,205,13,-28.43,7.33,0.0,True,False,-30.664571352109537,11.784672172896306,0.8080824020783721
4910,205,14,-29.99,21.15,0.0,True,False,-30.744927682868756,14.82868162716739,1.2382594987278859
4911,205,15,-27.76,4.1,0.0,True,False,-31.124961381276453,14.350330451638715,1.2382594987278859
4912,205,16,-28.46,8.05,0.0,True,False,-30.948293302225192,11.645003372027265,1.2382594987278859
4913,205,17,-31.83,9.29,0.0,True,False,-31.885433849899627,11.211901767670941,1.2382594987278859
4914,205,18,-27.78,9.66,0.0,True,False,-32.29577335931623,9.978897260289,1.2382594987278859
4915,205,19,-30.49,6.92,0.0,True,False,-32.726201556219905,10.347726146381094,1.2382594987278859
4916,205,20,-34.63,3.49,0.0,True,False,-33.507467364705704,14.162037917764023,1.2382594987278859
4917,205,21,-31.69,10.81,0.0,True,False,-33.96905247485567,10.585429356193755,1.2382594987278859
4918,205,22,-31.34,2.73,0.0,True,False,-34.53358765680867,11.730324512589995,1.2382594987278859
4919,205,23,-30.16,6.55,0.0,True,False,-34.780446020050604,12.011627355718913,0.8080824020783721
4920,206,0,-32.68,6.21,0.0,True,False,-34.50059223182737,8.263945165998386,0.8080824020783721
4921,206,1,-30.28,3.65,0.0,True,False,-34.05572543034194,8.750685440589415,0.8080824020783721
4922,206,2,-31.36,5.28,0.0,True,False,-34.328341496592834,9.215661948075171,0.8080824020783721
4923,206,3,-34.05,9.5,0.0,True,False,-33.958397309483914,17.23034308454299,0.8080824020783721
4924,206,4,-33.83,6.55,0.0,True,False,-33.599950632619404,11.965424349642761,0.8080824020783721
4925,206,5,-28.28,3.02,0.0,True,False,-33.18378445453757,9.055379704318295,0.8080824020783721
4926,206,6,-27.61,10.17,0.0,True,False,-32.14330028741121,8.656930860955265,0.8080824020783721
4927,206,7,-28.84,15.92,0.0,True,False,-31.77095116798744,8.620036863580975,0.8080824020783721
4928,206,8,-26.01,3.28,0.0,True,False,-30.384533746313924,8.435705285657962,0.8080824020783721
4929,206,9,-26.48,6.84,0.0,True,False,-30.734581419739417,13.967077837392187,0.8080824020783721
4930,206,10,-26.9,6.97,0.0,True,False,-30.35052918869845,11.967815810601394,0.8080824020783721
4931,206,11,-29.89,3.23,0.0,True,False,-29.81504376035251,12.200529282814617,0.8080824020783721
4932,206,12,-24.54,12.78,0.0,True,False,-29.488245405707225,14.85695570569527,3.28814102943625
4933,206,13,-27.0,7.05,0.0,True,False,-29.906051592328282,10.138993108569904,0.8080824020783721
4934,206,14,-29.04,11.0,0.0,True,False,-30.1299519598005,10.207507300643158,1.2382594987278859
4935,206,15,-29.93,8.3,0.0,True,False,-30.672774997212905,15.899913969365697,1.2382594987278859
4936,206,16,-28.49,12.54,0.0,True,False,-31.047889274179248,10.34960893357327,1.2382594987278859
4937,206,17,-32.83,8.24,0.0,True,False,-32.253376997662144,10.532866451792684,1.2382594987278859
4938,206,18,-28.6,5.59,0.0,True,False,-32.433821219368106,10.105893538130172,1.2382594987278859
4939,206,19,-32.43,9.14,0.0,True,False,-32.630359288688595,10.374773075551051,1.2382594987278859
4940,206,20,-30.26,4.5,0.0,True,False,-33.79308366671445,14.137545174761199,1.2382594987278859
4941,206,21,-32.46,24.59,0.0,True,False,-33.942104616380135,11.228078382483691,1.2382594987278859
4942,206,22,-32.26,4.09,0.0,True,False,-34.557545344070796,13.296718746481979,1.2382594987278859
4943,206,23,-33.45,6.72,0.0,True,False,-34.16201874111973,12.781058388510399,0.8080824020783721
4944,207,0,-32.15,6.04,0.0,True,False,-34.601250012379076,8.854818484298095,0.8080824020783721
4945,207,1,-27.98,7.95,0.0,True,False,-33.99762312347844,11.994303299548713,0.8080824020783721
4946,207,2,-28.79,13.56,0.0,True,False,-33.8859694495903,12.713614112341201,0.8080824020783721
4947,207,3,-30.54,5.18,0.0,True,False,-33.76308111485775,9.201321466544053,0.8080824020783721
4948,207,4,-30.88,10.65,0.0,True,False,-33.5035342786435,8.770485768705912,0.8080824020783721
4949,207,5,-28.66,12.75,0.0,True,False,-32.25934301236114,12.365282590280081,0.8080824020783721
4950,207,6,-27.57,10.49,0.0,True,False,-32.10540035423185,8.976797657611709,0.8080824020783721
4951,207,7,-30.97,7.92,0.0,True,False,-31.552939386609715,8.421076452323765,0.8080824020783721
4952,207,8,-28.99,7.72,0.0,True,False,-30.718915784905267,12.275910204901928,0.8080824020783721
4953,207,9,-32.06,5.01,0.0,True,False,-31.126025883260457,8.472968405224275,0.8080824020783721
4954,207,10,-25.85,2.76,0.0,True,False,-31.332452478793062,8.293078527218213,0.8080824020783721
4955,207,11,-23.77,7.18,0.0,True,False,-29.9789738008857,14.910727671660542,0.8080824020783721
4956,207,12,-27.67,13.3,0.0,True,False,-28.014380416815165,11.530632216567064,3.28814102943625
4957,207,13,-32.15,14.22,0.0,True,False,-30.903413441205295,10.22313126124596,0.8080824020783721
4958,207,14,-26.88,3.1,0.0,True,False,-30.41370174982904,9.622554638008916,1.2382594987278859
4959,207,15,-30.22,14.0,0.0,True,False,-30.336193729353283,11.585785785516856,1.2382594987278859
4960,207,16,-30.16,9.35,0.0,True,False,-30.996487209026256,9.947868065040335,1.2382594987278859
4961,207,17,-28.06,8.82,0.0,True,False,-31.950577464167292,9.694837958054915,1.2382594987278859
4962,207,18,-29.32,13.25,0.0,True,False,-32.08252499480207,11.305544656019599,1.2382594987278859
4963,207,19,-31.32,11.4,0.0,True,False,-32.926552579749874,10.655526595223618,1.2382594987278859
4964,207,20,-32.13,4.06,0.0,True,False,-33.371972175016445,14.834486339293642,1.2382594987278859
4965,207,21,-30.99,4.7,0.0,True,False,-33.8550500866733,12.18393084073014,1.2382594987278859
4966,207,22,-32.38,17.55,0.0,True,False,-34.36578444281484,18.249478296003577,1.2382594987278859
4967,207,23,-33.98,8.63,0.0,True,False,-34.461783070157466,10.411342950141634,0.8080824020783721
4968,208,0,-32.32,4.33,0.0,True,False,-34.58224292632764,9.812724862164615,0.8080824020783721
4969,208,1,-30.91,5.48,0.0,True,False,-33.88712524820733,9.646234283992111,0.8080824020783721
4970,208,2,-31.74,12.47,0.0,True,False,-33.386223816275425,8.815682080498723,0.8080824020783721
4971,208,3,-33.89,9.21,0.0,True,False,-33.800743703531445,15.06630244367552,0.8080824020783721
4972,208,4,-28.67,9.33,0.0,True,False,-33.66303250223176,9.062720943678231,0.8080824020783721
4973,208,5,-35.65,18.64,0.0,True,False,-32.29043981101512,8.92814669014555,0.8080824020783721
4974,208,6,-30.55,0.99,0.0,True,False,-32.56493187935071,8.661446146222435,0.8080824020783721
4975,208,7,-30.38,19.47,0.0,True,False,-32.107410107889095,7.612680675964391,0.8080824020783721
4976,208,8,-28.36,6.02,0.0,True,False,-31.028025467982314,12.420152238100265,0.8080824020783721
4977,208,9,-27.12,4.63,0.0,True,False,-31.186931609779577,14.181373914001835,0.8080824020783721
4978,208,10,-25.67,10.95,0.0,True,False,-29.895222289840092,11.958038359245457,0.8080824020783721
4979,208,11,-29.15,6.4,0.0,True,False,-28.92262893447501,11.9752946062246,0.8080824020783721
4980,208,12,-26.48,3.81,0.0,True,False,-28.3982299501057,10.982064475253997,3.28814102943625
4981,208,13,-27.33,8.25,0.0,True,False,-30.326320123215268,10.59564875673591,0.8080824020783721
4982,208,14,-31.34,8.96,0.0,True,False,-30.513166735230143,12.52927612424365,1.2382594987278859
4983,208,15,-24.44,3.99,0.0,True,False,-30.99024720873261,9.908082510036747,1.2382594987278859
4984,208,16,-31.53,6.57,0.0,True,False,-30.3976564167175,10.326345276256042,1.2382594987278859
4985,208,17,-28.3,9.06,0.0,True,False,-31.504793736285155,10.252010621078838,1.2382594987278859
4986,208,18,-28.87,12.82,0.0,True,False,-32.30948768975125,9.95885849650091,1.2382594987278859
4987,208,19,-29.62,4.9,0.0,True,False,-33.023745253060696,10.603245406140564,1.2382594987278859
4988,208,20,-31.64,9.57,0.0,True,False,-33.52309760648112,13.805553217697065,1.2382594987278859
4989,208,21,-29.41,5.3,0.0,True,False,-33.897217001965714,12.14378012455467,1.2382594987278859
4990,208,22,-34.51,7.48,0.0,True,False,-34.27013521970829,10.432035186568406,1.2382594987278859
4991,208,23,-31.72,19.2,0.0,True,False,-34.631984643035246,10.39496933547863,0.8080824020783721
4992,209,0,-32.6,9.42,0.0,True,False,-34.62473228219655,15.14949367766657,0.8080824020783721
4993,209,1,-32.76,11.75,0.0,True,False,-34.2890838125516,14.694285021343697,0.8080824020783721
4994,209,2,-30.35,6.72,0.0,True,False,-34.281742876393366,8.028581095223922,0.8080824020783721
4995,209,3,-28.73,6.28,0.0,True,False,-33.513038909786104,8.88722058138744,0.8080824020783721
4996,209,4,-31.16,5.97,0.0,True,False,-32.515063450450484,8.696946980274673,0.8080824020783721
4997,209,5,-28.43,3.57,0.0,True,False,-32.81658625001145,8.830791146716164,0.8080824020783721
4998,209,6,-29.37,10.36,0.0,True,False,-32.57316199686093,13.724276635315766,0.8080824020783721
4999,209,7,-30.74,12.66,0.0,True,False,-31.44971030428206,8.984466200078971,0.8080824020783721
5000,209,8,-28.99,4.75,0.0,True,False,-31.03439522222878,8.465745955654075,0.8080824020783721
5001,209,9,-28.66,8.0,0.0,True,False,-31.31477809230773,13.607427352887997,0.8080824020783721
5002,209,10,-29.13,9.3,0.0,True,False,-30.60688780045107,8.873493922414195,0.8080824020783721
5003,209,11,-26.68,5.25,0.0,True,False,-29.512935038808294,11.257637911489576,0.8080824020783721
5004,209,12,-27.0,14.19,0.0,True,False,-29.080239092901955,12.98295961867906,3.28814102943625
5005,209,13,-30.72,8.08,0.0,True,False,-30.108867936184517,10.141392801702715,0.8080824020783721
5006,209,14,-31.04,3.1,0.0,True,False,-31.29274349924816,11.338763379452569,1.2382594987278859
5007,209,15,-27.21,12.06,0.0,True,False,-30.263183150098595,10.065771173910695,1.2382594987278859
5008,209,16,-30.1,1.62,0.0,True,False,-31.228698198573117,10.07417262919335,1.2382594987278859
5009,209,17,-28.35,6.86,0.0,True,False,-31.354004546290334,10.659052740572548,1.2382594987278859
5010,209,18,-27.91,5.74,0.0,True,False,-32.184236447746336,10.109001740538591,1.2382594987278859
5011,209,19,-32.53,9.97,0.0,True,False,-32.2022559913251,11.880868957496794,1.2382594987278859
5012,209,20,-33.29,5.35,0.0,True,False,-33.72972723779443,10.62093899532022,1.2382594987278859
5013,209,21,-27.54,13.75,0.0,True,False,-33.31921058480474,14.042824573179502,1.2382594987278859
5014,209,22,-30.5,12.27,0.0,True,False,-34.03510419189269,10.426302961892672,1.2382594987278859
5015,209,23,-32.24,14.68,0.0,True,False,-34.011464687552184,11.569459953640864,0.8080824020783721
5016,210,0,-33.15,18.12,0.0,True,False,-34.471231422182896,10.562827865013926,0.8080824020783721
5017,210,1,-32.24,9.22,0.0,True,False,-34.18987694744729,9.888513862155683,0.8080824020783721
5018,210,2,-33.4,7.19,0.0,True,False,-33.72600861445607,9.644537201222269,0.8080824020783721
5019,210,3,-28.93,5.23,0.0,True,False,-33.17506321013216,8.423783575910614,0.8080824020783721
5020,210,4,-31.84,9.68,0.0,True,False,-33.420117870589706,9.475424583334794,0.8080824020783721
5021,210,5,-27.61,17.88,0.0,True,False,-32.45901513885713,12.769182894850426,0.8080824020783721
5022,210,6,-30.09,2.98,0.0,True,False,-31.885831269974055,12.0907079735459,0.8080824020783721
5023,210,7,-30.85,3.58,0.0,True,False,-31.793852689533985,8.522523589587433,0.8080824020783721
5024,210,8,-29.14,23.42,0.0,True,False,-31.03439522222878,11.303033893362201,0.8080824020783721
5025,210,9,-33.12,3.07,0.0,True,False,-30.78550524603275,11.753974787487506,0.8080824020783721
5026,210,10,-27.79,3.0,0.0,True,False,-30.5438169764006,8.065311867114263,0.8080824020783721
5027,210,11,-27.69,12.86,0.0,True,False,-30.4860208907911,12.012244653616655,0.8080824020783721
5028,210,12,-25.63,11.85,0.0,True,False,-29.656525051090018,11.013182186039131,3.28814102943625
5029,210,13,-31.13,5.09,0.0,True,False,-30.29651043366981,10.41472180564356,0.8080824020783721
5030,210,14,-25.23,3.95,0.0,True,False,-30.785248695784496,14.624596925855021,1.2382594987278859
5031,210,15,-26.23,14.96,0.0,True,False,-29.756478852541285,10.95112710342417,1.2382594987278859
5032,210,16,-25.78,4.11,0.0,True,False,-30.106956600060556,18.82866380784788,1.2382594987278859
5033,210,17,-28.87,3.41,0.0,True,False,-30.624392363111358,10.3363429591325,1.2382594987278859
5034,210,18,-27.26,4.19,0.0,True,False,-31.95581446983289,10.44531991365132,1.2382594987278859
5035,210,19,-32.74,8.87,0.0,True,False,-32.737694999631344,10.340556331589022,1.2382594987278859
5036,210,20,-28.86,19.38,0.0,True,False,-33.21438505524945,13.422981643233092,1.2382594987278859
5037,210,21,-32.24,5.28,0.0,True,False,-33.75897133546528,10.681827997461188,1.2382594987278859
5038,210,22,-34.32,12.78,0.0,True,False,-33.98021173694739,11.284600271384912,1.2382594987278859
5039,210,23,-33.46,7.67,0.0,True,False,-34.43953681417009,9.594840927460979,0.8080824020783721
5040,211,0,-31.08,2.16,0.0,True,False,-34.79849751691281,9.132817506115554,0.8080824020783721
5041,211,1,-32.67,5.37,0.0,True,False,-34.46485682778893,8.509711448515164,0.8080824020783721
5042,211,2,-30.07,11.91,0.0,True,False,-34.17337500034933,7.664021816561835,0.8080824020783721
5043,211,3,-34.12,26.59,0.0,True,False,-32.8357886162811,13.947713980614507,0.8080824020783721
5044,211,4,-34.35,4.95,0.0,True,False,-33.55991535013092,12.647396134494581,0.8080824020783721
5045,211,5,-26.87,10.33,0.0,True,False,-32.946117340277304,9.988129093979406,0.8080824020783721
5046,211,6,-27.29,6.78,0.0,True,False,-31.439717317564376,10.024115184445403,0.8080824020783721
5047,211,7,-30.67,8.7,0.0,True,False,-31.610704845371824,12.608497518954568,0.8080824020783721
5048,211,8,-28.1,13.14,0.0,True,False,-30.983630859260952,9.0189433570387,0.8080824020783721
5049,211,9,-25.64,5.06,0.0,True,False,-31.38113954097689,13.993688206499757,0.8080824020783721
5050,211,10,-26.52,5.88,0.0,True,False,-30.028353290570834,14.114701268608599,0.8080824020783721
5051,211,11,-26.87,13.26,0.0,True,False,-29.775884521572216,10.915837558250132,0.8080824020783721
5052,211,12,-24.9,18.36,0.0,True,False,-28.578978159814337,11.089006274484897,3.28814102943625
5053,211,13,-28.62,11.18,0.0,True,False,-30.203286764048688,14.914796883364234,0.8080824020783721
5054,211,14,-27.3,8.42,0.0,True,False,-29.309925593864886,13.357435669344822,1.2382594987278859
5055,211,15,-27.72,11.13,0.0,True,False,-31.05613350690773,9.477350668708533,1.2382594987278859
5056,211,16,-28.64,5.35,0.0,True,False,-30.482556943366586,14.408953383408583,1.2382594987278859
5057,211,17,-29.36,7.45,0.0,True,False,-31.254701026265653,13.389138670047874,1.2382594987278859
5058,211,18,-28.95,2.98,0.0,True,False,-32.8257977717872,13.681939910699676,1.2382594987278859
5059,211,19,-29.54,5.42,0.0,True,False,-32.947044834300826,10.994275389559817,1.2382594987278859
5060,211,20,-32.19,8.97,0.0,True,False,-32.79602616266232,10.250441734970357,1.2382594987278859
5061,211,21,-28.9,8.0,0.0,True,False,-33.94887189073797,11.938464211260195,1.2382594987278859
5062,211,22,-32.78,1.73,0.0,True,False,-34.14131307183238,11.151144107383907,1.2382594987278859
5063,211,23,-31.46,6.36,0.0,True,False,-34.46234170497577,10.046917245460259,0.8080824020783721
5064,212,0,-31.49,7.92,0.0,True,False,-34.41179431859824,15.500584568175544,0.8080824020783721
5065,212,1,-30.11,23.08,0.0,True,False,-34.1631420781057,13.289389477159075,0.8080824020783721
5066,212,2,-34.87,3.37,0.0,True,False,-33.50447631989534,8.846215111948654,0.8080824020783721
5067,212,3,-28.53,10.43,0.0,True,False,-33.64973920018901,9.964041032330261,0.8080824020783721
5068,212,4,-31.25,17.06,0.0,True,False,-33.05628585679778,11.525384045149695,0.8080824020783721
5069,212,5,-26.98,11.06,0.0,True,False,-33.014481374388836,8.538772843695083,0.8080824020783721
5070,212,6,-29.86,7.45,0.0,True,False,-31.60199544348405,9.125900967865576,0.8080824020783721
5071,212,7,-28.48,15.14,0.0,True,False,-31.568462574796182,8.843998122662947,0.8080824020783721
5072,212,8,-24.07,5.36,0.0,True,False,-30.996100248392317,8.714257602322755,0.8080824020783721
5073,212,9,-28.04,9.76,0.0,True,False,-29.77583978239434,13.37372107106328,0.8080824020783721
5074,212,10,-24.69,7.04,0.0,True,False,-30.462176263412577,11.577621306506224,0.8080824020783721
5075,212,11,-26.89,15.23,0.0,True,False,-30.118024951242163,11.511954186427289,0.8080824020783721
5076,212,12,-26.07,19.29,0.0,True,False,-27.96902222949213,10.803988087162944,3.28814102943625
5077,212,13,-26.83,4.28,0.0,True,False,-29.393765225835143,11.34662517856523,0.8080824020783721
5078,212,14,-25.47,13.41,0.0,True,False,-30.210270999734373,11.82360834098752,1.2382594987278859
5079,212,15,-28.86,9.4,0.0,True,False,-29.82936045800226,9.587272525427247,1.2382594987278859
5080,212,16,-29.87,13.96,0.0,True,False,-30.651329267108473,15.237539119056803,1.2382594987278859
5081,212,17,-29.66,4.52,0.0,True,False,-31.34700212354569,10.650441226233578,1.2382594987278859
5082,212,18,-28.7,4.99,0.0,True,False,-32.06299831888183,14.2114820762124,1.2382594987278859
5083,212,19,-29.86,8.59,0.0,True,False,-32.32979415714334,12.099566745696883,1.2382594987278859
5084,212,20,-28.48,3.05,0.0,True,False,-33.44300074331017,10.967474156864277,1.2382594987278859
5085,212,21,-27.7,8.28,0.0,True,False,-32.76951587341368,11.070564688876287,1.2382594987278859
5086,212,22,-32.58,5.83,0.0,True,False,-33.75688322177083,11.70600931863592,1.2382594987278859
5087,212,23,-32.3,7.02,0.0,True,False,-33.911429868586275,10.183564243537,0.8080824020783721
5088,213,0,-33.57,10.4,0.0,True,False,-34.22185256430967,8.59255704475486,0.8080824020783721
5089,213,1,-26.57,10.67,0.0,True,False,-33.86102714194073,9.476044782700878,0.8080824020783721
5090,213,2,-29.82,16.64,0.0,True,False,-33.2090855652293,13.496571770629275,0.8080824020783721
5091,213,3,-29.15,12.4,0.0,True,False,-32.38428455841689,8.67083658684471,0.8080824020783721
5092,213,4,-32.38,2.2,0.0,True,False,-33.249908801232074,9.817648821269353,0.8080824020783721
5093,213,5,-29.22,4.49,0.0,True,False,-32.93954469452445,8.758402679544576,0.8080824020783721
5094,213,6,-27.68,4.7,0.0,True,False,-32.00238892088154,8.785986769270723,0.8080824020783721
5095,213,7,-28.69,11.77,0.0,True,False,-30.979924908348337,9.608545662367643,0.8080824020783721
5096,213,8,-25.55,15.45,0.0,True,False,-30.129717855736473,13.282948013055144,0.8080824020783721
5097,213,9,-22.66,3.63,0.0,True,False,-30.13528103405387,9.531696163022435,0.8080824020783721
5098,213,10,-28.86,11.92,0.0,True,False,-29.0683565069916,9.062606118988576,0.8080824020783721
5099,213,11,-28.81,7.46,0.0,True,False,-30.701773352704183,14.36087256568627,0.8080824020783721
5100,213,12,-28.46,2.14,0.0,True,False,-29.070828971561838,10.351928226227532,3.28814102943625
5101,213,13,-23.56,6.91,0.0,True,False,-30.935870241510248,12.73142658564553,0.8080824020783721
5102,213,14,-24.88,5.31,0.0,True,False,-29.8672417594126,9.88122595892995,1.2382594987278859
5103,213,15,-27.56,6.41,0.0,True,False,-29.895421889458458,9.438421194639313,1.2382594987278859
5104,213,16,-27.63,8.3,0.0,True,False,-30.676764972920868,10.485941752521375,1.2382594987278859
5105,213,17,-29.82,5.65,0.0,True,False,-30.992885465658578,14.606391723078229,1.2382594987278859
5106,213,18,-26.92,9.17,0.0,True,False,-31.651586246394015,14.172613808227577,1.2382594987278859
5107,213,19,-29.98,6.93,0.0,True,False,-31.66174335699939,10.883260485486154,1.2382594987278859
5108,213,20,-30.22,6.53,0.0,True,False,-32.349113531066685,14.538687967275807,1.2382594987278859
5109,213,21,-28.9,10.04,0.0,True,False,-32.907563733465565,10.398166932855696,1.2382594987278859
5110,213,22,-30.81,8.71,0.0,True,False,-34.014664882045885,14.13048774076599,1.2382594987278859
5111,213,23,-31.1,1.79,0.0,True,False,-34.03385393885281,10.198989400784317,0.8080824020783721
5112,214,0,-30.48,9.37,0.0,True,False,-33.90502030923606,8.063793602768062,0.8080824020783721
5113,214,1,-28.84,8.46,0.0,True,False,-33.325021216450295,8.197483168034204,0.8080824020783721
5114,214,2,-26.94,12.8,0.0,True,False,-33.27467886972855,9.408718499472476,0.8080824020783721
5115,214,3,-28.74,8.64,0.0,True,False,-31.859251559495778,8.782862478824043,0.8080824020783721
5116,214,4,-27.89,6.22,0.0,True,False,-32.60437097712027,12.500559617753868,0.8080824020783721
5117,214,5,-29.41,5.2,0.0,True,False,-31.845606407427162,12.64838723134541,0.8080824020783721
5118,214,6,-29.91,2.73,0.0,True,False,-31.576816238783213,13.941145282344134,0.8080824020783721
5119,214,7,-26.67,7.4,0.0,True,False,-31.027755569582123,8.73698189180016,0.8080824020783721
5120,214,8,-27.15,4.73,0.0,True,False,-29.24963378796452,8.87763593344438,0.8080824020783721
5121,214,9,-29.93,13.76,0.0,True,False,-29.362149854397572,12.953705327209791,0.8080824020783721
5122,214,10,-27.42,7.57,0.0,True,False,-29.13869892415635,8.533445075408903,0.8080824020783721
5123,214,11,-26.73,4.01,0.0,True,False,-29.98592043286389,10.969699018750173,0.8080824020783721
5124,214,12,-27.52,2.29,0.0,True,False,-28.31267223938318,11.06310448630151,3.28814102943625
5125,214,13,-23.6,2.83,0.0,True,False,-29.492779225569155,10.286293556249394,0.8080824020783721
5126,214,14,-25.81,8.97,0.0,True,False,-29.088796103065608,11.655328097392102,1.2382594987278859
5127,214,15,-24.34,14.55,0.0,True,False,-30.201938342883587,10.18394771863304,1.2382594987278859
5128,214,16,-26.97,9.92,0.0,True,False,-29.993885940187344,9.302866174454559,1.2382594987278859
5129,214,17,-27.82,7.01,0.0,True,False,-30.71958843649087,14.338199765401647,1.2382594987278859
5130,214,18,-30.37,18.54,0.0,True,False,-31.794734334808485,10.278772444400404,1.2382594987278859
5131,214,19,-28.99,11.01,0.0,True,False,-32.07564161915322,10.384635598558264,1.2382594987278859
5132,214,20,-29.47,8.68,0.0,True,False,-32.84335095130237,12.054307926296598,1.2382594987278859
5133,214,21,-32.65,6.13,0.0,True,False,-32.671055917293,9.459767113568978,1.2382594987278859
5134,214,22,-31.31,14.92,0.0,True,False,-34.008931366989536,10.428328506988082,1.2382594987278859
5135,214,23,-31.08,6.45,0.0,True,False,-34.16529073075709,13.755426978412572,0.8080824020783721
5136,215,0,-29.46,4.72,0.0,True,False,-33.71124870878172,9.573240430272177,0.8080824020783721
5137,215,1,-29.3,7.16,0.0,True,False,-33.125625503962475,8.60656813506623,0.8080824020783721
5138,215,2,-31.18,7.92,0.0,True,False,-33.26007991748269,8.687532551563296,0.8080824020783721
5139,215,3,-28.77,11.49,0.0,True,False,-32.54371634681163,9.044335768354818,0.8080824020783721
5140,215,4,-29.65,4.66,0.0,True,False,-32.385595799290776,9.990243385542112,0.8080824020783721
5141,215,5,-34.55,5.15,0.0,True,False,-31.958458570963327,14.759459715643,0.8080824020783721
5142,215,6,-29.26,5.3,0.0,True,False,-31.94857397964141,15.523208319795142,0.8080824020783721
5143,215,7,-25.61,6.97,0.0,True,False,-31.55718887612414,8.014726195257873,0.8080824020783721
5144,215,8,-30.65,4.06,0.0,True,False,-30.8107274560402,12.633702920660289,0.8080824020783721
5145,215,9,-26.65,13.68,0.0,True,False,-29.406910520226273,9.544265814724195,0.8080824020783721
5146,215,10,-23.39,2.85,0.0,True,False,-30.21876456482907,8.529128424223495,0.8080824020783721
5147,215,11,-27.88,15.14,0.0,True,False,-30.114200616738756,13.445069918694708,0.8080824020783721
5148,215,12,-26.29,10.92,0.0,True,False,-29.544114854796256,12.707810815992916,3.28814102943625
5149,215,13,-28.97,4.5,0.0,True,False,-28.004822217853576,14.715004000032915,0.8080824020783721
5150,215,14,-23.3,6.67,0.0,True,False,-29.19960350974281,10.731825098807796,1.2382594987278859
5151,215,15,-27.04,4.91,0.0,True,False,-29.549037884792376,9.925511072325413,1.2382594987278859
5152,215,16,-27.2,11.02,0.0,True,False,-30.586995557933445,10.913476376799776,1.2382594987278859
5153,215,17,-25.06,14.35,0.0,True,False,-30.372257792775468,10.99298475730772,1.2382594987278859
5154,215,18,-26.97,26.84,0.0,True,False,-31.34380416732591,10.04716927238047,1.2382594987278859
5155,215,19,-30.56,9.6,0.0,True,False,-31.29458840285575,11.487394664351644,1.2382594987278859
5156,215,20,-30.58,2.9,0.0,True,False,-32.280580561631254,8.152916470348275,1.2382594987278859
5157,215,21,-28.71,4.31,0.0,True,False,-33.43409133921122,10.137032642537099,1.2382594987278859
5158,215,22,-31.27,9.36,0.0,True,False,-33.66317316440941,10.298743754087347,1.2382594987278859
5159,215,23,-34.46,6.83,0.0,True,False,-33.87230397550489,10.391324914498561,0.8080824020783721
5160,216,0,-30.19,10.84,0.0,True,False,-33.782463210452775,14.899413252228065,0.8080824020783721
5161,216,1,-32.97,8.76,0.0,True,False,-33.401114769189036,9.259220715304352,0.8080824020783721
5162,216,2,-26.58,4.54,0.0,True,False,-34.0007258583065,8.71901649162479,0.8080824020783721
5163,216,3,-29.14,6.26,0.0,True,False,-31.91173998684369,8.813339314666905,0.8080824020783721
5164,216,4,-30.89,11.11,0.0,True,False,-32.317562743067334,14.10211911500589,0.8080824020783721
5165,216,5,-29.99,9.01,0.0,True,False,-32.52682745782175,16.119762676971405,0.8080824020783721
5166,216,6,-31.86,10.91,0.0,True,False,-31.64072344792474,14.197676879368613,0.8080824020783721
5167,216,7,-29.76,3.48,0.0,True,False,-31.462783151950074,9.045927573462276,0.8080824020783721
5168,216,8,-25.05,4.72,0.0,True,False,-31.16592739941616,13.985867044019093,0.8080824020783721
5169,216,9,-22.2,13.18,0.0,True,False,-30.05741633430152,7.923075411110201,0.8080824020783721
5170,216,10,-24.89,3.56,0.0,True,False,-29.061930303400363,13.175086842265966,0.8080824020783721
5171,216,11,-26.33,10.58,0.0,True,False,-29.473825707117637,11.646941476530849,0.8080824020783721
5172,216,12,-26.94,3.33,0.0,True,False,-28.684726410749008,11.75239579429995,3.28814102943625
5173,216,13,-28.06,7.86,0.0,True,False,-28.507956591614853,14.451681205595154,0.8080824020783721
5174,216,14,-22.23,5.78,0.0,True,False,-29.350924879749478,9.676694089706753,1.2382594987278859
5175,216,15,-27.04,4.5,0.0,True,False,-29.534018257599527,11.895145945299047,1.2382594987278859
5176,216,16,-22.85,8.18,0.0,True,False,-30.659757482488846,10.49153859774232,1.2382594987278859
5177,216,17,-24.77,12.86,0.0,True,False,-29.83001886898348,10.493388573806742,1.2382594987278859
5178,216,18,-31.56,5.08,0.0,True,False,-31.27032034069694,12.72115284884625,1.2382594987278859
5179,216,19,-29.93,2.0,0.0,True,False,-32.282121470832,10.247571445026145,1.2382594987278859
5180,216,20,-30.42,6.93,0.0,True,False,-33.15840156141328,13.990738541166223,1.2382594987278859
5181,216,21,-29.65,4.48,0.0,True,False,-32.62335978000566,14.052775472251327,1.2382594987278859
5182,216,22,-29.93,11.22,0.0,True,False,-33.65443526234403,11.034318475229398,1.2382594987278859
5183,216,23,-24.02,5.77,0.0,True,False,-33.70720330377789,11.02007220682843,0.8080824020783721
5184,217,0,-32.02,5.19,0.0,True,False,-33.17558020253992,9.957863602541023,0.8080824020783721
5185,217,1,-29.34,6.11,0.0,True,False,-33.48723073043679,9.440483046033995,0.8080824020783721
5186,217,2,-28.36,12.85,0.0,True,False,-32.83819078605992,14.306015243737546,0.8080824020783721
5187,217,3,-29.28,9.24,0.0,True,False,-32.41290096724303,9.191346460420691,0.8080824020783721
5188,217,4,-28.64,4.11,0.0,True,False,-32.9755832427216,9.251729066361632,0.8080824020783721
5189,217,5,-30.47,3.48,0.0,True,False,-32.05367978737849,9.630973456266643,0.8080824020783721
5190,217,6,-27.65,15.03,0.0,True,False,-32.12111947040795,8.900953678066443,0.8080824020783721
5191,217,7,-26.32,5.12,0.0,True,False,-30.92692374867684,13.687842434927262,0.8080824020783721
5192,217,8,-26.21,13.05,0.0,True,False,-29.251994538337474,13.748384096955533,0.8080824020783721
5193,217,9,-25.31,6.78,0.0,True,False,-29.301202071831536,8.16832144277256,0.8080824020783721
5194,217,10,-23.31,4.76,0.0,True,False,-28.082630103717232,14.77551957273075,0.8080824020783721
5195,217,11,-24.06,4.97,0.0,True,False,-29.972399325915312,10.782974915814593,0.8080824020783721
5196,217,12,-25.72,6.95,0.0,True,False,-28.836858438207816,12.993105054559264,3.28814102943625
5197,217,13,-28.28,1.94,0.0,True,False,-29.671100344426954,11.561984682717908,0.8080824020783721
5198,217,14,-27.33,4.85,0.0,True,False,-28.37666988165511,14.016634930931144,1.2382594987278859
5199,217,15,-26.89,17.77,0.0,True,False,-30.89504906130238,13.774274563877622,1.2382594987278859
5200,217,16,-26.36,20.43,0.0,True,False,-29.64122081133442,10.327542892925214,1.2382594987278859
5201,217,17,-28.3,5.13,0.0,True,False,-29.700862183887857,10.900607575372808,1.2382594987278859
5202,217,18,-29.74,10.3,0.0,True,False,-32.25735689871122,10.837888073578956,1.2382594987278859
5203,217,19,-30.76,9.11,0.0,True,False,-31.98013035917877,10.796950119622938,1.2382594987278859
5204,217,20,-32.17,3.77,0.0,True,False,-32.73652843929506,11.501972713496102,1.2382594987278859
5205,217,21,-29.75,10.39,0.0,True,False,-33.13504902478988,14.190590490144507,1.2382594987278859
5206,217,22,-32.54,6.04,0.0,True,False,-33.47334623157128,10.4864373583582,1.2382594987278859
5207,217,23,-31.8,7.69,0.0,True,False,-32.639175242156995,13.402456990268917,0.8080824020783721
5208,218,0,-30.43,11.44,0.0,True,False,-34.199431172228586,12.48249901263501,0.8080824020783721
5209,218,1,-32.25,6.26,0.0,True,False,-33.422966231150184,9.808226448991102,0.8080824020783721
5210,218,2,-28.62,6.22,0.0,True,False,-33.19572199251886,8.728524074609505,0.8080824020783721
5211,218,3,-27.58,9.81,0.0,True,False,-32.79160824250361,8.539568897514988,0.8080824020783721
5212,218,4,-29.74,13.24,0.0,True,False,-31.866709547964916,12.22254319546193,0.8080824020783721
5213,218,5,-29.04,9.53,0.0,True,False,-31.57538139739461,14.224065466544541,0.8080824020783721
5214,218,6,-26.57,6.38,0.0,True,False,-31.529036167208865,8.242907173843479,0.8080824020783721
5215,218,7,-28.56,12.54,0.0,True,False,-30.729261853828476,12.607714787355839,0.8080824020783721
5216,218,8,-28.21,8.92,0.0,True,False,-30.455438957390665,9.070872335118054,0.8080824020783721
5217,218,9,-23.84,14.67,0.0,True,False,-28.628558327661615,8.520698871037649,0.8080824020783721
5218,218,10,-24.15,16.65,0.0,True,False,-28.32559795393874,13.949174568847447,0.8080824020783721
5219,218,11,-24.51,9.45,0.0,True,False,-28.934342309454454,15.065281280898908,0.8080824020783721
5220,218,12,-23.79,14.15,0.0,True,False,-28.400375330187675,11.014394077879118,3.28814102943625
5221,218,13,-29.67,14.36,0.0,True,False,-29.456751504763602,12.356300815276752,0.8080824020783721
5222,218,14,-23.21,7.15,0.0,True,False,-29.45509671329772,13.944621384038049,1.2382594987278859
5223,218,15,-25.45,14.36,0.0,True,False,-30.50273758149335,10.71816941749228,1.2382594987278859
5224,218,16,-24.62,22.88,0.0,True,False,-29.29870316557472,9.33240703796709,1.2382594987278859
5225,218,17,-26.35,10.9,0.0,True,False,-29.493450855228122,13.245244863617499,1.2382594987278859
5226,218,18,-27.55,7.47,0.0,True,False,-30.775451267395944,10.736771937803082,1.2382594987278859
5227,218,19,-28.71,3.13,0.0,True,False,-31.99483242401297,10.1942224294859,1.2382594987278859
5228,218,20,-27.91,19.06,0.0,True,False,-32.81404823685857,14.114196834794555,1.2382594987278859
5229,218,21,-29.68,10.67,0.0,True,False,-32.5771934528088,10.58533789615459,1.2382594987278859
5230,218,22,-27.64,11.16,0.0,True,False,-33.760512344055755,12.092079725250185,1.2382594987278859
5231,218,23,-32.75,8.28,0.0,True,False,-32.72222360213314,10.43644576192663,0.8080824020783721
5232,219,0,-30.51,14.31,0.0,True,False,-33.471863143030255,8.784932766208973,0.8080824020783721
5233,219,1,-25.27,1.02,0.0,True,False,-33.87008078007873,8.200958377919594,0.8080824020783721
5234,219,2,-30.41,7.07,0.0,True,False,-32.354931096477735,10.007732853028237,0.8080824020783721
5235,219,3,-29.31,7.32,0.0,True,False,-32.257423529194256,7.016726821203259,0.8080824020783721
5236,219,4,-30.19,4.14,0.0,True,False,-32.38112777024898,9.271843020911804,0.8080824020783721
5237,219,5,-27.27,8.73,0.0,True,False,-31.797218770926435,9.255095241542646,0.8080824020783721
5238,219,6,-28.9,13.94,0.0,True,False,-31.807872708214973,9.026281480439458,0.8080824020783721
5239,219,7,-27.28,7.12,0.0,True,False,-30.7775487128814,8.729654783235759,0.8080824020783721
5240,219,8,-24.73,3.81,0.0,True,False,-30.274593972232545,8.47835419182416,0.8080824020783721
5241,219,9,-27.41,12.48,0.0,True,False,-29.248725620877675,8.755947313942837,0.8080824020783721
5242,219,10,-24.11,9.86,0.0,True,False,-28.364931900921455,9.079971096988736,0.8080824020783721
5243,219,11,-23.85,17.92,0.0,True,False,-28.097785149910003,10.295716513907593,0.8080824020783721
5244,219,12,-23.31,4.97,0.0,True,False,-27.948849208971776,10.938157609802303,3.28814102943625
5245,219,13,-25.21,10.7,0.0,True,False,-29.710950064932614,10.209770918075211,0.8080824020783721
5246,219,14,-19.21,3.72,0.0,True,False,-28.991399914295915,10.616877707388758,1.2382594987278859
5247,219,15,-23.9,7.58,0.0,True,False,-29.710380242780392,10.852044175744176,1.2382594987278859
5248,219,16,-25.77,8.35,0.0,True,False,-29.457591413227647,10.210883584367116,1.2382594987278859
5249,219,17,-28.66,2.93,0.0,True,False,-30.34581089677002,10.034668361431722,1.2382594987278859
5250,219,18,-27.62,13.43,0.0,True,False,-31.81506930768367,10.207186931456594,1.2382594987278859
5251,219,19,-25.09,11.59,0.0,True,False,-31.70434501666497,13.68159787648876,1.2382594987278859
5252,219,20,-25.0,9.86,0.0,True,False,-31.58682896294246,10.725216208123058,1.2382594987278859
5253,219,21,-25.88,3.86,0.0,True,False,-32.0920985995455,11.00746128214,1.2382594987278859
5254,219,22,-27.58,5.25,0.0,True,False,-31.99985911409961,11.02632522218696,1.2382594987278859
5255,219,23,-31.87,12.28,0.0,True,False,-32.87929551243447,10.371676874139052,0.8080824020783721
5256,220,0,-28.22,7.54,0.0,True,False,-33.276683127346054,8.451897975850832,0.8080824020783721
5257,220,1,-31.61,6.76,0.0,True,False,-32.24721028813625,13.868921602770863,0.8080824020783721
5258,220,2,-31.9,14.14,0.0,True,False,-33.37918068197425,8.480907961755294,0.8080824020783721
5259,220,3,-28.13,8.19,0.0,True,False,-32.94497142923475,8.655521997479864,0.8080824020783721
5260,220,4,-27.15,4.06,0.0,True,False,-32.549149605896,12.51562381891603,0.8080824020783721
5261,220,5,-25.91,12.2,0.0,True,False,-31.796297870139323,9.158841997168524,0.8080824020783721
5262,220,6,-26.2,3.76,0.0,True,False,-30.933346729954742,8.40018304380615,0.8080824020783721
5263,220,7,-25.62,7.57,0.0,True,False,-31.062844940127928,8.165986816001602,0.8080824020783721
5264,220,8,-28.17,8.8,0.0,True,False,-29.569366926908693,13.93360918062064,0.8080824020783721
5265,220,9,-25.99,10.9,0.0,True,False,-29.97513083655985,8.149454586499836,0.8080824020783721
5266,220,10,-28.48,3.26,0.0,True,False,-28.24519003413698,9.033202729581646,0.8080824020783721
5267,220,11,-29.27,1.73,0.0,True,False,-28.642210853982203,10.940361903606703,0.8080824020783721
5268,220,12,-23.72,1.78,0.0,True,False,-27.640161938593085,12.519296146078398,3.28814102943625
5269,220,13,-26.77,15.04,0.0,True,False,-28.772534350158136,11.469889598071825,0.8080824020783721
5270,220,14,-23.72,2.93,0.0,True,False,-27.61893370911928,14.165302733001576,1.2382594987278859
5271,220,15,-23.57,17.01,0.0,True,False,-29.12886713666174,11.000868952777497,1.2382594987278859
5272,220,16,-27.44,12.87,0.0,True,False,-29.089351613308878,10.618436876500464,1.2382594987278859
5273,220,17,-25.5,4.48,0.0,True,False,-30.48178237005841,11.985588365259243,1.2382594987278859
5274,220,18,-28.52,2.15,0.0,True,False,-31.242952216224865,10.881330750599716,1.2382594987278859
5275,220,19,-31.41,7.88,0.0,True,False,-31.34864762661105,10.254114806107761,1.2382594987278859
5276,220,20,-27.95,5.7,0.0,True,False,-32.022198811200596,10.700581100520266,1.2382594987278859
5277,220,21,-29.55,14.26,0.0,True,False,-32.09938058928005,13.816856263851468,1.2382594987278859
5278,220,22,-29.81,8.75,0.0,True,False,-33.538816456936445,11.71491112827037,1.2382594987278859
5279,220,23,-25.18,7.62,0.0,True,False,-33.9091264978915,10.566803003991833,0.8080824020783721
5280,221,0,-32.02,6.78,0.0,True,False,-32.42792445503529,8.485936860399905,0.8080824020783721
5281,221,1,-28.13,10.89,0.0,True,False,-33.39126857192592,11.024927033251338,0.8080824020783721
5282,221,2,-30.69,7.25,0.0,True,False,-33.5734083726777,9.035755770145402,0.8080824020783721
5283,221,3,-26.57,18.73,0.0,True,False,-32.526939618828095,8.793721762299795,0.8080824020783721
5284,221,4,-27.37,2.87,0.0,True,False,-31.99344454430746,14.577698395916533,0.8080824020783721
5285,221,5,-26.73,6.39,0.0,True,False,-31.634389261316894,9.60153330238979,0.8080824020783721
5286,221,6,-28.86,10.1,0.0,True,False,-31.096469436924515,8.983060102613425,0.8080824020783721
5287,221,7,-27.98,9.42,0.0,True,False,-30.81350949008207,8.207810999233194,0.8080824020783721
5288,221,8,-24.11,18.7,0.0,True,False,-29.43528335084063,8.745490565046639,0.8080824020783721
5289,221,9,-22.01,5.02,0.0,True,False,-29.936719951070835,8.668097346999064,0.8080824020783721
5290,221,10,-24.27,1.18,0.0,True,False,-28.269136987635985,13.956697655782374,0.8080824020783721
5291,221,11,-26.83,12.37,0.0,True,False,-28.622412641623246,12.560502692005821,0.8080824020783721
5292,221,12,-24.29,8.54,0.0,True,False,-26.66931913593361,14.962956625332357,3.28814102943625
5293,221,13,-20.18,12.42,0.0,True,False,-29.552182157952455,14.370339925018104,0.8080824020783721
5294,221,14,-25.03,9.18,0.0,True,False,-27.427421555547344,14.747319103170343,1.2382594987278859
5295,221,15,-22.63,1.56,0.0,True,False,-28.148115745874165,10.08766818808407,1.2382594987278859
5296,221,16,-27.45,9.49,0.0,True,False,-30.31581364188784,10.15854436338151,1.2382594987278859
5297,221,17,-26.53,5.0,0.0,True,False,-30.554990905308486,13.744961153420176,1.2382594987278859
5298,221,18,-25.73,6.39,0.0,True,False,-30.820355514791533,11.7759150431088,1.2382594987278859
5299,221,19,-26.69,7.12,0.0,True,False,-31.453389460284335,10.547760688519215,1.2382594987278859
5300,221,20,-29.5,3.76,0.0,True,False,-31.388426267722473,14.343541982173742,1.2382594987278859
5301,221,21,-30.0,4.9,0.0,True,False,-32.43620623921362,10.687789896030397,1.2382594987278859
5302,221,22,-26.72,11.27,0.0,True,False,-33.40571163999909,10.554614979910415,1.2382594987278859
5303,221,23,-26.52,11.26,0.0,True,False,-31.487779581769903,10.53351913664182,0.8080824020783721
5304,222,0,-25.71,2.66,0.0,True,False,-32.98479336722083,9.939959932369906,0.8080824020783721
5305,222,1,-25.06,8.59,0.0,True,False,-31.878383415927185,9.007874400888051,0.8080824020783721
5306,222,2,-28.2,11.91,0.0,True,False,-32.434613552833,8.287740067879621,0.8080824020783721
5307,222,3,-28.77,8.13,0.0,True,False,-32.25664499171507,8.602009405197595,0.8080824020783721
5308,222,4,-25.03,8.85,0.0,True,False,-32.74877907868061,14.335876065443808,0.8080824020783721
5309,222,5,-25.83,2.79,0.0,True,False,-31.69874065342951,9.059839784934391,0.8080824020783721
5310,222,6,-28.7,13.98,0.0,True,False,-30.70137286650822,8.685610053279802,0.8080824020783721
5311,222,7,-28.28,3.96,0.0,True,False,-30.631180067188062,8.27649264145137,0.8080824020783721
5312,222,8,-24.75,6.21,0.0,True,False,-29.979196273516575,8.5022782863732,0.8080824020783721
5313,222,9,-25.67,11.96,0.0,True,False,-29.13112001873066,9.911017656956345,0.8080824020783721
5314,222,10,-25.05,16.49,0.0,True,False,-29.017875611593205,14.652017854952089,0.8080824020783721
5315,222,11,-22.66,6.5,0.0,True,False,-29.75228522969428,11.127653171928186,0.8080824020783721
5316,222,12,-23.22,21.08,0.0,True,False,-26.935914258152025,10.9351747026033,3.28814102943625
5317,222,13,-22.14,8.28,0.0,True,False,-28.827721016851466,11.386067350499303,0.8080824020783721
5318,222,14,-28.87,7.79,0.0,True,False,-27.556437579492112,10.328937571286083,1.2382594987278859
5319,222,15,-24.81,4.3,0.0,True,False,-28.433941986509993,9.974418703388306,1.2382594987278859
5320,222,16,-24.34,6.29,0.0,True,False,-30.568209190050684,10.48333421657033,1.2382594987278859
5321,222,17,-29.27,8.67,0.0,True,False,-30.72872103230027,13.990142260735128,1.2382594987278859
5322,222,18,-28.04,10.17,0.0,True,False,-31.380410869320706,13.10531343650261,1.2382594987278859
5323,222,19,-28.93,9.92,0.0,True,False,-31.542272237869188,10.802157995420744,1.2382594987278859
5324,222,20,-27.69,5.92,0.0,True,False,-32.7928352525305,13.944789654687003,1.2382594987278859
5325,222,21,-24.89,14.98,0.0,True,False,-32.546850774557285,12.553871101681827,1.2382594987278859
5326,222,22,-24.42,7.93,0.0,True,False,-32.13783064892387,10.431898687087758,1.2382594987278859
5327,222,23,-30.29,7.66,0.0,True,False,-32.43905505397948,10.544338241464196,0.8080824020783721
5328,223,0,-27.44,4.13,0.0,True,False,-32.35897472398727,11.3512325706807,0.8080824020783721
5329,223,1,-27.31,10.7,0.0,True,False,-31.866690839256318,8.7970944620428,0.8080824020783721
5330,223,2,-27.45,7.42,0.0,True,False,-32.111747838990965,9.148173884822594,0.8080824020783721
5331,223,3,-27.11,6.54,0.0,True,False,-31.928886639241355,8.519054276087346,0.8080824020783721
5332,223,4,-26.89,3.38,0.0,True,False,-30.97447169944288,8.984012703241229,0.8080824020783721
5333,223,5,-23.64,3.47,0.0,True,False,-31.160166651172602,14.249686967360166,0.8080824020783721
5334,223,6,-24.29,9.15,0.0,True,False,-30.74450455739114,8.437417733147889,0.8080824020783721
5335,223,7,-28.1,16.1,0.0,True,False,-30.288002712321212,13.208899125614849,0.8080824020783721
5336,223,8,-23.91,6.82,0.0,True,False,-28.800177104362156,8.569098602731097,0.8080824020783721
5337,223,9,-23.3,6.8,0.0,True,False,-28.614735828355307,8.450829842001443,0.8080824020783721
5338,223,10,-24.14,10.77,0.0,True,False,-28.115656455453255,10.60243963220562,0.8080824020783721
5339,223,11,-22.3,13.73,0.0,True,False,-28.786378756725245,11.442327811022396,0.8080824020783721
5340,223,12,-24.12,5.62,0.0,True,False,-26.48948240931635,10.884243767811311,3.28814102943625
5341,223,13,-24.16,4.17,0.0,True,False,-27.381942348309178,10.534888392379495,0.8080824020783721
5342,223,14,-24.52,7.32,0.0,True,False,-29.068345538288675,10.716954692574012,1.2382594987278859
5343,223,15,-29.12,9.85,0.0,True,False,-28.122981949870518,14.85779730952594,1.2382594987278859
5344,223,16,-25.66,1.78,0.0,True,False,-29.824369667044458,10.289024958498278,1.2382594987278859
5345,223,17,-27.32,6.05,0.0,True,False,-30.612937781350233,10.101747155521196,1.2382594987278859
5346,223,18,-28.87,6.92,0.0,True,False,-31.249943223519406,9.55006560442395,1.2382594987278859
5347,223,19,-24.15,21.43,0.0,True,False,-31.678523984753372,10.478155369204947,1.2382594987278859
5348,223,20,-26.49,3.19,0.0,True,False,-31.91296699687058,14.63731308459764,1.2382594987278859
5349,223,21,-27.97,6.07,0.0,True,False,-30.900695969796192,11.144005508915326,1.2382594987278859
5350,223,22,-29.36,6.98,0.0,True,False,-31.702825071457077,10.101523553748612,1.2382594987278859
5351,223,23,-27.84,4.56,0.0,True,False,-33.48181213042444,9.967091891733581,0.8080824020783721
5352,224,0,-26.27,8.7,250.9,False,False,-33.38819121437079,14.308551682768032,0.8080824020783721
5353,224,1,-29.84,11.59,45.1,False,False,-32.7055255966028,8.743456918429645,26.243324661115807
5354,224,2,-28.0,11.81,0.0,False,False,-33.10730101234359,9.346156437841286,-0.5087452073320775
5355,224,3,-25.94,5.19,389.8,False,False,-32.692663354587026,8.78026637801821,-1.9780644239927239
5356,224,4,-31.13,9.75,0.0,False,False,-31.99214100986983,14.918669094382496,26.032766067770556
5357,224,5,-26.89,9.33,0.0,False,False,-30.982240711820573,14.4745783648219,35.681306614294215
5358,224,6,-27.12,17.92,315.4,False,False,-30.65472229115242,8.776706494232572,23.26832527907149
5359,224,7,-26.01,9.78,0.0,False,False,-30.354387365986913,8.96648719280227,26.243324661115807
5360,224,8,-26.26,10.08,0.0,False,False,-28.526576922498286,8.123701086326045,23.13795181587176
5361,224,9,-24.57,12.78,573.1,False,False,-29.208393816840466,7.55636883823665,-1.9780644239927239
5362,224,10,-20.68,3.66,0.0,False,False,-28.698301324091013,8.503482368437739,127.22021431030572
5363,224,11,-24.97,7.82,0.0,False,False,-27.328647213963418,10.505049510517287,3.376333003915789
5364,224,12,-23.67,16.62,455.9,False,False,-26.493352543957183,12.524780727264384,24.489171800615516
5365,224,13,-20.34,31.79,0.0,False,False,-27.79488071936809,13.726558886036994,28.354326414060363
5366,224,14,-25.63,6.07,0.0,False,False,-28.633379788416708,11.811534053299273,30.269052724347976
5367,224,15,-21.21,16.39,507.1,False,False,-28.638018444287763,7.781531934392029,14.11298842101308
5368,224,16,-25.25,6.56,0.0,False,False,-28.349481505625654,8.9207789305579,145.8891716032338
5369,224,17,-22.18,8.87,0.0,False,False,-30.439440962375134,10.84169421937057,11.052595479269927
5370,224,18,-24.76,2.88,293.9,False,False,-30.71820871628233,10.276631595714965,14.11298842101308
5371,224,19,-26.16,14.63,0.0,False,False,-30.31994332691613,10.650764889712692,47.897210077526395
5372,224,20,-27.39,6.38,0.0,False,False,-31.690609967257288,13.092805057770994,17.65269507202671
5373,224,21,-28.92,3.25,428.2,False,False,-31.07979135973415,10.467152994706549,-2.9420497814516797
5374,224,22,-27.84,7.08,0.0,False,False,-32.2484065200966,10.702276507897198,58.43687391350783
5375,224,23,-26.39,1.46,27.9,False,False,-32.78002951054944,13.879554727389062,35.681306614294215
5376,225,0,-28.04,10.53,22.9,False,False,-33.04241475811635,11.504207059322836,5.622474829177013
5377,225,1,-28.58,13.27,0.0,False,False,-32.65254349083965,8.88462285065809,25.310632974128247
5378,225,2,-28.25,4.24,0.0,False,False,-32.9707050707461,8.637935556832105,0.8080824020783721
5379,225,3,-25.44,4.15,336.8,False,False,-32.51134633510273,13.827000563376991,6.70757252144209
5380,225,4,-24.56,10.14,221.3,False,False,-32.59234429108441,13.070054790306862,45.402310951753385
5381,225,5,-27.87,10.78,0.0,False,False,-30.74806070902037,9.453376811985828,18.596692828926063
5382,225,6,-27.35,5.33,0.0,False,False,-30.675751476908818,8.879022473925884,5.694940176724214
5383,225,7,-24.74,4.58,286.5,False,False,-30.751263373712835,7.4725955111142826,-0.5171599921425527
5384,225,8,-21.96,12.09,421.6,False,False,-29.36844450044526,8.556106846558414,26.243324661115807
5385,225,9,-22.31,3.06,0.0,False,False,-27.906418267855585,9.314839467038983,124.1859350395512
5386,225,10,-26.79,5.88,0.0,False,False,-27.43223193518858,13.286810962596697,28.85858755217499
5387,225,11,-24.61,4.51,69.6,False,False,-27.654812236416287,10.552946999217093,23.26832527907149
5388,225,12,-25.88,10.06,584.4,False,False,-26.775785053430592,11.089443835679962,115.28718438864863
5389,225,13,-24.62,4.71,74.8,False,False,-27.97822755267056,12.042070910205224,93.83451791087049
5390,225,14,-21.07,18.35,0.0,False,False,-28.58173823990965,12.27858578253635,-68.07762407173344
5391,225,15,-27.44,12.91,0.0,False,False,-28.649488077109666,10.280614809260333,86.63903538124919
5392,225,16,-28.25,5.76,506.4,False,False,-29.14577936722311,11.318322122950487,-0.07265914685657285
5393,225,17,-27.15,9.15,302.0,False,False,-30.226227729538863,9.309714945707567,145.8891716032338
5394,225,18,-25.44,4.76,0.0,False,False,-30.859520566716906,13.704694043313134,34.12613216893609
5395,225,19,-25.29,23.27,0.0,False,False,-30.817391122163666,10.504858122008805,24.54396255143403
5396,225,20,-26.14,5.11,289.7,False,False,-32.196202018363664,11.21067445369235,-2.9420497814516797
5397,225,21,-25.08,4.02,471.6,False,False,-31.616144534500012,14.632748859543705,87.45214711073706
5398,225,22,-31.27,10.75,0.0,False,False,-32.061531157797305,10.709628609567881,25.66830248040917
5399,225,23,-25.57,4.69,0.0,False,False,-33.21514861479105,15.498269770277437,22.60158542825593
5400,226,0,-28.39,4.74,120.7,False,False,-32.085043476978896,8.66873649301808,-23.954135668032176
5401,226,1,-26.24,7.9,377.4,False,False,-32.2692587827942,8.331854112094794,28.579212109305484
5402,226,2,-30.15,8.62,286.7,False,False,-31.773431956249937,12.675345265718551,23.974349392638995
5403,226,3,-27.17,3.93,0.0,False,False,-31.731720624166467,14.265083192404624,70.43510923944727
5404,226,4,-26.29,9.65,0.0,False,False,-30.5276107795153,8.69470286136798,66.57836383192628
5405,226,5,-23.97,4.91,0.0,False,False,-30.849056815953134,8.585847274337935,-1.9780644239927239
5406,226,6,-28.94,3.36,285.5,False,False,-31.123756732636163,11.596208247551848,-5.324019225635071
5407,226,7,-25.19,6.33,229.2,False,False,-29.89660334101068,13.95076072764339,48.243590508732055
5408,226,8,-26.94,6.28,0.0,False,False,-28.792891039673396,8.60631642707464,75.42758558126157
5409,226,9,-23.34,9.25,0.0,False,False,-27.91068771741681,11.823146390730017,29.90158333392713
5410,226,10,-22.48,18.26,0.0,False,False,-28.57481700090786,14.370900192873309,-0.5171599921425527
5411,226,11,-21.26,7.83,145.6,False,False,-27.92295603327781,14.86441946334317,0.4533020532718481
5412,226,12,-24.84,9.9,457.2,False,False,-26.38080738269038,11.022911063951476,267.13446625657366
5413,226,13,-21.98,17.83,98.4,False,False,-27.037478560394447,9.986493958729374,22.616847948106308
5414,226,14,-21.31,13.21,0.0,False,False,-27.979605591863606,10.350465294457527,4.767308986960256
5415,226,15,-27.64,6.89,0.0,False,False,-28.539904667716716,10.879971029890246,2.0059277105296776
5416,226,16,-23.54,3.53,0.0,False,False,-29.588642589873636,10.559884544822227,107.83506366811741
5417,226,17,-23.33,27.96,401.4,False,False,-29.427036374062688,11.06302592445251,1.7096476170300576
5418,226,18,-26.28,7.05,227.0,False,False,-29.71668119774882,15.718565295703092,73.25556515098351
5419,226,19,-28.71,11.9,0.0,False,False,-29.915785447722563,10.584627396910909,20.622570348694
5420,226,20,-24.88,19.27,0.0,False,False,-32.06193758589628,10.310963774274486,33.67102132761933
5421,226,21,-29.58,3.02,0.0,False,False,-31.26547211506273,14.550520608133418,63.10908936446485
5422,226,22,-27.86,4.79,294.6,False,False,-33.241634013732636,11.461907095008051,1.2382594987278859
5423,226,23,-27.78,10.83,454.6,False,False,-32.369410011331055,10.885949320752175,51.00328218569127
5424,227,0,-26.09,7.3,328.9,False,False,-32.491343619496384,14.021052314715488,36.69336535023953
5425,227,1,-28.7,1.56,0.0,False,False,-32.04831580783204,9.068706130791112,33.880378372504374
5426,227,2,-28.62,5.95,0.0,False,False,-32.54055118682016,8.430714723323746,53.95711175200545
5427,227,3,-26.73,6.48,0.0,False,False,-32.61567603846685,15.004610795316346,-17.82789836109887
5428,227,4,-24.5,7.05,0.0,False,False,-30.854926397061362,8.099686589454723,5.829816082117419
5429,227,5,-21.46,4.7,265.1,False,False,-30.202828008814272,13.293037285633996,0.8080824020783721
5430,227,6,-28.53,14.91,255.4,False,False,-30.390037735871793,15.042282864815878,55.72016040557441
5431,227,7,-24.37,2.83,105.6,False,False,-28.69927514721379,9.367489816650338,74.87820588190752
5432,227,8,-26.69,8.9,0.0,False,False,-29.06234924018923,9.485870786732152,10.853309266625756
5433,227,9,-22.07,5.36,0.0,False,False,-27.91775848652091,8.509700498755905,-1.9780644239927239
5434,227,10,-25.66,5.15,0.0,False,False,-28.209095934716334,7.590363450386144,0.8913262106023827
5435,227,11,-24.93,13.91,175.7,False,False,-27.513077122153213,11.314650356423313,8.028766643572432
5436,227,12,-24.7,6.3,550.2,False,False,-27.30979057112208,11.575369551074996,187.42595109496247
5437,227,13,-23.74,8.93,199.9,False,False,-27.572737685303256,11.41386279563738,7.976925558323431
5438,227,14,-23.14,11.21,0.0,False,False,-27.46048405794527,10.123045712179161,-8.680092999953485
5439,227,15,-23.14,7.48,0.0,False,False,-29.758586053397497,11.127095015427024,20.486907425007917
5440,227,16,-24.53,14.01,0.0,False,False,-28.90968930725536,13.817487720755755,-15.95433796688261
5441,227,17,-27.66,3.31,132.2,False,False,-29.43442881642179,10.859419435042328,16.697876824642414
5442,227,18,-24.06,9.21,538.6,False,False,-31.08640855308067,10.324973726989146,63.416040563623426
5443,227,19,-26.14,18.36,291.0,False,False,-30.77353063747907,9.882676334206371,121.94532398493236
5444,227,20,-24.19,8.81,0.0,False,False,-30.79976469624598,10.656041012549776,26.12344352481581
5445,227,21,-28.35,2.44,0.0,False,False,-31.39483728178279,14.723773830776846,5.878044743080733
5446,227,22,-30.45,9.38,0.0,False,False,-31.987011690747703,11.140580015316376,9.030680916429322
5447,227,23,-27.52,15.22,0.0,False,False,-32.53115410134734,10.481915396569997,83.77274607591687
5448,228,0,-24.67,6.0,0.0,False,False,-32.84330849902976,8.356297227882608,23.030722379995208
5449,228,1,-26.87,5.96,0.0,False,False,-31.686663899468957,15.049880579913404,-12.241237004579492
5450,228,2,-27.4,10.61,0.0,False,False,-31.671611247412397,9.613665535361534,0.6093733015347088
5451,228,3,-28.42,9.63,0.0,False,False,-31.779987970483106,10.076544394192542,0.8080824020783721
5452,228,4,-22.75,7.63,404.9,False,False,-31.023460071801665,8.672879034559953,0.8080824020783721
5453,228,5,-27.84,4.89,466.3,False,False,-29.55916697605888,14.278708562949976,39.1891601497999
5454,228,6,-26.72,5.64,148.1,False,False,-30.648905703632103,8.447270740419292,60.14095635005178
5455,228,7,-23.61,4.09,0.0,False,False,-29.238365072768545,13.954732851850205,65.44385763668085
5456,228,8,-27.98,2.27,0.0,False,False,-30.018343633575068,9.093359377452593,13.600855751404323
5457,228,9,-21.3,13.22,0.0,False,False,-27.933465849493086,13.984923073110084,0.8913262106023827
5458,228,10,-22.28,10.91,0.0,False,False,-27.821728616937918,11.27913878802055,0.8080824020783721
5459,228,11,-21.53,10.35,179.4,False,False,-27.183725725026445,14.114312064922505,51.156855564556636
5460,228,12,-22.15,10.25,513.9,False,False,-25.900303579805875,11.866397581913786,216.48531784090085
5461,228,13,-23.65,6.59,298.4,False,False,-27.03043838005734,10.476054178490408,87.83238810898972
5462,228,14,-25.66,6.12,0.0,False,False,-27.41119235854383,10.289688864752096,-6.214175069047931
5463,228,15,-24.13,3.55,0.0,False,False,-28.75376637254419,10.100189705145304,24.54396255143403
5464,228,16,-26.21,11.38,0.0,False,False,-27.95382293701614,10.5506718753016,-2.9420497814516797
5465,228,17,-23.77,23.84,0.0,False,False,-29.005712902645577,12.643821393815545,-4.671251315399099
5466,228,18,-23.65,9.17,303.4,False,False,-29.962239177929472,10.198501655540872,115.15468764591824
5467,228,19,-22.83,12.22,251.4,False,False,-31.258145443170495,11.275869603344455,76.80126896299426
5468,228,20,-25.52,12.24,268.2,False,False,-29.602067244260343,12.38006006675542,23.953362459224977
5469,228,21,-24.83,15.72,0.0,False,False,-30.92242209694587,14.434978068703769,10.057913015140807
5470,228,22,-27.59,19.53,0.0,False,False,-32.07623400841241,10.991398519534153,1.582823190447023
5471,228,23,-28.15,17.86,0.0,False,False,-32.946110676175174,11.258270347494975,-14.11893014427911
5472,229,0,-26.06,8.23,0.0,False,False,-31.735103803869674,10.74403633138655,-8.6071136976842
5473,229,1,-27.71,6.92,0.0,False,False,-32.61645375236959,9.069803764657742,0.8080824020783721
5474,229,2,-26.2,22.78,0.0,False,False,-32.524437404503026,8.134948687873678,0.8080824020783721
5475,229,3,-28.54,4.13,354.9,False,False,-31.32150289447159,8.906783493451115,0.8080824020783721
5476,229,4,-27.77,18.22,250.0,False,False,-30.264611650777884,9.480662865856246,37.00294640835552
5477,229,5,-24.26,6.96,192.1,False,False,-30.412358508336283,13.743880612223625,92.5365591146659
5478,229,6,-23.23,3.85,39.5,False,False,-30.771387489358972,12.272325902559796,54.63996195251888
5479,229,7,-26.46,16.49,0.0,False,False,-28.67373713571646,11.413132376874856,5.181837364321311
5480,229,8,-22.67,4.57,0.0,False,False,-29.423142448237407,14.21841226751642,-0.5171599921425527
5481,229,9,-24.66,12.26,0.0,False,False,-27.366263064145326,8.590339063021167,0.8080824020783721
5482,229,10,-23.24,8.35,0.0,False,False,-28.33294801679607,9.168859211273839,0.8080824020783721
5483,229,11,-20.24,18.19,346.9,False,False,-28.00824261389874,11.16104028956104,50.58213353819666
5484,229,12,-21.39,13.62,513.6,False,False,-25.888373234698363,11.103734251267804,191.07065467806666
5485,229,13,-21.48,6.86,257.3,False,False,-26.997351745144737,10.665626183720635,134.987391386458
5486,229,14,-19.46,16.54,0.0,False,False,-27.32518353997419,9.945585818988746,-0.48007223875569766
5487,229,15,-25.0,9.77,0.0,False,False,-26.917201836828877,11.45012757320758,13.506939129138898
5488,229,16,-25.98,7.74,0.0,False,False,-28.96494809171003,10.498610439874685,-2.9420497814516797
5489,229,17,-25.93,8.26,0.0,False,False,-28.965831032211714,10.87030572632837,20.88240171644912
5490,229,18,-25.52,12.51,30.4,False,False,-29.263280917393875,10.01848536657044,7.464864631837526
5491,229,19,-30.24,6.67,426.9,False,False,-30.50952906190818,10.517358932974913,53.32690378840444
5492,229,20,-26.42,5.67,240.4,False,False,-31.00681079665237,10.269000990369895,47.328772741832054
5493,229,21,-27.51,4.95,175.3,False,False,-31.08969051433665,10.075110087910838,20.196362463904315
5494,229,22,-25.17,9.11,0.0,False,False,-31.969718296794436,10.363968717259192,67.65694998237772
5495,229,23,-26.24,5.15,0.0,False,False,-31.94789880809624,10.479983552646237,-0.5171599921425527
5496,230,0,-27.95,27.6,0.0,False,False,-31.453821104039676,9.226108176910687,-0.5171599921425527
5497,230,1,-25.5,6.58,0.0,False,False,-32.00931675561867,8.882190467143712,0.8080824020783721
5498,230,2,-25.03,10.17,238.7,False,False,-32.45750454523467,9.44811273326985,0.8080824020783721
5499,230,3,-27.7,14.02,395.1,False,False,-31.21529630786295,9.820440052642663,48.543565176829496
5500,230,4,-26.74,15.96,475.0,False,False,-30.238281916132223,8.952861619017671,65.39138210554803
5501,230,5,-29.72,8.62,183.7,False,False,-30.02704640808819,9.890281042777357,31.936493623017647
5502,230,6,-26.93,2.07,0.0,False,False,-30.416180098121213,12.097630476831656,64.25661007800619
5503,230,7,-25.72,2.16,0.0,False,False,-29.531419944870724,8.714718493280719,13.600855751404323
5504,230,8,-23.6,12.43,0.0,False,False,-29.103714131072692,13.256684875024863,-0.5171599921425527
5505,230,9,-25.23,4.39,0.0,False,False,-27.91775848652091,8.341435381754469,0.8080824020783721
5506,230,10,-24.04,6.42,52.3,False,False,-27.450642922958004,8.96733794215829,0.8080824020783721
5507,230,11,-25.27,13.38,305.0,False,False,-27.326870834449032,10.587646051547207,55.527754301326254
5508,230,12,-22.41,5.71,246.6,False,False,-26.290590662255166,11.298971223862402,207.6885424591144
5509,230,13,-21.97,18.55,361.7,False,False,-26.969720396853972,10.66498467014612,169.32843923292404
5510,230,14,-22.21,6.53,27.9,False,False,-27.939053243469655,10.89915805238931,30.10278410665909
5511,230,15,-23.31,11.21,0.0,False,False,-27.515125050173374,10.65533087740931,10.99722217107513
5512,230,16,-26.83,5.65,0.0,False,False,-29.29236868032334,10.215509786984562,2.306068273860986
5513,230,17,-25.47,10.42,0.0,False,False,-28.935378321793962,10.51102733422813,1.2382594987278859
5514,230,18,-25.56,18.62,0.0,False,False,-29.42249685912636,11.51922372680215,28.25305158904088
5515,230,19,-26.07,4.86,122.0,False,False,-30.25198352268745,11.972864199057282,33.52663157877688
5516,230,20,-25.6,6.59,434.0,False,False,-31.46585067346687,13.73330982063171,103.32824925257559
5517,230,21,-23.31,14.29,266.1,False,False,-31.313979764448554,9.387241165527307,63.119237291012794
5518,230,22,-24.86,6.05,230.4,False,False,-31.859710678478883,10.149618694486891,12.785607081525663
5519,230,23,-28.66,5.57,0.0,False,False,-32.07126338350582,12.743004177551997,-2.3208965609404233
5520,231,0,-25.13,5.58,0.0,False,False,-32.16511634179509,8.874555435012425,-1.9780644239927239
5521,231,1,-25.14,10.41,103.6,False,False,-31.845247363158883,8.825708393660586,-0.5171599921425527
5522,231,2,-27.83,11.77,236.4,False,False,-31.161093203916963,12.719011009330154,31.123745974429877
5523,231,3,-24.2,13.96,404.8,False,False,-31.32181650434109,10.123765496859077,82.86236072719015
5524,231,4,-25.81,19.66,333.4,False,False,-31.497799768305367,8.780530677968045,81.45013923739421
5525,231,5,-27.82,9.14,18.5,False,False,-30.06838413493861,9.511492965472577,82.38241865900605
5526,231,6,-23.58,5.19,0.0,False,False,-30.08407440712486,11.491385077130618,48.09109119395508
5527,231,7,-23.54,7.09,0.0,False,False,-30.131036335745286,10.22293610957228,17.277217886547902
5528,231,8,-23.94,4.52,0.0,False,False,-27.99209083192142,8.642429423581735,0.8080824020783721
5529,231,9,-23.15,8.28,0.0,False,False,-27.575973992873223,12.826334282349643,0.8080824020783721
5530,231,10,-24.19,4.96,66.0,False,False,-27.443571465867535,9.06093219028724,7.316190859770435
5531,231,11,-21.34,13.92,221.2,False,False,-26.97837224668349,11.133805315919814,100.32127542372763
5532,231,12,-22.57,8.77,293.7,False,False,-25.6830001569889,12.607686217353704,187.0099104136359
5533,231,13,-22.22,16.19,458.4,False,False,-26.866782171339633,10.933561913700624,178.72464664317985
5534,231,14,-22.04,11.56,56.1,False,False,-26.764770046768387,10.508783796104069,18.807493913457197
5535,231,15,-25.38,11.02,0.0,False,False,-28.09776991881113,10.342038326945708,9.23567382750384
5536,231,16,-25.28,3.54,0.0,False,False,-29.887793468807956,12.215562852861742,14.11298842101308
5537,231,17,-28.39,25.4,0.0,False,False,-29.847284490448708,10.775153232453343,1.3215033072518965
5538,231,18,-23.36,19.45,0.0,False,False,-30.96207770875562,9.39922490681772,-0.8501449176370698
5539,231,19,-27.43,21.15,29.7,False,False,-31.114294618378707,16.89926754294545,6.070528203611065
5540,231,20,-25.22,12.85,263.0,False,False,-31.455058854003386,10.762126990494112,114.90855232818654
5541,231,21,-25.16,2.95,520.1,False,False,-30.64103068379944,10.628918064285768,85.24533780583621
5542,231,22,-25.01,4.14,485.3,False,False,-31.186318009211917,11.115453818664957,22.790574822945484
5543,231,23,-28.83,7.36,141.1,False,False,-31.8125497006571,14.612510365631014,86.22292329698489
5544,232,0,-26.35,5.62,111.5,False,False,-31.79491035481598,16.19268363666761,-64.25707592322108
5545,232,1,-22.81,19.92,423.8,False,False,-31.35962974826168,8.530605679481155,-42.28952265321252
5546,232,2,-22.53,5.64,244.2,False,False,-31.86205539376255,9.037281488222535,64.22986053035856
5547,232,3,-23.66,9.82,381.4,False,False,-30.470189063309185,9.946492097103269,70.694904678219
5548,232,4,-24.55,12.93,184.7,False,False,-30.786710351216254,7.897490669733432,84.07715483156211
5549,232,5,-26.75,10.25,0.0,False,False,-30.323259645130936,9.392226823117152,23.07405355475619
5550,232,6,-22.79,10.55,0.0,False,False,-29.861983755677453,13.852940405640162,23.26832527907149
5551,232,7,-24.02,7.53,0.0,False,False,-29.35217763693848,8.222993395882373,-0.5171599921425527
5552,232,8,-22.1,4.08,0.0,False,False,-27.99209083192142,12.240673190295622,0.8080824020783721
5553,232,9,-24.07,7.21,0.0,False,False,-28.356472100637486,8.726692072829213,0.8080824020783721
5554,232,10,-22.84,8.39,75.9,False,False,-27.497218679966803,14.007856615323776,13.965779880593487
5555,232,11,-21.96,13.22,382.7,False,False,-28.23456568840139,10.388639315272494,120.93242912596764
5556,232,12,-21.73,17.49,312.7,False,False,-25.74122058790515,11.305928040452399,160.52336673205622
5557,232,13,-21.3,9.4,413.9,False,False,-26.705623514909043,10.889209860604826,176.409882924456
5558,232,14,-23.65,12.53,151.6,False,False,-26.749955327164663,10.535598616200101,55.58131104829148
5559,232,15,-25.5,1.8,0.0,False,False,-28.170892362858158,10.687735147043146,3.500377696091079
5560,232,16,-19.97,6.53,0.0,False,False,-28.777437126470375,13.597603983296896,21.698290629738356
5561,232,17,-18.73,7.51,0.0,False,False,-29.566550617569302,10.673579907577848,-0.07265914685657285
5562,232,18,-23.33,10.11,0.0,False,False,-29.629056356011517,10.625764415121951,1.2382594987278859
5563,232,19,-27.39,17.7,0.0,False,False,-31.307765290262736,10.23126875361477,60.76547077592516
5564,232,20,-26.77,9.11,119.9,False,False,-29.99413857238991,10.459132067744447,7.661047675791497
5565,232,21,-24.62,2.71,245.8,False,False,-29.739706539771227,13.27836353204755,182.54840101849157
5566,232,22,-23.27,10.61,526.4,False,False,-30.553553618457535,11.769973603350813,132.06318255728087
5567,232,23,-28.58,6.27,254.3,False,False,-32.4354008961475,10.99239269790824,22.762923424311868
5568,233,0,-26.2,10.09,274.2,False,False,-32.23058174495764,13.677341563586083,6.902597523765407
5569,233,1,-25.5,11.06,226.9,False,False,-30.956049132195567,9.472780771427253,-19.53261871656882
5570,233,2,-23.96,2.59,259.9,False,False,-30.93987616507028,13.418743471741834,72.82725960187824
5571,233,3,-26.06,7.3,300.7,False,False,-29.83949077852061,8.65656065176946,78.84836939237233
5572,233,4,-28.08,7.44,41.1,False,False,-30.290466676754278,8.345789138848192,59.894548367684635
5573,233,5,-23.23,9.05,0.0,False,False,-31.024077763792548,8.2763559346667,-5.383296449768129
5574,233,6,-21.71,5.13,0.0,False,False,-29.084538670375796,8.885781054090259,-1.9780644239927239
5575,233,7,-23.6,4.34,0.0,False,False,-27.79180585471201,8.435134370463201,0.8080824020783721
5576,233,8,-22.14,17.55,0.0,False,False,-27.726259382083953,14.158882656955475,0.8080824020783721
5577,233,9,-23.49,8.58,0.0,False,False,-27.219637414042335,8.949830707787216,0.8080824020783721
5578,233,10,-23.91,4.61,173.2,False,False,-27.428875601640005,9.485966226214568,20.769353965535004
5579,233,11,-19.97,5.71,271.6,False,False,-27.09773100180624,12.093899669150906,125.56833106959779
5580,233,12,-21.18,17.96,516.2,False,False,-25.334477961361802,10.640970722654092,191.9711815969522
5581,233,13,-21.04,14.51,362.2,False,False,-26.752890799229892,11.249153525820534,170.06298014806848
5582,233,14,-19.22,5.37,187.0,False,False,-26.436713170082385,10.28520885074847,18.07567796467195
5583,233,15,-24.65,4.11,0.0,False,False,-28.590358632993,8.59104122112517,23.2416354760362
5584,233,16,-24.06,4.29,0.0,False,False,-28.700049169858957,10.905301662080184,1.700018981986804
5585,233,17,-23.12,13.73,0.0,False,False,-28.62972422479454,11.333335015284018,-1.4811453496015081
5586,233,18,-25.08,6.04,0.0,False,False,-28.98186868456522,9.775976338098264,1.2382594987278859
5587,233,19,-22.91,3.16,0.0,False,False,-31.29092020621138,10.994057613969467,-0.8501449176370698
5588,233,20,-25.33,5.81,29.6,False,False,-31.288593131903408,10.869786915655421,21.32515585186374
5589,233,21,-27.35,9.0,176.0,False,False,-30.394963700715547,14.194434330716081,47.026339181941
5590,233,22,-25.56,7.23,250.5,False,False,-31.115580664126593,10.488321458739428,149.36559821565
5591,233,23,-25.55,14.64,236.8,False,False,-31.704869348411503,11.057212275290597,61.27920165998394
5592,234,0,-23.82,9.06,444.2,False,False,-32.03449230703462,8.194364967545427,48.919393177906066
5593,234,1,-24.83,9.71,576.6,False,False,-30.85033253200218,8.911493846800713,66.20106587229307
5594,234,2,-24.49,27.15,332.2,False,False,-29.74829363523066,12.364202205357024,69.45523835772119
5595,234,3,-24.46,11.82,129.3,False,False,-30.137703132789873,8.335605123777219,106.18998153043188
5596,234,4,-25.06,5.79,0.0,False,False,-29.796206663738776,8.055420212574594,30.93439743874238
5597,234,5,-25.64,4.15,0.0,False,False,-29.991049411682727,7.554765300109306,-17.394078539972842
5598,234,6,-23.11,8.68,0.0,False,False,-28.30016608101844,14.660365066692211,0.8913262106023827
5599,234,7,-23.83,8.07,0.0,False,False,-28.216724587677543,14.09953858090644,0.8080824020783721
5600,234,8,-19.31,9.09,0.0,False,False,-27.511250356524904,8.7086414176823,0.8080824020783721
5601,234,9,-19.59,9.49,0.0,False,False,-26.766451811374804,8.291970880130789,0.8080824020783721
5602,234,10,-20.69,16.87,156.9,False,False,-26.441707316162038,13.724530756589859,58.02954843972803
5603,234,11,-21.0,6.66,202.7,False,False,-26.090269369078552,13.082028081099276,143.79335291024196
5604,234,12,-21.86,9.69,485.3,False,False,-24.732797384432853,11.138535555039875,180.49768082201678
5605,234,13,-24.28,4.14,239.5,False,False,-26.299955006066984,10.598002060683365,165.54589523647584
5606,234,14,-22.39,4.91,111.6,False,False,-26.757244611494418,12.741533381935533,103.5117934121534
5607,234,15,-22.07,7.8,0.0,False,False,-28.204400759052955,13.335414712380574,17.601613323755334
5608,234,16,-22.23,4.51,0.0,False,False,-26.971794848456,13.46493684489545,-2.08719464147569
5609,234,17,-22.23,10.72,0.0,False,False,-27.28394415170692,10.828873196431807,-0.07265914685657285
5610,234,18,-21.84,9.9,0.0,False,False,-28.194866662294977,11.297347636950647,1.2382594987278859
5611,234,19,-25.59,5.41,0.0,False,False,-29.74509097341601,13.28036715072,1.2382594987278859
5612,234,20,-26.05,6.92,0.0,False,False,-30.14373747946984,13.9007976158406,52.57946938234271
5613,234,21,-22.2,13.8,119.6,False,False,-30.71555386835265,10.174367650512634,24.42126178159811
5614,234,22,-23.88,8.63,271.7,False,False,-30.693816613415777,11.170562372497514,129.3448644328849
5615,234,23,-26.4,21.83,253.9,False,False,-32.144573924842014,10.139571108386386,89.02105274890691
5616,235,0,-25.63,6.92,466.4,False,False,-30.80389522024241,9.401228041750862,67.37683911377756
5617,235,1,-25.55,7.35,523.7,False,False,-30.521225201342435,9.167324151084195,106.14817481315325
5618,235,2,-25.08,7.8,172.8,False,False,-30.109682633529207,10.253183786603865,55.65199509676914
5619,235,3,-23.88,2.92,63.0,False,False,-30.297482352646238,8.681576853341918,47.74655509230631
5620,235,4,-19.34,7.17,0.0,False,False,-30.179339043995654,14.523594486455709,10.195623725628918
5621,235,5,-23.55,7.04,0.0,False,False,-28.689790235951268,13.595144187554094,-0.5171599921425527
5622,235,6,-22.09,26.22,0.0,False,False,-28.366484744264646,8.317169099862381,0.8913262106023827
5623,235,7,-26.27,14.08,0.0,False,False,-27.011994988544906,12.447482591672273,0.8080824020783721
5624,235,8,-23.38,6.6,0.0,False,False,-27.133579595363557,9.019334124433197,0.8080824020783721
5625,235,9,-19.54,2.06,0.0,False,False,-27.384766857321242,7.820347061855312,0.8080824020783721
5626,235,10,-20.88,8.44,250.8,False,False,-26.50944378681686,8.421312310856013,56.4899196381387
5627,235,11,-30.26,4.48,299.4,False,False,-26.27338821652179,10.696014140863742,189.58996539254076
5628,235,12,-20.06,8.83,276.7,False,False,-25.807932677965834,11.28814987901699,204.0537337375887
5629,235,13,-17.64,8.71,245.5,False,False,-26.708057103299353,12.305944501877203,154.10470376915606
5630,235,14,-25.67,5.18,216.1,False,False,-26.27923465842303,15.026260790107964,31.530147829164935
5631,235,15,-18.96,8.47,0.0,False,False,-27.632818657981733,10.641422131690026,10.057913015140807
5632,235,16,-27.96,3.22,0.0,False,False,-26.447587683006105,13.977979412569248,-2.08719464147569
5633,235,17,-21.02,9.11,0.0,False,False,-28.284669188716528,10.848363907656017,-1.4811453496015081
5634,235,18,-23.43,11.76,0.0,False,False,-28.67530912853317,9.943417433075457,1.2382594987278859
5635,235,19,-28.63,10.13,0.0,False,False,-29.57954951805047,14.159129480014151,1.2382594987278859
5636,235,20,-23.52,5.86,0.0,False,False,-31.19875249080208,9.949969967229267,-0.8501449176370698
5637,235,21,-22.52,11.32,109.1,False,False,-30.74405399159393,10.178149057030938,37.68994806003516
5638,235,22,-24.42,10.66,355.2,False,False,-31.182366517758528,10.8127732618304,102.19962654393927
5639,235,23,-24.17,10.91,292.0,False,False,-31.723269931925863,10.403529097961059,89.88199658477474
5640,236,0,-25.96,14.94,455.0,False,False,-30.573796088683867,9.101609709472326,70.64928528507643
5641,236,1,-28.79,9.56,244.7,False,False,-30.38560945552086,8.42169885657847,107.29979575581966
5642,236,2,-23.49,4.22,275.1,False,False,-30.36397480767759,8.779274345385522,58.11603068313573
5643,236,3,-21.05,4.64,0.0,False,False,-29.952826636047693,10.850087579982167,75.85459453617223
5644,236,4,-21.88,9.56,0.0,False,False,-29.032894099238973,9.49173228320388,-0.5171599921425527
5645,236,5,-27.63,2.64,0.0,False,False,-28.931469494280282,8.624802251611259,-1.9780644239927239
5646,236,6,-26.17,7.11,0.0,False,False,-28.369519970103514,8.866981989321962,0.8080824020783721
5647,236,7,-24.31,6.41,0.0,False,False,-28.898462960903085,8.263820309428942,0.8080824020783721
5648,236,8,-25.32,10.51,0.0,False,False,-27.538215473518942,8.353944782232208,0.8080824020783721
5649,236,9,-21.63,3.78,2.9,False,False,-27.428840522900945,14.132655149484519,0.8080824020783721
5650,236,10,-20.62,10.61,136.6,False,False,-26.545558087611322,8.702091901806014,43.211888760584614
5651,236,11,-24.07,6.89,510.4,False,False,-27.609262922341568,14.831695830078484,124.43718686920653
5652,236,12,-19.58,9.24,408.4,False,False,-25.78701082106498,10.28704977848209,157.05161632719785
5653,236,13,-20.0,3.97,475.6,False,False,-25.297811789716814,10.687236418359493,120.73095638187657
5654,236,14,-22.5,10.82,131.9,False,False,-27.163501563952668,14.396486495136562,140.35105522021604
5655,236,15,-22.07,12.81,4.3,False,False,-26.263569612187332,10.827476157035138,25.475351571656013
5656,236,16,-26.04,31.12,0.0,False,False,-27.781734783909368,13.755377760463604,13.506939129138898
5657,236,17,-23.28,8.93,0.0,False,False,-27.77674734625985,11.264170740904854,-0.07265914685657285
5658,236,18,-23.12,12.58,0.0,False,False,-28.634227054040185,7.063130730564438,1.2382594987278859
5659,236,19,-23.32,4.5,0.0,False,False,-30.66819679466197,10.83578882370214,1.2382594987278859
5660,236,20,-23.38,14.54,0.0,False,False,-30.182738447255282,14.373982649016988,1.2382594987278859
5661,236,21,-24.06,3.36,0.0,False,False,-29.294934887510337,9.631278940037536,38.26467008639513
5662,236,22,-25.4,17.43,135.9,False,False,-30.242286922412944,11.333264160611842,32.18086216099526
5663,236,23,-24.5,8.47,221.3,False,False,-30.984340579493228,10.73179230674774,102.2320957962006
5664,237,0,-22.86,3.55,569.4,False,False,-31.382764031824273,8.992834334988931,77.8704653411214
5665,237,1,-24.98,6.51,393.3,False,False,-31.755941759546786,9.111223005628375,65.67953780594827
5666,237,2,-23.96,12.51,119.0,False,False,-30.413607675926542,14.094870575561199,20.2524163461239
5667,237,3,-24.65,7.18,0.0,False,False,-29.214848518183317,14.3529274184209,55.07726008692038
5668,237,4,-25.15,7.13,0.0,False,False,-28.8315625031072,8.793721762299795,23.26832527907149
5669,237,5,-22.33,11.93,0.0,False,False,-29.64543755001754,14.116378393896799,0.8913262106023827
5670,237,6,-23.97,7.5,0.0,False,False,-28.969267701452253,8.394344641503618,0.8080824020783721
5671,237,7,-21.57,14.08,0.0,False,False,-28.92275430530361,9.125494060292008,0.8080824020783721
5672,237,8,-21.8,5.76,0.0,False,False,-27.12639883658089,9.234373078257747,0.8080824020783721
5673,237,9,-22.05,2.77,17.8,False,False,-26.58004534351692,14.004318958600587,0.8080824020783721
5674,237,10,-21.78,7.73,316.6,False,False,-26.603778518527573,8.87113861743413,45.330657145131525
5675,237,11,-21.94,8.22,436.8,False,False,-27.658007098476528,11.802547239332497,193.729352795053
5676,237,12,-24.15,5.64,522.9,False,False,-25.48728276707414,10.230619776588151,186.30469889956348
5677,237,13,-20.16,9.11,399.2,False,False,-26.892088469770126,14.533285083695528,162.87338187759144
5678,237,14,-20.66,3.05,182.2,False,False,-27.63753265666324,10.452512499024584,62.590285238994795
5679,237,15,-19.75,9.24,32.4,False,False,-26.677953111719205,10.882826388767747,19.166987428869664
5680,237,16,-22.92,4.11,0.0,False,False,-28.69826411315448,11.024027322743986,19.91881667141706
5681,237,17,-18.55,3.55,0.0,False,False,-27.83049667921891,10.021534842957573,-1.4811453496015081
5682,237,18,-23.62,8.1,0.0,False,False,-27.190179568053438,10.362424632731539,1.2382594987278859
5683,237,19,-25.13,3.38,0.0,False,False,-30.0721803110952,13.6268659656372,1.2382594987278859
5684,237,20,-25.85,2.22,0.0,False,False,-28.796917025182076,10.287392260208843,1.2382594987278859
5685,237,21,-27.74,9.87,0.0,False,False,-29.561529321742384,11.748549620447374,9.714988896452372
5686,237,22,-21.53,4.37,122.7,False,False,-30.957827182974356,9.826963051375303,4.982212251302233
5687,237,23,-22.05,10.39,417.8,False,False,-30.350846140840268,10.90385894823005,120.13646817131101
5688,238,0,-23.38,6.75,306.3,False,False,-31.19064690327707,12.300287777669066,109.74425738126496
5689,238,1,-26.3,8.09,138.2,False,False,-31.11715828854411,9.936724855684506,82.39640210146044
5690,238,2,-20.69,12.61,54.3,False,False,-29.63828395262585,8.760903215134835,57.88019530686948
5691,238,3,-24.7,9.6,0.0,False,False,-28.83997091318683,9.6084863622131,-3.294892033403174
5692,238,4,-24.12,10.5,0.0,False,False,-29.1134401194119,8.474171441434638,0.8913262106023827
5693,238,5,-20.22,10.31,0.0,False,False,-29.615437518335337,8.908355027825836,0.8913262106023827
5694,238,6,-21.26,5.36,0.0,False,False,-28.97351103083409,7.973273393358304,0.8080824020783721
5695,238,7,-17.66,9.38,0.0,False,False,-27.31402623008361,7.316920097032916,0.8080824020783721
5696,238,8,-21.08,4.69,0.0,False,False,-27.50237412754485,13.874393545948621,0.8080824020783721
5697,238,9,-21.96,9.39,39.3,False,False,-27.119464628820445,15.263147449358332,0.8080824020783721
5698,238,10,-22.07,6.58,308.0,False,False,-25.921966384291665,8.466838972475234,48.18489996496683
5699,238,11,-24.34,7.3,219.5,False,False,-26.74946100663873,11.097675243387567,183.85545796930793
5700,238,12,-21.14,16.44,488.8,False,False,-25.92950261322106,14.485610239325714,205.60239847802143
5701,238,13,-18.36,10.09,473.6,False,False,-26.497445872623008,11.321150031059904,176.96637002152187
5702,238,14,-19.65,5.58,144.8,False,False,-26.064107701022305,12.749169152136465,52.29682867318289
5703,238,15,-21.12,3.04,66.2,False,False,-26.923990516812662,10.431172823266138,39.18594019344936
5704,238,16,-23.57,8.23,0.0,False,False,-27.713063089297826,12.284850271796063,11.727465170817604
5705,238,17,-21.61,3.28,0.0,False,False,-26.8272741334674,14.423499075033687,-0.07265914685657285
5706,238,18,-20.55,17.49,0.0,False,False,-28.033708005864387,9.990475354221045,-0.07265914685657285
5707,238,19,-22.24,7.41,0.0,False,False,-28.54500105606288,14.234691284362473,1.2382594987278859
5708,238,20,-23.25,11.99,0.0,False,False,-29.247571702826512,12.61086666750504,1.2382594987278859
5709,238,21,-25.59,3.68,0.0,False,False,-30.031162966699767,10.79031640207832,1.2382594987278859
5710,238,22,-22.58,9.96,22.6,False,False,-30.63195862600616,12.549852540093532,38.26467008639513
5711,238,23,-30.78,13.24,229.8,False,False,-30.112676827338884,10.21324070981055,82.67382108107735
5712,239,0,-23.53,10.37,414.0,False,False,-30.56235124512796,9.097526156266063,102.75088728372187
5713,239,1,-19.09,11.53,208.9,False,False,-32.06010450778851,8.034046453063903,39.0017124439823
5714,239,2,-27.05,9.5,0.0,False,False,-29.694631638210108,12.632394463787332,37.959123435497204
5715,239,3,-24.19,6.27,0.0,False,False,-29.391176864034332,8.36148893319398,23.26832527907149
5716,239,4,-23.31,4.79,0.0,False,False,-29.234635322366827,8.551425324365017,-0.5171599921425527
5717,239,5,-23.74,5.22,0.0,False,False,-29.003383079739283,8.732486859469367,0.8080824020783721
5718,239,6,-20.22,17.7,0.0,False,False,-28.2438036125129,14.19078765777284,0.8080824020783721
5719,239,7,-20.84,8.67,0.0,False,False,-26.288661814732592,9.03669964033029,0.8080824020783721
5720,239,8,-20.99,13.86,0.0,False,False,-26.875146433163017,14.12532303973293,0.8080824020783721
5721,239,9,-19.29,5.76,55.9,False,False,-26.3178339928706,9.036164894869442,0.7886636605146486
5722,239,10,-20.53,11.19,303.1,False,False,-25.97940269572979,8.409110222536638,85.60178066223003
5723,239,11,-14.01,4.61,522.8,False,False,-26.752699662965274,11.123415781350865,189.7634868662603
5724,239,12,-19.99,6.84,434.7,False,False,-23.495392832030625,12.335663113337112,190.23467624687072
5725,239,13,-19.98,6.11,520.9,False,False,-25.941071283735827,10.671841234773352,149.25774902393073
5726,239,14,-23.99,16.69,231.2,False,False,-25.343218121738406,14.555542786715284,29.013765465096387
5727,239,15,-21.97,5.04,62.0,False,False,-26.92482917581873,14.255524155932816,21.870644086202972
5728,239,16,-19.0,10.57,0.0,False,False,-27.169253072603816,10.356102175811985,11.727465170817604
5729,239,17,-24.45,9.63,0.0,False,False,-26.67895016925832,11.400006726722227,-1.4811453496015081
5730,239,18,-26.61,3.87,0.0,False,False,-28.483242982455785,10.533345094828348,0.598276069319096
5731,239,19,-22.75,13.93,0.0,False,False,-29.11127744833679,10.548730052181417,1.2382594987278859
5732,239,20,-20.56,14.74,0.0,False,False,-30.345566833257806,10.189342214249894,1.2382594987278859
5733,239,21,-23.63,8.69,0.0,False,False,-31.06546707673462,14.08007308546499,1.2382594987278859
5734,239,22,-24.7,7.96,0.0,False,False,-29.994666027675372,11.116171643455441,20.88240171644912
5735,239,23,-27.95,2.74,122.3,False,False,-31.29353011494584,10.809114183025695,4.0615556347182125
5736,240,0,-23.11,3.55,227.4,False,False,-30.29749812776244,8.839005539548696,68.25421958262577
5737,240,1,-22.62,6.75,70.3,False,False,-31.343289672746838,8.437027760609716,78.99500851196983
5738,240,2,-27.31,4.69,0.0,False,False,-31.259119876230617,8.309260136529993,0.430264527958472
5739,240,3,-21.16,11.99,0.0,False,False,-29.557868298590908,8.959612776469008,-0.5171599921425527
5740,240,4,-21.48,3.47,0.0,False,False,-28.648593937942287,14.340563298310094,0.8913262106023827
5741,240,5,-20.27,3.29,0.0,False,False,-28.005586425372872,14.525864195648822,0.8080824020783721
5742,240,6,-20.85,10.1,0.0,False,False,-27.689212060044877,9.269554069417671,0.8080824020783721
5743,240,7,-20.19,9.3,0.0,False,False,-26.83740355343023,7.986077482075942,0.8080824020783721
5744,240,8,-19.97,8.37,0.0,False,False,-26.536820744790838,8.577570096568612,0.8080824020783721
5745,240,9,-18.86,11.21,96.2,False,False,-26.15003566639133,13.751374438637928,6.453064757718421
5746,240,10,-23.92,5.5,278.5,False,False,-26.052533869038037,9.219289473847185,113.66222746888386
5747,240,11,-23.08,6.26,300.5,False,False,-23.394373491033278,14.261597245527016,163.3687694082777
5748,240,12,-21.49,9.15,432.5,False,False,-25.5742130104772,10.887161867717145,210.5234286434989
5749,240,13,-20.34,8.66,521.3,False,False,-26.394507647108668,11.84374966614235,178.66741677227338
5750,240,14,-19.51,4.91,150.8,False,False,-26.586353320285728,10.443416243781707,86.41503705182654
5751,240,15,-19.95,12.97,103.3,False,False,-26.502401750240384,13.832032734734213,45.946479164337916
5752,240,16,-18.78,3.94,0.0,False,False,-26.25141161993033,10.28198660373117,16.639935002351496
5753,240,17,-19.2,6.53,0.0,False,False,-26.779479892494432,10.986816165998345,-0.07265914685657285
5754,240,18,-23.76,4.1,0.0,False,False,-28.570877065482875,12.300141171904372,-0.07265914685657285
5755,240,19,-22.05,21.44,0.0,False,False,-28.622291753491922,10.25932846183975,1.2382594987278859
5756,240,20,-24.71,8.07,0.0,False,False,-28.2968386502335,10.508962106062087,1.2382594987278859
5757,240,21,-23.8,4.53,0.0,False,False,-30.350228211426575,11.086747958342936,1.2382594987278859
5758,240,22,-23.1,21.14,0.0,False,False,-30.444298510974313,10.846696124483797,-0.8501449176370698
5759,240,23,-30.76,24.08,109.3,False,False,-31.517461858772574,12.577755825740658,23.360995624391965
5760,241,0,-18.9,11.95,166.7,False,False,-30.452341562523152,15.661651432024083,78.41524572996495
5761,241,1,-22.53,4.78,26.9,False,False,-29.535356979649844,9.695898495463995,62.454100717056406
5762,241,2,-24.65,15.12,0.0,False,False,-32.645728284158906,11.624700699130264,-0.42550139880806676
5763,241,3,-19.29,7.91,0.0,False,False,-28.6177259857943,8.604002310231497,-0.5171599921425527
5764,241,4,-23.42,10.15,0.0,False,False,-28.17220896198278,15.309592380206967,0.8080824020783721
5765,241,5,-21.98,5.89,0.0,False,False,-28.865084259402977,11.570788265965541,0.8080824020783721
5766,241,6,-22.7,13.7,0.0,False,False,-26.867409449118004,8.403695616487198,0.8080824020783721
5767,241,7,-17.91,9.43,0.0,False,False,-27.741393560028737,8.187717906548079,0.8080824020783721
5768,241,8,-20.94,5.66,0.0,False,False,-26.681339262759995,8.624496192434966,0.8080824020783721
5769,241,9,-20.01,6.32,119.5,False,False,-26.520005964741863,8.599957849250305,15.335430277546862
5770,241,10,-17.59,12.18,338.1,False,False,-25.644284819278482,12.575830755107441,145.43365872698047
5771,241,11,-18.62,9.87,379.3,False,False,-25.18123532531732,12.633295733408087,176.88440164174594
5772,241,12,-19.84,6.66,467.1,False,False,-24.873524823747164,10.711008805655252,181.47780561252478
5773,241,13,-17.57,11.85,329.5,False,False,-25.823176144420835,10.491459331956891,172.99729462581368
5774,241,14,-14.92,8.93,254.7,False,False,-26.02056746718144,12.5250613505986,91.67141968333864
5775,241,15,-19.68,2.46,100.0,False,False,-25.45485476914444,10.42189548170294,34.17143944741798
5776,241,16,-20.49,7.32,0.0,False,False,-25.700680316144787,14.289324191459135,1.2346705832447187
5777,241,17,-20.87,12.04,0.0,False,False,-26.481098362687995,10.039315394969643,-2.9420497814516797
5778,241,18,-19.11,17.43,0.0,False,False,-28.60304300220084,13.021777420522604,-0.07265914685657285
5779,241,19,-23.44,4.29,0.0,False,False,-27.650894261566297,10.853819515579406,1.2382594987278859
5780,241,20,-23.28,11.65,0.0,False,False,-29.105423274597975,12.160946894236005,1.2382594987278859
5781,241,21,-26.22,7.88,0.0,False,False,-28.96440678935337,11.628148621011116,1.2382594987278859
5782,241,22,-25.83,3.87,0.0,False,False,-29.98664689158346,10.958625161457132,1.2382594987278859
5783,241,23,-24.69,4.07,26.4,False,False,-32.437639841337216,12.407905235202302,37.83449298974561
5784,242,0,-23.55,4.38,125.4,False,False,-29.869670326614862,8.87100743867552,73.15135521532144
5785,242,1,-19.83,3.19,0.0,False,False,-30.386527337943033,13.710155092373268,16.59737257004052
5786,242,2,-22.1,3.67,0.0,False,False,-30.971617657867743,8.640053863728268,0.8080824020783721
5787,242,3,-24.68,8.05,0.0,False,False,-28.482909709669435,9.314020513528146,0.8913262106023827
5788,242,4,-23.89,2.42,0.0,False,False,-28.51650257827323,8.726443700469504,0.8080824020783721
5789,242,5,-19.21,4.82,0.0,False,False,-28.339696030566966,14.193557032006456,0.8080824020783721
5790,242,6,-19.19,6.36,0.0,False,False,-27.58312412426005,7.862027606858273,0.8080824020783721
5791,242,7,-20.86,4.83,0.0,False,False,-25.576885993339605,7.5281707162892495,0.8080824020783721
5792,242,8,-21.32,3.43,0.0,False,False,-26.07286377180398,13.983627950708966,0.8080824020783721
5793,242,9,-17.77,7.75,163.7,False,False,-25.95609173808267,9.236376126095326,23.631609432353756
5794,242,10,-21.69,4.78,367.7,False,False,-25.380017609571873,8.800120680681873,138.73544510828873
5795,242,11,-18.72,4.99,477.3,False,False,-26.499272651712992,10.099660429425576,174.44822738926877
5796,242,12,-14.89,7.14,590.3,False,False,-24.693514845001104,10.397261672799239,200.77969297279313
5797,242,13,-19.1,10.54,258.6,False,False,-24.354721463450566,11.058196381956494,127.35452956759644
5798,242,14,-21.26,5.42,275.7,False,False,-22.45659111778669,10.621385616619369,59.15750703517204
5799,242,15,-19.2,5.58,111.9,False,False,-26.038287706287655,12.595602091727047,106.49408738554898
5800,242,16,-21.38,3.79,0.0,False,False,-25.684988731771494,10.207250849082557,1.9350035909767573
5801,242,17,-23.71,11.97,0.0,False,False,-26.947144529312748,10.876905347142777,-3.548099073325862
5802,242,18,-20.04,7.82,0.0,False,False,-27.693207660354556,11.626581008091156,-0.07265914685657285
5803,242,19,-19.72,11.59,0.0,False,False,-28.223105757757192,11.814444867090309,1.2382594987278859
5804,242,20,-23.06,27.53,0.0,False,False,-28.711620926800766,10.286457326676508,1.2382594987278859
5805,242,21,-23.61,5.38,0.0,False,False,-30.49873820888079,11.39456307595738,1.2382594987278859
5806,242,22,-25.09,19.21,0.0,False,False,-30.32310656465282,11.188702912360997,1.2382594987278859
5807,242,23,-23.67,11.16,0.0,False,False,-30.355963505301933,11.188270567239776,1.9615200248813227
5808,243,0,-24.27,8.23,59.2,False,False,-30.22416281505071,14.528254355891233,44.63272783835405
5809,243,1,-25.1,5.65,0.0,False,False,-29.72828347456963,11.238558138711655,5.049482208492706
5810,243,2,-19.1,20.18,0.0,False,False,-29.66023514148061,12.539627385191913,0.8080824020783721
5811,243,3,-21.63,7.71,0.0,False,False,-28.289659533438996,8.881340639301019,0.8913262106023827
5812,243,4,-21.0,8.67,0.0,False,False,-28.738726107738902,15.892521027360113,0.8080824020783721
5813,243,5,-19.9,2.05,0.0,False,False,-27.297368833999723,11.24116206622494,0.8080824020783721
5814,243,6,-19.61,6.09,0.0,False,False,-26.8587591053141,8.377747879054603,0.8080824020783721
5815,243,7,-21.46,8.48,0.0,False,False,-26.57375309697968,13.64891430385337,0.8080824020783721
5816,243,8,-19.6,9.51,0.0,False,False,-26.79375297549999,13.751952034294929,0.8080824020783721
5817,243,9,-20.27,7.11,116.7,False,False,-24.86208356620919,8.452634099513705,57.06464166449868
5818,243,10,-18.54,9.37,334.9,False,False,-26.32600734902963,12.313045827171234,139.0920427498751
5819,243,11,-18.53,5.18,484.2,False,False,-25.21024527464619,14.345575267173626,167.85559294352223
5820,243,12,-19.91,9.25,466.8,False,False,-21.292450084946932,10.918034494678958,224.91567881065194
5821,243,13,-21.88,8.62,240.9,False,False,-25.402493432812104,10.801097014962956,144.9678862974205
5822,243,14,-19.12,12.43,272.0,False,False,-24.936308286531254,14.099445286189153,173.1551324859037
5823,243,15,-20.14,15.51,143.4,False,False,-25.891392914546305,14.048125517620804,40.95597426666633
5824,243,16,-23.93,12.59,0.0,False,False,-26.501160045588396,14.211889991698511,6.34518503164248
5825,243,17,-19.62,6.66,0.0,False,False,-27.55723983245619,10.789314289486965,-3.548099073325862
5826,243,18,-19.22,3.91,0.0,False,False,-27.20511495871631,10.95357954868559,-0.07265914685657285
5827,243,19,-16.61,4.82,0.0,False,False,-28.175059911687132,10.906837705438365,1.2382594987278859
5828,243,20,-22.93,15.3,0.0,False,False,-27.032931714407248,11.491004637603249,1.2382594987278859
5829,243,21,-23.64,7.92,0.0,False,False,-29.94743873735196,13.671206098904364,1.2382594987278859
5830,243,22,-25.1,8.79,0.0,False,False,-30.31001193030407,11.839039573071949,1.2382594987278859
5831,243,23,-22.66,11.59,0.0,False,False,-30.072434410838483,11.174369598088116,-1.2803220142865823
5832,244,0,-22.45,7.67,16.5,False,False,-30.452578896492856,9.149120976889428,108.0473939241375
5833,244,1,-24.41,13.54,0.0,False,False,-29.61500431714968,14.344140874637146,22.71405415390515
5834,244,2,-22.94,3.65,0.0,False,False,-29.206966665351604,9.011705602258427,22.71405415390515
5835,244,3,-26.23,9.74,0.0,False,False,-29.214848518183317,8.555647286093881,22.71405415390515
5836,244,4,-20.0,17.67,0.0,False,False,-28.929699848488323,10.227270771512954,22.71405415390515
5837,244,5,-22.92,14.08,0.0,False,False,-27.619794619406864,14.206621907891426,22.71405415390515
5838,244,6,-20.93,29.49,0.0,False,False,-27.945613781020217,9.350398637079465,22.71405415390515
5839,244,7,-23.19,3.44,0.0,False,False,-26.96043697015933,10.540845369285421,22.71405415390515
5840,244,8,-21.02,8.54,0.0,False,False,-27.276061153654858,6.588458006082546,22.71405415390515
5841,244,9,-20.0,7.19,204.7,False,False,-26.637903872318578,9.109368077504122,76.65729299817366
5842,244,10,-19.15,4.8,329.2,False,False,-25.71174161717325,8.291894763181455,190.87976071524773
5843,244,11,-17.96,8.61,350.4,False,False,-25.667689491863296,14.368078358295438,220.0625617424806
5844,244,12,-15.98,3.93,566.0,False,False,-23.897894841125286,10.782068740403451,185.4830356415979
5845,244,13,-17.46,9.35,388.7,False,False,-24.849827231779116,11.297424217765782,176.57950147082457
5846,244,14,-17.2,4.6,383.8,False,False,-25.986085305949114,10.792232764448853,141.34707313066178
5847,244,15,-16.55,9.12,199.9,False,False,-24.901393619427612,10.401732621185067,53.39647897494768
5848,244,16,-18.72,4.93,0.0,False,False,-25.469766146754207,10.225716982271035,46.89245363733428
5849,244,17,-20.41,6.46,0.0,False,False,-26.785981583687192,10.779988280714116,38.52469085316059
5850,244,18,-18.84,6.14,0.0,False,False,-26.519824547429725,13.90045039907528,18.78069766835725
5851,244,19,-19.23,7.11,0.0,False,False,-25.98025694259176,12.732049007251577,23.14423125055466
5852,244,20,-20.56,7.49,0.0,False,False,-28.403434516336347,12.254401010343704,23.14423125055466
5853,244,21,-25.18,6.16,0.0,False,False,-28.624152510344945,10.60914878037593,23.14423125055466
5854,244,22,-24.27,4.34,0.0,False,False,-29.89206940427965,10.632764336915363,23.14423125055466
5855,244,23,-23.34,12.85,0.0,False,False,-29.867186225888403,10.486110766156417,22.71405415390515
5856,245,0,-21.0,7.65,0.0,False,False,-30.48160154243808,8.688387337453133,25.00146613926635
5857,245,1,-22.54,8.71,0.0,False,False,-30.329187255849934,9.227327126867472,22.71405415390515
5858,245,2,-20.02,6.16,0.0,False,False,-29.32779022182058,12.456596086995926,22.71405415390515
5859,245,3,-19.35,21.77,0.0,False,False,-29.418163623744366,8.59501416917448,22.71405415390515
5860,245,4,-19.16,23.0,0.0,False,False,-28.184881099116087,8.70211264117473,22.71405415390515
5861,245,5,-18.67,13.18,0.0,False,False,-27.38515207815641,9.542959899834262,22.71405415390515
5862,245,6,-22.64,6.51,0.0,False,False,-26.41408691814124,8.338890143790524,22.71405415390515
5863,245,7,-19.08,9.93,0.0,False,False,-27.46402751742342,11.246105531375665,22.71405415390515
5864,245,8,-20.78,6.96,18.3,False,False,-25.804669411749554,8.533639681479158,22.71405415390515
5865,245,9,-22.45,12.13,166.5,False,False,-26.887241753105446,8.563344502255008,133.87785942686918
5866,245,10,-19.41,5.82,417.4,False,False,-25.50796136890826,13.789998003949945,182.34269372930137
5867,245,11,-15.98,4.05,486.6,False,False,-25.066185281628947,11.04655894449969,206.86315883078308
5868,245,12,-17.64,8.7,367.6,False,False,-20.267153424882498,15.050674988854333,271.4259919125781
5869,245,13,-14.59,12.54,372.0,False,False,-25.270405997411615,10.965327242067996,242.38353686714566
5870,245,14,-18.48,7.07,430.5,False,False,-23.72922668196932,11.96833042018389,224.2246010802947
5871,245,15,-14.25,5.73,236.3,False,False,-25.324568171193654,10.274833282803478,124.54210955383688
5872,245,16,-19.21,3.65,12.6,False,False,-24.87669209863218,12.480162771407675,42.24581965148544
5873,245,17,-20.0,12.62,0.0,False,False,-26.22274837376466,10.514948597718128,35.98698787726082
5874,245,18,-23.12,4.71,0.0,False,False,-26.081295306042062,13.129340104192066,18.78069766835725
5875,245,19,-18.86,6.11,0.0,False,False,-27.590320476232193,10.627578979517313,23.14423125055466
5876,245,20,-22.57,6.04,0.0,False,False,-28.124167944970992,10.31729970397863,23.14423125055466
5877,245,21,-23.27,7.37,0.0,False,False,-29.032765187304438,11.124649235441826,23.14423125055466
5878,245,22,-19.73,9.89,0.0,False,False,-30.51249001928118,14.206473434864739,23.14423125055466
5879,245,23,-20.18,18.58,0.0,False,False,-29.649387864753237,10.31006167516188,22.71405415390515
5880,246,0,-20.0,8.89,0.0,False,False,-29.47740732307691,9.155215426750907,22.057295796134852
5881,246,1,-22.92,3.66,0.0,False,False,-28.4116864760484,9.733816820646878,22.71405415390515
5882,246,2,-22.1,7.17,0.0,False,False,-29.43378057390866,9.167988251355458,22.71405415390515
5883,246,3,-21.8,8.96,0.0,False,False,-28.942992165512326,8.770020817851297,22.71405415390515
5884,246,4,-19.7,13.65,0.0,False,False,-27.393428677996955,8.786283635751769,22.71405415390515
5885,246,5,-17.68,12.87,0.0,False,False,-27.143051163398624,8.85882783617213,22.71405415390515
5886,246,6,-19.53,7.03,0.0,False,False,-27.056745735409706,7.365742386191949,22.71405415390515
5887,246,7,-15.8,7.88,0.0,False,False,-25.828768901210285,8.648015920533847,22.71405415390515
5888,246,8,-17.47,8.46,39.6,False,False,-24.89864523861978,8.233659752768817,22.71405415390515
5889,246,9,-19.32,7.9,138.8,False,False,-25.752806556376495,8.470933058933989,125.02014789185203
5890,246,10,-16.88,7.17,237.1,False,False,-24.917907975282414,14.168568515565422,192.59078622453123
5891,246,11,-14.92,15.72,239.0,False,False,-20.940011362610527,13.977449869182955,230.92745502216187
5892,246,12,-14.27,5.21,421.0,False,False,-22.557134521851616,11.301356346258492,250.28085627327542
5893,246,13,-15.96,11.76,313.5,False,False,-21.42971820778681,10.738579641577395,214.3193945457102
5894,246,14,-18.48,10.69,324.9,False,False,-23.98762492051117,11.127138187290585,215.89082163510147
5895,246,15,-19.29,7.03,216.5,False,False,-22.22586186385355,14.956025408223827,195.56695662244508
5896,246,16,-18.11,5.03,18.7,False,False,-24.99114704749099,14.098913436961203,26.88431323856308
5897,246,17,-16.4,7.64,0.0,False,False,-25.946212403494826,9.973665468578439,7.368025764184564
5898,246,18,-19.4,10.1,0.0,False,False,-25.5164858009506,14.033752911829339,18.78069766835725
5899,246,19,-19.88,1.26,0.0,False,False,-26.709558680255963,11.40324053144759,23.14423125055466
5900,246,20,-21.16,3.92,0.0,False,False,-27.024965116014428,10.906988318426896,23.14423125055466
5901,246,21,-22.34,1.75,0.0,False,False,-28.879427509859966,10.16060174865428,23.14423125055466
5902,246,22,-22.32,8.76,0.0,False,False,-29.204931463722517,10.237990936638589,23.14423125055466
5903,246,23,-21.93,8.56,0.0,False,False,-29.6166050983926,9.765350107147642,22.71405415390515
5904,247,0,-18.53,4.17,0.0,False,False,-29.539097964656122,7.960648274741291,22.71405415390515
5905,247,1,-22.38,4.82,0.0,False,False,-29.015371237678277,14.333261392685017,22.71405415390515
5906,247,2,-21.6,8.32,0.0,False,False,-28.875243289150795,8.414703588353198,22.71405415390515
5907,247,3,-23.11,3.0,0.0,False,False,-27.4407370494571,8.37987656594006,22.71405415390515
5908,247,4,-19.54,10.41,0.0,False,False,-28.308150263614234,9.398266625086828,22.71405415390515
5909,247,5,-17.75,6.62,0.0,False,False,-26.00874199144901,11.674392107747408,22.71405415390515
5910,247,6,-16.72,7.38,0.0,False,False,-27.056745735409706,7.910320488827885,22.71405415390515
5911,247,7,-19.05,7.7,0.0,False,False,-21.520555360368714,8.22657015996452,22.71405415390515
5912,247,8,-17.82,3.7,48.4,False,False,-24.871591647318986,8.50691450036107,45.77608405313823
5913,247,9,-18.86,7.72,264.4,False,False,-25.475616450249607,8.772374040804724,82.98709722095295
5914,247,10,-17.18,9.8,323.3,False,False,-24.41761298756839,8.466871116611395,213.0187212100192
5915,247,11,-17.41,5.08,397.9,False,False,-21.060199871929736,10.89150601235778,246.38746272941594
5916,247,12,-17.85,4.78,480.9,False,False,-20.978929445046283,14.285466796555216,238.906232542499
5917,247,13,-17.76,18.0,275.4,False,False,-21.20697194828958,10.503855821860443,216.12252742896115
5918,247,14,-17.33,4.51,321.3,False,False,-25.173665489142785,10.94636095232584,223.30580512411254
5919,247,15,-19.14,5.95,118.3,False,False,-24.383541920112343,10.741806638422922,212.70154793423424
5920,247,16,-19.45,14.33,51.4,False,False,-24.490852059776966,10.882819876430565,18.104645456628724
5921,247,17,-16.04,2.88,0.0,False,False,-24.803001363027885,10.261524330493103,14.93426998631159
5922,247,18,-14.55,6.93,0.0,False,False,-25.47494234180799,10.378237741622513,18.78069766835725
5923,247,19,-22.9,9.69,0.0,False,False,-26.03209944113119,11.443454049041067,23.22747505907867
5924,247,20,-23.49,7.16,0.0,False,False,-27.927531625609195,13.386727046765644,23.14423125055466
5925,247,21,-23.3,2.62,0.0,False,False,-27.884010385061096,13.67105796019451,23.14423125055466
5926,247,22,-21.91,3.92,0.0,False,False,-29.48934397952702,10.313425491052506,23.14423125055466
5927,247,23,-20.11,2.38,0.0,False,False,-29.238709332551174,10.3318249044279,22.71405415390515
5928,248,0,-20.49,6.69,0.0,False,False,-28.452203346527266,12.966126217159893,7.98780084548086
5929,248,1,-21.26,8.97,0.0,False,False,-29.289220689913904,13.783326385986461,7.98780084548086
5930,248,2,-20.35,5.06,0.0,False,False,-28.63755133953266,7.626661577581145,7.98780084548086
5931,248,3,-22.47,6.17,0.0,False,False,-27.960154540023826,14.277195684289264,7.98780084548086
5932,248,4,-21.16,6.16,0.0,False,False,-27.85159352369012,8.672039292229995,7.98780084548086
5933,248,5,-20.23,13.17,0.0,False,False,-26.063403870343016,9.406845502771533,7.98780084548086
5934,248,6,-22.84,8.25,0.0,False,False,-25.6780223714947,8.553190471203118,7.98780084548086
5935,248,7,-21.48,7.71,0.0,False,False,-26.862976889636524,8.481640163680144,7.98780084548086
5936,248,8,-20.91,12.13,81.1,False,False,-24.955610836548146,14.089377014910431,36.71423184191773
5937,248,9,-16.73,3.3,192.2,False,False,-25.944061404784907,8.400721453630544,130.17813858999784
5938,248,10,-17.45,8.2,421.5,False,False,-23.457215306996776,8.464325601323194,198.7270607777929
5939,248,11,-16.52,5.52,347.4,False,False,-24.32004931159566,12.542826982059387,245.3855368438525
5940,248,12,-21.35,14.07,451.7,False,False,-21.335083882409563,14.079240163752656,257.0320847879871
5941,248,13,-20.71,12.18,452.3,False,False,-25.0722996500929,11.443219410991382,233.75397204049415
5942,248,14,-16.61,5.52,195.3,False,False,-24.44553908281726,15.266097060261872,195.16298507281002
5943,248,15,-23.81,6.37,233.7,False,False,-24.59220033106851,10.537551693294324,104.0163857045342
5944,248,16,-16.22,4.36,77.0,False,False,-26.608891481100084,10.432203726417209,50.27463199723894
5945,248,17,-22.8,11.22,0.0,False,False,-21.35528197637136,14.578147941612857,-1.7665216847990026
5946,248,18,-17.98,10.02,0.0,False,False,-24.285585880302154,10.978007051419516,4.05444435993296
5947,248,19,-21.97,6.56,0.0,False,False,-26.76402651081334,13.230535451758278,4.05444435993296
5948,248,20,-18.57,6.52,0.0,False,False,-28.701966668298056,10.42221093360105,8.417977942130372
5949,248,21,-14.67,5.76,0.0,False,False,-27.818323989216136,13.946432749982257,8.417977942130372
5950,248,22,-25.95,13.64,0.0,False,False,-28.048383155934474,14.245314303977453,8.417977942130372
5951,248,23,-20.21,6.86,0.0,False,False,-29.05499669581256,14.496544656419072,7.98780084548086
5952,249,0,-24.99,5.88,0.0,False,False,-28.328767352433008,9.599351057952317,7.98780084548086
5953,249,1,-20.45,10.67,0.0,False,False,-29.43215383780245,8.851447064143263,7.98780084548086
5954,249,2,-21.52,1.66,0.0,False,False,-28.94802736469877,14.952344324611364,7.98780084548086
5955,249,3,-20.53,6.31,0.0,False,False,-28.07309264089132,9.519675667343051,7.98780084548086
5956,249,4,-22.19,11.41,0.0,False,False,-27.460072268732077,9.82941879047337,7.98780084548086
5957,249,5,-18.33,15.18,0.0,False,False,-27.389616827960534,9.161756872521268,7.98780084548086
5958,249,6,-22.27,5.18,0.0,False,False,-26.446857571362656,8.764713952077319,7.98780084548086
5959,249,7,-16.37,9.44,0.0,False,False,-26.629551580114583,9.209228001065746,7.98780084548086
5960,249,8,-19.19,5.16,65.3,False,False,-24.409491651827626,7.645327885885975,54.76992949322631
5961,249,9,-20.76,33.77,276.3,False,False,-25.316808403789942,14.211322637446543,143.37091236430064
5962,249,10,-14.45,7.95,394.6,False,False,-24.419786685950953,9.147901463076593,241.29225275434723
5963,249,11,-17.57,9.98,544.0,False,False,-22.897019533363085,12.5373199554404,246.52609397281356
5964,249,12,-13.56,1.89,392.1,False,False,-24.731770261794473,13.829694936352112,276.50976516475174
5965,249,13,-15.0,20.73,535.9,False,False,-23.894367636489182,10.272952666314042,243.06544994420992
5966,249,14,-19.24,10.7,431.8,False,False,-23.63642880792238,14.184300118535415,189.29407446349973
5967,249,15,-18.13,3.28,124.2,False,False,-25.554492997346077,11.094350672398592,162.04372547514905
5968,249,16,-18.13,7.94,58.4,False,False,-23.332785882215916,10.31849871778793,62.45062266072928
5969,249,17,-15.8,15.52,0.0,False,False,-26.068568516236617,10.187487186600483,18.64327459054223
5970,249,18,-18.5,11.0,0.0,False,False,-23.440228909994584,10.097510689938929,4.05444435993296
5971,249,19,-19.54,9.61,0.0,False,False,-27.349893361137696,11.660328534857523,4.7253795761086295
5972,249,20,-20.77,5.91,0.0,False,False,-27.08899983262822,10.759438358742255,8.417977942130372
5973,249,21,-20.89,3.8,0.0,False,False,-24.427537817981708,13.820916181243325,8.417977942130372
5974,249,22,-18.49,7.13,0.0,False,False,-29.418107058759073,10.678548370317483,8.417977942130372
5975,249,23,-21.3,10.19,0.0,False,False,-28.654975608134535,11.15492788502493,7.98780084548086
5976,250,0,-21.86,4.36,0.0,False,False,-29.280842500262295,13.406919744309437,7.98780084548086
5977,250,1,-22.13,10.95,0.0,False,False,-28.620493408965682,9.085336309516292,7.98780084548086
5978,250,2,-21.91,8.16,0.0,False,False,-28.870011615976157,15.236735265995254,7.98780084548086
5979,250,3,-23.29,4.79,0.0,False,False,-28.307279663783998,9.749535595685742,7.98780084548086
5980,250,4,-21.57,2.81,0.0,False,False,-28.46149138583421,8.369272333102602,7.98780084548086
5981,250,5,-16.59,3.25,0.0,False,False,-27.085976613238643,8.72084133353406,7.98780084548086
5982,250,6,-19.48,6.99,0.0,False,False,-25.95057002969983,14.126188466896151,7.98780084548086
5983,250,7,-17.14,12.74,0.0,False,False,-25.809136959587377,7.8514058692331,7.98780084548086
5984,250,8,-23.03,4.83,102.9,False,False,-24.348567135588993,11.62877955261791,56.912234638039685
5985,250,9,-16.52,13.58,177.2,False,False,-26.30312482821417,9.424070880938794,175.0494697234959
5986,250,10,-17.66,2.61,263.1,False,False,-20.740439392525655,8.216814969273738,178.91727608045076
5987,250,11,-18.1,7.6,336.6,False,False,-24.92697292979015,11.173343221956982,277.3981621482424
5988,250,12,-16.71,7.21,292.5,False,False,-20.79058074612556,10.288706746063047,294.34563771531197
5989,250,13,-18.13,9.01,271.9,False,False,-21.489185562594535,11.341796376771578,295.68647964187926
5990,250,14,-21.59,8.1,415.6,False,False,-25.195154297697982,10.344509735488874,243.71319687317904
5991,250,15,-15.81,5.87,282.6,False,False,-25.272232529069417,14.056357735309188,76.98361966081927
5992,250,16,-17.58,5.89,70.1,False,False,-23.656100717349503,10.304334232867085,75.26160641860051
5993,250,17,-19.18,11.57,0.0,False,False,-23.686464499635463,10.196216013679528,17.745534771905522
5994,250,18,-21.0,7.81,0.0,False,False,-25.81238995852805,10.770143131987744,2.5935399280827913
5995,250,19,-22.53,1.83,0.0,False,False,-27.57551543151677,10.532440895085067,4.05444435993296
5996,250,20,-19.62,6.18,0.0,False,False,-27.499845229128475,14.00608347808742,8.417977942130372
5997,250,21,-17.26,6.47,0.0,False,False,-26.744551543821675,13.856255450001346,8.417977942130372
5998,250,22,-20.4,6.45,0.0,False,False,-29.791278189503824,10.382756906609611,8.417977942130372
5999,250,23,-23.77,10.74,0.0,False,False,-28.571665832737324,10.443512636921653,7.98780084548086
6000,251,0,-20.32,5.41,0.0,False,False,-29.788536856419135,15.030637029207622,7.98780084548086
6001,251,1,-20.81,8.44,0.0,False,False,-28.75718335822655,8.847983918729149,7.98780084548086
6002,251,2,-18.77,15.66,0.0,False,False,-29.000376778489716,8.638433782736774,7.98780084548086
6003,251,3,-18.97,12.78,0.0,False,False,-27.447349511084724,15.124974107300995,7.98780084548086
6004,251,4,-25.74,5.15,0.0,False,False,-27.7993418085201,13.33963041478824,7.98780084548086
6005,251,5,-18.19,7.93,0.0,False,False,-26.205257908068052,11.368952575472417,7.98780084548086
6006,251,6,-20.77,1.25,0.0,False,False,-26.195846768788698,8.780177961726983,7.98780084548086
6007,251,7,-21.09,9.9,0.0,False,False,-25.635502272320768,9.044540843734957,7.98780084548086
6008,251,8,-18.14,3.64,85.7,False,False,-25.643637841420457,13.78055949199466,64.1171626767653
6009,251,9,-16.53,7.37,132.2,False,False,-24.902334691857966,13.732340532818487,129.81667372208858
6010,251,10,-20.32,6.86,278.5,False,False,-23.13393946344119,15.484201500330181,179.61971145904084
6011,251,11,-15.43,12.45,319.5,False,False,-24.750094142926823,10.312324115163015,263.27402838531964
6012,251,12,-15.24,8.48,436.1,False,False,-21.045442777427727,11.190718822976923,239.0377007300597
6013,251,13,-16.74,6.83,363.6,False,False,-22.945704794619218,10.471821719971809,242.60068616605875
6014,251,14,-18.77,10.24,466.8,False,False,-24.25035240082182,10.280561129996322,229.66742885347145
6015,251,15,-19.31,13.46,237.1,False,False,-22.515802040360906,14.012265198866295,193.18208098584304
6016,251,16,-15.72,1.52,63.8,False,False,-24.266293564104377,14.10623638029546,47.7332827370048
6017,251,17,-21.27,5.31,0.0,False,False,-24.606043787518995,9.858235916503249,9.554183271306064
6018,251,18,-16.64,15.89,0.0,False,False,-26.643698238675626,9.225947450856559,4.05444435993296
6019,251,19,-19.62,19.71,0.0,False,False,-25.609804959033404,12.896654948533255,4.7253795761086295
6020,251,20,-19.96,4.77,0.0,False,False,-27.997448278357698,12.724386603222616,8.417977942130372
6021,251,21,-23.6,11.47,0.0,False,False,-26.34665825379546,11.193755729163874,8.417977942130372
6022,251,22,-20.79,4.76,0.0,False,False,-29.057579640583587,10.603044513648516,8.417977942130372
6023,251,23,-19.47,4.04,0.0,False,False,-29.318510453051257,10.35887868045143,7.98780084548086
6024,252,0,-23.14,6.98,0.0,False,False,-28.897505711437827,14.891869226944566,7.98780084548086
6025,252,1,-19.4,12.15,0.0,False,False,-29.727868901149463,9.084942176423978,7.98780084548086
6026,252,2,-20.02,6.52,0.0,False,False,-27.986865693853822,8.374067334355818,7.98780084548086
6027,252,3,-21.17,12.07,0.0,False,False,-27.65603264534256,8.98203656870788,7.98780084548086
6028,252,4,-17.75,27.63,0.0,False,False,-28.386082070161546,14.70809242071917,7.98780084548086
6029,252,5,-23.39,5.75,0.0,False,False,-26.30207910421462,8.935226955231395,7.98780084548086
6030,252,6,-17.77,5.66,0.0,False,False,-27.369656888017662,12.79792648377723,7.98780084548086
6031,252,7,-14.71,6.61,0.0,False,False,-25.606261374210018,7.24584666502195,7.98780084548086
6032,252,8,-14.58,7.51,89.7,False,False,-25.021380979468372,14.390568205735145,59.42471380406696
6033,252,9,-16.27,7.05,247.1,False,False,-23.835493220876668,9.31379357110476,88.87942232251721
6034,252,10,-17.34,7.87,252.7,False,False,-24.04901345244733,8.56007771006943,227.4249804347107
6035,252,11,-17.8,5.98,346.4,False,False,-21.70149044450967,10.491676728944475,247.52949243502178
6036,252,12,-17.07,3.83,432.0,False,False,-20.699471638261087,10.84753703334545,270.84951770899715
6037,252,13,-15.44,32.73,480.5,False,False,-23.431131280858832,10.728784666776779,254.46468507539672
6038,252,14,-18.35,5.31,462.1,False,False,-24.512134969258373,12.050510962051856,227.7186876350338
6039,252,15,-15.54,2.76,183.8,False,False,-25.696347091466784,6.30282145383196,208.76773876947257
6040,252,16,-13.2,10.64,110.6,False,False,-21.077059876477975,10.119019500146777,65.09340893302999
6041,252,17,-18.07,4.24,0.0,False,False,-24.882294827433427,14.277592544364065,15.4283314242438
6042,252,18,-21.15,10.11,0.0,False,False,-25.615908280461966,10.295090926403702,4.05444435993296
6043,252,19,-21.67,5.18,0.0,False,False,-27.105763578847448,9.717823432765233,4.05444435993296
6044,252,20,-17.91,19.44,0.0,False,False,-27.304923945901916,14.413795747707901,8.417977942130372
6045,252,21,-20.0,14.52,0.0,False,False,-27.97171267997762,10.458466040159088,8.417977942130372
6046,252,22,-18.44,6.77,0.0,False,False,-28.68238285189888,14.314878016765856,8.417977942130372
6047,252,23,-21.46,9.62,0.0,False,False,-28.478767985912445,11.198107636035918,7.98780084548086
6048,253,0,-18.5,8.66,0.0,False,False,-28.908981325029135,8.781454709177615,7.98780084548086
6049,253,1,-20.41,5.08,0.0,False,False,-28.072653213108843,8.624242877203347,7.98780084548086
6050,253,2,-21.36,10.45,0.0,False,False,-28.830205538902707,8.848269344400585,7.98780084548086
6051,253,3,-20.38,7.84,0.0,False,False,-27.240482569969693,8.622221777759927,7.98780084548086
6052,253,4,-21.55,8.41,0.0,False,False,-27.809850880576114,9.887793135706639,7.98780084548086
6053,253,5,-14.7,10.02,0.0,False,False,-27.334255851445995,13.912352516581723,7.98780084548086
6054,253,6,-18.35,7.15,0.0,False,False,-24.47241372775676,16.175857864721266,7.98780084548086
6055,253,7,-16.35,4.73,0.0,False,False,-23.593252184602694,8.364636909129693,7.98780084548086
6056,253,8,-18.23,9.62,107.9,False,False,-20.897068564307165,8.297454311300868,66.43898302454838
6057,253,9,-18.85,10.91,226.4,False,False,-23.905997475563908,8.503745622465816,167.22160558980386
6058,253,10,-16.9,10.94,258.1,False,False,-24.1930544918958,9.487997627709357,228.2236065263188
6059,253,11,-14.03,11.06,476.8,False,False,-22.839330928625948,11.830251855574595,253.81948260377814
6060,253,12,-17.2,9.01,365.7,False,False,-21.840844055781883,14.954098955246671,264.98816484796134
6061,253,13,-17.97,2.85,469.2,False,False,-21.29024130153408,11.155910308404579,254.56390751402537
6062,253,14,-16.12,19.88,397.7,False,False,-24.923858373529875,14.466861308260018,251.60687139629496
6063,253,15,-15.75,10.87,171.2,False,False,-21.543347736376575,12.346905516268164,150.1657293412175
6064,253,16,-13.87,6.16,164.0,False,False,-20.969606497439344,10.783124076168939,67.11872681387898
6065,253,17,-16.93,11.68,0.0,False,False,-24.27760842514803,10.829356018961665,26.5689599336588
6066,253,18,-16.87,3.98,0.0,False,False,-25.018472261629142,10.230676286161742,3.4483950680587805
6067,253,19,-17.24,10.14,0.0,False,False,-25.459160238893364,12.728433569128354,4.05444435993296
6068,253,20,-21.47,6.5,0.0,False,False,-24.98769763903388,10.769093087882805,8.417977942130372
6069,253,21,-21.5,4.1,0.0,False,False,-28.009025300178276,10.165963576697914,8.417977942130372
6070,253,22,-22.06,4.06,0.0,False,False,-28.532738578053607,10.730449912657189,8.417977942130372
6071,253,23,-22.76,9.36,0.0,False,False,-29.31311405772829,10.704161428688273,7.98780084548086
6072,254,0,-18.26,9.92,0.0,False,False,-29.532784093108283,8.34332924716522,7.98780084548086
6073,254,1,-19.21,4.56,0.0,False,False,-28.606082517097914,11.75472105857118,7.98780084548086
6074,254,2,-19.43,6.55,0.0,False,False,-28.416689084999394,8.952748921654587,7.98780084548086
6075,254,3,-24.45,8.89,0.0,False,False,-27.48736794582608,8.666078114324911,7.98780084548086
6076,254,4,-14.74,5.69,0.0,False,False,-27.726906240271518,11.238714827418102,7.98780084548086
6077,254,5,-20.16,18.21,0.0,False,False,-22.53788681152143,8.919685054443367,7.98780084548086
6078,254,6,-13.75,9.42,0.0,False,False,-26.86844022151867,8.865768673190535,7.98780084548086
6079,254,7,-20.23,7.16,4.9,False,False,-21.55631491299845,14.03989424421085,7.98780084548086
6080,254,8,-18.48,12.56,142.8,False,False,-25.05505353529439,7.624298539013766,70.3229768701126
6081,254,9,-20.85,9.81,224.1,False,False,-24.91766261673687,8.669817043544116,192.06635015799623
6082,254,10,-15.4,8.93,390.4,False,False,-24.82237986027614,8.420175284566943,236.77905726936172
6083,254,11,-18.12,9.51,494.3,False,False,-20.641661496206844,10.844547956587512,244.94507556168253
6084,254,12,-18.0,11.01,466.3,False,False,-23.755340906893107,10.9609337497089,271.89317831607207
6085,254,13,-18.67,5.41,313.6,False,False,-23.69290347723916,12.628452412818293,260.5414111695847
6086,254,14,-14.57,2.43,470.3,False,False,-23.631938266949685,10.401254567960507,251.41322469916054
6087,254,15,-15.02,13.09,251.8,False,False,-21.389058510009285,10.437942906107368,151.7792750980897
6088,254,16,-13.23,7.86,171.0,False,False,-20.337462630493686,11.168220675444184,117.18356094921111
6089,254,17,-18.71,5.96,3.0,False,False,-23.713342125132765,9.745070742128203,18.377608433059354
6090,254,18,-17.42,4.72,0.0,False,False,-25.49927433737999,13.83088968233553,-1.4479521583278807
6091,254,19,-20.95,4.39,0.0,False,False,-25.791275253565185,10.139949706860218,4.05444435993296
6092,254,20,-19.52,8.29,0.0,False,False,-27.509739864518906,10.736412122171096,8.417977942130372
6093,254,21,-20.31,7.48,0.0,False,False,-27.134376063971253,12.283449584079305,8.417977942130372
6094,254,22,-18.66,12.64,0.0,False,False,-29.09589930580219,14.54126185749937,8.417977942130372
6095,254,23,-17.75,10.04,0.0,False,False,-28.741150849186955,10.327838976760983,7.98780084548086
6096,255,0,-17.57,10.91,0.0,False,False,-27.998355795178348,8.471434104344421,7.98780084548086
6097,255,1,-21.17,12.32,0.0,False,False,-27.5962248747762,15.107334247699262,7.98780084548086
6098,255,2,-17.28,8.51,0.0,False,False,-27.918211592715,8.754857939337194,7.98780084548086
6099,255,3,-19.05,15.48,0.0,False,False,-26.558163357388942,8.400627322358957,7.98780084548086
6100,255,4,-19.2,5.26,0.0,False,False,-23.9832613656682,14.337831635347214,7.98780084548086
6101,255,5,-19.48,12.19,0.0,False,False,-25.409746846927135,9.258369825859523,7.98780084548086
6102,255,6,-18.67,2.41,0.0,False,False,-22.16312604548502,9.09204711527945,7.98780084548086
6103,255,7,-13.55,2.49,19.5,False,False,-25.62978731166082,9.099074680293915,7.98780084548086
6104,255,8,-15.93,3.91,143.2,False,False,-23.74961264432442,8.439998928694678,73.98135039584852
6105,255,9,-15.78,7.17,363.6,False,False,-24.154438478962906,8.177431350321992,174.01226007947403
6106,255,10,-16.34,2.25,436.1,False,False,-20.35059223493072,8.381003004439432,240.12074244932893
6107,255,11,-10.72,7.05,553.7,False,False,-22.0117783961957,10.122904619478069,249.7452812060216
6108,255,12,-12.94,6.14,536.8,False,False,-21.82090345516946,10.644143111163796,274.4165875216988
6109,255,13,-17.06,19.01,454.7,False,False,-23.187238359470108,14.705910417576677,234.05366752620944
6110,255,14,-16.36,3.35,217.6,False,False,-20.37318386796397,12.480142421253635,212.6413302214095
6111,255,15,-16.56,8.1,334.0,False,False,-20.618256953691464,10.491626686659318,180.4604264622787
6112,255,16,-16.26,9.93,175.6,False,False,-19.909840835792803,9.179228312536457,131.79083180451667
6113,255,17,-18.43,2.53,14.8,False,False,-24.25061772234518,10.099169695111716,8.445331946640461
6114,255,18,-16.67,14.96,0.0,False,False,-24.936004738283707,13.679006058282988,-0.47326291752473365
6115,255,19,-15.16,10.79,0.0,False,False,-25.365549016542563,18.0439165023943,4.05444435993296
6116,255,20,-21.17,13.16,0.0,False,False,-26.09107163366483,10.915212006255455,8.417977942130372
6117,255,21,-21.22,8.68,0.0,False,False,-27.42168907611701,10.595004126709355,8.417977942130372
6118,255,22,-20.25,4.96,0.0,False,False,-27.971392198935906,10.446104184835479,8.417977942130372
6119,255,23,-20.35,3.14,0.0,False,False,-27.85430137163479,11.0718135429124,7.98780084548086
6120,256,0,-15.24,11.28,0.0,False,False,-27.677266856838184,8.855241585181561,7.98780084548086
6121,256,1,-17.17,5.98,0.0,False,False,-26.84407585170003,9.971708984078294,7.98780084548086
6122,256,2,-17.08,2.04,0.0,False,False,-25.804099889437204,8.081477397646587,7.98780084548086
6123,256,3,-19.18,6.3,0.0,False,False,-25.70740861060087,8.345104399390294,7.98780084548086
6124,256,4,-18.81,7.45,0.0,False,False,-25.77750662571814,14.267881450982062,7.98780084548086
6125,256,5,-20.66,14.13,0.0,False,False,-26.059857222190818,8.826193513899927,7.98780084548086
6126,256,6,-15.68,6.59,0.0,False,False,-25.087417928117667,14.143429774873114,7.98780084548086
6127,256,7,-15.74,7.48,21.2,False,False,-21.23110700079521,13.91069623003844,7.98780084548086
6128,256,8,-13.67,7.54,112.4,False,False,-21.446257081804863,9.858958613470934,93.14503513698197
6129,256,9,-16.25,12.05,247.7,False,False,-21.102695708411588,8.548653708641199,176.97064564291114
6130,256,10,-15.79,5.04,360.0,False,False,-21.14133936296663,13.920298897943265,255.31625019488993
6131,256,11,-14.97,9.26,436.2,False,False,-19.575095076303132,10.567718115579101,234.0510076928907
6132,256,12,-13.46,5.7,266.4,False,False,-19.552243685644488,11.188380394707243,289.6208754346787
6133,256,13,-18.25,13.97,527.7,False,False,-22.761168957216473,11.232301270101429,262.26174802648546
6134,256,14,-14.04,15.58,298.2,False,False,-22.68456457476915,14.17299121940637,250.5218118007118
6135,256,15,-15.87,8.12,207.6,False,False,-22.147427422637044,11.20051384073586,196.53180772255584
6136,256,16,-18.36,8.93,177.4,False,False,-21.600239182978154,9.835677302526678,130.5253011111977
6137,256,17,-20.89,6.67,33.6,False,False,-25.202495796155457,12.048974970789446,6.984427514790291
6138,256,18,-17.51,2.48,0.0,False,False,-25.04602595567354,10.429040779802921,-1.7665216847990026
6139,256,19,-14.86,7.58,0.0,False,False,-23.34640989611219,10.359985125706407,4.05444435993296
6140,256,20,-14.89,7.22,0.0,False,False,-26.48778848978064,10.189545064444015,8.417977942130372
6141,256,21,-17.94,6.22,0.0,False,False,-26.128240930637528,10.311061576434128,8.417977942130372
6142,256,22,-15.05,6.61,0.0,False,False,-27.671366003759655,12.611552944943629,8.417977942130372
6143,256,23,-19.26,9.33,0.0,False,False,-26.682520569544057,14.646055841805468,7.98780084548086
6144,257,0,-17.03,8.94,0.0,False,False,-24.404011359909738,8.752415527670234,7.98780084548086
6145,257,1,-19.77,6.7,0.0,False,False,-25.421484237717763,9.237064670281237,7.98780084548086
6146,257,2,-19.69,14.6,0.0,False,False,-26.542105450179005,14.20210531338363,7.98780084548086
6147,257,3,-19.7,2.24,0.0,False,False,-26.6239244563069,8.245899602925089,7.98780084548086
6148,257,4,-22.05,20.18,0.0,False,False,-26.441714012126244,8.723081205956912,7.98780084548086
6149,257,5,-14.88,11.27,0.0,False,False,-26.826714603279903,9.240904058918401,7.98780084548086
6150,257,6,-18.22,2.73,0.0,False,False,-21.548781416284196,9.566716426222909,7.98780084548086
6151,257,7,-18.02,2.22,45.2,False,False,-21.928577689513062,8.252646247021724,7.331042487710565
6152,257,8,-18.29,5.14,102.8,False,False,-21.39957920333418,8.526225821018398,83.29256604504208
6153,257,9,-15.93,7.27,334.2,False,False,-23.10221302572704,8.079665176238588,172.93065647702915
6154,257,10,-11.67,5.81,424.1,False,False,-20.406007414410816,14.210437740444167,248.54712276734173
6155,257,11,-10.81,8.28,473.8,False,False,-19.23344608009707,11.122949580068493,224.04408803539897
6156,257,12,-18.25,2.34,377.7,False,False,-17.923684991142178,14.538180281838413,268.19821635915514
6157,257,13,-15.71,4.86,321.3,False,False,-24.127910705279053,10.465327316718213,300.2378983887813
6158,257,14,-17.27,10.39,442.4,False,False,-20.07137685177392,9.953364121935225,226.12561982457458
6159,257,15,-13.54,9.29,375.7,False,False,-21.701877989283602,10.109729951571243,222.94298449096434
6160,257,16,-15.36,5.38,151.1,False,False,-23.855563099258514,10.56060875445041,122.18583316054425
6161,257,17,-17.69,7.99,26.3,False,False,-24.72675208953252,9.853145599258971,43.59439155816353
6162,257,18,-16.79,7.19,0.0,False,False,-24.81937079520173,12.453801967881594,21.180977566442014
6163,257,19,-18.41,7.3,0.0,False,False,-21.194273714649043,11.28856335302271,4.05444435993296
6164,257,20,-14.7,8.62,0.0,False,False,-23.814296105533256,10.389048941472264,8.417977942130372
6165,257,21,-17.25,16.05,0.0,False,False,-25.10806089783777,11.03004946963944,8.417977942130372
6166,257,22,-17.33,16.23,0.0,False,False,-23.997290424328504,11.17055492184449,8.417977942130372
6167,257,23,-24.2,17.77,0.0,False,False,-27.114308848787687,11.480967572493013,7.98780084548086
6168,258,0,-18.76,6.5,0.0,False,False,-26.661426731044884,10.834670672306059,7.98780084548086
6169,258,1,-14.39,3.8,0.0,False,False,-27.996226513673424,9.537970307447507,7.98780084548086
6170,258,2,-15.7,9.0,0.0,False,False,-27.08140690095607,8.477278553697076,7.98780084548086
6171,258,3,-21.73,6.7,0.0,False,False,-25.93899365334603,14.30211336644544,7.98780084548086
6172,258,4,-18.25,12.29,0.0,False,False,-26.62704619216389,8.398493676754489,7.98780084548086
6173,258,5,-19.55,7.46,0.0,False,False,-23.033176389871496,8.765597208303266,7.98780084548086
6174,258,6,-13.2,14.92,0.0,False,False,-26.20672493114385,13.905412255391449,7.98780084548086
6175,258,7,-15.62,16.55,49.4,False,False,-23.595022283280016,13.662256597036922,31.049830744714008
6176,258,8,-17.16,14.64,189.7,False,False,-23.304639796758945,13.956417435226188,78.66516515323396
6177,258,9,-15.14,1.85,165.6,False,False,-20.61232452516776,8.132891604007696,200.58677175929444
6178,258,10,-20.11,8.57,336.6,False,False,-19.293334394245903,12.503929767065424,194.27346834913004
6179,258,11,-16.86,6.19,368.0,False,False,-20.260557472824573,10.151542625290118,258.67655515638097
6180,258,12,-14.55,6.7,511.7,False,False,-22.09754530264373,14.543341405150326,262.2818841564744
6181,258,13,-13.0,11.27,249.2,False,False,-21.05005908077321,12.890658685412147,245.67918715612714
6182,258,14,-18.78,6.42,322.6,False,False,-22.220960568490188,11.073367138354575,219.7242879824846
6183,258,15,-15.97,7.7,356.0,False,False,-21.538729326822413,10.38630546983035,235.4720103722175
6184,258,16,-13.61,7.93,194.8,False,False,-20.77851325257068,13.871715652696658,84.12138088223847
6185,258,17,-19.01,2.24,66.8,False,False,-24.137859552508548,10.329875467936413,1.2711916287590843
6186,258,18,-16.17,5.91,0.0,False,False,-24.936004738283707,9.342003001590012,-2.252736875846027
6187,258,19,-17.01,12.72,0.0,False,False,-24.291865128355827,10.074058886722685,4.05444435993296
6188,258,20,-14.2,2.02,0.0,False,False,-21.495013013618756,10.424429020914117,4.05444435993296
6189,258,21,-18.5,9.85,0.0,False,False,-24.84607581128881,10.094914165483303,8.417977942130372
6190,258,22,-18.7,4.58,0.0,False,False,-26.19217421161015,9.812547235406278,8.417977942130372
6191,258,23,-16.85,6.12,0.0,False,False,-27.94502526157997,11.268531669951319,7.98780084548086
6192,259,0,-20.97,10.83,0.0,False,False,-26.31666130568236,8.466508067109043,7.98780084548086
6193,259,1,-18.69,3.98,0.0,False,False,-24.151868093104003,15.358121409045655,7.98780084548086
6194,259,2,-18.96,6.4,0.0,False,False,-23.86749511763852,8.900409522393156,7.98780084548086
6195,259,3,-18.01,2.77,0.0,False,False,-27.317473814237015,8.549580491603207,7.98780084548086
6196,259,4,-15.62,9.18,0.0,False,False,-26.589498512543877,8.621624366611401,7.98780084548086
6197,259,5,-15.73,4.88,0.0,False,False,-24.401864533580287,8.515478561441128,7.98780084548086
6198,259,6,-17.81,3.23,0.0,False,False,-21.250125326664822,8.20609579272597,7.98780084548086
6199,259,7,-15.52,7.46,41.5,False,False,-22.259347152402086,8.648638693418368,39.658402185049184
6200,259,8,-12.33,2.7,228.4,False,False,-23.013141200843375,8.908489899245051,115.52118185723506
6201,259,9,-16.56,6.02,304.9,False,False,-20.807999283044126,12.967182307807176,189.33890441586402
6202,259,10,-14.29,4.64,379.0,False,False,-22.270438279560864,8.352284779495323,252.1588348803438
6203,259,11,-14.77,8.31,479.6,False,False,-21.59014199182631,10.995580956965323,254.98462422046478
6204,259,12,-14.44,8.41,457.8,False,False,-19.80909759594651,11.15569359967676,272.6637327066059
6205,259,13,-17.65,5.1,351.6,False,False,-20.08890226314406,11.337681984053656,250.0365194592697
6206,259,14,-11.76,14.74,390.2,False,False,-24.261345023426387,11.430917292686889,233.9765312583021
6207,259,15,-16.45,12.41,191.8,False,False,-19.47402328694964,10.225618434715585,229.6740853742469
6208,259,16,-13.26,4.27,147.1,False,False,-19.66681551690081,11.360278657036197,125.77728322994503
6209,259,17,-17.04,21.02,66.9,False,False,-24.239467744626957,11.924349979758581,68.17157998890397
6210,259,18,-17.57,10.57,0.0,False,False,-22.94148482333964,14.156383725666347,1.6689211097374888
6211,259,19,-14.41,8.78,0.0,False,False,-25.368578919754675,11.389758111957384,4.05444435993296
6212,259,20,-15.33,9.08,0.0,False,False,-21.266852028546776,11.25861313835553,4.05444435993296
6213,259,21,-17.31,3.63,0.0,False,False,-25.82069551267442,10.258701069211558,8.417977942130372
6214,259,22,-16.53,13.42,0.0,False,False,-26.835370402475277,12.63077507046146,8.417977942130372
6215,259,23,-18.82,2.26,0.0,False,False,-25.744658970021113,11.21121950528357,7.98780084548086
6216,260,0,-18.02,24.06,0.0,False,False,-27.370335931627366,7.818635075047583,5.76644837072063
6217,260,1,-19.26,12.49,0.0,False,False,-25.95420000283614,11.628330837311664,5.76644837072063
6218,260,2,-15.93,4.47,0.0,False,False,-26.917317972970192,9.574502537013132,5.76644837072063
6219,260,3,-18.81,10.95,0.0,False,False,-24.269842318768212,12.22254370427309,5.76644837072063
6220,260,4,-14.04,7.84,0.0,False,False,-22.909621315367605,9.306691575846758,5.76644837072063
6221,260,5,-17.16,11.3,0.0,False,False,-21.294965031223462,15.37540082172258,5.76644837072063
6222,260,6,-15.97,12.2,0.0,False,False,-22.75092183986773,12.727937577489147,5.76644837072063
6223,260,7,-13.97,30.41,67.7,False,False,-20.417682825514316,8.540771126589991,31.77264861308524
6224,260,8,-14.96,13.72,134.9,False,False,-19.61043570775701,12.66616916719009,133.27271207218794
6225,260,9,-15.19,2.46,283.6,False,False,-22.097400612608084,6.7498642227152175,156.50597929609046
6226,260,10,-14.33,4.33,301.6,False,False,-19.72585225808659,10.099683611582789,241.09827337382205
6227,260,11,-12.29,9.54,288.2,False,False,-20.010654761124222,10.944401735014429,260.09799196995107
6228,260,12,-15.33,27.29,511.0,False,False,-18.11839776937267,9.969129798973132,278.350238612758
6229,260,13,-14.33,3.99,541.7,False,False,-21.531415156201035,16.43610844389041,258.1403688762592
6230,260,14,-14.25,10.46,311.5,False,False,-19.341668510794054,7.912508549394082,215.65276375273132
6231,260,15,-12.86,14.22,230.5,False,False,-22.565353349084337,9.263751828155462,155.84176449003238
6232,260,16,-15.21,12.05,165.7,False,False,-19.04092987739592,12.558352080578164,121.70592292943059
6233,260,17,-11.87,10.38,102.7,False,False,-22.8608046501901,10.525885369433041,42.119579762370456
6234,260,18,-16.32,7.19,0.0,False,False,-23.7111616775972,10.187170720658496,8.801081872810292
6235,260,19,-17.0,7.01,0.0,False,False,-21.16839165160734,10.4013743718531,4.885706821785685
6236,260,20,-17.35,19.29,0.0,False,False,-20.83362609574029,10.135595716375125,4.885706821785685
6237,260,21,-20.05,0.65,0.0,False,False,-25.12741895866925,14.437649978979398,6.196625467370143
6238,260,22,-19.81,5.63,0.0,False,False,-26.222144330336924,11.79384969318382,6.196625467370143
6239,260,23,-19.0,4.33,0.0,False,False,-27.122600088345465,9.828693559941685,5.76644837072063
6240,261,0,-15.43,18.21,0.0,False,False,-26.482590360810327,9.716564442921392,5.76644837072063
6241,261,1,-17.7,10.06,0.0,False,False,-25.779009487493035,10.045970540470947,5.76644837072063
6242,261,2,-18.4,9.36,0.0,False,False,-23.564543439149038,15.344611674606046,5.76644837072063
6243,261,3,-14.66,7.54,0.0,False,False,-26.05573410543589,8.292939285922314,5.76644837072063
6244,261,4,-13.59,9.36,0.0,False,False,-21.43046191611836,8.442366530639086,5.76644837072063
6245,261,5,-13.7,11.3,0.0,False,False,-24.1859513604245,8.920619617432884,5.76644837072063
6246,261,6,-17.4,6.65,0.0,False,False,-20.825194511986837,9.333437588940935,5.76644837072063
6247,261,7,-16.17,9.7,110.9,False,False,-21.338155198645264,8.395680744814594,41.18633770041447
6248,261,8,-11.07,6.33,140.8,False,False,-19.50826417089398,8.460079196545063,107.99376114759242
6249,261,9,-13.8,9.87,172.8,False,False,-20.354480237417928,14.208885238711302,181.13349080177926
6250,261,10,-14.5,14.27,495.5,False,False,-18.31340875444972,14.10044842417001,185.79489951838912
6251,261,11,-12.33,11.87,467.0,False,False,-18.210931096668066,10.195510680839947,248.01325555921258
6252,261,12,-11.68,16.78,403.8,False,False,-18.133412942570278,11.517757488810336,272.99597036701755
6253,261,13,-14.91,5.65,482.4,False,False,-19.881995681418193,12.512088760039875,289.5953498785153
6254,261,14,-13.53,4.96,253.4,False,False,-18.151472718151794,10.809323755537957,220.86293066740245
6255,261,15,-12.43,9.25,399.2,False,False,-19.797998107794196,10.956808843346531,227.2248050700453
6256,261,16,-17.02,5.74,218.7,False,False,-19.332317188403074,11.340170636655726,126.56122583852128
6257,261,17,-15.15,10.08,112.9,False,False,-19.863247982942255,10.479711398238752,55.483734193635705
6258,261,18,-17.93,8.31,0.0,False,False,-22.288997915296594,10.222084791568573,24.450945386695967
6259,261,19,-18.18,4.37,0.0,False,False,-24.614651286990135,10.669985455966613,4.2796575299115025
6260,261,20,-17.82,9.47,0.0,False,False,-24.870366170303463,10.632111559789953,4.885706821785685
6261,261,21,-16.16,4.54,0.0,False,False,-26.79406108875365,15.085534507634168,6.196625467370143
6262,261,22,-18.07,14.78,0.0,False,False,-26.26049644298792,13.643615320570259,6.196625467370143
6263,261,23,-18.93,6.73,0.0,False,False,-27.309148515737654,14.131301626843811,5.76644837072063
6264,262,0,-17.28,19.93,0.0,False,False,-23.576079759857556,9.348183773311641,5.76644837072063
6265,262,1,-19.61,8.44,0.0,False,False,-25.52422677940321,9.398348301806154,5.76644837072063
6266,262,2,-16.26,8.92,0.0,False,False,-27.008703296111847,9.61682837398328,5.76644837072063
6267,262,3,-14.54,5.54,0.0,False,False,-21.803051294851677,8.039718165178463,5.76644837072063
6268,262,4,-16.55,5.4,0.0,False,False,-20.726977927444278,8.59501416917448,5.76644837072063
6269,262,5,-16.31,2.68,0.0,False,False,-21.235323460461302,8.793558934620851,5.76644837072063
6270,262,6,-14.64,11.55,0.0,False,False,-23.34108836903912,9.602834351260176,5.76644837072063
6271,262,7,-18.93,14.57,74.0,False,False,-21.220218319870074,9.101849092859442,54.597079932487276
6272,262,8,-13.31,12.46,202.0,False,False,-19.989800541379637,7.56249866624739,69.14508240895597
6273,262,9,-7.77,4.84,243.1,False,False,-18.957105249348302,9.249457543993724,180.1901445855779
6274,262,10,-13.9,9.34,269.8,False,False,-18.51045466751446,9.000487492089194,248.08814831506407
6275,262,11,-13.69,8.51,346.9,False,False,-17.18430735404441,10.438352076365488,265.8942774167828
6276,262,12,-11.9,18.13,529.1,False,False,-17.46797896601701,11.259376824580555,271.5689552746835
6277,262,13,-10.16,5.52,270.9,False,False,-18.978515340366755,14.960374328924892,261.4513763706422
6278,262,14,-11.71,9.0,291.4,False,False,-18.281479816660262,13.928637906991083,194.94783734315925
6279,262,15,-18.28,17.02,299.2,False,False,-18.022721804487833,9.597111846590908,236.58733020197238
6280,262,16,-13.26,3.97,183.1,False,False,-22.585558386484166,13.483252560544427,162.48034916571484
6281,262,17,-9.73,10.87,121.6,False,False,-19.653279281836912,10.185987588288187,61.938865613670465
6282,262,18,-14.14,4.75,0.0,False,False,-23.99884812924703,10.85536399709708,4.866412967827461
6283,262,19,-18.21,3.15,0.0,False,False,-24.59242722129399,13.12713141663257,4.2796575299115025
6284,262,20,-15.82,12.13,0.0,False,False,-25.041389517233792,10.55051975630299,4.885706821785685
6285,262,21,-19.36,4.75,0.0,False,False,-23.15669046658731,16.329511434948166,6.196625467370143
6286,262,22,-14.65,10.91,0.0,False,False,-26.221908497880953,9.75444200038874,6.196625467370143
6287,262,23,-19.23,16.58,0.0,False,False,-25.947862200709938,11.127494011033383,5.76644837072063
6288,263,0,-16.93,3.89,0.0,False,False,-25.60997919008959,9.242811920991361,5.76644837072063
6289,263,1,-18.72,6.86,0.0,False,False,-25.56265086405665,9.3820023336857,5.76644837072063
6290,263,2,-17.9,8.55,0.0,False,False,-24.81782725930592,8.6817482210795,5.76644837072063
6291,263,3,-13.52,12.02,0.0,False,False,-21.710030107533747,13.517310706240943,5.76644837072063
6292,263,4,-15.87,5.51,0.0,False,False,-23.280248432635712,14.49069916536629,5.76644837072063
6293,263,5,-16.71,1.32,0.0,False,False,-21.968991421238407,12.582263956328733,5.76644837072063
6294,263,6,-17.37,3.89,0.0,False,False,-20.683518403661786,8.904354716485766,5.76644837072063
6295,263,7,-18.3,6.12,144.8,False,False,-24.7251289298866,8.81769023309354,60.83551093085343
6296,263,8,-16.58,10.9,183.1,False,False,-20.00532505771768,8.512778121975526,177.14547532028968
6297,263,9,-13.44,6.9,343.0,False,False,-18.413998618951595,13.95598974995002,162.4362594036864
6298,263,10,-11.38,10.54,213.2,False,False,-18.98311746652658,8.602403209612513,251.99287853650247
6299,263,11,-14.27,6.0,450.9,False,False,-18.884145675461756,10.204077921431145,248.2184094975713
6300,263,12,-9.94,8.14,346.6,False,False,-16.505851965835564,10.81432427876311,271.02593317280724
6301,263,13,-14.58,11.32,267.2,False,False,-18.09067968182304,14.239619345882085,273.0730366799355
6302,263,14,-13.82,12.85,342.1,False,False,-17.66874248661246,11.362484298780979,229.63421702264176
6303,263,15,-15.82,18.45,195.3,False,False,-22.350223109859908,10.26931241348868,218.26890488273867
6304,263,16,-12.1,8.72,151.0,False,False,-20.04054359446394,14.487184257343706,138.75700894319405
6305,263,17,-10.36,2.32,139.5,False,False,-19.15895385954366,10.056099609234924,66.66998677681097
6306,263,18,-18.6,9.51,0.0,False,False,-21.040351154763194,10.48968919194026,12.712037203029677
6307,263,19,-16.29,2.22,0.0,False,False,-25.698779577388848,13.912438220649404,4.2796575299115025
6308,263,20,-13.55,10.09,0.0,False,False,-21.779539300848853,10.776926736174149,4.885706821785685
6309,263,21,-19.39,7.99,0.0,False,False,-25.696118174424058,14.273031375282295,6.196625467370143
6310,263,22,-15.68,12.5,0.0,False,False,-23.614929104289356,10.323041319883314,6.196625467370143
6311,263,23,-14.57,5.98,0.0,False,False,-25.70977898071402,10.24197527218733,5.76644837072063
6312,264,0,-16.61,8.19,0.0,False,False,-25.039475479219867,12.550204316871088,5.76644837072063
6313,264,1,-15.6,9.59,0.0,False,False,-25.461993930447893,8.389071298181891,5.76644837072063
6314,264,2,-12.98,1.54,0.0,False,False,-24.56064032313857,8.640819395102309,5.76644837072063
6315,264,3,-12.28,9.36,0.0,False,False,-20.5469618455533,8.360746985137512,5.76644837072063
6316,264,4,-15.89,1.63,0.0,False,False,-21.531926278826926,14.597454470101251,5.76644837072063
6317,264,5,-16.35,4.93,0.0,False,False,-23.77516883796674,16.71805205467127,5.76644837072063
6318,264,6,-16.61,8.87,3.7,False,False,-22.435157041049855,12.466897753327498,5.76644837072063
6319,264,7,-12.3,1.95,67.4,False,False,-23.629519745973422,8.051882097549527,60.80289412583454
6320,264,8,-16.51,10.34,187.4,False,False,-21.743533664076757,8.755023279988107,122.69035050874407
6321,264,9,-13.86,9.9,211.7,False,False,-18.247494157515067,8.334098746942363,198.13067589624433
6322,264,10,-12.83,12.23,313.4,False,False,-18.050306488786145,8.170167854261193,220.1620404673515
6323,264,11,-13.84,2.68,565.4,False,False,-18.884145675461756,11.170309844824716,263.65211492713905
6324,264,12,-12.21,18.19,550.3,False,False,-16.972120973301767,10.665368120497332,277.9381728643459
6325,264,13,-7.71,3.48,385.1,False,False,-18.38967655553414,11.224375285659997,230.0763188696466
6326,264,14,-13.28,8.16,294.6,False,False,-17.899533460917795,10.254240999677796,199.65811126037494
6327,264,15,-14.22,6.19,318.8,False,False,-19.800013087637534,9.431634641092257,175.75125699695593
6328,264,16,-11.74,6.99,293.1,False,False,-18.21077436845764,10.177227279600142,95.00685114995507
6329,264,17,-13.77,16.84,141.3,False,False,-18.38312492002287,12.377161032964874,65.08439209409147
6330,264,18,-11.89,3.8,7.2,False,False,-23.213323849399817,10.785999399995898,7.815689976643016
6331,264,19,-14.96,15.52,0.0,False,False,-23.040172086831504,14.942070478653719,2.818753098061335
6332,264,20,-16.26,11.1,0.0,False,False,-21.249399489843547,10.688948687137895,4.885706821785685
6333,264,21,-19.75,7.42,0.0,False,False,-25.26475456575894,11.61924001747296,6.196625467370143
6334,264,22,-19.74,7.37,0.0,False,False,-22.460183475039003,10.992076587176381,6.196625467370143
6335,264,23,-20.37,9.92,0.0,False,False,-23.609331300402722,10.791334998131115,5.76644837072063
6336,265,0,-15.7,5.94,0.0,False,False,-26.285850268696624,8.774422894875894,5.76644837072063
6337,265,1,-19.11,6.59,0.0,False,False,-22.31138268578037,8.806669925159934,5.76644837072063
6338,265,2,-13.68,8.13,0.0,False,False,-23.40664160237722,14.16084057107414,5.76644837072063
6339,265,3,-15.81,14.63,0.0,False,False,-19.655030280098348,8.776350467763361,5.76644837072063
6340,265,4,-15.95,6.94,0.0,False,False,-21.622430758229044,14.918237100517638,5.76644837072063
6341,265,5,-16.66,17.47,0.0,False,False,-22.544688255935647,15.702857037449682,5.76644837072063
6342,265,6,-13.21,8.31,11.7,False,False,-23.212220589431055,9.559353456709761,5.76644837072063
6343,265,7,-15.55,7.16,136.5,False,False,-19.81798115123218,13.713374474834048,54.031936845911915
6344,265,8,-15.43,5.19,181.4,False,False,-22.5444252314498,8.65547494422029,128.64692200732324
6345,265,9,-10.67,9.0,339.7,False,False,-19.02457826230832,8.460408707144127,196.55388105965187
6346,265,10,-12.02,5.29,394.7,False,False,-18.46185412151184,8.57403803710993,239.7395740468986
6347,265,11,-13.0,6.85,463.2,False,False,-18.274427455779225,14.897861390651718,277.4837802179873
6348,265,12,-11.17,23.15,597.6,False,False,-16.26624638585642,10.688780947839662,262.62212682966054
6349,265,13,-12.51,8.58,328.8,False,False,-18.09067968182304,13.991007876544614,263.3562331259819
6350,265,14,-11.96,9.38,515.8,False,False,-18.093663274764648,10.373738156594564,166.2510281692365
6351,265,15,-14.68,10.06,371.0,False,False,-19.929657955353722,10.55279954084588,144.99082323844604
6352,265,16,-9.32,8.06,286.0,False,False,-17.735003629755603,10.144254150073559,132.67436456406378
6353,265,17,-15.1,2.85,153.2,False,False,-19.004828012772446,9.987011594239872,77.17760823368044
6354,265,18,-11.35,8.74,9.5,False,False,-19.79345317175064,13.719373274197281,27.400222395511523
6355,265,19,-15.35,12.06,0.0,False,False,-21.237777666408512,9.909186247007913,2.818753098061335
6356,265,20,-13.84,2.43,0.0,False,False,-21.625087983155154,10.264506361790579,4.885706821785685
6357,265,21,-14.4,2.87,0.0,False,False,-25.50322649573753,10.298987680516818,6.196625467370143
6358,265,22,-13.9,4.81,0.0,False,False,-26.26326142001156,10.63922607712263,6.196625467370143
6359,265,23,-18.07,11.68,0.0,False,False,-24.948405398223144,9.742601152700049,5.76644837072063
6360,266,0,-14.0,4.65,0.0,False,False,-23.35260337035811,8.52687360782277,5.76644837072063
6361,266,1,-12.39,11.76,0.0,False,False,-25.40032485015698,9.712904265235915,5.76644837072063
6362,266,2,-16.4,8.47,0.0,False,False,-21.16863657296287,8.913295736074726,5.76644837072063
6363,266,3,-15.49,5.43,0.0,False,False,-20.267103822282284,8.924287817252448,5.76644837072063
6364,266,4,-16.2,25.95,0.0,False,False,-21.331762077741857,8.617399931560747,5.76644837072063
6365,266,5,-15.36,3.52,0.0,False,False,-23.96838584778213,12.184263027767969,5.76644837072063
6366,266,6,-10.73,7.59,16.4,False,False,-20.593226925080362,11.279068731736164,5.76644837072063
6367,266,7,-15.64,4.33,85.7,False,False,-19.72559267428231,8.445885051739268,54.597079932487276
6368,266,8,-15.03,8.95,303.3,False,False,-19.84785662370028,13.608009547954083,108.68170775838689
6369,266,9,-9.51,4.45,201.1,False,False,-18.382440986360226,8.299168616187695,240.79398245156918
6370,266,10,-11.17,5.86,435.6,False,False,-18.06053532952161,13.487305055429216,196.29131144199084
6371,266,11,-7.98,4.94,425.5,False,False,-17.99805531796968,10.63969325340965,217.48883473455408
6372,266,12,-13.05,6.49,427.8,False,False,-16.00989074353774,11.592692153576328,297.7086635668171
6373,266,13,-11.96,12.0,266.5,False,False,-16.86790831183119,11.373749452823867,252.32179303695077
6374,266,14,-13.74,3.21,440.2,False,False,-17.72760770237337,10.789759751835822,302.3226589603732
6375,266,15,-12.45,4.7,333.0,False,False,-18.573735871129553,10.348449601142306,281.4518974981714
6376,266,16,-16.7,6.0,307.9,False,False,-18.201272637221805,14.492500111202524,190.98039771104322
6377,266,17,-12.26,6.63,127.8,False,False,-19.785208012156637,11.858258227458341,83.38234220142058
6378,266,18,-13.5,14.14,35.8,False,False,-19.012137375464427,11.013127081186546,5.158680774355507
6379,266,19,-14.78,4.83,0.0,False,False,-20.799248603137677,10.765487055631779,1.0392791397400414
6380,266,20,-15.93,11.73,0.0,False,False,-21.667969950349118,12.78478406482527,4.885706821785685
6381,266,21,-17.35,15.06,0.0,False,False,-21.719584708190382,11.515157415771116,6.196625467370143
6382,266,22,-14.42,6.86,0.0,False,False,-22.825255561946328,14.512695502696147,6.196625467370143
6383,266,23,-18.42,4.16,0.0,False,False,-24.830929904174184,10.776244847998028,5.76644837072063
6384,267,0,-14.82,13.23,0.0,False,False,-23.44950956230645,11.955138494720407,5.76644837072063
6385,267,1,-11.62,11.22,0.0,False,False,-21.4551544634142,8.6968872186768,5.76644837072063
6386,267,2,-12.6,3.92,0.0,False,False,-23.358041958963256,8.995815834280602,5.76644837072063
6387,267,3,-18.26,16.25,0.0,False,False,-21.018203391854005,14.249658483781843,5.76644837072063
6388,267,4,-15.91,5.08,0.0,False,False,-23.47829687441428,9.574253216758459,5.76644837072063
6389,267,5,-13.51,6.8,0.0,False,False,-20.97551931984698,12.640861672729333,5.76644837072063
6390,267,6,-13.98,10.28,30.8,False,False,-19.274377737105684,8.456937493565437,5.109690012950337
6391,267,7,-16.12,15.25,193.7,False,False,-20.60344565510353,13.823303299469591,54.58844581717441
6392,267,8,-12.07,8.69,247.1,False,False,-19.48700866215888,9.236550150662534,175.48910922411125
6393,267,9,-12.44,6.43,266.5,False,False,-17.678231336479328,13.452511366495969,239.05306357594827
6394,267,10,-8.28,5.93,305.9,False,False,-17.596555848069155,12.462280676287818,249.8815298834726
6395,267,11,-12.41,6.42,344.0,False,False,-17.932998434937183,14.422986342570614,264.2149097767616
6396,267,12,-9.5,20.82,496.4,False,False,-16.930772753987753,10.952525432106372,224.93581627380814
6397,267,13,-14.44,9.32,424.4,False,False,-17.576870787771238,10.758047430221161,241.31257051383076
6398,267,14,-14.16,8.08,408.8,False,False,-18.12339437098375,14.31470586686486,235.29925423027063
6399,267,15,-10.98,11.28,301.8,False,False,-18.501703981483654,11.194959505789075,221.22539402397564
6400,267,16,-10.67,6.67,137.0,False,False,-21.202139498396928,11.526950232954725,206.74655960682074
6401,267,17,-15.24,14.85,159.9,False,False,-18.334167138004908,10.391492475710958,88.17630663921413
6402,267,18,-13.79,9.72,43.5,False,False,-18.9373659502702,10.182915144752272,38.50857715775523
6403,267,19,-17.12,6.34,0.0,False,False,-20.821100095178508,12.995809082867789,2.5001835715902136
6404,267,20,-15.2,5.65,0.0,False,False,-20.95541133857882,10.004465242370628,4.885706821785685
6405,267,21,-13.58,2.64,0.0,False,False,-23.07177001687559,10.505274729901148,6.196625467370143
6406,267,22,-16.44,11.99,0.0,False,False,-21.53580196269236,10.87990210570768,6.196625467370143
6407,267,23,-16.27,3.19,0.0,False,False,-25.566468502808515,12.870039464686752,5.76644837072063
6408,268,0,-17.79,14.42,0.0,False,False,-21.310801283816907,8.608630828349673,5.76644837072063
6409,268,1,-16.76,4.63,0.0,False,False,-21.90876657645738,7.684909334573956,5.76644837072063
6410,268,2,-11.75,4.96,0.0,False,False,-21.03890506993287,14.043152919480333,5.76644837072063
6411,268,3,-14.8,18.2,0.0,False,False,-24.601842823229262,9.948983568829632,5.76644837072063
6412,268,4,-16.53,11.52,0.0,False,False,-20.82896438881028,12.708353286347567,5.76644837072063
6413,268,5,-14.68,7.97,0.0,False,False,-20.289130252253603,11.326390592848107,5.76644837072063
6414,268,6,-16.72,17.32,54.7,False,False,-19.13711341578514,7.542594200438902,33.48313394349254
6415,268,7,-15.04,7.2,84.1,False,False,-21.339895741915434,9.229109592542555,75.8085235495092
6416,268,8,-9.81,5.81,328.0,False,False,-18.415170099069496,8.214338336852421,141.6802671457766
6417,268,9,-12.4,8.36,426.9,False,False,-17.9691250747807,9.339143939259383,231.0204096478985
6418,268,10,-8.02,12.41,254.1,False,False,-17.167131958378818,11.676267609291767,231.1569466904635
6419,268,11,-11.79,3.63,399.9,False,False,-17.31994528462786,12.030618956661005,253.91074369784147
6420,268,12,-11.6,4.9,315.2,False,False,-16.635859064344032,10.673718113616292,289.96132382425264
6421,268,13,-10.32,4.22,569.7,False,False,-17.52820955480651,12.606106426639862,260.2010887475664
6422,268,14,-17.14,3.82,392.2,False,False,-18.253401469492218,10.627540327269188,261.0429438847643
6423,268,15,-11.71,6.8,366.6,False,False,-17.77145685282222,10.851502223817901,197.30122302865172
6424,268,16,-12.63,3.78,332.8,False,False,-18.96312473575946,10.078602896674298,72.17998097623163
6425,268,17,-10.04,2.42,167.0,False,False,-19.372430019137976,10.122210441110953,106.91146702071094
6426,268,18,-11.6,4.87,60.8,False,False,-20.01222366094704,10.360802078853201,27.199154518590234
6427,268,19,-16.31,4.7,0.0,False,False,-22.333606391141817,10.065168364530834,-14.37673497624008
6428,268,20,-12.05,9.43,0.0,False,False,-21.005263367481806,12.145677058103885,4.885706821785685
6429,268,21,-15.47,11.86,0.0,False,False,-21.444663096950613,12.685158985352775,5.556642037961354
6430,268,22,-17.07,5.3,0.0,False,False,-23.117075804337652,11.02623629439169,6.196625467370143
6431,268,23,-15.07,1.38,0.0,False,False,-23.2341494618827,13.753395221818959,5.76644837072063
6432,269,0,-15.63,4.93,0.0,False,False,-23.770697723380813,9.12754726025404,5.76644837072063
6433,269,1,-12.08,17.68,0.0,False,False,-23.595750687200635,12.683179484386788,5.76644837072063
6434,269,2,-14.27,11.64,0.0,False,False,-20.160405319167868,14.143848326608898,5.76644837072063
6435,269,3,-14.22,8.9,0.0,False,False,-21.367752536940056,10.118346213220896,5.76644837072063
6436,269,4,-12.42,6.23,0.0,False,False,-23.46521169489858,9.167200660335407,5.76644837072063
6437,269,5,-11.55,11.51,0.0,False,False,-20.224145523583434,8.504162235835523,5.76644837072063
6438,269,6,-11.65,4.01,46.9,False,False,-22.099279724989835,8.914066095741074,33.31234509436663
6439,269,7,-9.86,11.77,192.8,False,False,-19.778426932022654,8.702091901806014,94.79988569633814
6440,269,8,-11.0,9.67,146.4,False,False,-17.365124923104812,13.955191908043385,185.47438314543405
6441,269,9,-11.47,10.62,279.4,False,False,-17.909938452027273,7.789477761088044,199.31528900501198
6442,269,10,-9.01,8.02,445.7,False,False,-16.87982783143905,9.505092018065707,235.75518730771856
6443,269,11,-11.47,18.35,362.2,False,False,-17.323280215254652,14.153176977257523,249.07202162278202
6444,269,12,-11.15,4.08,412.4,False,False,-16.075098626679477,12.597459411970503,274.0738676356743
6445,269,13,-7.85,9.94,408.1,False,False,-17.234854554405516,14.269376892661723,325.40406595597693
6446,269,14,-8.25,9.42,503.0,False,False,-19.836030218039095,10.556545940632315,231.04356249043246
6447,269,15,-11.82,5.61,417.8,False,False,-17.334117146682576,10.069847392744288,248.8592508979881
6448,269,16,-13.13,5.55,151.1,False,False,-17.177511396460115,13.72335514646082,156.1570146807724
6449,269,17,-9.78,13.38,178.0,False,False,-18.52849047282731,12.535506306456458,93.7136539563383
6450,269,18,-11.62,22.48,57.6,False,False,-19.262172252848195,14.719707438947152,88.41448424063107
6451,269,19,-13.11,4.73,0.0,False,False,-21.882312229615575,15.120592272799325,-0.9352592229462781
6452,269,20,-14.86,14.47,0.0,False,False,-19.61036841615225,10.907838168017221,4.885706821785685
6453,269,21,-13.97,13.8,0.0,False,False,-20.993696441884563,9.768896238965235,5.556642037961354
6454,269,22,-15.0,7.47,0.0,False,False,-24.30211407731471,13.388241704381462,6.196625467370143
6455,269,23,-16.48,8.29,0.0,False,False,-22.11814484130919,12.28967174031366,5.76644837072063
6456,270,0,-14.66,11.66,0.0,False,False,-22.056116421654597,10.069904841853836,5.76644837072063
6457,270,1,-14.31,10.3,0.0,False,False,-20.963881134251565,9.350455470008079,5.76644837072063
6458,270,2,-15.4,3.28,0.0,False,False,-20.791664015911742,8.646312350418317,5.76644837072063
6459,270,3,-12.52,14.71,0.0,False,False,-20.408911016727497,9.160181359574425,5.76644837072063
6460,270,4,-11.34,2.9,0.0,False,False,-20.55394899539277,8.69901671884966,5.76644837072063
6461,270,5,-11.49,9.37,0.0,False,False,-19.568150843811427,8.61500896798055,5.76644837072063
6462,270,6,-13.47,3.71,89.7,False,False,-19.21827285853744,9.15964983620651,34.03282649180686
6463,270,7,-10.88,10.29,192.7,False,False,-18.139483200142134,8.354074774296627,82.49913885683256
6464,270,8,-11.76,5.03,267.2,False,False,-17.79394411819408,8.384816492964802,107.63192987665009
6465,270,9,-13.97,5.22,269.7,False,False,-17.629273554461367,8.059024615915677,233.16530663494416
6466,270,10,-9.84,26.32,517.4,False,False,-16.54687022122839,8.772788753103066,249.35843897934527
6467,270,11,-10.69,3.71,392.8,False,False,-17.659542124212386,11.133680782544207,250.2599386074411
6468,270,12,-5.73,5.6,312.6,False,False,-16.362402753619236,15.95343992149768,259.3305537144565
6469,270,13,-8.07,3.79,272.1,False,False,-15.78711084760449,10.320870286967194,290.9308843562422
6470,270,14,-9.76,7.97,481.7,False,False,-17.98580086603245,10.543635948821395,280.24159698606843
6471,270,15,-11.0,3.75,272.0,False,False,-16.92671335497728,14.814376313718942,230.30505548942872
6472,270,16,-11.59,8.97,302.5,False,False,-18.025976936927297,13.83761568919462,106.23221139162494
6473,270,17,-14.4,13.71,177.4,False,False,-17.773406700340338,9.926619693689924,98.00028621342747
6474,270,18,-16.39,2.06,52.7,False,False,-18.5529390870289,10.759469266793367,65.39450902722612
6475,270,19,-15.18,5.04,0.0,False,False,-20.89479390852482,13.381476437006029,-2.396163654796449
6476,270,20,-14.01,4.0,0.0,False,False,-20.389090332571648,10.62891656799807,4.885706821785685
6477,270,21,-18.54,3.31,0.0,False,False,-21.129195737139014,11.22138995922768,6.279869275894154
6478,270,22,-15.73,8.84,0.0,False,False,-23.22995168054549,11.18823946770922,6.196625467370143
6479,270,23,-15.34,8.31,0.0,False,False,-23.410506207412453,9.99510644041088,5.76644837072063
6480,271,0,-15.04,14.67,0.0,False,False,-22.189508625631984,8.582012503326991,5.76644837072063
6481,271,1,-15.86,10.71,0.0,False,False,-20.877451535166763,7.970947660482834,5.76644837072063
6482,271,2,-15.02,7.69,0.0,False,False,-21.11079852376813,13.720636744768461,5.76644837072063
6483,271,3,-10.57,8.64,0.0,False,False,-20.05798426013358,8.436913557146003,5.76644837072063
6484,271,4,-12.28,5.6,0.0,False,False,-19.74274823615904,13.907434729610205,5.76644837072063
6485,271,5,-14.24,8.79,0.0,False,False,-18.491759303588708,8.634072876531985,5.76644837072063
6486,271,6,-12.74,2.92,63.9,False,False,-19.424417542724914,14.169545076217458,52.97326396564473
6487,271,7,-12.14,6.93,148.2,False,False,-18.188440982160095,9.1280804093742,103.13425101418696
6488,271,8,-13.14,9.52,199.5,False,False,-18.081248245133853,13.708887377204821,132.2427534753468
6489,271,9,-12.73,6.73,394.6,False,False,-18.69364365851519,13.294822231744883,188.75723665678944
6490,271,10,-8.85,5.15,475.8,False,False,-17.489546051121575,9.176254827399044,244.52816122875237
6491,271,11,-11.51,7.87,422.5,False,False,-17.659542124212386,13.482893001395004,246.42482270716448
6492,271,12,-12.8,4.72,563.7,False,False,-16.036312238719265,14.992662124361585,243.69631282164983
6493,271,13,-10.76,6.52,281.4,False,False,-16.34113650653029,14.388127185687456,253.5526484093206
6494,271,14,-10.64,11.24,377.5,False,False,-17.57425105641409,10.203833922337902,262.43578583733165
6495,271,15,-15.14,11.6,412.5,False,False,-17.440522249029087,14.806205087698475,205.90767392642076
6496,271,16,-11.69,8.41,277.1,False,False,-17.749240497969364,10.714327207315145,145.3220151642651
6497,271,17,-10.35,4.21,236.1,False,False,-19.111233115118957,10.269472590062591,105.08550497410491
6498,271,18,-11.7,6.18,79.5,False,False,-21.435088459622072,13.128235318296852,61.67848740003534
6499,271,19,-8.66,7.94,0.0,False,False,-19.996313373639754,14.150005542979342,-2.396163654796449
6500,271,20,-11.1,5.01,0.0,False,False,-20.006457385257335,11.78448579817124,4.885706821785685
6501,271,21,-11.12,16.67,0.0,False,False,-23.736784768568757,12.464916299402082,4.885706821785685
6502,271,22,-8.74,5.07,0.0,False,False,-20.959973388712125,10.488279815750861,6.196625467370143
6503,271,23,-13.02,7.67,0.0,False,False,-21.52555909784039,11.317174524536902,5.76644837072063
6504,272,0,-13.97,2.5,0.0,False,False,-20.64909572680463,8.642440201097932,5.76644837072063
6505,272,1,-12.28,11.98,0.0,False,False,-20.993523544831444,9.09833977022587,5.76644837072063
6506,272,2,-15.15,15.33,0.0,False,False,-21.15433743475047,8.884540252828616,5.76644837072063
6507,272,3,-13.5,4.16,0.0,False,False,-19.39473636448715,8.687725748819178,5.76644837072063
6508,272,4,-14.59,2.98,0.0,False,False,-19.226312197945425,15.74702775763271,5.76644837072063
6509,272,5,-12.02,8.35,0.0,False,False,-19.95642981306648,9.893466970349943,5.76644837072063
6510,272,6,-13.6,17.68,100.0,False,False,-19.143992627452274,13.92407444480093,49.652329772483355
6511,272,7,-13.16,3.27,236.6,False,False,-17.93381109302481,8.530039895373593,122.11504004979126
6512,272,8,-10.47,6.3,308.7,False,False,-18.526254689932884,8.558056742517946,197.53443590236088
6513,272,9,-11.16,8.73,217.9,False,False,-18.396293116140317,8.72842796240042,237.5736050396077
6514,272,10,-14.42,7.85,387.0,False,False,-16.811792106181088,13.643232075992588,253.33913431541302
6515,272,11,-13.28,9.44,374.9,False,False,-16.944338366894957,11.064047081166313,245.94158979356422
6516,272,12,-12.59,14.22,565.5,False,False,-16.5238173261187,14.485747198259359,302.6655634497936
6517,272,13,-12.13,12.1,501.0,False,False,-17.128925908689848,10.428483188569889,266.4288519174136
6518,272,14,-9.74,6.23,474.2,False,False,-17.506215331156127,10.966827631261742,253.47903486458435
6519,272,15,-10.45,3.23,300.7,False,False,-18.68022912217129,10.20031227582105,237.58317960523547
6520,272,16,-9.17,12.56,151.6,False,False,-17.468190861969788,10.753164480604775,204.14801534473457
6521,272,17,-10.28,6.29,212.0,False,False,-18.10439848008891,12.324618755579577,103.39407916415551
6522,272,18,-10.16,7.79,91.4,False,False,-19.414682000447538,10.280855694420229,57.86554031812393
6523,272,19,-11.6,11.47,0.0,False,False,-18.992699722604097,10.443629235495344,0.1671409273188987
6524,272,20,-12.88,12.36,0.0,False,False,-19.271936358726542,14.992176040168465,4.885706821785685
6525,272,21,-11.51,11.14,0.0,False,False,-20.280255693443078,10.711097932344328,4.885706821785685
6526,272,22,-12.19,16.21,0.0,False,False,-21.045261294364227,14.605166784569223,6.196625467370143
6527,272,23,-13.48,7.35,0.0,False,False,-20.71665651645837,10.375670652441437,5.76644837072063
6528,273,0,-11.45,5.25,0.0,False,False,-21.127238748582776,13.423846907328956,5.76644837072063
6529,273,1,-18.62,4.43,0.0,False,False,-20.76388342388976,9.640953597046234,5.76644837072063
6530,273,2,-14.31,5.41,0.0,False,False,-21.534520058822167,9.072963210980943,5.76644837072063
6531,273,3,-14.02,5.53,0.0,False,False,-20.014792513828045,14.173050259548306,5.76644837072063
6532,273,4,-10.69,8.42,0.0,False,False,-20.598004259093898,15.170020526525708,5.76644837072063
6533,273,5,-9.37,9.93,0.0,False,False,-19.25157027842655,9.337814284099737,5.76644837072063
6534,273,6,-14.89,4.08,81.3,False,False,-18.79085071360966,9.7028872262142,56.857257811208925
6535,273,7,-8.65,11.49,212.2,False,False,-18.37856959645789,13.983903045635916,73.79179027533078
6536,273,8,-13.34,12.05,263.1,False,False,-17.87882899020766,9.310702919349978,198.13727889336485
6537,273,9,-12.86,1.52,417.8,False,False,-17.50590999889188,8.239023023101291,242.66141091841507
6538,273,10,-10.73,10.05,319.5,False,False,-17.742214729254407,9.188374163337865,244.04454676750834
6539,273,11,-10.7,5.84,399.2,False,False,-18.26628150166945,10.152715555825353,242.2031904531766
6540,273,12,-13.11,13.97,280.5,False,False,-16.848488236651974,14.015905160511107,260.7218467156194
6541,273,13,-8.76,7.28,559.1,False,False,-16.852165299217983,10.657275286768076,279.384091008605
6542,273,14,-8.9,4.89,507.8,False,False,-17.399810228809617,11.09082002883375,273.348137653362
6543,273,15,-8.47,4.06,264.5,False,False,-17.69927840369411,10.09154905311892,195.08812347054194
6544,273,16,-11.86,8.07,278.7,False,False,-17.08850600949426,10.518081729150211,111.0705942739896
6545,273,17,-11.55,5.9,161.1,False,False,-17.403936237035857,11.284894185980336,152.658640646336
6546,273,18,-12.05,3.45,63.7,False,False,-17.9546354775126,9.880958342283312,63.2239307275556
6547,273,19,-9.13,2.88,0.0,False,False,-18.4629776908183,10.340423008042027,1.0392791397400414
6548,273,20,-18.66,8.7,0.0,False,False,-19.651592705200713,10.617554729143986,4.885706821785685
6549,273,21,-15.32,3.15,0.0,False,False,-20.734936239250192,9.74239289764409,5.556642037961354
6550,273,22,-13.71,1.67,0.0,False,False,-19.998543124665037,10.710246258303952,6.196625467370143
6551,273,23,-16.1,12.14,0.0,False,False,-21.551241406086362,10.273848417817552,5.76644837072063
6552,274,0,-14.2,4.35,0.0,False,False,-20.415285790434652,14.13810279892756,5.76644837072063
6553,274,1,-13.87,9.41,0.0,False,False,-23.95397833692386,12.405080317162883,5.76644837072063
6554,274,2,-14.74,7.98,0.0,False,False,-21.04673259053705,12.375034438228585,5.76644837072063
6555,274,3,-12.97,5.18,0.0,False,False,-20.275946480452834,15.651811095445867,5.76644837072063
6556,274,4,-11.43,14.75,0.0,False,False,-19.404196608817053,9.201563218694966,5.76644837072063
6557,274,5,-12.68,10.17,4.4,False,False,-18.882542067848583,8.560811002040309,5.76644837072063
6558,274,6,-12.59,7.05,120.6,False,False,-18.933333032382585,12.361745658651751,55.80620378247687
6559,274,7,-11.5,4.58,119.0,False,False,-18.53026596440201,8.618859639709557,132.5853570732703
6560,274,8,-10.7,9.76,287.1,False,False,-18.30311685786751,8.570530607939002,155.32141335250554
6561,274,9,-13.75,10.53,254.8,False,False,-17.705251788682432,14.281366661900176,238.20715810119128
6562,274,10,-9.03,7.61,489.4,False,False,-17.27698064399248,8.644807235232557,239.9417307070335
6563,274,11,-10.66,7.14,367.3,False,False,-17.76939080982605,14.167598199835243,250.2599386074411
6564,274,12,-7.16,10.15,389.4,False,False,-17.040621439601416,10.508151207330474,211.709972738399
6565,274,13,-8.57,6.96,513.0,False,False,-16.39536580384004,10.921614850121452,269.3357997703972
6566,274,14,-7.62,4.85,245.3,False,False,-16.694520109273924,14.087659079253925,254.10942704170327
6567,274,15,-12.3,3.29,358.5,False,False,-16.124454060231816,13.472114726823095,230.7045459970757
6568,274,16,-11.43,6.99,369.4,False,False,-16.677911043471557,10.541288915014222,163.83651826808287
6569,274,17,-13.66,18.23,210.1,False,False,-17.75678567289492,13.994822769286227,122.89748737917999
6570,274,18,-13.1,10.6,63.2,False,False,-17.97916324242495,13.502801920572644,55.00049663506524
6571,274,19,-9.7,6.99,8.1,False,False,-19.264428137587434,14.783516855537192,17.805974134075672
6572,274,20,-9.71,11.41,0.0,False,False,-23.663743690813618,9.708981859902066,4.885706821785685
6573,274,21,-15.4,8.29,0.0,False,False,-19.71757117309135,13.057337083069095,5.556642037961354
6574,274,22,-14.34,24.43,0.0,False,False,-20.011027546809636,12.819901438908449,6.196625467370143
6575,274,23,-13.77,5.09,0.0,False,False,-22.242382613486463,9.21928375758664,5.76644837072063
6576,275,0,-12.21,6.75,0.0,False,False,-20.58691863855895,14.710361984116053,5.76644837072063
6577,275,1,-16.84,8.24,0.0,False,False,-21.25224250248901,9.001516016816689,5.76644837072063
6578,275,2,-16.32,7.76,0.0,False,False,-20.534354304769412,9.268097507785885,5.76644837072063
6579,275,3,-11.82,7.59,0.0,False,False,-19.749874917000348,14.470091905760096,5.76644837072063
6580,275,4,-16.28,4.03,0.0,False,False,-19.00747220910684,8.482869260216603,5.76644837072063
6581,275,5,-12.8,2.46,15.8,False,False,-18.15005890033591,8.719977198048907,5.76644837072063
6582,275,6,-11.06,3.87,111.4,False,False,-18.75751265623391,8.447329960693287,63.06307200455616
6583,275,7,-10.03,1.39,136.4,False,False,-17.79523139845422,11.723262271480756,113.15260711595731
6584,275,8,-10.67,2.68,363.9,False,False,-17.33695500237278,9.908122828185737,162.16041958464226
6585,275,9,-10.7,8.54,289.4,False,False,-17.85967621334314,8.353736051688259,228.82079294913157
6586,275,10,-7.96,6.3,340.3,False,False,-16.527124327947234,8.788969310264322,249.18096734758151
6587,275,11,-8.88,4.69,319.4,False,False,-16.409816274098272,10.413013070625661,251.1500046050724
6588,275,12,-10.68,6.24,585.7,False,False,-16.087076256094733,11.118782826642176,266.4951536420902
6589,275,13,-9.38,2.14,447.6,False,False,-16.070419526867862,10.818765276660532,223.6286724048281
6590,275,14,-8.89,6.9,237.2,False,False,-16.259317323158243,14.063103507699195,217.2850064759757
6591,275,15,-6.53,3.43,244.9,False,False,-16.549107483528484,14.013166182210899,213.6979656218215
6592,275,16,-8.81,12.98,264.2,False,False,-16.44531715886041,10.787428718336942,216.25327000134666
6593,275,17,-8.44,9.64,140.7,False,False,-17.836789283095868,10.272499451730456,119.7478869542408
6594,275,18,-12.61,9.23,115.9,False,False,-17.940446201905267,10.103724770878618,65.1870152605932
6595,275,19,-12.95,7.69,12.9,False,False,-17.713543767059942,10.491806189718835,8.301855762363953
6596,275,20,-12.85,10.06,0.0,False,False,-20.21974457799458,10.10117276979402,4.2796575299115025
6597,275,21,-13.09,6.92,0.0,False,False,-20.631385154711413,10.431636166798333,4.885706821785685
6598,275,22,-15.13,4.62,0.0,False,False,-20.78830523512579,11.94891401000878,6.196625467370143
6599,275,23,-10.78,9.31,0.0,False,False,-21.270448235439186,12.881192537361496,5.76644837072063
6600,276,0,-11.31,11.73,0.0,False,False,-19.20467481474563,8.960044231266647,5.76644837072063
6601,276,1,-13.62,4.16,0.0,False,False,-21.547555971064273,9.067768365109265,5.76644837072063
6602,276,2,-11.53,2.9,0.0,False,False,-20.169174497518895,8.981433986467309,5.76644837072063
6603,276,3,-12.05,16.95,0.0,False,False,-18.381418184227336,9.43494893369486,5.76644837072063
6604,276,4,-10.64,13.79,0.0,False,False,-19.30550337053267,11.84247132719436,5.76644837072063
6605,276,5,-14.29,7.31,16.0,False,False,-18.196368457760165,14.433089217011124,5.76644837072063
6606,276,6,-11.37,1.84,77.0,False,False,-17.294078828393985,11.469804180637599,69.70285695670644
6607,276,7,-10.68,8.26,116.3,False,False,-17.325314609479005,11.994639764566749,69.14508240895597
6608,276,8,-8.83,21.41,185.1,False,False,-16.135607591875196,13.893916357610705,160.83232644335
6609,276,9,-10.92,10.02,427.7,False,False,-16.474250145478507,8.542387456855154,189.0945204112051
6610,276,10,-14.35,9.6,230.3,False,False,-15.796863152703256,8.38019882305792,247.39623919769306
6611,276,11,-11.31,7.03,398.0,False,False,-15.772976708093118,11.502645695720425,253.4840607883556
6612,276,12,-9.2,9.17,329.0,False,False,-15.358568759826525,11.030409791678192,343.372334367926
6613,276,13,-9.02,10.0,527.2,False,False,-15.820505445804617,14.276857485655018,270.95910698064483
6614,276,14,-5.98,7.91,480.4,False,False,-15.442205445438596,10.61424083748718,237.62564542991842
6615,276,15,-8.5,6.51,411.2,False,False,-15.087308084207669,13.952774010863527,198.70843815735245
6616,276,16,-9.92,7.98,244.3,False,False,-15.826362799629146,10.01920046140044,196.93656620056237
6617,276,17,-10.63,7.79,270.1,False,False,-16.876727235404022,10.170226582168603,120.41236763321851
6618,276,18,-8.87,2.06,152.6,False,False,-17.39201553934095,10.343659838612991,79.56778244080802
6619,276,19,-12.78,19.34,27.8,False,False,-17.71994122831098,9.725894680583774,9.276594408493187
6620,276,20,-12.36,9.61,0.0,False,False,-17.984870358490188,10.260445466764352,1.0392791397400414
6621,276,21,-14.67,12.72,0.0,False,False,-19.28591516844657,11.354959149686538,4.885706821785685
6622,276,22,-9.98,8.41,0.0,False,False,-20.168969224335928,9.237892708278595,6.196625467370143
6623,276,23,-12.23,5.49,0.0,False,False,-19.33800879176203,10.419379163096412,5.76644837072063
6624,277,0,-14.19,11.39,0.0,False,False,-18.231752163552137,8.38978639301189,5.76644837072063
6625,277,1,-12.94,2.8,0.0,False,False,-20.40609427116903,14.326831810202794,5.76644837072063
6626,277,2,-11.49,24.81,0.0,False,False,-19.473094544105408,14.535245693777966,5.76644837072063
6627,277,3,-12.69,11.32,0.0,False,False,-18.10796187350254,7.375446310952321,5.76644837072063
6628,277,4,-12.85,21.96,0.0,False,False,-18.46423534896321,10.242328526692292,5.76644837072063
6629,277,5,-12.61,9.33,47.1,False,False,-18.764131491205035,9.815655219589724,5.109690012950337
6630,277,6,-10.1,2.09,133.6,False,False,-17.562804475110195,13.990084937236661,64.79809214054629
6631,277,7,-10.98,9.54,167.6,False,False,-17.03801048253923,9.427916635573162,84.96726723745981
6632,277,8,-10.69,6.04,297.1,False,False,-16.045933389464224,8.085123780022288,143.05131720511272
6633,277,9,-12.04,9.36,237.6,False,False,-16.01989481016046,8.35834487426704,233.88006145284027
6634,277,10,-8.89,22.12,365.5,False,False,-16.281687939999653,8.446950881164328,232.31974451318206
6635,277,11,-9.21,7.08,390.4,False,False,-15.960377060442237,12.3155251802024,249.57634541252764
6636,277,12,-9.42,9.5,447.6,False,False,-14.885728845597166,10.308591431704462,270.55778591226203
6637,277,13,-8.45,6.2,370.8,False,False,-15.484724335658642,10.855036379559595,267.74178553244576
6638,277,14,-7.55,6.94,367.8,False,False,-15.202965633014276,10.431313272148135,258.1238591179227
6639,277,15,-7.96,17.32,445.9,False,False,-15.03343628036679,10.32960856954801,239.47335143341581
6640,277,16,-8.67,13.14,200.9,False,False,-15.652148887500362,10.597966386552944,201.7396846350005
6641,277,17,-10.74,6.5,277.4,False,False,-16.019493104256693,10.515708699759115,89.464787029071
6642,277,18,-11.91,7.19,125.4,False,False,-17.11135064177505,11.473507565971591,88.4370191200048
6643,277,19,-13.38,5.28,37.4,False,False,-17.691997873814152,10.205273344851692,5.536048996017886
6644,277,20,-12.97,6.06,0.0,False,False,-18.347599895763118,10.530700019382072,1.0392791397400414
6645,277,21,-12.15,6.21,0.0,False,False,-19.597795263544224,10.576762656631429,4.885706821785685
6646,277,22,-14.08,7.71,0.0,False,False,-19.252221272507008,11.373282878170151,6.196625467370143
6647,277,23,-12.52,2.26,0.0,False,False,-18.844784616338988,14.098749223735151,5.76644837072063
6648,278,0,-14.41,5.97,0.0,False,False,-19.64878107732865,9.234213921865388,5.76644837072063
6649,278,1,-15.73,5.46,0.0,False,False,-19.606749664642578,14.209651131984605,5.76644837072063
6650,278,2,-10.57,14.01,0.0,False,False,-18.59316491514625,10.02727256222249,5.76644837072063
6651,278,3,-12.84,7.15,0.0,False,False,-18.388626771068445,9.004228043062298,5.76644837072063
6652,278,4,-13.15,8.25,0.0,False,False,-17.81227466308165,8.586889718598712,5.76644837072063
6653,278,5,-13.18,5.88,30.9,False,False,-18.327233815463124,8.517902800890868,31.08865614867542
6654,278,6,-9.63,7.18,119.0,False,False,-17.562804475110195,14.221552477447661,64.76547533552738
6655,278,7,-7.21,6.06,287.9,False,False,-16.931605380192728,8.38991124581062,95.28468611189184
6656,278,8,-10.28,7.77,206.3,False,False,-15.643508574734676,8.857234119988343,189.17151057887403
6657,278,9,-9.5,9.32,243.6,False,False,-15.971417826954259,8.551922302678854,201.75605135291232
6658,278,10,-6.6,3.52,449.9,False,False,-16.123557489863234,12.018398023689484,232.59631213983397
6659,278,11,-12.17,9.98,426.0,False,False,-15.670839513411034,10.703510330095853,249.75561481769546
6660,278,12,-4.54,4.39,313.7,False,False,-14.74602704020868,10.654319056091156,273.25662392991745
6661,278,13,-3.66,17.63,451.8,False,False,-14.996134799256902,10.799258470150804,282.3011804460203
6662,278,14,-14.16,7.69,527.1,False,False,-14.453028029372865,10.238479286781406,302.1146581807834
6663,278,15,-9.26,8.19,442.8,False,False,-15.247228363035266,10.636338092093824,235.90621532367493
6664,278,16,-10.92,8.35,161.8,False,False,-16.03251153544642,10.151517506550038,186.25455712445043
6665,278,17,-10.49,7.44,276.6,False,False,-16.533301998308495,10.105893538130172,128.69934295325262
6666,278,18,-11.32,5.02,142.6,False,False,-16.80156129049176,9.966098555120997,87.05163085050239
6667,278,19,-9.37,8.2,34.0,False,False,-18.536299341261355,12.419208098167214,33.48280264248148
6668,278,20,-11.7,7.97,0.0,False,False,-18.52889989621922,10.777295783148281,1.0392791397400414
6669,278,21,-13.71,4.71,0.0,False,False,-18.049117233488126,11.05672926754354,4.885706821785685
6670,278,22,-12.55,3.54,0.0,False,False,-18.632728616100177,11.014772765529033,6.196625467370143
6671,278,23,-11.38,11.35,0.0,False,False,-19.345217378603138,14.146818735981883,5.76644837072063
6672,279,0,-14.55,5.96,0.0,False,False,-18.624006837764263,9.852295479591675,5.76644837072063
6673,279,1,-15.4,6.7,0.0,False,False,-17.979568665514552,13.928412941360419,5.76644837072063
6674,279,2,-7.93,7.99,0.0,False,False,-17.294934364857077,8.518283037701215,5.76644837072063
6675,279,3,-12.88,4.95,0.0,False,False,-17.545152531960163,8.776350467763361,5.76644837072063
6676,279,4,-11.45,8.55,0.0,False,False,-16.985130348046052,8.775951327562973,5.76644837072063
6677,279,5,-11.49,6.87,64.3,False,False,-16.909304576271264,14.089447769196184,36.427304286623965
6678,279,6,-9.08,7.2,165.2,False,False,-15.367551578198706,9.140439590444009,71.4052602876776
6679,279,7,-6.12,12.44,128.6,False,False,-15.310960737160777,8.907959424467066,112.28021682185047
6680,279,8,-8.02,7.84,379.6,False,False,-13.614612662303562,8.821214010468626,187.45422486831666
6681,279,9,-11.8,6.54,360.0,False,False,-14.29239507553727,8.526647965997928,228.88631888286358
6682,279,10,-11.22,4.19,361.8,False,False,-14.09122881070877,12.443277700517067,237.8204655417816
6683,279,11,-9.05,8.33,243.5,False,False,-14.1700000616173,10.798902862870811,267.85561246506416
6684,279,12,-8.72,11.12,452.7,False,False,-13.004471969195642,14.394836545710332,296.67446620199615
6685,279,13,-11.69,6.6,292.2,False,False,-13.759900164581135,11.200563252841802,263.7743221454317
6686,279,14,-6.81,11.08,400.2,False,False,-14.732381284857007,10.187597876705036,275.20591091696684
6687,279,15,-10.94,8.39,250.6,False,False,-13.663583048518278,11.00763170833862,256.2171139412124
6688,279,16,-6.19,7.54,329.9,False,False,-14.867727231262974,10.343659838612991,147.85222317918806
6689,279,17,-6.02,8.89,138.9,False,False,-13.784251681853522,10.209548622646974,148.0025247037505
6690,279,18,-10.68,3.62,147.3,False,False,-14.518625660292669,13.848916555787213,70.13236908458843
6691,279,19,-9.82,6.01,57.4,False,False,-15.728076488245863,10.435609871121919,38.73076948366035
6692,279,20,-13.64,6.13,0.0,False,False,-16.25489555385622,12.099721147266285,2.5001835715902136
6693,279,21,-10.35,6.74,0.0,False,False,-17.194992945781962,13.463883524503105,4.885706821785685
6694,279,22,-12.91,16.21,0.0,False,False,-18.234655619783737,14.245314303977453,5.556642037961354
6695,279,23,-14.29,7.66,0.0,False,False,-17.429986103415125,10.65382981161527,5.76644837072063
6696,280,0,-12.46,3.31,0.0,False,False,-18.823192216285364,9.999590262531955,5.76644837072063
6697,280,1,-12.74,5.29,0.0,False,False,-19.109863202658637,9.454170059991913,5.76644837072063
6698,280,2,-12.26,7.2,0.0,False,False,-17.026064894823772,8.313846831534722,5.76644837072063
6699,280,3,-9.4,7.82,0.0,False,False,-17.651557634306673,13.69473642155229,5.76644837072063
6700,280,4,-12.45,1.35,0.0,False,False,-16.8901314955052,9.299042349962228,5.76644837072063
6701,280,5,-6.93,9.28,41.8,False,False,-16.048945945514525,9.054191435778693,43.44651557913612
6702,280,6,-12.53,9.47,184.8,False,False,-15.328738075416693,8.001618993290988,78.70344822172805
6703,280,7,-6.13,4.09,224.5,False,False,-14.466898938969695,8.228022462722732,107.45514841302054
6704,280,8,-10.91,10.97,198.5,False,False,-13.906601292691779,8.59342483043206,216.15770157870023
6705,280,9,-8.47,6.57,380.6,False,False,-14.357602958679003,9.05186480366915,200.175229944815
6706,280,10,-9.13,4.51,263.7,False,False,-13.741540300562582,13.506570920783686,247.44632245834876
6707,280,11,-8.64,3.93,547.9,False,False,-14.668628675504879,10.825918823294552,258.8780749822974
6708,280,12,-6.28,9.18,533.8,False,False,-12.692053074726159,11.354862754510648,261.920386300714
6709,280,13,-4.95,5.47,465.7,False,False,-12.501417276513727,11.865495283683709,260.6835669855223
6710,280,14,-5.77,8.23,297.3,False,False,-13.410104687256904,9.918089105814268,251.5338367211664
6711,280,15,-9.28,3.86,480.1,False,False,-12.901813995394752,10.218116507689544,239.21590153018786
6712,280,16,-8.51,6.17,374.7,False,False,-13.811389278733198,10.911982669592037,169.5019699715198
6713,280,17,-10.93,8.89,260.2,False,False,-14.395172039067516,10.203833922337902,85.75575918507215
6714,280,18,-11.86,12.26,126.1,False,False,-15.700960664731353,13.446778966825011,83.84318830521451
6715,280,19,-12.69,12.9,58.7,False,False,-15.552341988294485,11.250770904463108,82.31920896625088
6716,280,20,-11.76,12.13,0.0,False,False,-17.212810710491055,10.825754061167027,0.7111182987082633
6717,280,21,-10.8,22.05,0.0,False,False,-17.450353023667653,10.969293827151159,4.557545980753907
6718,280,22,-15.44,8.3,0.0,False,False,-17.91256858452862,10.916942890463751,5.228481196929576
6719,280,23,-11.91,3.8,0.0,False,False,-17.855657709091673,11.210485165511024,5.76644837072063
6720,281,0,-8.55,5.35,0.0,False,False,-17.00875442518026,12.224602603988808,5.76644837072063
6721,281,1,-9.27,12.73,0.0,False,False,-16.393410445838466,13.471624521457304,5.76644837072063
6722,281,2,-12.49,4.99,0.0,False,False,-14.708881104955775,8.067569186995721,5.76644837072063
6723,281,3,-13.79,1.12,0.0,False,False,-14.821057287708822,8.994986198968299,5.76644837072063
6724,281,4,-9.67,6.28,0.0,False,False,-15.57928354011572,14.84502926039622,5.76644837072063
6725,281,5,-14.74,10.86,43.4,False,False,-15.190122217694622,9.049096252465915,32.36442829332379
6726,281,6,-7.36,5.3,91.3,False,False,-14.447723798753053,8.441142605157811,75.88271144904525
6727,281,7,-9.49,13.04,198.3,False,False,-13.217762714325154,11.280736746419514,81.7670699822624
6728,281,8,-4.92,17.0,368.5,False,False,-13.129985389775758,8.153695169508651,176.68350276857325
6729,281,9,-11.62,8.2,466.5,False,False,-12.2004454789812,9.818040680658438,233.28896167420106
6730,281,10,-6.02,18.49,276.6,False,False,-13.087087985995453,14.164650276601316,230.79659700542973
6731,281,11,-7.85,29.88,336.0,False,False,-11.539525373756277,12.97932403803409,244.03735646761757
6732,281,12,-8.25,11.03,564.7,False,False,-11.512646232401565,14.138795776910808,288.08856130764985
6733,281,13,-10.39,8.75,438.3,False,False,-12.461445762973511,10.250709023668742,274.477260694097
6734,281,14,-6.66,8.36,355.9,False,False,-12.42409050797234,8.757594910685832,204.6781139366253
6735,281,15,-6.82,6.98,269.7,False,False,-13.105490048826606,13.806116867364748,258.024226066552
6736,281,16,-5.01,9.64,194.5,False,False,-12.953990069480666,10.705646055361482,218.80667096014193
6737,281,17,-7.05,17.2,149.3,False,False,-12.183265132389783,10.09202948564612,100.65599615854998
6738,281,18,-10.77,15.21,171.5,False,False,-13.376228366947418,10.808530197018486,71.74327223753828
6739,281,19,-12.11,18.66,80.6,False,False,-14.564977946607309,11.252640937543124,69.962695412581
6740,281,20,-13.32,2.1,0.0,False,False,-15.37301451049687,11.709324897400133,-1.2634200639780557
6741,281,21,-8.05,10.69,0.0,False,False,-15.587528024188925,8.890357824961232,4.557545980753907
6742,281,22,-12.87,14.6,0.0,False,False,-17.518442572616618,10.081537373667183,4.557545980753907
6743,281,23,-8.56,7.8,0.0,False,False,-16.161957164162025,13.344138955895815,5.76644837072063
6744,282,0,-10.24,6.8,0.0,False,False,-16.289053408024262,14.423221588821988,5.76644837072063
6745,282,1,-10.56,6.03,0.0,False,False,-15.794791774432538,8.795732157079325,5.76644837072063
6746,282,2,-11.64,5.44,0.0,False,False,-15.411507826842747,14.128938514949217,5.76644837072063
6747,282,3,-9.38,8.55,0.0,False,False,-15.451842894681562,16.41813938391663,5.76644837072063
6748,282,4,-10.32,12.99,0.0,False,False,-15.102058538980565,10.175548127133824,5.76644837072063
6749,282,5,-10.55,2.35,95.1,False,False,-14.82608485038459,9.439489911646646,31.08865614867542
6750,282,6,-7.9,4.28,138.0,False,False,-14.503850371286177,13.361350641592109,80.74277099734559
6751,282,7,-9.06,5.23,171.8,False,False,-13.512344263168242,9.118541512472172,114.37820488102665
6752,282,8,-9.89,3.05,223.9,False,False,-13.077546598402877,9.056496210405333,161.225759159914
6753,282,9,-6.68,10.11,240.2,False,False,-12.939826426566382,9.342383034187604,250.47442919315588
6754,282,10,-7.69,9.44,247.9,False,False,-12.345655628207435,8.666880872145109,235.46678001769266
6755,282,11,-6.38,11.36,475.3,False,False,-12.906950099339964,11.504002942084156,273.43364444980443
6756,282,12,-8.2,1.86,398.4,False,False,-10.642097082024964,11.240133056430356,307.49799534355105
6757,282,13,-9.78,10.68,287.7,False,False,-12.084413636899242,10.47652390246311,272.9220424260027
6758,282,14,-4.09,12.95,484.4,False,False,-12.403132547936146,10.685646358913575,258.0112076036242
6759,282,15,-4.78,10.21,204.4,False,False,-12.46482493324031,10.550098316506729,256.64035180024075
6760,282,16,-6.52,7.47,277.0,False,False,-11.60919469024481,9.754775448653323,142.3353032845597
6761,282,17,-9.55,6.94,156.3,False,False,-13.030449561164371,10.045821932321301,114.49672779361485
6762,282,18,-9.89,8.99,92.8,False,False,-14.00458373331504,10.21198520583959,84.6835030588138
6763,282,19,-7.04,8.46,79.2,False,False,-14.738668384359462,10.280080943275339,45.73398837578179
6764,282,20,-11.0,5.32,0.0,False,False,-14.85935237303151,12.606007971563196,2.7780720224326174
6765,282,21,-11.97,1.96,0.0,False,False,-15.011771508692256,9.665545113578103,4.557545980753907
6766,282,22,-7.28,5.73,0.0,False,False,-17.008141436251563,10.018834489306455,4.557545980753907
6767,282,23,-11.32,17.57,0.0,False,False,-15.575750241118659,11.059553551311588,5.76644837072063
6768,283,0,-7.46,2.16,0.0,False,False,-15.467862749481057,9.36490822127898,5.76644837072063
6769,283,1,-13.73,8.38,0.0,False,False,-14.588649707205837,9.853719961001978,5.76644837072063
6770,283,2,-9.69,15.48,0.0,False,False,-15.709004255177515,11.902772244268679,5.76644837072063
6771,283,3,-6.27,11.5,0.0,False,False,-15.581092594180484,11.077788127178856,5.76644837072063
6772,283,4,-9.94,12.4,1.8,False,False,-13.42493882438006,9.665143613507965,5.76644837072063
6773,283,5,-10.04,11.7,72.1,False,False,-14.350097202156137,11.058727401717423,56.857257811208925
6774,283,6,-11.33,3.07,162.3,False,False,-13.359161237029673,14.639904268288674,64.76547533552738
6775,283,7,-6.32,14.09,323.4,False,False,-13.86203277331443,12.993586169401281,113.59297368300824
6776,283,8,-9.54,15.09,375.6,False,False,-12.037890698995918,12.896980714543393,212.59854176687108
6777,283,9,-7.77,3.64,261.1,False,False,-13.360147246430163,8.522524684130387,251.40917809324336
6778,283,10,-9.73,6.0,483.2,False,False,-12.177491648926463,9.282508497151493,227.51032338783747
6779,283,11,-3.95,22.86,374.7,False,False,-12.383374332801168,11.713637097019076,275.34563274434475
6780,283,12,-4.69,6.04,533.7,False,False,-10.998175405196866,12.070562986565273,252.09452557751004
6781,283,13,-7.13,5.06,453.3,False,False,-11.707066875221106,10.67038530652533,259.7450812568265
6782,283,14,-9.57,5.13,447.8,False,False,-11.171313009101704,11.060946974907264,256.9778169486681
6783,283,15,-4.51,10.66,308.3,False,False,-11.87507727531225,10.473038976796724,231.38558381336614
6784,283,16,-8.73,12.21,352.2,False,False,-11.66083709696759,11.442419694690239,192.94057499233674
6785,283,17,-10.69,5.14,247.7,False,False,-13.09685999210375,11.21061482063712,110.05364708907514
6786,283,18,-12.52,12.17,178.7,False,False,-13.844649345242702,10.427194386259751,71.94490535493857
6787,283,19,-10.81,6.03,87.2,False,False,-14.795415419968428,10.521853279334131,58.09010832260717
6788,283,20,-12.91,3.78,1.4,False,False,-16.20006793074845,14.590696937984863,-0.16101991371287902
6789,283,21,-11.66,8.87,0.0,False,False,-14.768488100892577,14.563597202511147,4.557545980753907
6790,283,22,-9.24,7.67,0.0,False,False,-16.77563598537572,12.726716612566834,4.557545980753907
6791,283,23,-11.68,9.05,0.0,False,False,-15.584465826561924,9.968466587889,5.76644837072063
6792,284,0,-9.99,8.97,0.0,False,False,-15.467862749481057,13.98696358297064,5.76644837072063
6793,284,1,-12.08,8.5,0.0,False,False,-15.874765458494405,8.648952691565672,5.76644837072063
6794,284,2,-10.31,7.22,0.0,False,False,-15.435547944452718,9.241777822328192,5.76644837072063
6795,284,3,-6.28,12.04,0.0,False,False,-14.77262993212805,8.614034587091126,5.76644837072063
6796,284,4,-10.4,10.26,10.9,False,False,-13.51461302679104,8.662619212709833,5.76644837072063
6797,284,5,-8.46,6.14,128.3,False,False,-14.035443672226563,8.609283144798493,49.652329772483355
6798,284,6,-11.84,6.06,166.5,False,False,-13.342430337094141,14.291117880669988,97.54486399061348
6799,284,7,-5.15,2.91,295.0,False,False,-13.535942258414448,8.58533085606311,114.05918273492264
6800,284,8,-8.66,3.18,286.3,False,False,-12.118528336167145,8.880435702261753,209.04215010295408
6801,284,9,-5.19,6.95,258.7,False,False,-12.739885509279732,13.986151458284901,231.93723626762767
6802,284,10,-7.22,11.27,229.4,False,False,-11.446826286784544,8.132211265074952,253.9852058288394
6803,284,11,-5.55,4.68,368.2,False,False,-11.30506062404322,11.479421690779247,271.1947972185364
6804,284,12,-5.36,10.49,571.0,False,False,-10.302354163712312,11.82211557376654,271.0713380669326
6805,284,13,-7.68,8.34,350.3,False,False,-11.545769991250808,14.560598413829553,274.0717186551623
6806,284,14,-4.79,19.84,345.3,False,False,-11.832725736771822,12.54792538461844,209.03870830806076
6807,284,15,-8.81,7.82,409.6,False,False,-10.922663953857908,10.345113054355462,219.49300071191817
6808,284,16,-6.15,7.66,362.1,False,False,-12.568218891377123,9.95826958600744,203.23088768653452
6809,284,17,-8.97,4.96,261.4,False,False,-12.286867170863966,10.621806859397587,108.00994139021482
6810,284,18,-8.01,10.15,145.1,False,False,-13.806372120906728,10.061343196313317,104.21346922241551
6811,284,19,-10.15,11.82,126.6,False,False,-13.844950336484235,11.112460289903815,60.60407065176643
6812,284,20,-9.61,6.43,9.9,False,False,-15.549482290563668,14.714334152889805,7.973694921332175
6813,284,21,-12.27,3.99,0.0,False,False,-14.808361264367003,10.110321379694199,3.951496688879725
6814,284,22,-9.94,12.1,0.0,False,False,-15.182451597031774,11.004336470338393,4.557545980753907
6815,284,23,-10.55,3.07,0.0,False,False,-16.421464539913583,10.482857568990456,5.76644837072063
6816,285,0,-11.5,8.71,0.0,False,False,-14.79447064152916,8.65313679869754,5.76644837072063
6817,285,1,-10.46,4.68,0.0,False,False,-15.544031479102275,8.167337781024635,5.76644837072063
6818,285,2,-9.88,3.8,0.0,False,False,-14.897483522182682,8.660532111846091,5.76644837072063
6819,285,3,-11.06,5.66,0.0,False,False,-13.713952150099159,8.849940562642926,5.76644837072063
6820,285,4,-9.67,7.66,27.0,False,False,-14.217594503510286,9.117001815881622,5.76644837072063
6821,285,5,-10.95,4.26,121.2,False,False,-13.952665373331078,8.5532876334287,64.76547533552738
6822,285,6,-3.73,3.45,159.6,False,False,-14.046392268144157,10.11584437024939,98.35740254993014
6823,285,7,-5.78,2.53,190.5,False,False,-11.778955384473916,12.5119615618867,124.34260390645078
6824,285,8,-6.87,15.49,371.7,False,False,-11.821436328938933,13.12529122470271,182.22492045082944
6825,285,9,-4.66,9.07,332.4,False,False,-11.226140974737506,8.952391713276837,227.84446492447043
6826,285,10,-10.64,4.86,549.9,False,False,-11.439349399253961,8.546882363300226,244.26554572075068
6827,285,11,-11.6,9.3,537.8,False,False,-11.281822028188234,11.247709693111421,279.6841398026351
6828,285,12,-7.22,7.62,524.6,False,False,-10.809782409776671,10.889985090477982,279.65821409923024
6829,285,13,-9.24,10.68,353.7,False,False,-12.374508338338387,11.290418895524162,296.13081769375196
6830,285,14,-7.16,6.7,460.7,False,False,-12.28544274225341,11.20515518489785,239.68017937132348
6831,285,15,-6.59,11.63,430.9,False,False,-11.900035792858093,10.22665658406254,237.4174933684833
6832,285,16,-5.58,5.25,280.5,False,False,-12.374315759315104,10.230676286161742,204.5471529416999
6833,285,17,-10.18,8.31,159.1,False,False,-12.1757882448592,14.173403311454269,141.11336458985772
6834,285,18,-7.62,26.27,209.9,False,False,-13.998979121600295,10.389233767944965,94.04828665364519
6835,285,19,-8.91,8.52,81.8,False,False,-13.541453736570615,13.525788168191932,68.36085210472173
6836,285,20,-8.72,17.86,13.9,False,False,-15.053835908567192,10.445748447606913,-1.2634200639780557
6837,285,21,-10.87,10.58,0.0,False,False,-14.467926766625762,10.956776064777968,4.557545980753907
6838,285,22,-7.38,9.22,0.0,False,False,-15.008472055508836,10.72761466432882,4.557545980753907
6839,285,23,-10.56,6.2,0.0,False,False,-14.902684726133856,10.986207610377908,5.76644837072063
6840,286,0,-6.58,8.4,0.0,False,False,-15.127428251739815,8.450272021476177,5.76644837072063
6841,286,1,-11.64,13.28,0.0,False,False,-14.535519336404368,13.987261103022902,5.76644837072063
6842,286,2,-8.38,5.79,0.0,False,False,-14.807809319771703,14.246088290375964,5.76644837072063
6843,286,3,-9.66,4.59,0.0,False,False,-13.570173842156823,12.622588404979716,5.76644837072063
6844,286,4,-9.79,5.81,29.7,False,False,-14.111189401163776,12.806791996264865,6.091179511027291
6845,286,5,-7.38,5.65,82.3,False,False,-13.455587379214805,14.30039698300816,71.4052602876776
6846,286,6,-8.73,9.85,171.3,False,False,-12.725160017156302,14.184725352895686,79.51598678104472
6847,286,7,-12.94,16.81,269.7,False,False,-12.686620783373979,14.68334490557386,120.99198584282362
6848,286,8,-13.26,3.15,403.2,False,False,-12.821509812886392,10.122012742083493,214.8659869110459
6849,286,9,-4.17,1.8,471.4,False,False,-11.978048778279717,8.282267051173193,230.91409521067106
6850,286,10,-3.94,7.73,374.7,False,False,-12.680166578748482,10.507545302146303,210.48676848954491
6851,286,11,-2.42,4.27,300.7,False,False,-11.540400287705372,10.260094052838829,271.43021501459134
6852,286,12,-6.16,8.9,494.7,False,False,-9.537703320235149,11.508882960477965,259.8128234702973
6853,286,13,-8.78,9.43,572.0,False,False,-10.643022311562435,10.585616433489847,283.26692070636426
6854,286,14,-7.24,20.66,544.1,False,False,-11.236828694015506,10.841434634546278,256.14508409022284
6855,286,15,-6.69,9.99,506.1,False,False,-12.388077221734614,10.29228374024141,239.1204544856877
6856,286,16,-9.14,5.16,241.9,False,False,-12.099744860634225,13.724189311533804,173.650175992621
6857,286,17,-4.31,5.16,319.9,False,False,-13.202473319384156,10.628059146887942,119.93670496796675
6858,286,18,-3.65,4.74,111.3,False,False,-12.267522632155814,11.104818034148485,137.61714307789802
6859,286,19,-7.69,5.84,62.4,False,False,-13.143712099003157,10.62032903490392,63.85694348584949
6860,286,20,-9.15,7.34,33.4,False,False,-13.264944659775605,10.817674213928392,0.7111182987082633
6861,286,21,-12.13,6.93,0.0,False,False,-14.238571194889287,11.197508190444838,2.7780720224326174
6862,286,22,-6.77,8.09,0.0,False,False,-14.870269694325318,10.69466731706344,5.228481196929576
6863,286,23,-9.91,9.74,0.0,False,False,-15.391301100503023,11.176567008517063,5.76644837072063
6864,287,0,-10.42,8.14,0.0,False,False,-15.32125246248894,8.640819395102309,5.76644837072063
6865,287,1,-8.81,15.34,0.0,False,False,-14.467485905592518,8.957122227350217,5.76644837072063
6866,287,2,-10.75,7.62,0.0,False,False,-14.697598503645525,14.87942096644478,5.76644837072063
6867,287,3,-8.96,10.86,0.0,False,False,-14.497995831970654,14.795630705407843,5.76644837072063
6868,287,4,-11.73,2.91,39.9,False,False,-13.834103937255087,12.894368444515866,53.29754034542495
6869,287,5,-6.19,8.09,128.8,False,False,-14.163220484015735,14.475889206288292,62.05802710413861
6870,287,6,-8.05,6.89,107.2,False,False,-11.717693908487487,8.334652983446333,91.70489627754905
6871,287,7,-5.01,6.57,328.0,False,False,-12.846989832180837,8.364344206323866,121.90883123307883
6872,287,8,-7.25,13.15,192.5,False,False,-11.542647007179527,12.377161032964874,217.35650622776993
6873,287,9,-6.7,18.21,471.0,False,False,-10.860322797994142,13.343715233795796,210.28331029059376
6874,287,10,-8.54,9.79,551.3,False,False,-11.403834316681921,9.236550150662534,221.11860049864828
6875,287,11,-4.39,17.51,555.6,False,False,-11.919821171013911,13.995520801621495,253.02210762057916
6876,287,12,-7.6,5.5,435.2,False,False,-9.967651707116897,11.43822337865295,255.10856610407635
6877,287,13,-6.89,3.21,508.2,False,False,-11.842520939460838,10.566740492361124,265.0638757764907
6878,287,14,-6.11,7.98,281.7,False,False,-11.59892666855061,10.950571043011065,295.6904151202945
6879,287,15,-6.19,9.16,490.6,False,False,-11.23097433319139,10.873281813242718,279.56641385809723
6880,287,16,-10.26,2.76,183.4,False,False,-10.952535584254417,13.403498445217844,199.29485289991868
6881,287,17,-7.79,14.3,263.8,False,False,-12.268310878235424,13.924935612432709,85.48232727094491
6882,287,18,-6.25,3.77,180.4,False,False,-12.407241305918555,10.894454250762541,127.84424523845001
6883,287,19,-9.12,8.95,143.2,False,False,-13.124712249943343,13.727577663659726,71.06466861290865
6884,287,20,-9.29,14.15,45.8,False,False,-13.69684002770447,10.328082420469558,34.08821516441667
6885,287,21,-8.93,8.06,0.0,False,False,-14.374446850435115,10.561530660264975,2.1720227305584356
6886,287,22,-9.83,4.99,0.0,False,False,-14.475629426761023,10.430533111093528,4.557545980753907
6887,287,23,-11.84,4.83,0.0,False,False,-14.894374556226701,10.557585323699909,5.76644837072063
6888,288,0,-9.63,8.17,0.0,False,False,-14.534488071346157,8.356394564613723,5.76644837072063
6889,288,1,-7.5,10.87,0.0,False,False,-15.07069014984032,8.947522930785174,5.76644837072063
6890,288,2,-11.4,8.79,0.0,False,False,-14.31190458885151,9.918876720201016,5.76644837072063
6891,288,3,-9.72,4.77,0.0,False,False,-13.964584797295885,8.863561709660582,5.76644837072063
6892,288,4,-11.32,6.8,39.0,False,False,-13.699979895678814,13.926474928786057,31.08865614867542
6893,288,5,-6.2,4.41,70.9,False,False,-13.302427785889124,8.785390205691854,64.76547533552738
6894,288,6,-7.75,4.39,229.4,False,False,-12.376085342818254,9.39597354296455,69.19856790661265
6895,288,7,-8.74,4.26,175.9,False,False,-12.639366355012967,8.776333133866956,166.5455713408549
6896,288,8,-6.38,6.03,407.1,False,False,-13.182385232013804,10.028171692809023,145.70307423646986
6897,288,9,-8.55,7.18,286.3,False,False,-10.991185509233018,9.560482462335415,246.4150819325979
6898,288,10,-7.9,7.62,423.4,False,False,-11.57390006605249,9.132788508030846,226.75550907300763
6899,288,11,-8.55,8.55,336.6,False,False,-11.116119197155546,11.062057758225178,271.70889848381046
6900,288,12,-7.69,4.92,492.8,False,False,-11.234867742618032,14.528047956839874,288.6578595084056
6901,288,13,-2.91,7.26,277.5,False,False,-12.116908038242125,14.31048907295955,301.91142573550894
6902,288,14,-7.3,7.72,339.5,False,False,-11.195811005249166,9.929298031392559,240.6908062464956
6903,288,15,-5.21,12.57,361.4,False,False,-11.446721635575843,10.625021480296313,263.5046939611036
6904,288,16,-8.23,2.81,335.9,False,False,-11.16348185451411,14.463329739331543,154.84657991206453
6905,288,17,-5.52,3.29,274.5,False,False,-12.346564875535702,10.269335569568831,132.29930664731071
6906,288,18,-9.61,9.54,123.0,False,False,-11.608077930868877,14.349377321760915,91.35089792315783
6907,288,19,-8.0,10.04,72.9,False,False,-13.115684187250135,9.763763594383992,58.28225030398334
6908,288,20,-8.46,9.56,36.0,False,False,-13.992191763006682,10.035384443967995,26.03332607666304
6909,288,21,-4.32,9.51,0.0,False,False,-14.512649211618635,10.371623207789003,2.7780720224326174
6910,288,22,-8.03,17.98,0.0,False,False,-13.310741991052545,13.760762643688512,4.557545980753907
6911,288,23,-10.68,16.82,0.0,False,False,-14.432894457673283,14.454000910630485,5.76644837072063
6912,289,0,-7.91,11.87,0.0,False,False,-14.47196174656913,9.77152139580582,5.76644837072063
6913,289,1,-4.94,3.01,0.0,False,False,-14.450755005656987,9.270908293586217,5.76644837072063
6914,289,2,-12.27,6.34,0.0,False,False,-13.58123922670959,9.111223005628375,5.76644837072063
6915,289,3,-10.38,6.16,0.0,False,False,-13.551995337331078,12.336386975060513,5.76644837072063
6916,289,4,-8.75,6.91,67.9,False,False,-14.384377570500174,9.151622328944226,31.08865614867542
6917,289,5,-8.63,5.75,135.5,False,False,-13.285696885953593,14.299732674180726,57.994518055604736
6918,289,6,-7.95,3.93,118.4,False,False,-13.226245512456568,14.069355414135941,95.05139430825805
6919,289,7,-9.37,7.79,269.4,False,False,-12.56039207803049,14.21794836546549,97.89214216037263
6920,289,8,-3.47,12.98,248.9,False,False,-12.048136223162397,9.175908891720384,216.771855515753
6921,289,9,-8.71,5.66,381.4,False,False,-11.484994415979061,7.8966990513970226,242.39014058849844
6922,289,10,-5.95,8.52,530.7,False,False,-12.259464342777282,8.364636909129693,213.84058373126507
6923,289,11,-3.26,7.02,448.2,False,False,-10.617569530947868,10.679126823437208,232.581542388977
6924,289,12,-5.34,9.51,578.6,False,False,-9.82866279444684,15.478448588429474,259.99825750271657
6925,289,13,-7.31,6.7,310.0,False,False,-10.135322959020382,10.848366072962456,240.66571097067896
6926,289,14,-8.25,5.23,315.0,False,False,-11.324539569769323,10.431313272148135,282.653886752037
6927,289,15,-6.33,5.83,251.8,False,False,-12.017128446740166,10.688553869479625,225.07055527316842
6928,289,16,-7.79,12.73,201.7,False,False,-11.714964111912224,14.286338701838037,169.73735233111265
6929,289,17,-6.35,7.47,151.6,False,False,-11.965098020842348,12.490496538429372,121.88073994815325
6930,289,18,-10.08,7.35,270.8,False,False,-12.174042715965166,10.839345828042006,74.3901676398829
6931,289,19,-6.17,12.54,123.3,False,False,-13.555046899807303,10.232537004473754,97.81874539689551
6932,289,20,-8.05,13.68,75.8,False,False,-12.965506688481726,10.472082874436909,35.54401293058278
6933,289,21,-8.31,1.84,0.0,False,False,-13.503399728588336,10.677409489282638,0.7111182987082633
6934,289,22,-6.13,3.34,0.0,False,False,-14.67038467578816,10.516907856014381,4.557545980753907
6935,289,23,-10.09,10.75,0.0,False,False,-13.988865245390313,10.86181194819744,5.521531338212863
6936,290,0,-10.45,7.65,0.0,False,False,-14.426930219524321,9.020163016442135,5.76644837072063
6937,290,1,-10.03,13.7,0.0,False,False,-13.547387320782352,11.887324624292923,5.76644837072063
6938,290,2,-9.12,2.82,0.0,False,False,-15.091307732931808,8.72991879572177,5.76644837072063
6939,290,3,-8.6,8.21,0.0,False,False,-14.10428660268437,9.45307736816246,5.76644837072063
6940,290,4,-9.66,9.75,70.0,False,False,-14.305013611912901,8.296169283733612,43.44651557913612
6941,290,5,-11.57,6.21,183.1,False,False,-13.190446736783798,13.99372837582077,64.76547533552738
6942,290,6,-8.12,10.45,278.7,False,False,-12.925246823097785,14.105498805399023,118.72639508115188
6943,290,7,-5.76,10.86,191.9,False,False,-13.165280551712016,8.771475587353835,126.6635725885084
6944,290,8,-5.73,7.06,204.1,False,False,-11.082244926719406,9.304839208709218,179.9253875023167
6945,290,9,-3.19,6.81,291.4,False,False,-11.204839839328253,13.643621835405373,198.27810555334483
6946,290,10,-1.36,11.38,498.6,False,False,-10.83671890117537,8.157170977863531,244.72999500102244
6947,290,11,-3.55,8.13,270.6,False,False,-10.670169958848074,11.448276905982675,254.63917116572668
6948,290,12,-2.24,9.42,478.2,False,False,-9.226345496107566,11.174186791488165,312.038106453777
6949,290,13,-3.54,8.11,377.7,False,False,-10.562833659331858,10.534762461400645,262.96709191275835
6950,290,14,-1.85,7.9,533.0,False,False,-10.932599295707584,13.823642219106286,222.08954340223306
6951,290,15,-1.89,6.8,461.2,False,False,-10.670341971111766,12.430080145714141,225.30895724478495
6952,290,16,-4.1,9.73,320.8,False,False,-11.549946529474642,10.128048442894526,194.99305950836734
6953,290,17,-5.07,4.69,238.2,False,False,-11.316971844204465,10.242293481642097,103.05467935495642
6954,290,18,-7.41,2.9,262.2,False,False,-11.660166333475498,10.708657278348864,118.68701074627774
6955,290,19,-7.6,7.34,106.0,False,False,-12.349777942154443,10.195131281738211,65.4020642577919
6956,290,20,-8.68,13.8,65.9,False,False,-13.696172050623645,10.56639541537878,51.54369197789542
6957,290,21,-7.17,23.13,0.0,False,False,-13.599101294618821,12.800334744309142,1.3171675905824451
6958,290,22,-10.17,6.49,0.0,False,False,-13.800876392218285,13.331045418177544,4.557545980753907
6959,290,23,-9.32,6.06,0.0,False,False,-14.834651295322006,11.294082083756098,5.521531338212863
6960,291,0,-13.44,5.85,0.0,False,False,-13.995520508216616,8.56149570318887,5.76644837072063
6961,291,1,-5.21,1.29,0.0,False,False,-14.045641396427737,8.952506004415746,5.76644837072063
6962,291,2,-8.9,12.87,0.0,False,False,-14.135072942593897,14.809478616835333,5.76644837072063
6963,291,3,-7.23,5.54,0.0,False,False,-13.563465406371263,8.98408121312251,5.76644837072063
6964,291,4,-4.81,7.41,97.0,False,False,-12.976317744620815,7.992785044687758,43.44651557913612
6965,291,5,-6.64,6.29,183.5,False,False,-12.158751036205517,9.461596577295374,96.78423039585259
6966,291,6,-3.84,5.06,133.6,False,False,-11.910466673322968,9.520996491884478,121.94725660876996
6967,291,7,-8.69,13.19,213.7,False,False,-11.414289418123984,8.401070812016863,106.25918243123681
6968,291,8,-0.93,4.03,387.9,False,False,-11.12509730886322,8.403140212894536,217.2240316223145
6969,291,9,-3.14,9.9,485.1,False,False,-10.657401446681233,9.425949469621042,229.46193551987193
6970,291,10,-4.57,3.16,496.8,False,False,-9.74006026727725,8.502465296859603,238.93784668479708
6971,291,11,-1.94,6.83,347.4,False,False,-8.991242173944741,10.4477400455028,279.77637664899976
6972,291,12,-7.06,12.29,463.6,False,False,-8.528325803450173,10.364079131286353,294.3402906569073
6973,291,13,-5.37,5.72,470.8,False,False,-10.42074419040775,10.449440511416727,272.9819849538634
6974,291,14,-2.1,9.47,373.4,False,False,-9.877635076439578,10.579049121966946,265.929565359342
6975,291,15,-9.04,5.59,390.9,False,False,-10.443183478913106,10.290748692692983,252.31726279849266
6976,291,16,-4.6,6.2,455.3,False,False,-11.223945511447948,10.532274959653716,196.8975622042479
6977,291,17,-5.14,10.55,279.8,False,False,-10.225860024508558,14.02899309450221,116.54963548994849
6978,291,18,-2.79,9.57,154.5,False,False,-12.034977238579927,14.36714873780254,156.35903898603655
6979,291,19,-10.41,13.88,143.3,False,False,-11.860400392804902,10.441639470176812,85.83799665083211
6980,291,20,-4.51,5.71,52.0,False,False,-13.13231928357634,10.432807086293167,55.86974745780302
6981,291,21,-9.26,8.7,0.0,False,False,-12.242541294040452,11.910757925967586,2.1720227305584356
6982,291,22,-9.35,7.62,0.0,False,False,-14.080346247919344,10.577949043146926,4.557545980753907
6983,291,23,-11.1,23.82,0.0,False,False,-14.232456523707198,11.014566644073238,5.521531338212863
6984,292,0,-10.63,11.83,0.0,False,False,-15.318574157332808,14.32683387070054,5.76644837072063
6985,292,1,-7.58,5.19,0.0,False,False,-14.1307638588229,13.416725215161655,5.76644837072063
6986,292,2,-10.41,8.52,0.0,False,False,-14.135144693730668,9.876152790867142,5.76644837072063
6987,292,3,-6.38,13.12,8.7,False,False,-13.94425760749906,13.954652274332833,5.76644837072063
6988,292,4,-8.78,7.63,82.6,False,False,-11.662626056366564,9.054884446183209,63.06307200455616
6989,292,5,-9.39,10.51,136.0,False,False,-13.444460046623956,8.850236360405487,77.71706829207321
6990,292,6,-7.51,2.36,139.9,False,False,-11.893732509887785,13.911281424861475,100.52819601194153
6991,292,7,-5.26,7.8,320.9,False,False,-11.879504903695738,7.786966331604834,140.0116533796344
6992,292,8,-6.01,5.89,198.3,False,False,-10.231393522462056,12.95856853427739,221.70613423691796
6993,292,9,-4.97,1.61,272.5,False,False,-9.630550804403157,8.384039613746268,212.61957950448536
6994,292,10,-3.33,9.5,379.7,False,False,-9.344124791074583,11.99281254687432,258.08139021314224
6995,292,11,-2.35,8.55,586.5,False,False,-9.825015485934662,11.034908202269802,255.52339489414632
6996,292,12,-5.07,4.72,350.5,False,False,-9.001550806083808,13.357110773048749,276.7195166285636
6997,292,13,-6.61,3.37,518.3,False,False,-9.71125501776905,14.095912624364994,249.44647351687945
6998,292,14,-4.57,17.12,368.0,False,False,-9.761081459393246,10.308122225303311,205.24207569547966
6999,292,15,-4.1,8.89,278.0,False,False,-10.633217916564833,14.142523692291888,240.68889695178322
7000,292,16,-8.37,8.78,192.6,False,False,-10.509155194163501,10.104350197683138,235.7921365551147
7001,292,17,-7.71,5.11,177.1,False,False,-11.145200867248004,10.590667601115424,117.67560162611582
7002,292,18,-7.89,6.3,199.5,False,False,-11.757578019035897,10.58820104277079,107.25771442615657
7003,292,19,-7.38,13.19,137.0,False,False,-13.073067686288365,10.337646871960239,69.44774474705109
7004,292,20,-8.97,7.71,89.0,False,False,-12.68550328583635,12.624361919840123,36.65410289178933
7005,292,21,-6.45,13.41,5.3,False,False,-13.487751015752863,10.43720077137276,3.274422880823612
7006,292,22,-11.39,8.91,0.0,False,False,-14.1079308658733,10.27770991586504,4.557545980753907
7007,292,23,-11.54,11.99,0.0,False,False,-14.438993825739178,10.430404722160143,5.521531338212863
7008,293,0,-8.85,17.25,0.0,False,False,-15.085317860849335,8.932927014404752,5.76644837072063
7009,293,1,-8.46,4.96,0.0,False,False,-14.028910496492205,18.00960193980306,5.76644837072063
7010,293,2,-10.82,7.63,0.0,False,False,-14.341490203702724,10.199529852720135,5.76644837072063
7011,293,3,-8.81,6.57,21.3,False,False,-13.124662128577226,8.911305835996576,5.76644837072063
7012,293,4,-7.98,9.53,71.0,False,False,-12.87397023053831,9.04340431160315,67.361076205388
7013,293,5,-7.48,3.37,107.7,False,False,-13.098585408254811,8.513264103674569,74.05215569002223
7014,293,6,-5.88,3.41,235.5,False,False,-11.993543989560418,14.353788063100799,87.22744511618144
7015,293,7,-6.99,9.35,373.5,False,False,-11.176666413954084,8.441023728971173,172.20490779691798
7016,293,8,-2.22,11.74,436.8,False,False,-10.619575004709459,13.694338487128467,181.34040841317818
7017,293,9,-3.79,6.28,306.4,False,False,-10.300097024752995,13.681589091453903,227.45054387026045
7018,293,10,-6.06,14.08,316.6,False,False,-10.190955964205925,8.672476048603931,269.5098685159468
7019,293,11,-4.06,15.68,362.0,False,False,-8.934808140456369,11.454941355676603,276.87853718358997
7020,293,12,-3.93,7.25,328.3,False,False,-8.868097143430603,13.643432110900363,278.79302747151314
7021,293,13,-1.82,6.17,578.8,False,False,-10.818470131842325,11.9886057258138,283.34431074268224
7022,293,14,-5.65,5.45,238.1,False,False,-9.747701904481518,10.244969346517642,228.95442087044816
7023,293,15,-3.23,4.94,269.7,False,False,-10.115166151854527,10.437667899797065,251.75130065422078
7024,293,16,-5.1,10.25,194.7,False,False,-10.73868710920034,10.374633878871885,149.63410924927618
7025,293,17,-2.68,4.62,361.8,False,False,-10.93501233905903,14.646700527440952,101.62405623855452
7026,293,18,-3.6,4.18,215.0,False,False,-11.324658436622567,11.17003471885448,96.21359634855587
7027,293,19,-6.3,4.83,120.2,False,False,-12.422713574752034,10.34896995807207,72.57630188649443
7028,293,20,-7.7,7.29,80.7,False,False,-11.292663030640897,10.664960969521097,54.39825645841917
7029,293,21,-6.58,7.55,12.0,False,False,-12.673891091641813,10.153802059357536,2.1720227305584356
7030,293,22,-8.27,9.98,0.0,False,False,-14.1079308658733,10.760301621336211,4.557545980753907
7031,293,23,-4.75,6.95,0.0,False,False,-14.728151585862522,10.311492389510635,5.521531338212863
7032,294,0,-7.75,3.25,0.0,False,False,-13.30179304390232,8.53117248948325,5.76644837072063
7033,294,1,-8.65,6.02,0.0,False,False,-13.191282284339206,14.515796953964907,5.76644837072063
7034,294,2,-8.56,7.38,0.0,False,False,-13.807429616790374,8.521625854396792,5.76644837072063
7035,294,3,-9.75,5.28,27.4,False,False,-13.120585626023376,8.596640440664357,5.76644837072063
7036,294,4,-5.8,8.54,119.7,False,False,-13.272337457003852,8.75742120315369,51.354733103454514
7037,294,5,-8.07,1.69,100.9,False,False,-11.99745415223522,14.336130560562347,90.24667605656306
7038,294,6,-3.71,6.92,258.2,False,False,-12.37335921643512,14.409391385529949,81.6534413971376
7039,294,7,-7.98,12.88,293.8,False,False,-11.48169407588392,8.127061331802738,163.4368666856126
7040,294,8,-4.66,11.58,274.9,False,False,-11.11125584288878,8.721734410735476,226.6768169668456
7041,294,9,-2.2,7.83,278.5,False,False,-9.902366370390586,9.37564473967355,240.97244490705717
7042,294,10,-8.48,7.51,519.8,False,False,-10.238962484548813,8.178492603155913,244.5684975565274
7043,294,11,0.06,9.14,567.3,False,False,-10.340053934131337,10.54162240049371,252.14363055696285
7044,294,12,-4.76,4.21,274.5,False,False,-8.418530090010588,11.16561262769875,253.16006172512797
7045,294,13,-3.7,11.12,296.9,False,False,-9.730569600887314,11.429056204517096,259.6569614094946
7046,294,14,-3.04,13.87,453.6,False,False,-10.392915411385287,12.86662622134978,203.25072402882157
7047,294,15,-3.04,6.9,454.7,False,False,-9.994975331493617,13.595800470309298,209.91800574487303
7048,294,16,-4.36,7.83,327.1,False,False,-10.55402800955355,10.19210095464015,142.21621352613948
7049,294,17,-3.4,10.05,384.6,False,False,-9.95880764925605,11.43066981284585,135.26229284275502
7050,294,18,-4.87,5.02,298.0,False,False,-11.062951286143168,13.634968512768049,164.4799021279422
7051,294,19,-2.91,14.09,111.3,False,False,-11.281144343748542,12.290383600165807,74.45710078252415
7052,294,20,-5.87,16.93,67.3,False,False,-12.441556233259236,10.822260590063205,73.75067449185696
7053,294,21,-3.4,9.51,17.8,False,False,-11.93635863418922,11.473797458770798,0.7111182987082633
7054,294,22,-5.84,14.64,0.0,False,False,-13.478587411712649,10.588828302228098,4.557545980753907
7055,294,23,-11.45,3.91,0.0,False,False,-12.754378884032969,9.601089888835642,5.521531338212863
7056,295,0,-2.42,8.4,0.0,False,False,-13.90845200558788,12.87515976458408,5.76644837072063
7057,295,1,-8.73,2.42,0.0,False,False,-13.473672377012246,9.267899003424269,5.76644837072063
7058,295,2,-4.39,6.02,0.0,False,False,-14.044414560253296,8.309135748620033,5.76644837072063
7059,295,3,-7.01,21.09,25.4,False,False,-11.852687359642822,13.8516220440443,6.091179511027291
7060,295,4,-4.52,20.33,70.1,False,False,-12.239877571560822,7.8159501059513925,64.76547533552738
7061,295,5,-7.54,3.95,233.7,False,False,-11.412452425619945,16.798670199103604,68.42384886126334
7062,295,6,-4.39,9.46,227.8,False,False,-11.145553335389454,8.655906508106284,155.53519608498442
7063,295,7,-5.63,4.81,406.4,False,False,-10.917755202238792,7.354451428211291,150.27429951009432
7064,295,8,-1.49,9.46,281.8,False,False,-9.729113676046794,8.010067606695747,210.76621329115824
7065,295,9,-3.35,7.14,408.3,False,False,-9.734860132667695,8.39433550214724,230.39283107314034
7066,295,10,-2.04,8.64,422.2,False,False,-10.736098324548784,8.853972134003385,255.9774099221938
7067,295,11,-8.04,5.59,260.9,False,False,-9.31693234456582,10.710623293491901,263.0484858115797
7068,295,12,-3.82,7.11,426.8,False,False,-9.47739873577789,14.461735553001084,246.35902659576553
7069,295,13,-2.89,18.39,565.0,False,False,-10.037181733737064,10.729862933020728,301.5956472221611
7070,295,14,-3.47,8.5,381.7,False,False,-10.02214450308755,11.998280759295072,268.8829452807186
7071,295,15,-2.31,14.11,361.1,False,False,-9.819565137960204,10.370464209402044,284.2753896079679
7072,295,16,-5.38,13.75,389.4,False,False,-10.12885758993269,10.22755574177557,209.15030935906103
7073,295,17,-5.03,21.69,354.3,False,False,-9.88067264276977,11.301482972957105,172.60267456714112
7074,295,18,-3.28,18.56,296.2,False,False,-10.00917254378221,12.759887962428945,152.0181893813724
7075,295,19,-10.72,13.73,163.6,False,False,-11.442456568971616,11.724165465028507,86.39956445354532
7076,295,20,-5.47,7.11,100.4,False,False,-12.82429517810113,11.115801667528364,54.026599274073305
7077,295,21,-7.73,6.09,36.5,False,False,-11.577076250392894,9.358843363077296,6.3552582421580475
7078,295,22,-9.2,4.28,0.0,False,False,-13.723700486347951,10.114747842501394,2.7780720224326174
7079,295,23,-6.9,3.58,0.0,False,False,-13.906277522068121,14.762885169936194,5.521531338212863
7080,296,0,-4.93,9.33,0.0,False,False,-13.023405162198648,9.02601902349267,5.76644837072063
7081,296,1,-5.23,3.5,0.0,False,False,-13.211401449772294,15.559499260685893,5.76644837072063
7082,296,2,-7.38,9.52,0.0,False,False,-12.040323942029156,8.589941144461884,5.76644837072063
7083,296,3,-5.04,1.92,33.9,False,False,-12.631092308665092,8.680647701417113,6.091179511027291
7084,296,4,-4.65,4.47,75.5,False,False,-11.147781434334725,10.750264892870106,57.994518055604736
7085,296,5,-6.07,6.59,164.6,False,False,-11.367420898575133,14.309372457333744,67.53538504057082
7086,296,6,-6.77,7.54,274.3,False,False,-10.24453796779329,8.375001322698207,126.76328407595852
7087,296,7,-6.13,4.6,178.5,False,False,-11.133502504623245,13.137660804668064,164.2208899525244
7088,296,8,-2.71,3.77,281.1,False,False,-10.047408093823616,8.91555502455776,150.45143885086964
7089,296,9,-4.05,6.22,461.8,False,False,-9.956880980875392,8.365987679259923,236.77797407872922
7090,296,10,-5.74,5.39,452.5,False,False,-10.468174860573953,8.870052467776686,238.1378823476409
7091,296,11,-6.82,5.75,266.9,False,False,-9.397530547364656,13.812442660535082,308.07992773582674
7092,296,12,-1.72,9.76,312.7,False,False,-9.351729028849096,11.253865789567877,228.93061804639174
7093,296,13,-4.54,12.68,494.5,False,False,-10.081849784158972,11.440031888978732,336.6596516965594
7094,296,14,-2.99,6.04,267.3,False,False,-9.569503443041496,10.81935262844867,266.8945151841024
7095,296,15,-1.49,9.76,215.3,False,False,-9.819565137960204,9.97562337343141,255.80709675698833
7096,296,16,-7.0,5.48,476.2,False,False,-10.475467603556018,9.918190336146216,204.19898578717758
7097,296,17,-4.95,5.26,317.8,False,False,-10.156780553623431,10.31546472223926,146.61797649264977
7098,296,18,-5.72,6.2,222.3,False,False,-10.39747561452937,10.515986419706133,145.1215242447892
7099,296,19,-5.14,11.77,192.4,False,False,-11.471214339510642,10.953224981270306,107.4866030576444
7100,296,20,-3.9,3.07,130.5,False,False,-11.306765610827325,11.186743227007955,57.695232937694605
7101,296,21,-9.45,2.82,47.0,False,False,-12.352876244881514,11.02658639371296,32.599842587451306
7102,296,22,-5.97,15.41,0.0,False,False,-13.553064269578574,12.543353066823782,2.1720227305584356
7103,296,23,-5.25,4.53,0.0,False,False,-13.425582431622987,13.943136124218427,5.521531338212863
7104,297,0,-7.49,6.64,0.0,False,False,-12.038423786442408,9.116404661135014,5.76644837072063
7105,297,1,-7.33,5.73,0.0,False,False,-12.886297644418935,12.398815584186455,5.76644837072063
7106,297,2,-6.02,13.93,0.0,False,False,-12.94087231203635,9.386331621024087,5.76644837072063
7107,297,3,-5.85,11.72,71.7,False,False,-11.48407103223077,12.585941689952614,33.48313394349254
7108,297,4,-4.96,3.74,150.8,False,False,-10.873394335553439,13.424335268450807,58.15830718839603
7109,297,5,-4.52,7.57,233.8,False,False,-11.126889937598953,9.377361360484358,115.90318454478825
7110,297,6,-7.08,8.56,229.2,False,False,-11.002028947847045,8.514631825482866,164.16214446896882
7111,297,7,-2.62,9.63,312.5,False,False,-10.68925549539458,13.602804973609775,124.40511387778064
7112,297,8,-1.79,2.26,397.0,False,False,-9.910702422929841,13.719794537733543,208.38699099891883
7113,297,9,-3.33,2.82,316.0,False,False,-9.956880980875392,8.224115204000961,239.21194705651467
7114,297,10,-6.38,9.97,562.1,False,False,-9.888331346048766,13.405167199781932,236.05562279955103
7115,297,11,-3.42,3.45,371.5,False,False,-9.782541405900787,13.957704793464945,270.38423618486684
7116,297,12,-2.73,8.49,433.3,False,False,-8.236700231232359,10.377163568573993,255.84229465903198
7117,297,13,-5.48,3.86,530.8,False,False,-9.811450097198804,10.20748460613047,242.11823437977952
7118,297,14,-4.11,2.93,483.3,False,False,-9.231267216149394,10.241745203218528,239.1044157645175
7119,297,15,-6.53,4.44,373.4,False,False,-9.81404121579891,10.154297936987485,229.65978742851976
7120,297,16,-2.91,7.0,311.0,False,False,-11.04813121976761,11.728854723916513,224.42794578495943
7121,297,17,-4.27,8.3,328.0,False,False,-10.664134835085482,13.176025776744035,151.51710340572544
7122,297,18,-8.41,8.8,228.8,False,False,-11.374243390710026,12.707819606877026,172.75749334836584
7123,297,19,-4.94,10.55,199.2,False,False,-11.529834440213554,10.426493666626605,82.50423975946266
7124,297,20,-6.23,4.58,153.9,False,False,-11.255507332506209,13.69592093501717,67.29778243460005
7125,297,21,-5.5,10.26,38.6,False,False,-12.098221061426665,14.08153967178832,33.154641801449706
7126,297,22,-7.64,7.34,0.0,False,False,-12.458974537293681,10.454377223733857,2.1720227305584356
7127,297,23,-8.66,7.92,0.0,False,False,-12.940295741509756,15.239571729287798,5.521531338212863
7128,298,0,-8.4,19.24,0.0,False,False,-13.52858495431981,8.4196641137142,5.76644837072063
7129,298,1,-7.87,9.43,0.0,False,False,-13.29475354160672,15.06136188177712,5.76644837072063
7130,298,2,-6.56,21.36,1.8,False,False,-13.15144488210907,9.035091133347027,5.76644837072063
7131,298,3,-5.98,5.83,53.9,False,False,-12.117099398767351,8.872367309926384,43.44651557913612
7132,298,4,-6.24,7.04,111.1,False,False,-11.147781434334725,14.792765344088902,69.5863063995663
7133,298,5,-6.23,3.16,213.0,False,False,-10.780279923975625,8.399394928264892,94.67047603446464
7134,298,6,-5.57,8.48,233.1,False,False,-11.157112766512908,8.68064434589916,127.97756153183305
7135,298,7,0.67,7.0,294.5,False,False,-10.292917424123251,8.918064078086823,128.44253850158051
7136,298,8,-5.4,7.88,485.7,False,False,-9.704818788692629,13.831467849420404,217.37903758856706
7137,298,9,-4.57,7.33,253.0,False,False,-9.485725127168593,13.794339588577985,243.3322277531377
7138,298,10,3.46,3.35,359.9,False,False,-9.330337869800498,8.819672642838798,319.04528674585185
7139,298,11,-2.09,9.58,425.6,False,False,-9.730997129723773,14.711359115581072,271.0401250399324
7140,298,12,-5.62,5.19,532.9,False,False,-8.064302523721688,10.48665803716025,285.673969163481
7141,298,13,-1.25,11.14,337.5,False,False,-9.26460672407974,12.517860648434011,275.69103406101834
7142,298,14,-4.95,9.98,363.2,False,False,-9.626426337717946,14.819533612520033,271.9695017668495
7143,298,15,-1.63,15.0,477.6,False,False,-10.080499280916506,13.966886793658876,240.51447469340516
7144,298,16,-4.29,7.03,349.1,False,False,-10.291276132127331,10.749629007827199,204.02740692803403
7145,298,17,-5.23,10.55,388.5,False,False,-10.051022648224016,10.13385361780335,134.8714151678726
7146,298,18,-1.64,15.82,155.2,False,False,-10.766663523835964,9.494467010423136,140.04364168825137
7147,298,19,-4.25,4.95,156.8,False,False,-11.0506824550405,10.884769175761933,109.90170388140271
7148,298,20,-3.92,11.8,137.7,False,False,-11.945860184684513,14.72849319728635,104.81615712691412
7149,298,21,-5.41,9.34,45.5,False,False,-12.342711160907239,10.872231803028626,39.5342549391177
7150,298,22,-7.48,19.12,1.8,False,False,-12.297023623317145,10.693208394567684,2.1720227305584356
7151,298,23,-5.57,6.6,0.0,False,False,-12.796387312083597,11.02513634977175,5.521531338212863
7152,299,0,-4.19,20.72,0.0,False,False,-12.946146889023519,9.352135146623757,5.76644837072063
7153,299,1,-6.27,11.49,0.0,False,False,-12.904906953435518,8.969031031825153,5.76644837072063
7154,299,2,-2.74,8.91,19.0,False,False,-12.380066860341808,10.793318689376228,5.76644837072063
7155,299,3,-4.32,5.03,65.8,False,False,-11.510579644750653,9.951538537942817,40.793931432362186
7156,299,4,-5.18,1.96,80.5,False,False,-11.220004349176767,9.556440723357479,71.4052602876776
7157,299,5,-4.62,3.47,269.6,False,False,-10.420323861534976,13.756404823670335,101.80454896330534
7158,299,6,-4.33,7.17,268.1,False,False,-10.687226233800253,8.653949803228334,164.16214446896882
7159,299,7,-6.59,7.17,322.7,False,False,-9.587234970012847,8.358307419212474,148.49632662390673
7160,299,8,-3.79,13.01,435.6,False,False,-10.287870289512764,8.397230543581445,220.18844252005212
7161,299,9,-2.75,4.4,341.7,False,False,-10.130165995746397,9.00069806815214,227.35896804785787
7162,299,10,-3.71,4.2,372.9,False,False,-10.007655501608792,14.244759077016239,221.63126290518284
7163,299,11,-2.0,9.41,540.1,False,False,-9.60263783526081,11.650185666069348,262.36915977861236
7164,299,12,-2.57,5.89,417.0,False,False,-8.639744278344056,15.05626940788213,295.5511477227105
7165,299,13,-1.13,5.85,498.9,False,False,-9.562233087440715,11.00944482204778,272.1730921471748
7166,299,14,-1.55,12.38,539.3,False,False,-9.796776343172192,10.469425291524772,248.28421621564377
7167,299,15,-2.86,4.06,341.8,False,False,-9.878790786466206,11.107497791168266,253.4482731986029
7168,299,16,-6.34,11.48,457.3,False,False,-9.826076818851824,10.396703768707534,207.75820293732934
7169,299,17,-0.51,8.85,257.1,False,False,-10.075505976185706,10.808167713790752,162.07129529310643
7170,299,18,-4.89,5.58,346.8,False,False,-11.186675658218403,9.908502912835049,124.4181797264912
7171,299,19,-5.29,7.06,166.0,False,False,-10.808882173070176,14.103510953130469,144.5277578080568
7172,299,20,-6.29,4.65,108.3,False,False,-10.793112730208222,10.447928207945033,72.55581079685494
7173,299,21,-7.0,6.47,92.6,False,False,-11.473250710048147,11.26256381307258,33.77219776612728
7174,299,22,-3.25,15.39,18.7,False,False,-13.1229651852986,10.513826590918708,3.880472172697793
7175,299,23,-3.77,4.93,0.0,False,False,-13.359303813078958,11.123214829838538,5.521531338212863
7176,300,0,-5.47,2.62,0.0,False,False,-12.170802711323566,9.464648971471206,5.521531338212863
7177,300,1,-6.5,7.17,0.0,False,False,-11.523716973815457,9.533008870080158,5.76644837072063
7178,300,2,-4.85,14.08,27.6,False,False,-11.494481500216628,8.754960445140467,5.76644837072063
7179,300,3,-5.62,7.99,118.5,False,False,-10.610275243782587,14.501114046789047,45.14891891010729
7180,300,4,-5.74,6.27,90.3,False,False,-10.930763296841597,14.372370435880029,80.8994428730241
7181,300,5,-4.2,6.12,141.7,False,False,-10.106599481238117,11.966054345967757,101.44649438120379
7182,300,6,-5.24,11.64,208.6,False,False,-10.437541678152877,8.346334157841591,128.09358825644614
7183,300,7,-3.34,23.5,423.2,False,False,-10.131227790218164,8.609934422075897,150.06210012963288
7184,300,8,-2.95,3.86,256.0,False,False,-9.564508326843711,8.504052853936697,208.70441663964937
7185,300,9,-1.74,9.4,339.9,False,False,-9.690240838857383,13.955868928918564,234.8489499921529
7186,300,10,-3.86,7.66,241.4,False,False,-9.266314175432303,11.35531113497467,262.80660158387775
7187,300,11,-1.01,10.7,265.1,False,False,-9.158312964259776,10.205765842705526,291.0727485479446
7188,300,12,-4.17,15.39,449.8,False,False,-7.962725365685573,15.514465331283207,285.1295191289132
7189,300,13,-3.57,16.31,272.1,False,False,-8.73387834141429,13.03845099313025,225.9339066485487
7190,300,14,-3.68,7.11,538.3,False,False,-9.1622400286953,10.048259398515729,292.12882353978756
7191,300,15,-5.09,8.42,502.6,False,False,-9.293991163014644,10.282986311701643,238.81521895978588
7192,300,16,-1.33,15.07,382.1,False,False,-9.692417644474805,10.09197320463956,203.8440464362358
7193,300,17,-5.78,7.65,278.9,False,False,-9.572508958841647,10.700388066503642,127.63437557789109
7194,300,18,-5.76,11.57,345.7,False,False,-9.983899164552671,12.413755620288214,135.29955327226912
7195,300,19,-2.36,4.48,204.7,False,False,-10.292115823920977,10.21526260648072,115.26749882840714
7196,300,20,-6.5,4.84,109.9,False,False,-11.373281825857285,12.566993176030756,70.65571184801523
7197,300,21,-6.15,16.88,77.2,False,False,-11.940314543338886,10.441946116910904,58.28225030398334
7198,300,22,-8.11,17.17,23.2,False,False,-10.968480039336393,11.097214373090337,2.7780720224326174
7199,300,23,-4.62,10.26,0.0,False,False,-12.290296750602566,15.275651390406004,4.204703728802414
7200,301,0,-4.42,6.64,0.0,False,False,-12.106207238380444,10.888398424246034,5.521531338212863
7201,301,1,-4.56,5.41,0.0,False,False,-11.75307254555193,8.584698697371316,5.76644837072063
7202,301,2,-4.77,6.13,44.1,False,False,-10.906922050553268,8.376254363124136,6.091179511027291
7203,301,3,-5.38,3.55,79.4,False,False,-10.72752968566944,9.099942337184908,58.5596611421801
7204,301,4,-6.16,9.84,146.3,False,False,-10.546323906439259,9.687265192973523,57.862250549581525
7205,301,5,-6.26,9.35,256.3,False,False,-9.951515662572254,9.26551078358538,106.02019990123823
7206,301,6,-1.53,9.25,207.1,False,False,-10.317173115869831,8.046403556094731,161.58614937894288
7207,301,7,-2.06,13.43,202.0,False,False,-10.17998291767362,7.5766053288638044,143.59510398355943
7208,301,8,-4.5,7.44,412.1,False,False,-9.4984178510281,12.33864920760102,189.29502568776374
7209,301,9,-2.62,8.86,349.1,False,False,-8.629683487924844,8.632242650421892,230.75359291988497
7210,301,10,-2.98,17.69,272.4,False,False,-9.097396461424404,8.817911550654717,235.75031218445477
7211,301,11,-4.43,10.31,408.1,False,False,-8.896282066446094,10.881100813429848,311.7993200751426
7212,301,12,-1.75,9.47,441.7,False,False,-7.631815482923011,10.676922196085828,273.93171979013607
7213,301,13,-3.01,3.81,246.6,False,False,-8.928267062690574,10.693005426036496,260.26495570105294
7214,301,14,-4.28,6.66,502.1,False,False,-8.972598874946192,10.308463031087895,275.94469797819943
7215,301,15,-5.65,12.52,376.7,False,False,-9.496159031256587,10.318714869094604,270.83315192417876
7216,301,16,-6.24,23.72,207.0,False,False,-9.052322077396992,10.137574228412989,239.12714238012052
7217,301,17,-4.33,5.19,407.1,False,False,-9.573455193621342,10.616321556828353,124.64834938905074
7218,301,18,-4.28,9.48,285.2,False,False,-10.633289949256865,10.829033770332758,157.66921884112767
7219,301,19,-6.38,31.37,300.5,False,False,-10.971301367130915,11.06575544716372,105.80251397496936
7220,301,20,-3.81,3.2,129.8,False,False,-11.017524558492156,15.757317780333207,93.55423109628533
7221,301,21,-5.65,10.13,93.3,False,False,-11.650988233619351,11.385876857208011,56.2886017393925
7222,301,22,-4.69,8.55,45.4,False,False,-12.024814750266923,11.647397164963866,2.27275963516956
7223,301,23,-6.41,3.61,0.0,False,False,-11.266179721118275,10.13764458119373,4.204703728802414
7224,302,0,-7.44,8.75,0.0,False,False,-11.485210125975827,8.609043739941672,5.521531338212863
7225,302,1,-5.57,5.46,0.0,False,False,-11.618609131771247,14.649141642702261,5.76644837072063
7226,302,2,-8.12,6.3,69.0,False,False,-11.46790429485669,8.539306464525787,31.08865614867542
7227,302,3,-4.2,9.51,74.5,False,False,-11.69440714136807,14.135060796336608,62.05802710413861
7228,302,4,-6.74,9.32,203.8,False,False,-11.517045152863394,9.226459197826761,61.74624439514573
7229,302,5,-2.55,9.23,239.4,False,False,-10.968983419511174,8.491757385709379,96.97813636412309
7230,302,6,-4.54,20.68,220.1,False,False,-10.227877030912785,8.40702583887334,164.9927895375029
7231,302,7,-1.22,6.81,245.1,False,False,-9.523158729002109,8.597817163304173,153.73763462639494
7232,302,8,-5.11,4.05,288.4,False,False,-9.394158321389465,8.364642963074406,218.14627693732777
7233,302,9,-3.81,10.19,258.1,False,False,-8.819379407959863,7.984160486618754,244.16932297794952
7234,302,10,-1.37,8.52,324.4,False,False,-9.169215915762226,8.204784456085129,235.46678001769266
7235,302,11,0.41,5.6,262.9,False,False,-9.106346489887708,10.292087638592525,260.3009999616891
7236,302,12,1.47,5.4,482.2,False,False,-7.38967775434971,10.615072449450889,286.66570781416294
7237,302,13,-1.85,13.86,420.0,False,False,-8.578550156383185,13.021426609386467,243.3755352082567
7238,302,14,1.54,2.14,274.2,False,False,-8.854744998542001,11.4543706249363,246.9833618083316
7239,302,15,-3.03,8.43,445.9,False,False,-9.403095615272251,10.129218012149547,255.11677178615454
7240,302,16,-0.67,5.29,255.1,False,False,-9.391425375115798,9.957154502378183,210.25886899129918
7241,302,17,-5.23,9.02,314.5,False,False,-9.869023703813989,13.841219768022297,145.3228881128977
7242,302,18,-3.02,4.86,371.1,False,False,-9.602766912608804,10.165421428337083,146.03592936831117
7243,302,19,-9.06,9.13,274.4,False,False,-10.895728023877133,11.600989777698146,137.44843745465502
7244,302,20,-7.11,12.16,183.3,False,False,-11.637792000567456,14.087879540170281,69.88425227869085
7245,302,21,-4.34,5.68,122.5,False,False,-11.598736878932668,11.023350357555039,82.32288717947283
7246,302,22,-8.22,6.13,34.5,False,False,-12.083551264604674,10.368374215563247,28.744460360784018
7247,302,23,-4.94,8.96,0.0,False,False,-12.636906764225897,14.301304546249895,4.204703728802414
7248,303,0,-3.81,10.62,0.0,False,False,-12.117382627620147,8.889921336961512,5.521531338212863
7249,303,1,-6.56,18.74,15.4,False,False,-12.064967302792443,15.409260434211074,5.76644837072063
7250,303,2,-7.29,6.2,102.5,False,False,-11.992804770517553,9.302509024402747,43.44651557913612
7251,303,3,-5.98,6.13,162.7,False,False,-11.096808942406517,9.455429814754668,75.75845842323096
7252,303,4,-6.55,4.21,202.3,False,False,-11.445681356599064,7.869660911044464,128.78505523311517
7253,303,5,-4.34,1.77,276.7,False,False,-10.78479194808249,8.874229019572118,132.39008221404376
7254,303,6,-3.42,12.21,337.1,False,False,-9.865097603802822,8.213510941468314,177.74740929990335
7255,303,7,-3.72,6.97,310.0,False,False,-9.728106407094801,8.247991638199599,165.79889324047596
7256,303,8,0.73,4.13,468.3,False,False,-9.692761814669906,13.264493264972858,210.37714163114643
7257,303,9,-3.65,11.3,422.4,False,False,-8.91284583917476,8.88574774142733,233.11090700254923
7258,303,10,0.89,11.75,486.2,False,False,-8.90300774014812,9.004594560882643,240.3409555376639
7259,303,11,-3.77,10.17,241.6,False,False,-8.38231444497372,14.181384039078406,260.52339616115535
7260,303,12,-1.48,6.09,433.7,False,False,-7.337654568330224,14.648926014781466,288.4705647619387
7261,303,13,0.68,8.6,367.5,False,False,-9.013843913012229,11.139048029092535,272.98378277465736
7262,303,14,0.37,4.51,249.9,False,False,-8.412983344102756,13.623348056597852,229.58114505076676
7263,303,15,-3.05,10.43,431.9,False,False,-9.042804807823677,10.542193505318583,275.00751839719413
7264,303,16,-1.51,5.52,487.4,False,False,-9.231534097585985,12.409306387084307,178.52698270410312
7265,303,17,-2.26,12.91,386.3,False,False,-10.189295111003092,11.201971477602036,134.0939333123435
7266,303,18,-4.7,9.57,180.1,False,False,-10.2709534098794,13.64716432574862,166.51867618692077
7267,303,19,-2.91,3.67,146.0,False,False,-10.68773060356302,10.288129466147506,134.50655856458408
7268,303,20,-0.9,12.23,160.3,False,False,-11.38445721509699,10.808711079624986,103.42473641583571
7269,303,21,-4.09,11.75,101.4,False,False,-11.091303060250086,14.42778724857532,67.7921171129105
7270,303,22,-4.22,10.98,44.0,False,False,-12.236556672946039,10.498469071901237,41.20687294603616
7271,303,23,-4.21,11.28,9.5,False,False,-11.90858807326299,11.23566785827804,4.204703728802414
7272,304,0,-8.31,7.46,0.0,False,True,-11.255823206040729,9.105295710032792,5.521531338212863
7273,304,1,-4.4,8.53,37.6,False,True,-11.908460122828416,8.676600759442678,5.76644837072063
7274,304,2,-7.15,6.75,80.3,False,True,-11.579371118317301,8.85209931142896,64.76547533552738
7275,304,3,-5.98,2.68,211.6,False,True,-10.996985030916743,9.069485259861898,69.04443232919621
7276,304,4,-0.06,24.5,298.9,False,True,-10.785798526715338,14.086139805552778,164.40613222413458
7277,304,5,-4.41,3.17,322.4,False,True,-9.599714570876692,12.687884681989644,146.9159553345752
7278,304,6,-4.86,4.2,229.0,False,True,-9.345844857856456,8.032512457592029,162.37501013892106
7279,304,7,-0.56,5.36,240.6,False,True,-8.29940601340741,8.84467731620882,160.15042724990764
7280,304,8,-4.28,7.7,388.2,False,True,-8.806423424231227,12.876439947152642,225.27451832503982
7281,304,9,-2.86,16.9,482.5,False,True,-8.823590117440371,8.262806953257533,239.8685213858246
7282,304,10,0.85,5.34,460.4,False,True,-8.035854307527428,9.290512146548465,247.61671523847542
7283,304,11,-1.37,17.59,524.8,False,True,-8.188758256227965,9.265574904426845,268.50377489839974
7284,304,12,-4.51,11.58,415.3,False,True,-7.152294005389933,13.990777923641767,272.3540567147942
7285,304,13,-0.36,8.92,590.5,False,True,-7.424955845005912,11.856979461799327,254.3388536224475
7286,304,14,-2.44,5.02,505.4,False,True,-8.569241765344684,11.710815104716879,214.7567679999726
7287,304,15,1.11,22.76,238.7,False,True,-8.787376358435466,10.893904650700563,260.5480254731539
7288,304,16,-3.6,23.08,321.3,False,True,-8.352449593387773,14.313339031805539,284.60930788847924
7289,304,17,-0.76,10.37,350.2,False,True,-9.237459685720632,10.415419252593972,167.10797843662212
7290,304,18,0.17,5.17,226.8,False,True,-9.700936346582289,9.969342755223296,112.91243255786934
7291,304,19,-5.6,11.76,234.5,False,True,-10.18505003678265,12.13110018247508,84.91436214924394
7292,304,20,-4.77,7.31,233.3,False,True,-9.339315091075743,10.427332005701512,99.12736937176258
7293,304,21,-4.02,9.48,167.9,False,True,-9.923540681731158,10.73423768405784,74.08957194173273
7294,304,22,-6.83,7.01,142.4,False,True,-11.962971402243886,10.152113898594965,33.154641801449706
7295,304,23,-4.77,13.71,43.7,False,True,-11.326695589223545,10.466932103118976,10.981114565705392
7296,305,0,-5.6,4.34,0.0,False,True,-11.621917176574977,8.661949692859366,4.204703728802414
7297,305,1,-5.57,8.65,46.5,False,True,-10.968236654669095,8.958854575314174,30.84373911616765
7298,305,2,-4.78,3.63,147.9,False,True,-11.304984019536015,8.25869189512296,57.50860711344804
7299,305,3,-4.42,9.87,126.0,False,True,-10.555482859337628,15.026562385121537,118.96930774277072
7300,305,4,-3.82,19.15,211.4,False,True,-9.707111280713443,11.020385044139129,120.96855090817093
7301,305,5,-4.86,6.55,350.4,False,True,-9.9262067597152,14.449080607221175,141.5457722908366
7302,305,6,-4.26,6.15,240.3,False,True,-9.078570046292354,12.111342534170994,156.7627095763018
7303,305,7,-2.87,19.74,432.8,False,True,-8.925099960284621,10.524586494239898,153.6415878617123
7304,305,8,-2.24,5.11,364.1,False,True,-8.966987988637703,9.11095851413983,229.88119713416833
7305,305,9,-2.61,11.81,361.4,False,True,-8.835102118769575,8.727232995053477,230.12093760688288
7306,305,10,-0.77,1.72,462.6,False,True,-8.556945856498874,9.170292679439584,273.34790252563084
7307,305,11,-4.85,7.71,308.8,False,True,-8.55118731454463,10.792607211795216,237.64004578475416
7308,305,12,-2.61,14.01,477.2,False,True,-6.874525226878076,10.269124618671977,296.8943561522753
7309,305,13,-1.78,2.77,301.0,False,True,-8.696179111070022,10.212051537359429,335.98299680655595
7310,305,14,-3.13,11.55,479.0,False,True,-8.59828687849768,14.16889662614144,277.4645414950227
7311,305,15,1.52,7.04,424.8,False,True,-8.539558494071796,10.74223162434945,237.96808893422795
7312,305,16,-2.11,2.08,251.5,False,True,-8.478892279846479,10.375707026988982,201.53872691374562
7313,305,17,-2.28,12.37,219.2,False,True,-8.686861050276093,10.209679400913815,162.28154302073693
7314,305,18,-4.12,10.11,324.3,False,True,-9.322005960071248,13.937861787408716,138.17941438937586
7315,305,19,-3.7,4.72,172.7,False,True,-10.531694032939898,10.469408179516495,96.11702029353269
7316,305,20,-6.58,10.41,232.5,False,True,-10.285539878405702,10.525371498922125,91.65071691736672
7317,305,21,-4.9,2.91,229.5,False,True,-10.722415598934615,13.716919798515649,87.54568379519326
7318,305,22,-6.75,5.54,73.6,False,True,-11.725683453029111,10.903744509601127,63.93375295099656
7319,305,23,-5.64,7.61,53.6,False,True,-11.556051160960022,9.978607431123681,26.091468712220706
7320,306,0,-10.04,7.41,0.0,False,True,-11.846003837267917,13.445278085955414,4.204703728802414
7321,306,1,-7.11,9.34,75.4,False,True,-11.91738161605975,9.30510996111042,30.84373911616765
7322,306,2,-1.72,19.49,64.9,False,True,-11.576779667157911,13.943386495001613,64.52055830301963
7323,306,3,-2.67,4.12,203.2,False,True,-10.945301201948048,9.100736219424755,100.24275359273523
7324,306,4,-1.28,8.36,162.9,False,True,-9.701610150137931,10.64076609491268,148.1437587514021
7325,306,5,-0.66,8.47,309.7,False,True,-9.711645052013532,8.236241791189475,126.09392090762594
7326,306,6,-1.57,12.93,260.1,False,True,-9.439168301070808,9.014855063740868,168.17149586075064
7327,306,7,-3.31,7.39,254.6,False,True,-8.748853525175901,8.813254544147815,173.46335851450112
7328,306,8,-3.99,2.5,354.6,False,True,-9.030101687599924,13.86176946971212,223.0231129377422
7329,306,9,0.79,7.94,280.2,False,True,-8.877047386720296,8.599738124644826,259.0791138372755
7330,306,10,-1.06,2.3,379.3,False,True,-8.195057128577485,14.749024845657285,263.71921200861186
7331,306,11,4.0,12.33,378.9,False,True,-8.337669224918757,10.304897007607966,265.13881949147236
7332,306,12,-1.65,7.56,586.6,False,True,-6.617477309635448,10.375965272480386,283.1603702365972
7333,306,13,2.96,9.15,431.4,False,True,-8.292544394085674,14.208466330241714,255.2229097504384
7334,306,14,-1.5,4.38,474.2,False,True,-7.941479834893655,10.542660263837798,267.37105533258756
7335,306,15,1.17,4.51,279.9,False,True,-8.030285777076488,10.595115937875194,223.86621020512902
7336,306,16,1.48,10.04,518.8,False,True,-8.330329301408591,13.612758621150158,207.12149881313627
7337,306,17,-4.45,6.54,332.5,False,True,-8.400944169657073,10.730624427471819,151.91057334258457
7338,306,18,-3.89,20.13,188.9,False,True,-8.596541192090518,12.382210552543373,141.7746091075978
7339,306,19,-5.5,14.01,279.6,False,True,-9.927298665726743,12.677302912439025,118.63422906001301
7340,306,20,-6.38,8.05,177.3,False,True,-10.56626162196078,11.585513013026455,116.12409254905116
7341,306,21,-3.0,5.51,132.3,False,True,-10.117491032875398,11.16235561352804,91.65071691736672
7342,306,22,-5.04,23.29,91.7,False,True,-12.0682780120359,11.325958829898077,65.13610409040697
7343,306,23,-4.74,6.03,52.5,False,True,-11.354976182309791,10.426386470006486,35.79717094584502
7344,307,0,-3.58,9.62,0.0,False,True,-11.087539138848452,9.927417250126796,4.204703728802414
7345,307,1,-8.34,4.24,67.9,False,True,-11.652710678807445,8.25967997647641,50.00517263156987
7346,307,2,-1.85,12.43,78.8,False,True,-11.147706775990038,9.249249925895153,57.74960102309697
7347,307,3,-4.8,6.03,111.4,False,True,-10.440055126596537,13.683612508633582,93.35303505797953
7348,307,4,-2.62,3.55,138.8,False,True,-9.614390050294762,8.84005361404647,114.09426115042457
7349,307,5,-1.97,3.81,236.0,False,True,-9.338731145552016,9.055646017910147,124.1166978547423
7350,307,6,0.05,6.78,198.4,False,True,-9.374894233492597,8.58061474157098,158.3618009797328
7351,307,7,-2.38,5.15,197.6,False,True,-8.713097460081341,7.741808908454318,142.57370438402643
7352,307,8,-5.94,3.17,299.6,False,True,-8.719986192990282,13.712143304055997,186.8912588103157
7353,307,9,-1.16,3.27,547.7,False,True,-7.707693495161993,8.651564204928313,237.71435120691373
7354,307,10,-0.56,7.6,235.6,False,True,-8.290791498571966,14.619077589621561,262.5964864598082
7355,307,11,-2.83,8.53,260.7,False,True,-8.697278736520321,10.128267493556034,262.4994586624756
7356,307,12,-0.39,7.87,449.9,False,True,-7.119276257011362,10.270098886743957,310.4122428401905
7357,307,13,-1.48,13.81,415.6,False,True,-8.524342159605887,10.739803833132541,270.9158342556156
7358,307,14,-3.64,9.15,268.1,False,True,-8.452568330008583,12.151467758677008,253.19212712985137
7359,307,15,0.07,5.47,519.3,False,True,-8.198506206786735,13.677250283286837,236.9427023713825
7360,307,16,-2.82,25.7,418.1,False,True,-8.22917274528021,9.921586954293394,257.6493648336161
7361,307,17,-2.98,4.62,331.7,False,True,-9.100900731449732,13.73229120414636,119.99350726739276
7362,307,18,-3.61,2.95,308.1,False,True,-9.762333092556668,10.746592775138227,131.06579263195982
7363,307,19,-0.74,10.31,320.6,False,True,-10.425511212245457,9.607752605480997,129.73784760614106
7364,307,20,-3.77,16.95,137.7,False,True,-10.889801714476764,11.153141489791206,96.83180156446193
7365,307,21,-3.95,11.37,220.4,False,True,-10.443012302573532,14.400900442680463,92.34666287626955
7366,307,22,-5.3,6.58,72.6,False,True,-11.343141337312927,12.070343972682648,70.33380776658906
7367,307,23,-3.7,4.89,52.9,False,True,-10.779010596949991,10.636457722509606,31.259328001043386
7368,308,0,-1.77,9.95,0.0,False,True,-11.095888119914605,8.619823858140975,4.204703728802414
7369,308,1,-3.1,6.77,62.6,False,True,-11.385840433467532,13.954343210489725,49.40741273997559
7370,308,2,-2.82,6.39,140.4,False,True,-10.269716342316627,8.969414135758145,48.967510926133386
7371,308,3,-2.67,14.36,176.8,False,True,-9.752740504391094,9.316693832166582,112.39355405429733
7372,308,4,-6.23,2.55,160.3,False,True,-9.26664115894394,13.363500666380146,81.26902202140647
7373,308,5,-4.74,8.92,316.9,False,True,-8.974669168294984,14.273223439164635,120.13620084404744
7374,308,6,-2.88,5.08,409.7,False,True,-8.340166988209855,8.047963206360375,129.0594438680013
7375,308,7,-3.4,7.44,236.4,False,True,-8.967353403939923,13.593491997660973,119.2710518515861
7376,308,8,-3.59,4.54,286.9,False,True,-8.755610641532495,13.99221771823208,214.0581019974702
7377,308,9,-4.8,6.77,397.9,False,True,-8.162564673316798,14.282928840924686,254.96501666540308
7378,308,10,-3.43,21.35,489.1,False,True,-7.545289570176263,8.350476416490709,238.28703345984528
7379,308,11,-1.05,10.84,283.3,False,True,-8.783242132592498,11.514782728876142,249.98872789995008
7380,308,12,-0.6,9.95,258.2,False,True,-7.005677334872568,11.19363682510493,292.0792921830341
7381,308,13,-2.12,22.54,440.3,False,True,-8.204000047799253,10.291786218458556,283.89111580981586
7382,308,14,-0.58,7.2,509.0,False,True,-7.9898608510059805,10.692401277071845,245.25715795057894
7383,308,15,-1.92,7.8,320.7,False,True,-7.829529300625544,13.624735471801275,265.03111615753704
7384,308,16,0.72,9.44,389.6,False,True,-8.190660483317528,10.484917277019598,222.1394255197475
7385,308,17,-2.27,10.94,419.9,False,True,-8.687872476726449,13.960075725743392,144.03724569863036
7386,308,18,-1.07,17.97,177.0,False,True,-9.142009331068703,12.721978566715588,145.22816594501012
7387,308,19,-2.58,6.57,219.8,False,True,-9.110281546190905,10.808803818413846,135.81275073272067
7388,308,20,-6.27,14.18,174.6,False,True,-9.91854472447492,10.833463968005086,97.47138490188927
7389,308,21,-4.06,18.07,191.5,False,True,-9.978647679264638,8.982031814037146,104.13350073666105
7390,308,22,-6.67,11.35,124.2,False,True,-11.1496070844778,11.26027865449694,53.12018859919361
7391,308,23,-4.61,7.14,70.2,False,True,-11.311024986654822,12.91176438146436,37.40590507970085
7392,309,0,-5.73,11.39,0.0,False,True,-10.844287655590229,7.670184562795278,4.204703728802414
7393,309,1,-3.41,3.08,42.0,False,True,-10.860448266085285,9.575784031019538,62.547951734279216
7394,309,2,-6.66,16.54,102.5,False,True,-10.269716342316627,9.34889153567125,64.52055830301963
7395,309,3,-3.63,11.88,146.4,False,True,-10.358957329439901,8.892632204819252,91.85881058304606
7396,309,4,-2.1,6.99,240.2,False,True,-10.291660465312756,15.217749484707603,96.75183168054811
7397,309,5,-0.95,21.72,355.2,False,True,-9.461806985958567,9.129230430057838,157.33132128279902
7398,309,6,-3.77,3.5,286.2,False,True,-8.981069373346292,14.156759664893485,175.65927312681856
7399,309,7,-1.69,12.78,372.9,False,True,-8.726485830874244,8.508774935376724,163.75971512539843
7400,309,8,-0.88,6.8,263.2,False,True,-8.579350633363418,11.347350332808862,213.8046564653341
7401,309,9,2.26,17.26,412.8,False,True,-8.158802399632984,8.82993858376413,250.71759946000745
7402,309,10,-3.48,3.05,485.1,False,True,-7.534801146750348,8.456549886466764,271.54348924870607
7403,309,11,-2.14,4.58,510.5,False,True,-7.873577100621833,10.684608471777253,250.51059033835554
7404,309,12,5.36,4.3,590.5,False,True,-6.728683035141149,12.312602215650323,283.95468547100813
7405,309,13,-0.86,1.63,590.4,False,True,-7.559907659867734,10.977840946817839,270.2158263734725
7406,309,14,-4.29,10.33,411.1,False,True,-8.035142565261829,10.651347957772833,314.35181301004195
7407,309,15,-2.0,3.91,508.0,False,True,-7.8656949310898305,10.721416403163648,202.51933937524188
7408,309,16,-6.78,4.6,437.7,False,True,-8.156111113535601,13.94074264309279,260.5607808188705
7409,309,17,-1.25,4.05,340.2,False,True,-9.273764964129283,10.885781674627612,162.24519235903787
7410,309,18,-0.63,6.09,177.4,False,True,-9.422384509017899,10.527627239239413,125.43947582809415
7411,309,19,-4.59,15.55,360.2,False,True,-9.493712731404187,10.973079287997601,135.28755397367863
7412,309,20,-4.19,9.44,293.7,False,True,-9.99721696796156,10.338986188861304,99.85131421742985
7413,309,21,-1.81,8.22,163.2,False,True,-10.162515544775994,11.301804995944693,102.92348326451668
7414,309,22,-7.48,7.45,94.2,False,True,-11.261884557627784,10.622192347405054,64.4880644973306
7415,309,23,-6.82,5.58,36.6,False,True,-11.024429841132683,10.458595648587599,43.70316032549191
7416,310,0,-4.48,5.62,0.0,False,True,-11.698665955159953,9.233974765928664,4.204703728802414
7417,310,1,-5.46,8.02,69.1,False,True,-10.764587949418136,14.103001156878964,33.7879094592991
7418,310,2,-4.35,14.7,100.3,False,True,-11.096864625334732,9.245046222049542,71.4052602876776
7419,310,3,-5.97,5.37,169.4,False,True,-9.697126126705932,10.514192291015508,90.75053945910854
7420,310,4,-2.6,12.07,174.3,False,True,-9.862208337217504,8.236717832288692,95.71392816774738
7421,310,5,-2.84,4.15,280.7,False,True,-9.163248301549045,8.535822693650978,127.8164169659092
7422,310,6,-0.93,10.29,362.9,False,True,-9.207553435863732,14.742554259174112,156.5438287805978
7423,310,7,-1.11,14.41,445.4,False,True,-8.67448256896208,8.029409166756071,162.43207713178845
7424,310,8,-0.61,7.15,362.5,False,True,-7.903655955821036,8.437431062192658,205.4485564432181
7425,310,9,-3.51,5.6,321.6,False,True,-8.136055163775596,8.20759552989397,240.38126488394443
7426,310,10,0.69,10.27,258.5,False,True,-8.1146584374842,9.524758935777045,280.8689407299384
7427,310,11,-0.76,16.39,542.8,False,True,-7.599894927386146,12.761722547594118,286.0542972842521
7428,310,12,-0.36,11.8,547.3,False,True,-6.843348215744244,15.439583022891295,304.3577644781377
7429,310,13,2.0,17.51,364.1,False,True,-7.7211194058278485,13.793060461656845,295.89711329535663
7430,310,14,-1.73,7.51,303.9,False,True,-7.619506152042858,11.135650780985735,278.73530182986826
7431,310,15,2.09,7.27,445.7,False,True,-8.217684865968206,13.712369942617054,275.85426792588294
7432,310,16,1.86,3.25,443.7,False,True,-8.694904505504221,11.350415511908238,212.34890561450752
7433,310,17,-0.0,5.47,396.6,False,True,-8.211347353774045,11.959187874563519,117.04513609591899
7434,310,18,-3.99,7.0,187.9,False,True,-8.002609883753992,10.674674472511441,102.42959567116048
7435,310,19,-6.92,7.36,361.8,False,True,-9.315674262308685,10.201503867955685,143.423546654385
7436,310,20,-0.87,10.17,218.0,False,True,-10.436863283995493,11.270260601734607,130.5987914420089
7437,310,21,-3.22,5.78,175.7,False,True,-10.369884761895586,10.842647417127004,132.51232536402836
7438,310,22,-5.25,5.96,66.3,False,True,-11.563203292753675,10.563912912265408,73.33556684834504
7439,310,23,-1.61,19.0,31.9,False,True,-11.190414601725552,13.777309674234075,35.96753284503339
7440,311,0,-5.54,1.68,0.0,False,True,-9.823633167674785,13.114139603060812,4.204703728802414
7441,311,1,-4.6,2.02,49.7,False,True,-10.30671893040813,9.618666227565118,43.201598546628354
7442,311,2,-2.5,4.51,150.1,False,True,-10.005159354780186,8.118921382429326,66.85584029698705
7443,311,3,-5.46,1.95,192.1,False,True,-9.841173973080808,12.175879542332025,102.34004683760627
7444,311,4,-3.03,2.24,299.9,False,True,-8.932997256359416,11.589991134697637,123.32536667833546
7445,311,5,-0.15,6.16,295.1,False,True,-8.542751429310062,12.667743958404632,151.04647660749785
7446,311,6,-1.39,8.76,195.1,False,True,-8.133185258595853,8.667099760467128,170.00533266577546
7447,311,7,1.2,6.03,388.8,False,True,-7.730270067128438,8.581658160141757,163.41312408067313
7448,311,8,1.45,9.03,407.8,False,True,-6.582279075626285,8.51976741428598,220.4907960826546
7449,311,9,-0.39,10.97,516.5,False,True,-6.675737006410179,12.292204055071963,233.36041803942615
7450,311,10,-4.76,8.26,421.1,False,True,-6.811792628742455,9.626238077906882,269.07349143896573
7451,311,11,-2.09,9.02,325.6,False,True,-6.950330281429487,10.884397117754528,298.4208820373699
7452,311,12,1.71,6.44,503.8,False,True,-7.11850869979624,10.822444062698162,210.39005757201303
7453,311,13,-2.98,5.77,506.9,False,True,-6.6892868019572775,10.494875378673012,240.0098586039224
7454,311,14,-0.74,1.84,410.6,False,True,-7.698313303484895,10.21747182415787,220.1340665555609
7455,311,15,0.28,11.25,253.3,False,True,-7.447023212854456,10.156496569458925,259.70034806646424
7456,311,16,2.12,8.07,336.8,False,True,-7.503933520225696,15.01800459647085,246.43687556536497
7457,311,17,-2.45,8.68,430.3,False,True,-7.053820894423667,14.0295473280935,178.1686668701594
7458,311,18,-3.1,3.15,247.0,False,True,-8.369761620781134,10.124232326397816,99.35708765222039
7459,311,19,-2.44,4.67,306.4,False,True,-9.47669997182419,10.26878969184676,155.90100322170701
7460,311,20,-2.11,6.26,165.6,False,True,-8.961844810408008,10.54523342433069,162.4070061506002
7461,311,21,-3.54,18.9,137.1,False,True,-9.16270759610446,13.524298629018503,85.49604161813046
7462,311,22,-1.45,8.2,93.5,False,True,-10.68890529864738,11.22840002015696,55.86974745780302
7463,311,23,-5.35,22.91,37.7,False,True,-9.909302325874581,11.107375463971259,33.02378945183949
7464,312,0,-3.37,7.66,0.0,False,True,-10.216077293925874,13.259211598953597,4.204703728802414
7465,312,1,-2.65,11.17,65.3,False,True,-9.926727951795598,14.474384762754582,40.54901439985442
7466,312,2,-4.14,8.29,99.5,False,True,-10.068779371168677,10.308391694678228,71.67667136102597
7467,312,3,-1.34,13.83,133.1,False,True,-9.79731146295619,14.325911951753207,97.58147097568364
7468,312,4,-2.31,8.44,246.1,False,True,-8.73462416125376,12.438876196612558,97.98073591787505
7469,312,5,-0.55,20.18,259.1,False,True,-7.985587152673056,9.328788005048196,150.01411437469602
7470,312,6,-1.22,7.29,280.7,False,True,-7.97099514318304,9.012537516419,124.8609247072912
7471,312,7,-0.34,1.36,417.8,False,True,-7.274296255354906,9.527917829386038,170.6930273126099
7472,312,8,-1.87,8.73,326.9,False,True,-7.022895921335526,9.077352151051954,216.69553817290532
7473,312,9,-1.45,4.74,402.8,False,True,-7.051178583108551,8.605389049205309,255.2748663428994
7474,312,10,2.57,7.81,242.9,False,True,-7.9160186323848905,7.300314723035971,265.78043395163286
7475,312,11,1.6,5.14,359.1,False,True,-6.478633752251422,10.50830224588448,281.53783561857216
7476,312,12,-1.65,3.9,325.3,False,True,-5.60152454990401,11.469734056632328,281.2097635565791
7477,312,13,0.69,15.95,554.1,False,True,-7.292457388234468,12.857595901448045,287.41817757551945
7478,312,14,-4.62,5.09,239.1,False,True,-6.67182200822804,13.755980127135402,259.1303957117621
7479,312,15,-1.34,4.6,454.6,False,True,-7.083689893897554,10.00945723692713,207.4586956512699
7480,312,16,1.32,10.39,443.6,False,True,-7.268821808536018,11.676336892030713,210.7306657223146
7481,312,17,-1.34,6.16,285.4,False,True,-7.151462765498413,10.67266022146198,160.14293995457595
7482,312,18,-1.37,4.89,235.2,False,True,-8.21662171353183,13.998293519716869,139.1577893449084
7483,312,19,-8.16,10.53,182.2,False,True,-8.665559301001887,13.761879340908372,154.43140609044215
7484,312,20,-3.39,7.18,169.9,False,True,-9.834330607263016,10.654342433916163,119.6280037521559
7485,312,21,-2.34,11.23,217.8,False,True,-9.842081675581923,10.762688931499717,75.7608181475019
7486,312,22,-2.41,14.07,66.2,False,True,-9.92197520285459,11.04712160359839,63.93375295099656
7487,312,23,-1.61,6.08,52.8,False,True,-10.288117352421246,11.587236750002793,26.091468712220706
7488,313,0,-3.82,10.1,0.0,False,True,-9.823633167674785,8.733707530908315,4.204703728802414
7489,313,1,-3.66,14.39,64.0,False,True,-9.905594669978063,8.831003319389088,43.201598546628354
7490,313,2,-5.8,16.29,93.2,False,True,-9.976703827840016,8.529655375174164,71.16034325516983
7491,313,3,-3.22,5.42,139.5,False,True,-9.066790059466735,9.519906485787505,100.73359549615651
7492,313,4,-4.92,12.03,130.5,False,True,-8.988611634044577,9.277071048108109,128.7645574137885
7493,313,5,-5.61,2.04,345.6,False,True,-8.053637234455534,8.796019684067684,120.85960193199799
7494,313,6,-3.57,8.38,302.5,False,True,-8.099106091542579,8.339116710732487,171.73952784231363
7495,313,7,2.13,3.39,210.1,False,True,-7.656948590961315,14.491175295298282,164.28718063172016
7496,313,8,-0.94,6.08,442.2,False,True,-7.463219383361464,8.868616937151867,186.41932100856613
7497,313,9,0.45,19.83,481.2,False,True,-7.118442416202699,12.073009558725873,247.77723564638376
7498,313,10,-0.7,11.34,392.2,False,True,-6.8448982031164,8.1486639367281,220.30641427287335
7499,313,11,-3.05,3.44,587.4,False,True,-7.0529544902655115,15.17416176037617,273.1985262944097
7500,313,12,2.47,4.08,321.4,False,True,-6.80110338658657,12.151813624304559,249.16132012943814
7501,313,13,-3.81,12.62,539.3,False,True,-6.491594624197812,11.160479366968389,248.7146310572335
7502,313,14,-0.78,12.42,526.2,False,True,-7.590615280278036,14.061824445556118,171.23396010966604
7503,313,15,-0.1,12.74,395.1,False,True,-7.429100524381439,11.968750822982189,242.86357065158225
7504,313,16,0.06,8.36,376.2,False,True,-6.862486362518064,10.22571491920427,220.99226889748994
7505,313,17,-2.34,11.31,222.5,False,True,-7.509794706197195,10.457640775609715,139.55983188885097
7506,313,18,-5.08,6.23,203.6,False,True,-8.27404705514909,14.828691128399356,155.23808835329845
7507,313,19,-3.52,6.08,238.8,False,True,-9.509276866915211,10.667281386719806,130.0968926096384
7508,313,20,-3.9,8.13,285.3,False,True,-9.351119980979925,10.225693537805313,97.16162234977806
7509,313,21,-4.36,4.84,121.4,False,True,-9.838072885475098,10.50973819658318,115.17714244398371
7510,313,22,-1.19,4.42,106.4,False,True,-9.798588808749361,10.227894111029851,50.94593208630117
7511,313,23,-5.76,9.79,34.3,False,True,-9.754218507208716,11.001960418329322,36.43627309925569
7512,314,0,-2.6,10.22,0.0,False,True,-9.812227706516882,8.881463653357603,4.204703728802414
7513,314,1,-2.82,4.48,48.8,False,True,-9.869488378009937,8.939756784962425,43.201598546628354
7514,314,2,-1.01,5.44,151.8,False,True,-10.481655499159288,8.755776224376818,66.85584029698705
7515,314,3,-2.88,9.1,118.4,False,True,-8.67168345177503,12.489130438857392,87.22744511618144
7516,314,4,-0.62,8.72,138.1,False,True,-8.922446982785239,9.154642267671887,98.54682342329997
7517,314,5,-2.06,8.37,157.9,False,True,-8.698301393359909,13.110100204877623,144.0222233258301
7518,314,6,-0.33,4.6,302.6,False,True,-7.894744917269008,8.287532181326737,131.9503192417336
7519,314,7,-3.69,21.17,338.8,False,True,-7.476989167727646,15.256865211608183,168.9135308903056
7520,314,8,-5.48,5.8,268.9,False,True,-7.790848546979949,8.930448192989418,224.03926038879132
7521,314,9,0.97,9.29,304.1,False,True,-7.172479852070102,8.791590902504394,261.56260897213326
7522,314,10,1.39,3.89,342.7,False,True,-6.867449965216024,8.151531519592831,257.13930099712536
7523,314,11,1.68,7.18,241.3,False,True,-7.348957698418944,15.002429068230867,266.1812251595994
7524,314,12,-0.25,4.42,534.1,False,True,-5.7310343198847775,14.380976202537594,267.95179156988513
7525,314,13,3.71,5.68,513.8,False,True,-7.446197623547403,10.657729098985063,277.146502840653
7526,314,14,-0.39,8.44,343.2,False,True,-6.411923438907961,10.582722653448311,279.43657916266403
7527,314,15,1.06,13.71,412.7,False,True,-6.956676201492401,11.41615573258183,279.18929690444594
7528,314,16,0.99,5.37,310.2,False,True,-6.619367964628604,11.441347641898014,228.92722929422442
7529,314,17,2.75,8.24,198.1,False,True,-7.306635529826361,9.554960247655423,141.94023051592396
7530,314,18,-1.83,9.23,319.8,False,True,-7.442255942655416,10.768308945547906,162.346221931594
7531,314,19,-3.02,10.45,304.2,False,True,-8.724361974346701,11.534851208381381,112.47992442740397
7532,314,20,-5.2,2.43,180.1,False,True,-9.142277874298877,10.410767440305861,109.25251133032253
7533,314,21,0.49,11.21,125.1,False,True,-9.49111556259455,12.397799724908612,105.01064701023348
7534,314,22,-2.09,9.28,86.7,False,True,-9.305586196463821,12.679476191624808,56.689955693176564
7535,314,23,-2.23,8.36,47.7,False,True,-10.047934030463837,9.108861582819015,35.96795979497092
7536,315,0,3.23,20.47,0.0,False,True,-9.595742155347962,8.416220351934975,4.204703728802414
7537,315,1,-2.29,5.03,66.8,False,True,-8.931569271841513,12.946853311104128,34.343200206507206
7538,315,2,-5.34,8.74,80.7,False,True,-9.042340875722713,13.94477964890301,69.5863063995663
7539,315,3,-2.81,18.32,189.2,False,True,-8.91239572155235,8.701318840167225,68.38602934729599
7540,315,4,-3.95,12.96,293.6,False,True,-8.665602577839941,9.258558132102038,92.97977926959425
7541,315,5,-2.31,6.06,185.6,False,True,-9.167102654429113,9.641727292820557,139.51727922406798
7542,315,6,-1.81,8.3,298.9,False,True,-7.863764368204838,10.439339084207521,152.7316627706569
7543,315,7,-1.66,8.43,293.6,False,True,-7.420828487712352,8.68954169704665,173.28314018390896
7544,315,8,-2.79,6.53,395.0,False,True,-7.804588460300868,14.008097293673357,220.0895403508776
7545,315,9,3.6,3.51,514.7,False,True,-6.970526628523048,8.072056648679672,245.32577652101907
7546,315,10,1.33,6.12,540.0,False,True,-6.241718839390199,12.362275757462237,236.64843394029333
7547,315,11,0.48,9.62,396.1,False,True,-6.675115541677982,10.923876249983024,337.2534938805833
7548,315,12,2.51,6.04,512.6,False,True,-5.377547316576441,14.362847934191468,244.02311578974403
7549,315,13,1.87,7.18,420.4,False,True,-6.362992932803159,12.963565411288531,288.24089058185643
7550,315,14,1.28,13.79,500.3,False,True,-6.33384524925854,10.2241230249345,245.29257444957145
7551,315,15,1.78,7.2,515.9,False,True,-6.164188531068207,10.334059412958652,251.12630751274907
7552,315,16,0.26,7.44,429.8,False,True,-6.317581749120414,14.101781479821227,203.10093335997485
7553,315,17,0.85,7.93,207.8,False,True,-6.927856351923344,10.174362029667838,104.76642039780859
7554,315,18,0.5,5.76,232.1,False,True,-8.061158463392402,10.341438507283707,142.73497405874065
7555,315,19,-1.2,11.38,318.3,False,True,-8.129043261717985,10.338534222992838,154.74617906929913
7556,315,20,-2.44,3.9,123.5,False,True,-9.208573988262419,14.617267092976917,113.15183345085435
7557,315,21,0.64,5.75,163.2,False,True,-8.922286236157776,10.795738683552077,73.20417666938845
7558,315,22,-3.69,8.32,119.0,False,True,-9.229861014680584,10.600255213717343,68.31330976009635
7559,315,23,-2.15,6.24,69.9,False,True,-10.054685456910148,9.885521182737023,38.86258412773536
7560,316,0,-1.98,15.54,0.0,False,True,-9.652176149277805,8.79773215771692,4.204703728802414
7561,316,1,-3.96,22.48,34.8,False,True,-9.549234790851838,14.798454241921775,43.201598546628354
7562,316,2,-4.16,7.37,125.4,False,True,-10.11381124969262,10.656402000259849,61.813110071630845
7563,316,3,-2.93,4.47,200.7,False,True,-9.327195761179917,9.696489357830089,95.8024795515533
7564,316,4,-2.79,6.3,139.0,False,True,-8.845375156641134,9.101396171149204,118.00859940591562
7565,316,5,-4.24,11.14,252.5,False,True,-8.752254021080779,9.329436700937862,89.31290561629532
7566,316,6,-2.11,5.16,335.0,False,True,-8.416751367041421,10.439828365104116,170.10127788137575
7567,316,7,0.24,2.79,288.2,False,True,-7.862700832755057,8.507228571780146,152.50567801568855
7568,316,8,2.72,6.86,323.4,False,True,-7.474811068468164,9.141873762263122,227.69211918833193
7569,316,9,1.71,7.65,255.9,False,True,-6.175727174374839,13.900788907667675,250.5413150198854
7570,316,10,-4.28,5.95,501.1,False,True,-6.340005720785688,8.895446318627096,279.58264986483033
7571,316,11,2.4,13.89,322.6,False,True,-6.888127037402179,10.784226479739564,261.8081142462124
7572,316,12,0.07,19.81,396.6,False,True,-5.498789729412726,11.526945925619309,293.4126076682481
7573,316,13,2.03,8.29,422.3,False,True,-6.431196576016597,11.599683291651377,285.42295455274666
7574,316,14,0.89,6.27,262.2,False,True,-6.3720398333038855,9.752248994531092,264.53191481846306
7575,316,15,0.22,9.63,365.1,False,True,-6.222693460030831,9.435845210614783,292.8402962410947
7576,316,16,-0.01,13.94,255.3,False,True,-6.136887433121342,10.232329367951495,234.3991846110042
7577,316,17,-0.34,5.37,256.8,False,True,-6.659762394730272,10.451706578267029,137.56363619546872
7578,316,18,1.88,10.85,260.4,False,True,-8.062591921929702,13.472773148862588,132.4522153182854
7579,316,19,-1.37,6.86,253.4,False,True,-8.157945906280801,10.93007453384587,137.56219630766
7580,316,20,0.36,12.58,198.2,False,True,-8.915708260096816,14.715572096791368,75.27556291222719
7581,316,21,-0.34,4.47,101.7,False,True,-7.834500760291452,12.561652840759393,93.22776359034386
7582,316,22,-1.21,14.79,94.8,False,True,-9.730695145624766,10.640252818689875,61.93409156511998
7583,316,23,-6.32,8.43,33.2,False,True,-9.475573538370893,10.392593990916907,45.164064757342075
7584,317,0,-0.39,9.61,0.0,False,True,-9.137114198626882,9.285658962472414,4.204703728802414
7585,317,1,-3.47,4.09,35.3,False,True,-9.304080905422417,9.047998527740031,34.51398905563311
7586,317,2,-0.92,4.02,77.7,False,True,-9.537811918090066,8.639277117360745,64.76547533552738
7587,317,3,-3.98,8.85,161.1,False,True,-8.633534800766203,12.610787327074561,114.03897757050707
7588,317,4,-3.99,9.76,286.9,False,True,-8.602752209701327,8.597105674187977,111.09745414712083
7589,317,5,2.81,6.56,188.8,False,True,-8.491490638835373,8.279262549718812,131.30235641306209
7590,317,6,-2.54,10.26,355.7,False,True,-7.244665332641982,13.952977332858666,158.29462509788112
7591,317,7,2.19,4.08,202.9,False,True,-7.316137231489565,13.492304914107606,162.2981940912559
7592,317,8,0.61,3.37,312.6,False,True,-6.650976998561454,8.502122529017372,192.24444355768287
7593,317,9,-0.05,7.95,355.2,False,True,-5.596921286257577,8.808229007139092,262.00954956225445
7594,317,10,1.02,3.99,269.5,False,True,-6.391049639293686,8.152267517443473,255.69216117315526
7595,317,11,-1.29,2.83,465.2,False,True,-5.866330144016276,10.613890889287024,265.5842947512876
7596,317,12,1.35,4.67,292.4,False,True,-5.436482015742863,11.057723754713159,291.3816448999435
7597,317,13,-0.86,9.59,523.7,False,True,-6.198547658646796,10.513673430183955,257.51290339261243
7598,317,14,0.32,8.34,437.5,False,True,-6.396178372541075,10.104002287116714,256.707455928624
7599,317,15,2.64,14.03,468.3,False,True,-5.734309876054391,10.647377918792904,240.61008062456958
7600,317,16,0.89,8.62,259.0,False,True,-5.8530411949194034,10.589498474142788,209.65280445506124
7601,317,17,-3.07,4.16,281.0,False,True,-6.380784549496211,13.897754870879826,161.97271551629365
7602,317,18,1.08,9.91,349.3,False,True,-7.243476052583983,10.769027053811202,151.2076936696404
7603,317,19,-1.15,5.3,245.5,False,True,-7.596454165670476,10.359023362289317,134.7979992163309
7604,317,20,-2.71,6.49,233.8,False,True,-8.009070857074494,9.809786165506251,85.16505126615694
7605,317,21,-0.54,5.35,148.8,False,True,-8.121084325814463,14.068056832329674,75.03350068000599
7606,317,22,-2.69,3.85,124.7,False,True,-9.364520895630239,10.498085145766943,73.20417666938845
7607,317,23,-4.89,24.98,61.5,False,True,-9.900386376746075,10.568739483701611,45.549552718227375
7608,318,0,1.26,4.87,0.0,False,True,-9.283544047392548,8.646582604957258,4.204703728802414
7609,318,1,-2.4,2.61,72.8,False,True,-8.863464059713168,12.222038764768266,33.23821691098477
7610,318,2,-2.33,10.49,130.4,False,True,-8.980978827411226,12.563662253469944,64.55317510803853
7611,318,3,-2.66,2.21,101.2,False,True,-8.562047060426668,9.625045237447576,118.05406156069816
7612,318,4,0.92,6.88,126.8,False,True,-8.673195601869029,7.905690220279515,84.24401553433151
7613,318,5,-2.01,11.28,303.0,False,True,-7.423220646579385,8.446815833158414,106.2260860570199
7614,318,6,-3.53,3.57,330.6,False,True,-7.60246609143809,9.381579126972522,175.29290708575093
7615,318,7,-1.28,7.48,454.4,False,True,-7.058763041024714,14.170073246305913,157.18493012141
7616,318,8,3.22,6.35,418.4,False,True,-6.344569953942514,13.94666632146675,215.03082992453244
7617,318,9,2.64,4.82,291.0,False,True,-5.446217591026577,8.164767652335204,251.11683949687907
7618,318,10,0.78,14.05,246.4,False,True,-6.067491582561667,13.579020179815357,271.8971204014468
7619,318,11,4.24,6.33,428.0,False,True,-6.092632175033457,13.314055696121972,301.48381950800973
7620,318,12,3.06,10.38,418.7,False,True,-4.643209459556786,12.77193118297421,254.36522132143526
7621,318,13,0.96,11.75,572.5,False,True,-5.751385947232554,10.42647131034947,265.8689617561495
7622,318,14,0.96,21.73,478.1,False,True,-6.093560378970177,10.559773382662902,289.203069531858
7623,318,15,1.64,4.21,521.1,False,True,-5.890315036471638,10.128396730831891,264.2231373846853
7624,318,16,-1.1,11.89,443.7,False,True,-5.80784279974486,11.180573890617978,233.08387736367186
7625,318,17,0.09,6.89,379.1,False,True,-7.192570314323261,11.292417169578924,130.9313733292037
7626,318,18,0.18,7.28,313.1,False,True,-6.666077430670573,10.104802262477818,168.93171477269578
7627,318,19,-4.33,6.12,273.2,False,True,-7.566761167967255,13.976341058188495,147.0389586945335
7628,318,20,-1.82,11.68,211.3,False,True,-8.250108618819809,10.635387309775096,161.68100853472706
7629,318,21,-2.46,3.93,207.4,False,True,-8.219796924855066,14.688187156524858,69.22349167050912
7630,318,22,-0.11,7.33,84.0,False,True,-9.4725210398917,12.764034897781968,64.92540931018523
7631,318,23,-6.06,4.27,74.3,False,True,-9.52125780233826,10.981336138533464,59.46407952881537
7632,319,0,-3.02,6.11,0.0,False,True,-8.262228382417069,13.93694110482895,4.204703728802414
7633,319,1,-3.15,12.47,51.9,False,True,-9.110782938183744,14.697270448579713,75.45309514477262
7634,319,2,-0.07,12.39,81.8,False,True,-9.146491496366568,10.32035053804981,64.52055830301963
7635,319,3,-1.76,6.6,129.9,False,True,-7.91905439235406,14.498005491892826,69.19856790661265
7636,319,4,2.33,8.62,225.1,False,True,-7.305719497120014,8.736733268922595,102.12250342814825
7637,319,5,0.55,8.54,179.4,False,True,-6.904051108579706,8.668299498455701,172.28776667474338
7638,319,6,-1.08,4.28,170.5,False,True,-7.0383801589468264,14.04884838317038,135.9592048119487
7639,319,7,0.74,9.71,264.4,False,True,-6.4003049876236515,8.883856929668193,165.4445271398191
7640,319,8,0.03,4.53,302.7,False,True,-5.548529339910417,9.170419649951835,226.64755661286173
7641,319,9,2.88,20.92,534.8,False,True,-5.375234103948093,14.93629353468664,243.2039252218483
7642,319,10,-1.19,2.68,434.1,False,True,-5.216436574105706,8.82467468496785,241.6114732640911
7643,319,11,0.03,10.54,382.8,False,True,-5.54322590142506,12.899311262394622,265.4450076716555
7644,319,12,2.65,11.71,593.9,False,True,-4.748639992130191,11.475010806926113,236.39370273831486
7645,319,13,4.13,8.78,369.1,False,True,-5.290575108760846,11.54993958648363,322.2654008252608
7646,319,14,-2.93,7.5,565.0,False,True,-4.929726278322478,9.893520385738539,233.8417521828797
7647,319,15,3.91,5.76,534.9,False,True,-5.7641123679777,12.45277002495193,225.4966259879455
7648,319,16,0.46,10.68,422.9,False,True,-5.834822223792142,10.252964780240477,230.66688097142864
7649,319,17,-3.51,15.7,340.4,False,True,-6.307131275793498,11.774845180935891,148.3950346564157
7650,319,18,-6.26,4.87,378.9,False,True,-6.651544499531564,10.935795723957227,161.44399640495607
7651,319,19,-3.83,6.68,217.1,False,True,-8.017761083495062,11.622619255538151,152.52144175567688
7652,319,20,-1.3,4.14,186.2,False,True,-8.75756164519311,10.333632759626528,140.5036760041417
7653,319,21,-1.8,7.53,120.3,False,True,-8.590783623841642,14.643686489588118,139.87490977472473
7654,319,22,-0.72,6.07,85.9,False,True,-8.297692986004234,10.799010380554392,63.85694348584949
7655,319,23,-3.29,6.93,37.7,False,True,-9.71558848268721,13.556132881201846,51.96763884228356
7656,320,0,-4.3,10.75,0.0,False,True,-8.080272630670887,9.404986035261247,4.204703728802414
7657,320,1,-2.84,12.25,31.4,False,True,-8.99139980348143,9.462266392322354,40.54901439985442
7658,320,2,-1.75,3.79,101.7,False,True,-8.48571032713942,8.895039031409842,62.05802710413861
7659,320,3,-1.03,8.49,142.0,False,True,-8.289409091317188,8.8136504314433,86.66370893068616
7660,320,4,-2.66,14.07,189.8,False,True,-7.012506474438042,8.562907808687884,98.79665620715845
7661,320,5,1.2,9.42,331.0,False,True,-7.323349356947035,9.164693425955242,138.15528717836457
7662,320,6,-1.32,4.33,378.7,False,True,-7.084335179998795,14.17685495799341,148.17887839365505
7663,320,7,-1.3,11.98,379.9,False,True,-6.230636992250472,8.79097873998269,179.95240465974382
7664,320,8,-0.17,9.75,422.7,False,True,-5.677596066341881,14.069165463595501,214.07053038037864
7665,320,9,3.48,9.28,489.0,False,True,-5.425678925720399,9.440240733829471,253.90998003817452
7666,320,10,1.38,6.58,365.7,False,True,-5.9651186581067,12.376060119613355,276.1473493265299
7667,320,11,0.46,24.0,398.8,False,True,-5.847449701231002,10.413815255480975,280.8490729370996
7668,320,12,3.77,24.23,328.1,False,True,-4.621205997542593,9.665747118783816,316.875156364351
7669,320,13,6.14,2.41,322.9,False,True,-5.130569133950703,10.055390453345124,317.48942113002624
7670,320,14,2.07,5.89,556.8,False,True,-6.200821477957833,12.654166333435166,332.83495070194493
7671,320,15,3.8,6.19,474.7,False,True,-5.094236513582415,11.694125816922957,280.87043182743037
7672,320,16,2.99,1.53,349.1,False,True,-5.780787012228627,9.503446859738313,202.8748121932587
7673,320,17,-0.78,18.62,201.5,False,True,-6.28357849756846,10.398267924872709,172.5773204232878
7674,320,18,-0.03,4.14,358.8,False,True,-7.61290775259734,14.206586414098203,168.78355568888324
7675,320,19,-3.16,3.99,354.0,False,True,-7.539421149044151,10.902926193132915,152.41064730344135
7676,320,20,-1.49,3.06,286.8,False,True,-8.363099981752814,9.362411560989289,133.81491468953817
7677,320,21,-2.75,5.85,190.2,False,True,-8.570930643875892,10.77204223827553,118.05172451134096
7678,320,22,-2.62,9.26,122.5,False,True,-8.320250667379897,10.149245342317755,52.10568441844157
7679,320,23,-3.51,7.24,37.0,False,True,-9.577752742390011,10.676216954070732,38.25872769702359
7680,321,0,-2.49,4.47,0.0,False,True,-9.364835357434217,8.91260455264376,4.204703728802414
7681,321,1,-0.78,9.01,43.8,False,True,-9.14767655439693,8.90059453631093,36.1823872541162
7682,321,2,-1.88,7.28,114.6,False,True,-8.450803839669861,12.741409017543523,64.76547533552738
7683,321,3,-5.05,13.26,217.7,False,True,-8.02320091570308,9.323688317797593,87.22744511618144
7684,321,4,-2.4,5.19,276.8,False,True,-7.709136515612282,8.536197064681854,153.14826153936218
7685,321,5,-3.47,4.93,213.2,False,True,-7.026008224598129,8.92218462412242,129.41418502315713
7686,321,6,0.58,11.0,262.9,False,True,-7.7285303317184875,12.491324034610205,123.76059154225142
7687,321,7,1.61,4.05,279.0,False,True,-6.510016697771869,9.335211062166747,177.44783092497528
7688,321,8,1.6,3.0,373.1,False,True,-5.445784500904645,9.461989235494391,231.42231349571358
7689,321,9,-0.07,22.16,490.8,False,True,-5.379378731317604,8.406171806856515,255.31684883917467
7690,321,10,2.31,9.41,504.1,False,True,-5.243675564906937,8.86941715749711,256.2655923643372
7691,321,11,1.08,2.87,554.3,False,True,-5.127979532247383,10.728294430925976,276.33183365152024
7692,321,12,-0.19,11.6,427.8,False,True,-4.479477814862379,11.540837494560522,179.54756753818805
7693,321,13,3.5,2.7,472.9,False,True,-5.828813555609068,14.596540901485634,250.21035555289652
7694,321,14,3.46,5.34,563.5,False,True,-5.597489472229339,13.517172636090804,219.91974888214796
7695,321,15,3.4,7.26,446.4,False,True,-5.440839991317702,9.596173162604229,332.4711322429489
7696,321,16,-0.13,13.89,259.9,False,True,-5.344257552265696,13.963345865028812,196.59668844287896
7697,321,17,2.97,14.31,283.8,False,True,-6.585098324444175,11.145126501646947,131.99787505644247
7698,321,18,-0.9,7.97,189.0,False,True,-6.8364063611188,13.879346737932549,178.68608212506226
7699,321,19,0.88,5.82,170.3,False,True,-7.973058753830605,11.539745354482767,154.3217159975376
7700,321,20,-1.93,6.01,208.5,False,True,-7.382593909992858,11.640411972998352,110.70695552740864
7701,321,21,-1.77,17.71,193.6,False,True,-8.311065883661675,14.099888757674453,95.6529746299155
7702,321,22,-6.49,12.73,79.7,False,True,-8.805038620261394,11.001464390365504,63.58165382245089
7703,321,23,-2.45,8.81,46.4,False,True,-9.88135201521687,11.41890242214225,28.48594650703783
7704,322,0,-1.56,8.1,0.0,False,True,-9.355808816852598,11.553494293863118,4.204703728802414
7705,322,1,-2.5,7.72,70.8,False,True,-8.742796023352296,8.544264967430522,30.84373911616765
7706,322,2,2.04,2.34,79.3,False,True,-9.04351786112437,8.955269214690436,66.85584029698705
7707,322,3,-3.48,1.16,96.5,False,True,-7.775817914950619,7.9890970273863,87.64498650887683
7708,322,4,-1.87,6.47,232.3,False,True,-8.160668217288181,15.870497865104122,115.7631873681248
7709,322,5,-2.07,3.78,261.6,False,True,-7.1609667452564025,14.429229592288676,167.26017880750442
7710,322,6,-0.87,23.15,170.4,False,True,-6.738036507917278,8.654248134847023,164.02775654286057
7711,322,7,2.84,7.84,408.8,False,True,-6.5607638992108095,12.600282848945014,132.8765067723495
7712,322,8,4.21,2.96,340.0,False,True,-5.136136228146701,13.20477551268401,215.22512850410124
7713,322,9,0.27,8.23,403.9,False,True,-4.821200538068005,12.22236253930659,254.79948021640786
7714,322,10,0.54,8.47,465.1,False,True,-5.524752933435914,8.10956331324837,278.1362026724649
7715,322,11,-0.13,8.35,256.3,False,True,-5.121717794353797,13.83626802189633,257.1110671273502
7716,322,12,4.87,5.22,302.1,False,True,-4.844180858236215,10.513192458780786,268.50357128669776
7717,322,13,4.43,9.18,403.3,False,True,-6.137690624135534,14.809206144713848,293.2528790803997
7718,322,14,1.78,9.49,291.6,False,True,-5.600025448916333,14.019645816583031,248.63058197097752
7719,322,15,-1.12,9.14,260.5,False,True,-4.8288033122530765,10.436021791740197,274.39071164106747
7720,322,16,-1.36,6.31,309.2,False,True,-5.302131208880133,10.042275491909074,218.83788363549493
7721,322,17,1.11,14.82,312.3,False,True,-6.416225339536377,10.351649313264947,150.70990863654006
7722,322,18,1.35,13.3,386.0,False,True,-6.509566076251164,10.773872914397177,123.22639342195073
7723,322,19,-4.39,22.51,276.5,False,True,-6.867815423173561,15.209058369967968,119.28109352430967
7724,322,20,-1.39,4.97,287.3,False,True,-8.00158865977342,11.892970846123502,134.27100037549278
7725,322,21,2.08,4.66,154.8,False,True,-8.362088537194841,11.215857089934874,135.69495590120582
7726,322,22,-1.91,9.59,106.1,False,True,-8.98114260429312,11.365286671985894,65.34531606281487
7727,322,23,1.3,18.46,46.0,False,True,-8.919692271377697,10.621735228664985,34.21258415356448
7728,323,0,-0.28,9.93,0.0,False,True,-8.157664252955145,9.97262869195499,4.204703728802414
7729,323,1,-3.68,3.18,39.4,False,True,-7.900318629111872,9.184100833595341,43.201598546628354
7730,323,2,-1.9,6.89,68.4,False,True,-8.07056330859389,11.134239317429293,62.05802710413861
7731,323,3,-1.25,9.55,188.8,False,True,-8.159348826068225,14.749263455203838,106.39130208480114
7732,323,4,-2.49,4.77,182.8,False,True,-7.816144808738361,8.860729422317943,147.25966699533103
7733,323,5,-2.04,11.49,153.0,False,True,-7.701343902938763,14.210239476140863,135.30535861134607
7734,323,6,3.43,5.92,361.2,False,True,-6.515513117713908,8.815919954065269,116.75749888048463
7735,323,7,-1.02,7.22,263.2,False,True,-5.2510901504539955,9.440470105741829,170.0729559517928
7736,323,8,3.57,2.07,486.4,False,True,-5.294349248444402,14.439245751626968,227.66206846946662
7737,323,9,0.96,3.12,495.5,False,True,-4.5934934259549856,8.437862497168105,255.4082676461632
7738,323,10,2.1,2.18,337.4,False,True,-4.822976942222281,8.39934470449937,260.81861763114057
7739,323,11,3.47,10.44,322.1,False,True,-4.6233472703065255,11.381442792946219,274.92016291557786
7740,323,12,1.22,5.77,597.5,False,True,-3.581809884081351,12.093200886775454,254.68955944875083
7741,323,13,3.49,12.06,530.5,False,True,-4.549719572499311,10.922395042775408,280.4691523456991
7742,323,14,-1.94,16.67,554.0,False,True,-4.67387655593111,10.566162921224123,183.27427898595926
7743,323,15,2.71,8.98,227.4,False,True,-5.818295187475585,10.873577802154069,167.25587528589676
7744,323,16,-3.52,2.06,394.4,False,True,-5.486147213630214,11.16318540652044,201.04078153666669
7745,323,17,0.48,4.47,266.6,False,True,-6.100224772776347,10.17287682470516,141.2600509442994
7746,323,18,2.13,6.82,265.1,False,True,-6.296480272490433,10.130148191107608,179.48495325409291
7747,323,19,1.14,5.68,166.1,False,True,-6.999906099265733,10.941241529229039,130.7062647890385
7748,323,20,-3.18,8.36,254.7,False,True,-7.333119456921744,15.012959556961173,129.25620704785885
7749,323,21,-3.34,5.2,164.3,False,True,-7.597923637972911,12.644170971440248,136.6127645719502
7750,323,22,-2.69,6.43,135.9,False,True,-9.163517366855409,10.752848039887354,64.356674318374
7751,323,23,-1.14,4.02,36.8,False,True,-8.553793373809642,10.26927091648312,40.10603150551151
7752,324,0,-5.49,9.81,0.0,False,True,-7.959674445359402,9.157572745579468,4.204703728802414
7753,324,1,-1.38,7.67,47.7,False,True,-8.772069083308542,14.049718765742801,38.3253254541632
7754,324,2,-0.53,8.92,150.8,False,True,-8.391483171340585,8.948627455242466,51.354733103454514
7755,324,3,-1.4,7.1,185.0,False,True,-8.08834209030108,10.542959585389895,99.06747334823716
7756,324,4,0.63,10.69,139.6,False,True,-7.683714043111742,14.098840667544358,130.65666166743458
7757,324,5,0.51,5.25,317.5,False,True,-7.077001731184822,9.781869148365672,110.88046256398847
7758,324,6,-0.51,7.46,312.4,False,True,-5.9723174000578565,12.882516356373285,143.18439458998827
7759,324,7,-2.78,25.74,244.3,False,True,-6.313737829857741,8.168935379877638,164.28062934166007
7760,324,8,1.84,3.64,266.2,False,True,-5.968668984186833,15.456524829285053,243.8637792270624
7761,324,9,0.08,12.4,538.7,False,True,-5.167025544982593,13.012340764934953,267.0521829870676
7762,324,10,1.15,19.93,579.1,False,True,-5.064264914753942,12.467009792982314,253.7339359487815
7763,324,11,3.47,9.37,443.6,False,True,-5.376213328803972,10.583233922831235,248.20842058591543
7764,324,12,5.41,1.31,307.4,False,True,-4.355780068819717,14.736680218012893,288.54903531740723
7765,324,13,2.43,3.74,359.4,False,True,-5.661944205597618,12.036635317516891,284.4499477631945
7766,324,14,3.42,2.23,305.5,False,True,-5.746853177566025,10.343497012108823,289.0121737410569
7767,324,15,-0.9,8.41,423.8,False,True,-5.201072489095737,9.579270826491634,224.7182172433297
7768,324,16,2.07,7.15,332.6,False,True,-6.474495374267389,13.163273733869948,223.2057035435026
7769,324,17,0.97,15.14,298.4,False,True,-5.4366799426318595,12.126466098432646,139.6974477818012
7770,324,18,3.03,15.38,373.7,False,True,-5.865652141344241,10.412216391598962,169.1719368286422
7771,324,19,-1.02,6.87,357.3,False,True,-6.310300407880234,13.990601607604162,106.67740919846014
7772,324,20,-0.91,7.14,155.5,False,True,-7.627748974101632,10.661584020296102,139.3213295295201
7773,324,21,1.28,5.44,148.9,False,True,-7.752707611052283,12.56563133666624,107.8535809661742
7774,324,22,-1.34,9.14,112.1,False,True,-8.333789932417927,11.079703604067854,73.78959821646727
7775,324,23,-3.57,4.33,42.9,False,True,-7.891528123633732,12.365893008248994,41.01213672336325
7776,325,0,3.83,6.72,0.0,False,True,-8.80568337585654,9.196684079131739,4.204703728802414
7777,325,1,-3.36,4.51,33.9,False,True,-7.907769608723717,8.971505260323301,30.84373911616765
7778,325,2,-1.13,8.11,66.0,False,True,-8.102595301594747,9.47730943112063,69.5863063995663
7779,325,3,0.01,12.01,200.2,False,True,-7.480720371558173,8.741211067529129,100.577161741292
7780,325,4,0.26,3.16,181.0,False,True,-6.672431154887211,10.203631622724373,98.12715101864516
7781,325,5,-0.17,6.49,301.1,False,True,-6.436073541923414,12.645045571205197,104.64585394328327
7782,325,6,0.36,13.9,190.8,False,True,-6.0381333172131395,8.64075983024224,173.70255037771815
7783,325,7,0.78,15.98,382.0,False,True,-6.365710833866672,7.842916726975414,148.9108064337253
7784,325,8,-0.5,5.46,411.5,False,True,-4.987667541176932,15.083491537026122,237.08135651893065
7785,325,9,6.44,4.63,494.9,False,True,-5.479339734732154,8.522330135287595,245.85858978917415
7786,325,10,2.02,1.02,303.0,False,True,-4.771680472048582,10.199730481784197,308.2569462397629
7787,325,11,3.85,12.67,434.7,False,True,-5.459207119104204,12.212338191170304,291.54606361063645
7788,325,12,2.06,12.26,564.4,False,True,-4.928053160060175,14.653830706674743,240.71603420398657
7789,325,13,1.95,22.65,316.4,False,True,-5.021461726903451,12.57795851644425,284.0083351281543
7790,325,14,1.55,21.05,275.2,False,True,-5.621741986124269,12.781087711789887,226.9994241646991
7791,325,15,-0.96,7.15,336.4,False,True,-5.15754572819776,10.36920714376134,253.89292827704492
7792,325,16,1.41,12.87,508.8,False,True,-6.1190306509380346,9.654454602578056,211.21409403124224
7793,325,17,0.43,5.63,235.4,False,True,-5.617374258630933,10.397460249511568,145.14396368946217
7794,325,18,3.07,6.35,200.1,False,True,-5.778185088640697,10.388555963255529,162.66592750758397
7795,325,19,-2.18,8.39,364.8,False,True,-6.340542992275254,10.419014025039417,126.87924621514962
7796,325,20,-1.43,4.54,190.8,False,True,-7.703474155884867,11.2060322419426,122.93117044282606
7797,325,21,-2.48,11.12,112.4,False,True,-7.528834986522029,14.566755027718807,74.54245524147723
7798,325,22,1.88,7.79,114.2,False,True,-8.824354694184374,10.93950740219287,67.5381339155008
7799,325,23,-2.94,2.4,32.0,False,True,-8.490911670930814,15.472929532756826,35.673488585414646
7800,326,0,0.0,13.02,0.0,False,True,-8.252180049527617,8.742729411365316,4.204703728802414
7801,326,1,0.89,4.33,33.0,False,True,-7.979451555918814,13.644690480261003,36.1823872541162
7802,326,2,-1.15,4.57,114.8,False,True,-7.627358680133491,7.818825876427455,57.994518055604736
7803,326,3,-3.29,6.32,177.9,False,True,-6.916022787927192,9.19556841081298,124.93526669775832
7804,326,4,-2.85,9.27,120.6,False,True,-6.838387210406576,15.038566111960128,93.11855634854861
7805,326,5,2.08,8.66,258.5,False,True,-6.734460363069398,10.327027402223102,125.55869039378545
7806,326,6,-1.64,15.19,410.3,False,True,-6.076133947425425,8.438882854787538,135.52408041322738
7807,326,7,2.18,23.44,304.1,False,True,-6.2360587751960095,8.321333541230311,172.61087557522146
7808,326,8,2.11,3.0,505.4,False,True,-5.364880290435864,14.547554150984292,232.16866591418707
7809,326,9,3.05,4.0,542.2,False,True,-4.793051209134255,9.26076398604014,274.0359776614761
7810,326,10,3.55,2.84,315.4,False,True,-4.592940858763356,13.39942125722324,299.9033372104367
7811,326,11,0.94,2.81,444.0,False,True,-4.409981782354363,10.595453757913706,289.79693619104614
7812,326,12,0.93,5.93,538.9,False,True,-4.709605035997453,11.869114990014925,288.8486281549833
7813,326,13,4.24,12.55,491.1,False,True,-4.8502969296211225,12.020023260555911,245.298798311482
7814,326,14,1.35,7.77,496.1,False,True,-4.480229704781994,10.7665208236224,223.1139811802665
7815,326,15,-3.21,9.45,308.5,False,True,-5.692861770731081,10.31755872942682,241.64314786911766
7816,326,16,3.17,11.02,494.1,False,True,-5.485210955411028,9.974725022286577,258.96654031227655
7817,326,17,-0.68,13.01,257.7,False,True,-5.293185669952228,13.10689958134543,158.02305993301647
7818,326,18,1.81,4.84,333.8,False,True,-6.277654768794437,10.860225685321142,130.46704425128317
7819,326,19,3.14,12.12,340.0,False,True,-6.988465845487817,10.593368487246975,177.11039772052422
7820,326,20,-0.09,11.3,184.7,False,True,-6.684473589269001,13.983171616734463,86.17921415926396
7821,326,21,1.45,5.79,167.9,False,True,-7.113474733815501,12.155956543310412,72.56054635242195
7822,326,22,-0.55,4.67,126.5,False,True,-7.335291650317268,10.22022026596416,73.33556684834504
7823,326,23,2.12,6.68,75.0,False,True,-8.549487507354979,15.390276294432963,34.63252358569528
7824,327,0,-3.1,14.97,0.0,False,True,-6.950820875504495,8.84205164204827,4.204703728802414
7825,327,1,-0.93,12.89,59.7,False,True,-7.744430466139039,15.115131518738457,33.23821691098477
7826,327,2,0.63,5.77,75.3,False,True,-8.135218082260028,14.299410566566172,58.31474410967233
7827,327,3,-0.77,12.3,100.8,False,True,-7.031423513897527,9.182146448448774,102.86337375111088
7828,327,4,2.32,10.24,123.9,False,True,-7.295590073623286,9.409744550264563,85.38756157892092
7829,327,5,-0.36,9.31,250.5,False,True,-5.922824203891684,8.53709288795514,131.12894206984714
7830,327,6,5.16,14.36,308.6,False,True,-6.6312345586931105,8.393729535191556,189.37823795775682
7831,327,7,5.78,8.6,215.1,False,True,-5.371334477153934,7.242250875169793,168.65646408501243
7832,327,8,2.58,7.52,264.3,False,True,-5.4094531554171255,14.1010360016823,225.09346121587467
7833,327,9,3.54,2.13,310.3,False,True,-5.357553715010174,11.598585382410722,286.0770731083768
7834,327,10,5.14,10.97,541.7,False,True,-5.116327881089304,16.49944193510266,258.1820596285716
7835,327,11,0.58,4.45,273.4,False,True,-4.5255720600791305,13.437071507964747,274.633069030337
7836,327,12,0.4,4.06,416.3,False,True,-4.163593537716729,13.993508111603159,263.0068672809722
7837,327,13,5.47,7.65,519.6,False,True,-4.482999941043888,10.874002200366938,306.8023451312222
7838,327,14,3.3,4.01,534.4,False,True,-4.772687732762305,10.555251854468315,259.79081405761997
7839,327,15,1.98,8.97,452.3,False,True,-5.82149494177309,10.042748830197965,236.1652959076006
7840,327,16,2.04,8.19,290.6,False,True,-5.164513530323916,10.221408977821369,238.85298117151828
7841,327,17,-3.23,7.82,225.1,False,True,-5.7673214752857564,10.071399316487307,153.8547533985539
7842,327,18,0.64,6.68,209.9,False,True,-6.362180878591964,13.922873829287377,177.42064769834943
7843,327,19,-1.0,10.8,314.9,False,True,-6.806588134971224,10.307232925222154,129.47644595312786
7844,327,20,1.86,8.99,173.4,False,True,-7.100911276388627,11.177662131331545,129.4894073569808
7845,327,21,1.6,8.91,138.4,False,True,-7.136354398831981,12.65929001838551,88.31677839081327
7846,327,22,0.44,4.7,78.5,False,True,-7.306870739948477,13.75288555767337,71.74327223753828
7847,327,23,-0.12,7.0,51.8,False,True,-7.438398285496504,14.412180722064866,50.865238692018394
7848,328,0,-3.84,19.66,0.0,False,True,-7.23166983100906,8.623668672555537,4.204703728802414
7849,328,1,0.41,6.95,48.1,False,True,-8.147957564958688,9.815922819289108,64.21634993276234
7850,328,2,0.69,5.05,65.3,False,True,-7.298865705549455,15.276417345999784,64.55317510803853
7851,328,3,2.24,6.86,155.6,False,True,-7.143284234593504,8.700878884878568,72.26040067508228
7852,328,4,4.4,7.01,140.1,False,True,-6.651291167541751,8.822915406103993,81.63922995912326
7853,328,5,-2.74,6.86,263.5,False,True,-5.854076453200051,9.09993899774351,130.2619838492579
7854,328,6,0.38,10.92,340.1,False,True,-6.474800442420351,8.584920237400834,177.13799317225465
7855,328,7,0.19,9.6,346.4,False,True,-5.006004179288604,9.27454791463441,176.15171717521721
7856,328,8,2.5,3.46,253.5,False,True,-5.118438344855798,8.868344099322695,239.4051910540868
7857,328,9,2.6,6.48,426.8,False,True,-4.9128705180095364,14.224675136269017,264.8923043154934
7858,328,10,2.42,7.81,375.4,False,True,-4.161588071958104,8.800395705725162,273.5969358501112
7859,328,11,5.15,4.94,366.2,False,True,-4.8271239490219715,14.469878247080132,256.32008603856485
7860,328,12,0.96,8.19,293.6,False,True,-3.7991068852791425,14.286906204120278,300.5204914255307
7861,328,13,1.01,5.25,592.8,False,True,-5.258057343409556,10.59036965048919,316.61791936790337
7862,328,14,0.84,7.24,368.4,False,True,-4.71927512716318,13.812796720969589,276.0214055125452
7863,328,15,1.85,4.39,373.5,False,True,-5.485457308404399,10.264601745694804,222.1034864856091
7864,328,16,-0.3,6.84,237.3,False,True,-5.075782682393442,11.062176854038162,141.86847641330343
7865,328,17,1.58,9.72,383.3,False,True,-6.7848880895412975,10.499565623309838,136.57253913724122
7866,328,18,0.83,10.39,241.7,False,True,-5.797835264694645,12.705686582041535,172.63385671017645
7867,328,19,-0.93,7.31,308.3,False,True,-6.510975199750404,10.560165285394401,149.2250429680644
7868,328,20,1.91,18.13,132.1,False,True,-6.7315884827437795,10.392501395122732,115.42166706750128
7869,328,21,-0.37,8.6,132.7,False,True,-6.556437026750043,10.628162356555613,75.33444507837795
7870,328,22,1.55,10.54,131.6,False,True,-7.802379357243467,15.313364519783024,68.78075885735137
7871,328,23,-1.16,13.26,49.9,False,True,-7.140687716304428,9.032061893048217,48.567859411422184
7872,329,0,-0.75,4.99,0.0,False,True,-8.03184455820254,8.672638345625534,4.204703728802414
7873,329,1,-1.76,9.67,68.4,False,True,-7.350935123422558,8.536704655400266,33.7879094592991
7874,329,2,-0.45,8.15,152.1,False,True,-7.257936643707421,14.877048953800978,51.10981607094675
7875,329,3,1.3,9.85,143.7,False,True,-7.163530898230935,9.312824425687076,92.11332943145813
7876,329,4,-0.53,26.69,231.9,False,True,-5.71456636124498,8.329248332670801,80.4564834620898
7877,329,5,1.81,4.54,227.8,False,True,-7.069448975620098,11.921753706319972,163.04324725006586
7878,329,6,-0.33,17.75,311.0,False,True,-5.519606343906969,12.205880940461894,171.92457749153056
7879,329,7,3.33,7.48,401.3,False,True,-5.3416227398033325,7.883043910048428,192.05800496489582
7880,329,8,1.13,6.16,405.2,False,True,-4.786736370313293,14.832481927950234,216.30660256787087
7881,329,9,4.41,1.74,326.4,False,True,-4.633127979778504,7.750316489932448,247.31165108281505
7882,329,10,3.15,12.83,299.7,False,True,-4.900180744355658,8.030159273490826,279.2425183704704
7883,329,11,6.27,11.3,432.2,False,True,-4.297146669618963,14.775294611380813,295.49095791271253
7884,329,12,0.99,6.6,477.4,False,True,-3.98481682159648,11.549641154471166,257.57268168655435
7885,329,13,0.27,2.48,443.0,False,True,-5.5885241501665375,14.211804063841923,317.31496243258766
7886,329,14,1.79,7.64,276.4,False,True,-4.32658895114569,10.942749008511328,272.3391711869664
7887,329,15,-0.06,3.24,339.8,False,True,-4.917184948892987,13.778875156575152,288.56087575287245
7888,329,16,-0.47,12.19,440.0,False,True,-4.9726096532065664,10.601397427779446,212.64842435680663
7889,329,17,3.05,6.49,232.3,False,True,-6.384004218313649,10.087130227364684,168.9529745282654
7890,329,18,1.29,4.33,394.6,False,True,-5.689746491458272,9.893416986666889,156.67310174189907
7891,329,19,-0.18,8.31,248.3,False,True,-6.878764005194974,10.988832746592294,153.15576351754405
7892,329,20,-0.48,8.92,262.4,False,True,-6.28449361659713,10.443649136166421,76.58004036581777
7893,329,21,-1.32,9.45,138.8,False,True,-7.131191094761911,10.998846419250528,92.83080529875464
7894,329,22,2.86,4.48,95.6,False,True,-7.502564580052939,10.786116416895258,64.356674318374
7895,329,23,-2.11,26.64,76.8,False,True,-7.280488278855782,10.492837669671076,34.33626651399485
7896,330,0,-3.22,6.57,0.0,False,True,-7.439035557358581,16.48556208629333,4.204703728802414
7897,330,1,1.08,2.06,36.1,False,True,-8.246443809687985,9.14595157580521,43.201598546628354
7898,330,2,-0.74,21.97,151.3,False,True,-7.396538949373546,7.491967058692158,63.13557517371122
7899,330,3,4.09,6.92,143.5,False,True,-6.544853698286029,8.83238501235715,89.35771352517092
7900,330,4,-0.63,6.86,247.8,False,True,-5.958443499212443,9.99007381311741,94.49276086716854
7901,330,5,2.6,8.39,174.3,False,True,-6.725490430832959,11.439762538333019,163.04324725006586
7902,330,6,3.59,15.86,387.4,False,True,-5.504708247005439,8.531667146267846,138.8704563542597
7903,330,7,0.9,7.07,464.3,False,True,-5.106002561553563,8.777671550248652,170.0972526921546
7904,330,8,0.94,7.52,327.2,False,True,-4.891335409470665,9.076524501741531,225.7913726917652
7905,330,9,4.32,5.47,269.9,False,True,-4.300182229493276,10.890398848244539,276.40766583670745
7906,330,10,4.3,7.07,425.7,False,True,-4.41565074183866,8.590869332361112,260.5071516990003
7907,330,11,0.53,9.55,295.7,False,True,-4.637315511095807,11.01383998745732,272.43731087989346
7908,330,12,1.17,9.66,399.2,False,True,-4.196797135314886,11.856707264313682,306.84697516594497
7909,330,13,-1.72,13.77,460.2,False,True,-4.64486109214983,14.985285018845259,296.75793563549263
7910,330,14,4.35,2.37,280.3,False,True,-5.3399312814837065,10.754334273849794,225.95626242487333
7911,330,15,2.31,11.02,537.0,False,True,-4.69058343006337,13.25471510243578,257.4355594772957
7912,330,16,2.1,10.22,427.8,False,True,-5.632624158399125,10.307205589550263,244.18126168835497
7913,330,17,-1.44,3.0,293.6,False,True,-5.279415264859223,9.61011852378916,127.29868844731199
7914,330,18,-0.77,13.62,275.5,False,True,-6.238507999083494,15.169276231301176,184.87949065748376
7915,330,19,-0.05,3.37,332.0,False,True,-6.70553570527906,10.065327164300083,200.4556458487355
7916,330,20,-0.92,9.68,205.7,False,True,-6.545676790642397,9.9729684382432,105.38769310086003
7917,330,21,0.24,2.1,227.8,False,True,-7.819772464436942,9.815022008707608,70.65571184801523
7918,330,22,0.86,4.31,67.9,False,True,-7.003539325904821,13.664366277750224,57.83025876390604
7919,330,23,4.03,9.82,44.1,False,True,-7.981076884019201,11.051286094603928,47.4297958974819
7920,331,0,-0.49,10.03,0.0,False,True,-7.004379429290939,9.134159282056348,3.5827763381258118
7921,331,1,1.85,6.72,37.7,False,True,-7.410594635477055,14.71577161097677,40.097875858303716
7922,331,2,-1.84,14.26,95.3,False,True,-7.044407768144326,7.597870633624969,75.60416396103992
7923,331,3,-3.22,9.71,163.5,False,True,-6.449229679240054,7.6584669889427985,74.45471726394274
7924,331,4,-0.16,11.79,167.0,False,True,-7.2658141448802915,9.006978545357372,130.82280295561472
7925,331,5,-2.17,6.88,182.2,False,True,-6.052905058747834,9.354664909285084,113.83567722229314
7926,331,6,1.58,3.96,238.0,False,True,-6.546783828651116,8.376707499754653,158.0785714311213
7927,331,7,0.5,3.94,214.0,False,True,-5.387167955585548,8.872164231473658,187.18445593010566
7928,331,8,-1.36,6.1,268.9,False,True,-4.805640714605831,8.631362283524139,204.94928150494906
7929,331,9,6.43,4.42,242.0,False,True,-5.50225256197146,13.83556030636389,242.12175479465685
7930,331,10,2.2,4.25,563.0,False,True,-4.4575792110115975,8.32955959878628,250.91694468843923
7931,331,11,0.2,2.69,295.4,False,True,-5.322496231050772,11.031187998289125,258.0746463811187
7932,331,12,5.34,21.32,240.5,False,True,-5.534077324608637,11.465585931220376,287.2675717215477
7933,331,13,2.02,2.65,579.7,False,True,-5.381284906325492,11.850210918818494,298.04964596263466
7934,331,14,5.46,6.25,495.6,False,True,-4.7805972968617105,13.562499304858681,236.69094896737207
7935,331,15,1.49,2.25,310.5,False,True,-4.791607804940537,10.286523048200403,284.15721035140365
7936,331,16,1.47,5.94,481.9,False,True,-5.591177856126985,9.692639067492308,211.44913076793407
7937,331,17,2.75,9.54,439.3,False,True,-5.586949208166191,13.953702817037655,149.67598886481116
7938,331,18,2.73,4.33,358.3,False,True,-5.601151212674365,10.812783996788895,133.22086104487235
7939,331,19,2.57,8.44,275.9,False,True,-5.695034338723015,14.31330434412567,151.41545466724077
7940,331,20,0.37,8.16,225.2,False,True,-6.721149489876277,10.439955240758179,147.31082016950225
7941,331,21,1.19,5.02,225.3,False,True,-6.685376589334429,14.835468492847347,95.3414359471702
7942,331,22,1.31,2.57,105.5,False,True,-7.037030881651718,14.17106565009144,55.814972358118624
7943,331,23,0.02,14.52,69.3,False,True,-7.688799762625019,10.545254340213425,39.097704738197145
7944,332,0,-0.62,11.05,0.0,False,True,-7.013452503157876,8.10485305180091,4.384719448629981
7945,332,1,-3.16,5.0,64.3,False,True,-7.10176557412575,10.570584866888595,31.023754835995206
7946,332,2,1.13,15.2,154.3,False,True,-8.336227995751258,8.999662706226962,71.34035897499741
7947,332,3,0.34,10.78,93.2,False,True,-6.957221453570785,8.66254249046823,102.52006255743385
7948,332,4,-0.16,9.87,166.4,False,True,-6.224261553613244,10.288350601352619,103.33934732491035
7949,332,5,3.7,18.34,318.1,False,True,-6.561402482382624,7.3374434430023046,95.49364243514222
7950,332,6,-1.19,9.9,356.5,False,True,-5.0955761034264,12.413748477990286,170.0272226658898
7951,332,7,5.47,12.47,400.1,False,True,-5.7980583369769425,13.408963591038015,179.59168586263573
7952,332,8,2.62,7.55,514.1,False,True,-5.275856607600453,8.10885551143988,212.99843010117135
7953,332,9,3.72,8.51,253.6,False,True,-4.759150659369173,13.994641361077027,239.57939873493535
7954,332,10,2.61,9.57,466.6,False,True,-4.9491535864276,13.679177227399219,276.24129656205577
7955,332,11,0.26,13.18,466.8,False,True,-4.493066222651239,14.425399954127018,281.60535479434014
7956,332,12,3.39,8.91,314.1,False,True,-3.8913525345418205,10.746670471598266,266.89723961724246
7957,332,13,4.27,9.42,313.9,False,True,-5.260888864947339,13.163843175632826,331.9052210326332
7958,332,14,4.75,8.3,457.9,False,True,-4.884966555037248,10.959413841630742,288.63174382729255
7959,332,15,2.68,15.43,439.4,False,True,-4.516413364713982,12.283139955880415,230.65821521958264
7960,332,16,-1.72,7.66,394.9,False,True,-4.680587018102584,11.111770167853921,225.30776540078
7961,332,17,-0.9,9.39,322.3,False,True,-6.116108583344936,10.228712496124931,184.46829369069025
7962,332,18,5.77,13.58,344.6,False,True,-6.700830042158313,10.428060832451902,178.30966469932537
7963,332,19,-1.04,5.73,216.6,False,True,-5.955110116723231,10.760894087400638,157.0229687630328
7964,332,20,3.52,16.84,162.4,False,True,-7.052009106520356,10.366367958426078,138.79859329808278
7965,332,21,-1.62,5.43,173.9,False,True,-6.827461830925142,12.107713978200865,127.04319594584297
7966,332,22,-0.43,4.37,119.6,False,True,-7.499491254382071,15.4036504567695,61.766318639390796
7967,332,23,0.99,9.53,69.5,False,True,-7.631116530983698,10.903237837018576,46.952814611025495
7968,333,0,-1.86,5.28,0.0,False,True,-7.035769230148631,9.279026716992373,4.384719448629981
7969,333,1,3.03,15.07,67.2,False,True,-7.701294961392217,14.954346115892848,43.38161426645591
7970,333,2,0.2,19.5,147.6,False,True,-7.110946972655686,8.866156384634623,74.13587832881446
7971,333,3,1.29,19.46,150.5,False,True,-6.760018936781739,10.256956222638829,89.5377292449985
7972,333,4,0.25,4.23,217.7,False,True,-5.90033741361484,10.484276161556462,97.87936931233175
7973,333,5,2.58,4.12,345.6,False,True,-6.161636704215381,9.20737348539688,148.95733060792708
7974,333,6,4.94,2.06,246.1,False,True,-5.718188364326344,8.545568506539194,177.58475766063125
7975,333,7,2.04,5.2,396.8,False,True,-4.941231289602615,9.174613756779221,189.8080350488784
7976,333,8,6.24,12.2,387.8,False,True,-5.360366919120721,8.11970939424573,235.80895348491507
7977,333,9,1.97,9.77,359.4,False,True,-5.269478483578226,9.1624250877801,234.21533203989398
7978,333,10,5.04,6.57,532.3,False,True,-4.999799463255685,9.29176364913181,238.22742938092276
7979,333,11,4.69,9.2,293.9,False,True,-4.810829263173252,10.998382758802165,286.085707732133
7980,333,12,1.64,17.59,252.7,False,True,-4.876399010601885,10.287976864693837,270.846996695035
7981,333,13,4.14,3.49,311.9,False,True,-4.481664859805218,11.254935551932752,329.96046214205467
7982,333,14,3.53,7.64,536.5,False,True,-4.821024822423518,10.07050338329281,263.53926650196644
7983,333,15,1.49,8.37,336.0,False,True,-4.62813482912302,9.955425995679587,251.52805750719384
7984,333,16,3.5,8.11,421.1,False,True,-5.52667484493801,9.928050488781386,223.82724635385293
7985,333,17,2.59,5.11,256.3,False,True,-5.211381672352529,10.118851136301505,167.49668580926564
7986,333,18,1.64,5.0,294.7,False,True,-5.230911710078159,10.16547737027168,148.85394784230743
7987,333,19,1.13,10.23,260.7,False,True,-6.436653855522752,14.016287955563607,163.0883004216545
7988,333,20,0.6,9.91,164.2,False,True,-6.508298659974756,10.73268755119718,129.49665649084858
7989,333,21,-0.37,2.13,145.2,False,True,-6.809611474467874,14.454435754366807,104.38546005783773
7990,333,22,0.33,2.11,86.5,False,True,-7.585326836168524,13.398646906732502,72.78379126574579
7991,333,23,-1.44,18.75,36.1,False,True,-6.9179105517056625,9.25498687195564,51.54989467051688
7992,334,0,5.2,8.51,0.0,False,True,-7.819741089634984,12.125657642839387,4.384719448629981
7993,334,1,-2.86,8.12,57.8,False,True,-7.025455661406667,9.849028325381784,43.38161426645591
7994,334,2,-1.01,4.56,70.5,False,True,-7.3256469678252465,7.715862476395947,73.7155444164947
7995,334,3,-0.53,6.15,141.1,False,True,-7.0499558329789,8.963365933945996,66.74709117901226
7996,334,4,4.97,5.34,203.3,False,True,-6.509705634994541,14.104944388178685,114.02210659027644
7997,334,5,-1.27,12.25,350.5,False,True,-5.391360017218478,12.097711635714838,157.17670003663318
7998,334,6,2.74,11.96,325.1,False,True,-6.095502892033713,14.17073602337742,169.9657743847423
7999,334,7,2.91,8.58,459.5,False,True,-4.8913613192461565,13.340500249439275,175.5721496996628
8000,334,8,3.56,7.91,371.3,False,True,-4.509363607766123,8.265357516598309,230.82567144444647
8001,334,9,5.78,9.34,488.9,False,True,-4.4931110891815615,8.347673719964297,236.39966268402807
8002,334,10,6.05,7.85,265.3,False,True,-4.276040555396447,8.304928478302122,257.6404676617117
8003,334,11,2.92,10.24,439.4,False,True,-4.317567039092624,10.574133604856325,268.5842517442668
8004,334,12,4.28,14.21,367.1,False,True,-5.252264555931037,10.694728015323555,250.81365172089923
8005,334,13,0.09,7.08,497.9,False,True,-5.151939035615783,13.81323592035018,244.18175293227154
8006,334,14,3.82,4.6,537.0,False,True,-5.681377707648657,10.114354843231736,294.1616155043245
8007,334,15,1.72,7.95,458.6,False,True,-4.466634039454675,11.435559201592833,210.48095529502095
8008,334,16,2.52,5.47,235.4,False,True,-5.894028567741468,10.378802577377469,229.0433512990616
8009,334,17,-0.96,3.02,367.8,False,True,-5.3591399661988826,14.075960410095966,160.61783661174755
8010,334,18,2.7,3.93,359.1,False,True,-6.269594227792721,12.3986149445369,160.30026305736845
8011,334,19,-2.02,13.22,152.6,False,True,-6.059759221995804,10.787606525716932,150.06005859906696
8012,334,20,1.19,7.73,150.6,False,True,-6.576580847907505,10.029197356860156,80.89205069683584
8013,334,21,-1.98,6.12,185.6,False,True,-7.118453856116213,14.09963120583756,81.23186863075311
8014,334,22,-1.54,8.34,91.5,False,True,-7.632293507883327,12.341693544451461,67.40805158387136
8015,334,23,2.27,5.69,34.2,False,True,-8.068387515070512,10.148794643770746,37.24994871512612
8016,335,0,1.17,13.42,0.0,False,True,-7.606204347601364,9.06037111304919,4.384719448629981
8017,335,1,2.36,18.64,76.1,False,True,-7.184174402949708,8.589506275042226,62.72796745410679
8018,335,2,3.38,5.86,96.9,False,True,-7.116219426159414,13.323021386763228,58.17453377543231
8019,335,3,-0.96,6.91,228.6,False,True,-6.205072644504241,10.379885178436115,82.77496440764855
8020,335,4,3.99,8.9,274.2,False,True,-6.324002152334332,11.355753090655652,170.4561302809375
8021,335,5,-1.45,3.69,267.9,False,True,-5.915105787023315,9.573527087026031,173.9218933447746
8022,335,6,3.49,2.31,359.9,False,True,-5.8551135007550865,8.616959041124623,172.46439313388714
8023,335,7,1.53,12.67,457.8,False,True,-4.900101981229033,8.193688378262314,175.04587440665364
8024,335,8,1.13,6.05,434.6,False,True,-5.193126855633189,7.904032043114377,228.370009840128
8025,335,9,4.64,5.77,334.0,False,True,-4.308033735242628,8.333672755119661,247.17120324367443
8026,335,10,5.62,9.21,298.9,False,True,-4.736893148988873,8.338454014513554,287.05301116905434
8027,335,11,5.76,4.59,392.0,False,True,-5.148950187374283,10.719918438140084,296.6709029807803
8028,335,12,4.43,5.71,307.2,False,True,-3.6125722868623824,11.09270645429783,272.992975624778
8029,335,13,4.19,3.73,245.6,False,True,-5.291918433957698,11.001319705355428,269.1663670789373
8030,335,14,4.78,2.58,390.4,False,True,-4.500283785228149,14.277175078386875,285.74762258824995
8031,335,15,4.02,5.66,331.2,False,True,-4.570942300273634,10.688959272491878,251.52805750719384
8032,335,16,4.08,4.56,237.6,False,True,-4.783331857108359,13.231020068320872,185.6198487643238
8033,335,17,2.92,4.24,439.3,False,True,-5.5890746421907,13.664534447122676,183.05850132384376
8034,335,18,3.68,7.5,201.0,False,True,-5.4218739851338595,14.64409696650923,167.78431333567016
8035,335,19,-1.78,25.8,284.3,False,True,-6.274904542016919,10.892457906311954,98.76206063547802
8036,335,20,0.73,10.9,222.5,False,True,-6.729119162142128,13.819018027497632,99.29021951173334
8037,335,21,-2.19,10.68,226.7,False,True,-7.498702486106507,11.06197817969185,86.05084734050526
8038,335,22,0.82,4.94,85.8,False,True,-8.046608975540044,10.18218483168925,67.48485263213784
8039,335,23,3.35,7.12,42.4,False,True,-7.491034670398563,12.310658694930295,29.768362377130543
8040,336,0,-0.85,5.53,0.0,False,True,-6.097979234584959,8.423750758216437,4.384719448629981
8041,336,1,0.42,4.97,57.6,False,True,-7.155225291700269,9.040615698663805,50.18518835139744
8042,336,2,1.88,5.14,137.8,False,True,-6.980442636061584,14.48378580689772,64.94549105535498
8043,336,3,-3.45,4.05,115.7,False,True,-6.767298783517923,9.575910805522081,97.874486574457
8044,336,4,0.05,8.39,174.1,False,True,-6.08628578220395,9.514155711210329,123.56409866509749
8045,336,5,2.31,12.34,147.2,False,True,-6.313168949213926,12.759203372460245,136.62299888017824
8046,336,6,-3.7,5.46,353.4,False,True,-5.417019260560115,11.991902653090545,148.87817505812484
8047,336,7,0.66,5.15,283.4,False,True,-5.707292771750063,8.321879600237088,181.88712967623584
8048,336,8,5.3,2.27,281.5,False,True,-4.683079099681325,9.906401922248296,237.21366016158728
8049,336,9,5.52,9.86,422.9,False,True,-4.80473468518564,13.993886261152124,255.2576044889036
8050,336,10,4.58,1.97,319.3,False,True,-4.857723163087366,8.360076656858825,237.54624238263997
8051,336,11,5.79,7.68,258.2,False,True,-3.8892824773773347,15.374132478670003,268.1486051209129
8052,336,12,4.53,4.71,325.1,False,True,-3.9162569997918113,12.382914231231403,261.3266883474979
8053,336,13,5.14,6.42,541.2,False,True,-4.02240344743232,15.339121630253109,272.1958959036614
8054,336,14,3.2,7.9,438.9,False,True,-4.0893823002299206,14.397876346948571,253.79424961822787
8055,336,15,3.74,7.66,378.4,False,True,-4.0391243229329685,14.137677221041411,213.85700009119458
8056,336,16,1.83,11.61,361.1,False,True,-4.321157559219532,14.081696054563379,213.69887382378565
8057,336,17,5.14,2.03,475.1,False,True,-5.363582556298556,14.280881747536368,185.64984239062088
8058,336,18,5.14,10.92,177.7,False,True,-4.902067955116521,9.887143153111628,152.44987423574344
8059,336,19,4.34,8.07,181.4,False,True,-6.6852995645978845,11.377422445288618,87.99931547805039
8060,336,20,0.28,12.2,275.8,False,True,-6.017597946635632,10.340937701464473,132.87014282281032
8061,336,21,-1.23,7.41,165.5,False,True,-7.447292479258496,10.545768099429122,115.7645893608515
8062,336,22,2.92,3.19,154.8,False,True,-7.135440593479505,14.1315638635925,48.470858787048726
8063,336,23,1.25,6.88,63.5,False,True,-6.611513804934952,10.882833677027879,37.748348822465275
8064,337,0,0.85,9.71,0.0,False,True,-6.152854887738749,12.33331776601179,4.384719448629981
8065,337,1,-1.01,10.57,58.6,False,True,-6.3581522594801,12.027689551997494,68.93378164745411
8066,337,2,1.31,7.0,63.7,False,True,-6.821654607505125,14.262715155471852,66.79093898430686
8067,337,3,-1.4,6.57,216.9,False,True,-6.963619356929147,13.643701759220164,95.22506352033766
8068,337,4,2.46,8.0,214.1,False,True,-5.927922328459106,8.520563595786081,131.50796894549197
8069,337,5,4.43,11.43,148.1,False,True,-5.543393705613657,9.15242698046723,127.1111437529684
8070,337,6,5.45,5.73,223.1,False,True,-5.7226575616158755,14.879565571762853,149.56176825303828
8071,337,7,4.12,8.93,290.5,False,True,-4.634730968761951,12.385976498694015,177.241366747697
8072,337,8,0.43,16.11,297.1,False,True,-4.1446507180005,13.893253061353054,227.780377270829
8073,337,9,4.0,21.26,231.0,False,True,-4.76199669473697,9.361464179756691,252.59464163868086
8074,337,10,8.2,11.39,329.3,False,True,-4.333793066442784,13.948242829158787,257.50694048854984
8075,337,11,2.38,6.46,557.9,False,True,-5.1003174929741855,11.742338324418588,260.76251783175593
8076,337,12,4.07,3.69,452.0,False,True,-4.395631761049351,11.97842344633757,255.5401212987504
8077,337,13,6.95,8.69,354.6,False,True,-4.7568628253688034,12.083360387843536,278.32120921931346
8078,337,14,5.16,14.35,262.5,False,True,-4.8981076231464575,10.44556785953734,284.48556189964086
8079,337,15,8.56,7.01,471.6,False,True,-5.08939623432102,9.431544403776671,263.7341058045039
8080,337,16,1.72,12.05,431.8,False,True,-4.181845822784103,10.329780479134186,221.54894711536303
8081,337,17,0.73,11.58,191.1,False,True,-5.795788878315182,11.722120841412085,161.72610175011124
8082,337,18,4.64,7.4,422.6,False,True,-4.902918206779734,10.700833194096475,144.97346449934233
8083,337,19,-0.72,11.07,204.3,False,True,-5.872331761937466,10.22863480571073,135.84116630540026
8084,337,20,0.8,3.92,167.2,False,True,-6.462737035775522,10.95935693559772,110.84298191611687
8085,337,21,0.64,6.64,133.3,False,True,-7.063445716165935,10.649139410872163,137.4218227392115
8086,337,22,2.53,9.19,151.7,False,True,-6.731612451692626,14.265750028680856,77.40743713870535
8087,337,23,1.49,7.31,70.8,False,True,-6.524346357261461,10.144950941416749,53.33753441437751
8088,338,0,1.19,4.15,0.0,False,True,-6.48242045747515,8.952001894486012,4.384719448629981
8089,338,1,-0.46,11.08,54.6,False,True,-6.806922181504458,9.162110182803586,64.39636565258992
8090,338,2,2.98,9.14,92.6,False,True,-6.707221093644918,9.798580793635542,57.929616742924544
8091,338,3,8.92,8.04,138.0,False,True,-6.661998847280751,9.303642166533633,92.12911236643045
8092,338,4,2.66,13.29,178.6,False,True,-4.001936515168167,8.435415495431991,115.76620950907319
8093,338,5,1.96,11.19,335.1,False,True,-5.755029790259622,8.70280536388095,83.3290402602513
8094,338,6,-0.32,1.6,343.1,False,True,-5.817910255362524,14.91810970865583,167.52535211778294
8095,338,7,1.52,8.11,306.6,False,True,-5.3817196862719,9.267085509268227,160.1564606419928
8096,338,8,2.85,7.99,517.6,False,True,-4.620073825037812,8.350540443215987,223.54701704775889
8097,338,9,2.62,6.16,280.8,False,True,-4.3114424879718385,8.490111749149797,224.24065042779387
8098,338,10,3.98,2.04,258.5,False,True,-5.013097671906122,9.148272302039176,231.60130256659232
8099,338,11,7.77,4.83,369.3,False,True,-4.719354437083526,10.02706077693846,301.22014294106657
8100,338,12,6.77,1.75,593.5,False,True,-3.9758159093196035,15.00307097272773,274.3333269428312
8101,338,13,3.89,18.83,246.5,False,True,-4.689307226648507,11.97996802449134,269.9412365431101
8102,338,14,1.59,22.32,260.0,False,True,-4.039486933848188,10.543846857882944,178.5435248157721
8103,338,15,6.37,9.44,335.3,False,True,-4.496708555589112,9.979084400852303,189.7285890478597
8104,338,16,3.18,4.11,515.7,False,True,-3.3825055969499074,9.554243509342829,227.75015252593334
8105,338,17,-0.66,2.18,288.5,False,True,-4.822831978516445,10.572591450269064,103.8465082019922
8106,338,18,3.7,5.93,342.3,False,True,-6.161605192691245,9.809430363071586,120.70803347269327
8107,338,19,3.81,5.5,335.5,False,True,-5.764080148162025,10.046421684747315,138.61575137525702
8108,338,20,-3.57,8.33,240.7,False,True,-5.810055429981784,12.327699324955084,123.01433512916498
8109,338,21,-0.78,6.07,104.2,False,True,-6.987464826737666,10.518723020974052,72.47924652157718
8110,338,22,0.33,20.88,76.0,False,True,-7.405015048086148,11.480105527918825,75.45300399186797
8111,338,23,1.82,12.31,43.5,False,True,-6.646872862709104,10.4591729779409,44.241680326904444
8112,339,0,-0.67,14.95,0.0,False,True,-6.527537588926101,15.332730592632034,4.384719448629981
8113,339,1,-1.23,7.35,69.0,False,True,-7.086771700931971,8.654572414293666,36.19161412481786
8114,339,2,2.09,8.25,78.0,False,True,-6.688211455032812,8.421023302867487,58.73967686200767
8115,339,3,0.01,14.28,144.1,False,True,-6.531065953203687,8.498466883879642,107.88904765430156
8116,339,4,2.45,5.83,145.2,False,True,-5.622580883935029,8.116729980392535,121.82585722284145
8117,339,5,-0.38,9.2,249.8,False,True,-5.238364973776725,8.833638416726433,104.51968978700185
8118,339,6,-0.34,6.07,262.4,False,True,-5.785457777375131,12.016911219241615,183.60013810034042
8119,339,7,4.39,9.46,473.8,False,True,-5.424504333985743,8.683212882892201,167.90170327915394
8120,339,8,3.87,3.43,329.0,False,True,-4.638246942724062,8.369261522340553,233.908457191352
8121,339,9,5.62,5.36,238.4,False,True,-4.598932110382251,9.04000578770984,223.63559100112948
8122,339,10,3.03,8.34,412.8,False,True,-4.481793054446716,11.50823276629387,266.67140308236276
8123,339,11,2.7,8.84,561.7,False,True,-3.8966155589166016,13.757011949472929,243.9657134234736
8124,339,12,7.08,10.55,373.0,False,True,-4.9428025463035254,15.55159215353341,349.6606617963954
8125,339,13,1.25,3.81,530.1,False,True,-4.7674198009749915,10.307681225266611,241.19368756269213
8126,339,14,6.6,8.17,376.7,False,True,-5.856234828707167,10.771108499070964,255.70669146169124
8127,339,15,6.42,2.87,410.8,False,True,-5.185511824428352,9.902346913987282,237.13455040786138
8128,339,16,5.08,6.26,364.5,False,True,-3.6177776123731817,11.621532284824578,269.85810966847475
8129,339,17,1.51,7.47,440.1,False,True,-5.406975886221243,12.212535241755335,152.67714093753142
8130,339,18,0.73,6.9,314.3,False,True,-5.760884229574304,12.632490335984242,148.69330380739916
8131,339,19,1.43,15.9,229.2,False,True,-5.770282371237487,12.766268693641301,145.07778741830145
8132,339,20,-1.23,7.51,258.1,False,True,-6.789126652284274,10.82451810036002,116.04524171022335
8133,339,21,-0.97,9.81,98.8,False,True,-6.8600166010279615,11.648345936276714,73.21515516996784
8134,339,22,1.92,8.35,87.5,False,True,-7.147312444709895,10.209522034058404,61.356874252493974
8135,339,23,1.73,7.26,44.8,False,True,-6.694242081249868,10.095069059647942,37.23648122325302
8136,340,0,-1.66,9.46,0.0,False,True,-6.152854887738749,8.858482412729964,4.384719448629981
8137,340,1,1.86,7.98,70.5,False,True,-7.3381358270120565,8.519402444186758,43.38161426645591
8138,340,2,1.62,7.63,113.7,False,True,-6.63913016417139,8.737923184756403,58.3383229082236
8139,340,3,4.05,6.56,155.0,False,True,-4.593071460210652,8.638302559802021,87.40746083600902
8140,340,4,2.58,5.82,131.8,False,True,-5.286030653345576,12.660820339831977,84.51087050970368
8141,340,5,4.04,5.4,358.7,False,True,-5.355668469883248,8.672304811384244,128.80858509280398
8142,340,6,3.4,7.64,244.9,False,True,-5.287183620714424,9.160746024819893,171.6232442930912
8143,340,7,4.92,7.36,227.4,False,True,-4.3570350403127245,8.786910336652241,185.51990591486577
8144,340,8,0.87,14.06,467.5,False,True,-4.169321406881908,14.739894528937139,233.82989386911575
8145,340,9,3.61,3.21,517.9,False,True,-4.215322053917758,13.941943283549124,244.13157558322106
8146,340,10,4.1,16.52,335.7,False,True,-3.981678908383665,8.757838399044761,244.3749276399152
8147,340,11,3.89,3.87,433.7,False,True,-4.511707411644985,11.06689860014599,312.24019175921876
8148,340,12,5.33,7.22,522.0,False,True,-4.789676363814296,10.993043112595219,212.21506947746954
8149,340,13,5.64,8.89,245.7,False,True,-4.648377505459863,10.631660725884771,275.769403274504
8150,340,14,4.96,4.36,575.0,False,True,-3.7356404893566726,9.996072968727278,252.37440064564262
8151,340,15,3.5,3.82,329.5,False,True,-4.94664917370662,14.3012937631566,283.62343427508716
8152,340,16,1.97,6.8,357.4,False,True,-4.486960434435391,11.022909635525837,213.67710641718432
8153,340,17,5.15,9.94,204.8,False,True,-5.366618709364195,11.380835829273378,164.63604164517326
8154,340,18,3.14,11.26,181.7,False,True,-5.139133787152969,10.173765461144761,131.20495973347084
8155,340,19,-0.11,3.51,170.6,False,True,-5.5400407609047715,11.288758737417607,132.3597423659695
8156,340,20,1.05,6.66,177.8,False,True,-7.253396808201001,10.33460533019883,126.5053338266287
8157,340,21,-2.46,2.59,218.8,False,True,-6.902159027841334,10.256496029411881,70.40278096280176
8158,340,22,0.78,4.41,110.1,False,True,-7.298782775605089,10.38489242692592,64.65529127816612
8159,340,23,0.11,12.81,46.6,False,True,-6.874547442190231,10.43420184139299,35.362231853837194
8160,341,0,-0.63,8.64,0.0,False,True,-6.951905167500371,8.168051552229993,4.384719448629981
8161,341,1,3.75,4.62,43.8,False,True,-7.139489319957672,9.128297131679043,49.58742845980315
8162,341,2,-1.53,12.21,120.3,False,True,-6.261160936336281,9.205334784569738,64.94549105535498
8163,341,3,2.51,4.99,161.7,False,True,-6.195100077404128,8.648544009691758,96.84276514197629
8164,341,4,5.89,7.13,188.1,False,True,-5.356128520535309,14.243258162755835,81.81924567895084
8165,341,5,4.15,2.28,296.5,False,True,-4.694103302351606,14.01847977756044,166.096716791436
8166,341,6,2.45,4.63,269.4,False,True,-5.252594635561025,8.44284434625728,166.3514501074492
8167,341,7,0.77,8.24,420.8,False,True,-4.584951316764849,8.702107458266326,167.6274023380493
8168,341,8,0.79,8.04,394.4,False,True,-4.362978178853474,9.240822179407004,229.14809246938862
8169,341,9,3.11,5.82,289.0,False,True,-5.289093388663936,14.309725632092265,247.3466304956753
8170,341,10,2.87,6.77,288.6,False,True,-3.9711965203710844,8.350330847678965,267.3336238106111
8171,341,11,3.01,10.31,329.3,False,True,-3.8514788173406793,14.571517018547786,268.7242935330336
8172,341,12,3.86,6.5,570.6,False,True,-3.929585371522412,11.020274241315754,284.5755730663802
8173,341,13,4.24,8.9,531.8,False,True,-3.9132579938371586,11.13561455410694,266.6807149979588
8174,341,14,5.22,5.32,569.9,False,True,-4.808953617576844,13.641041873625499,266.8341977260455
8175,341,15,1.45,7.08,469.3,False,True,-5.176297982669872,13.287200669945044,199.199942841876
8176,341,16,2.15,2.17,492.9,False,True,-4.957916672841808,10.32291076943428,223.1280414544463
8177,341,17,2.71,5.53,291.9,False,True,-4.585312693066199,10.245414271773216,165.3718232673065
8178,341,18,2.13,7.5,327.5,False,True,-5.2824258491217355,10.240876948137814,128.19459715326042
8179,341,19,5.67,6.87,231.9,False,True,-5.599167793597764,12.326506128797858,158.8026589777281
8180,341,20,1.98,5.31,275.7,False,True,-5.967344974121716,11.398351604047134,115.22450464407558
8181,341,21,-2.13,4.12,229.2,False,True,-7.1420021008257875,13.265895030539806,117.76936893064294
8182,341,22,1.62,7.63,131.6,False,True,-7.599935670033742,14.357012975734005,64.0808134555434
8183,341,23,1.68,6.76,68.1,False,True,-6.830623901878336,11.03609385351218,34.30779936224473
8184,342,0,0.33,8.46,0.0,False,True,-6.787502544680687,8.486167864124454,4.384719448629981
8185,342,1,-1.77,4.9,35.8,False,True,-6.613589142772849,14.000218701194237,38.505341173990765
8186,342,2,4.37,9.52,107.0,False,True,-7.2374738865875,8.522667429453215,71.34035897499741
8187,342,3,-0.97,3.77,192.8,False,True,-5.780177525308352,14.054207058788833,96.83591717904895
8188,342,4,2.91,3.02,228.9,False,True,-5.643446392579813,9.332043019063441,115.49239466690804
8189,342,5,2.47,12.86,264.5,False,True,-4.94972187118322,14.552447154137141,165.7787959112745
8190,342,6,3.79,3.9,267.9,False,True,-4.82136574803558,12.936355708206332,167.97771342679084
8191,342,7,6.52,7.66,253.4,False,True,-4.591165391078439,8.112886317855654,184.13189640361415
8192,342,8,4.71,6.13,495.4,False,True,-4.516196746050757,8.331380050445027,241.78374160503785
8193,342,9,2.88,13.02,465.9,False,True,-4.2753364820374715,14.021775578433715,237.99750651578714
8194,342,10,6.53,9.71,445.2,False,True,-4.661968009209814,8.226428508988615,214.23781810382098
8195,342,11,3.25,3.07,268.4,False,True,-4.6208687856638075,11.195025314806886,276.2229233308394
8196,342,12,4.91,14.9,280.2,False,True,-4.16641798895601,10.986345214162366,316.95356567788554
8197,342,13,1.93,11.38,392.3,False,True,-4.8067458415700965,10.28161183454881,307.73400354205086
8198,342,14,2.25,5.75,275.5,False,True,-4.768926551698265,14.71551997379322,291.9774691846083
8199,342,15,4.1,3.75,271.3,False,True,-3.903179853297555,10.336354876979946,261.2618859813039
8200,342,16,4.32,7.93,233.2,False,True,-4.437919325109796,14.38233691118295,259.05694952052204
8201,342,17,-0.3,8.15,274.4,False,True,-4.839798949966996,14.329519060766545,150.8481955564452
8202,342,18,3.58,2.4,172.5,False,True,-5.71617321544562,9.885135475006077,138.0039509572223
8203,342,19,0.43,7.65,306.6,False,True,-5.2672655802091635,10.210205125936069,94.09505199870844
8204,342,20,4.14,10.92,227.9,False,True,-5.851401854042545,13.723060827295267,111.76594225912415
8205,342,21,0.47,7.44,161.8,False,True,-6.998128209552343,13.636433882602912,145.76330117558712
8206,342,22,-1.39,6.84,154.1,False,True,-6.59310629705225,10.549393564790028,69.34834847120929
8207,342,23,0.8,6.43,54.0,False,True,-7.045852215704694,10.312590541485237,53.33753441437751
8208,343,0,-1.18,4.59,0.0,False,True,-6.6794450080627,8.601186464569095,4.384719448629981
8209,343,1,3.25,12.01,40.2,False,True,-7.173219365243569,15.068756092617846,36.362402973943766
8210,343,2,0.92,5.92,86.8,False,True,-6.506699513187213,8.840724681823778,71.34035897499741
8211,343,3,0.93,7.93,137.1,False,True,-6.0267758069408055,14.651244229699603,83.57545804921098
8212,343,4,2.83,3.35,298.3,False,True,-5.330346981365659,13.932090577684702,115.09024486532425
8213,343,5,0.12,6.72,345.0,False,True,-4.7967207463022685,9.155787236120709,170.45786205932802
8214,343,6,0.07,9.11,283.9,False,True,-4.825990436441395,14.250460813096806,164.3048839711264
8215,343,7,3.98,5.84,431.6,False,True,-5.358965237270594,8.009251747589182,146.68192143393244
8216,343,8,1.45,5.93,280.6,False,True,-4.177654134383848,9.094350279082787,231.42398027510882
8217,343,9,1.86,7.08,418.8,False,True,-4.038006041121583,8.563015606366205,256.87995468155964
8218,343,10,6.05,8.93,288.1,False,True,-4.293675133053343,8.829842741089596,263.90933026371897
8219,343,11,5.63,7.62,443.2,False,True,-4.021077336349383,14.688520273098236,246.70219602985281
8220,343,12,2.14,17.58,320.0,False,True,-3.4111439333048263,10.733207710876519,261.9448590696784
8221,343,13,3.34,12.87,447.0,False,True,-4.77038329147199,10.884821232709204,269.32207235704686
8222,343,14,2.57,5.27,380.9,False,True,-4.544767121833593,14.311163551428743,259.18346299934115
8223,343,15,7.62,11.68,407.6,False,True,-3.6230983097208127,12.232329688465128,231.66131255267885
8224,343,16,5.46,2.37,258.1,False,True,-2.9078394449143445,10.417059252662188,221.24423694579306
8225,343,17,2.32,6.12,335.1,False,True,-5.639181745936341,10.256983132359428,150.84791015986784
8226,343,18,3.8,2.93,250.2,False,True,-5.659950525892248,13.748469751411,137.37706181192624
8227,343,19,-0.58,9.43,177.6,False,True,-5.196260343842285,9.706910036704652,148.86700818397617
8228,343,20,0.3,5.85,210.1,False,True,-5.864992906764262,10.539216963817266,122.64544298622184
8229,343,21,1.44,3.62,110.9,False,True,-6.32606039816938,10.481196325372325,131.98217249716816
8230,343,22,1.82,10.39,101.9,False,True,-6.901904380358917,10.640312213215426,82.81949669518329
8231,343,23,0.52,3.91,46.5,False,True,-6.253111584530806,11.63392458412354,38.39128707417798
8232,344,0,1.2,9.9,0.0,False,True,-6.06644531521851,13.609164227145806,4.384719448629981
8233,344,1,0.93,8.05,54.1,False,True,-6.98986895105753,8.684888527883354,31.023754835995206
8234,344,2,0.65,6.41,74.7,False,True,-5.943202297689205,13.55154099122859,64.71987073552674
8235,344,3,0.7,11.07,130.3,False,True,-5.786771859526954,8.9808661314391,105.60283564448268
8236,344,4,0.85,4.32,220.2,False,True,-5.455631522382487,15.195578941224047,124.43509535181728
8237,344,5,2.65,2.6,328.9,False,True,-5.21927390941869,9.006144483928388,169.64525920576216
8238,344,6,3.53,3.77,184.8,False,True,-4.430890522751134,9.31409364057199,167.9024118034455
8239,344,7,3.62,17.46,216.4,False,True,-4.369036627450676,14.713613466161668,176.1402493376144
8240,344,8,1.35,4.62,456.3,False,True,-3.995905112590153,11.152241879595252,209.66278313858373
8241,344,9,2.12,5.68,334.8,False,True,-3.9788975558850077,8.540532106050083,257.63882074630067
8242,344,10,5.24,14.28,321.1,False,True,-4.252301258478164,8.438555830261787,239.50702805058864
8243,344,11,7.58,5.68,319.9,False,True,-3.7073432363172483,11.333741778185788,289.49172907457563
8244,344,12,5.01,9.56,589.5,False,True,-4.124543991975496,10.913656500097838,272.6851014010869
8245,344,13,3.82,15.09,420.2,False,True,-4.722072463297323,10.543943948526797,272.23578563722873
8246,344,14,4.89,8.8,287.8,False,True,-4.091151720997678,14.758360473466828,257.9878960959633
8247,344,15,1.85,6.99,356.8,False,True,-4.6371801732646665,10.478751561173123,304.54063729391174
8248,344,16,6.32,10.56,289.1,False,True,-4.274756202769128,10.925130688622808,216.53605422250098
8249,344,17,3.6,1.9,238.6,False,True,-3.7375580174958527,10.418698969438026,137.1596209622165
8250,344,18,1.37,5.64,418.8,False,True,-4.837196743420174,13.744786292360374,112.91801091714211
8251,344,19,1.86,12.98,243.6,False,True,-6.160957023029271,10.008943148840913,112.43551123210592
8252,344,20,0.65,4.65,244.4,False,True,-5.652718723877714,12.241743988133306,138.49961486214931
8253,344,21,3.92,1.37,215.6,False,True,-5.902671295950063,14.883100131680488,91.73573114743365
8254,344,22,0.57,7.6,81.3,False,True,-6.396576308793647,10.692368082825256,71.94138440236289
8255,344,23,1.09,9.62,37.3,False,True,-6.335693892879605,14.272286214316416,29.215654775179747
8256,345,0,1.91,6.03,0.0,False,True,-6.395964277495809,8.620900557372865,4.384719448629981
8257,345,1,-0.65,9.68,64.8,False,True,-6.1236253576232365,8.649580007433226,33.2474437816864
8258,345,2,1.42,8.08,97.7,False,True,-6.359325639519603,9.201353371764103,58.3383229082236
8259,345,3,1.89,24.29,159.2,False,True,-5.721632825225482,8.80684728261331,88.37391370082267
8260,345,4,-1.35,10.66,123.6,False,True,-5.328197527794888,14.01747286816616,143.80917093684647
8261,345,5,2.75,8.08,147.0,False,True,-5.631220637691691,15.381944657430093,129.35363930896227
8262,345,6,2.67,2.18,273.3,False,True,-5.0995629127634965,11.076620347396162,117.45274263793979
8263,345,7,3.54,4.86,233.3,False,True,-4.283336512459981,7.771496692194184,185.87210845936627
8264,345,8,3.83,3.95,454.5,False,True,-3.934647173782807,13.699513792881918,242.91448895333457
8265,345,9,4.69,14.09,538.1,False,True,-3.738415874135167,14.264046779074201,242.83669684823036
8266,345,10,7.17,3.68,553.7,False,True,-3.967071312996235,9.557911152933153,237.56695481710568
8267,345,11,2.33,5.98,404.1,False,True,-4.3289256299896035,13.959878273884144,264.08839889311787
8268,345,12,4.08,8.56,343.3,False,True,-3.3779974433068514,10.736839504864797,269.57073602161347
8269,345,13,6.02,5.34,410.6,False,True,-3.9092657324659155,10.48020357639871,292.76400818167906
8270,345,14,5.45,5.81,268.0,False,True,-3.785806059961086,9.545868160984853,243.2993001911073
8271,345,15,5.09,8.08,535.7,False,True,-5.359459010815437,10.386446323980799,240.03626464239278
8272,345,16,9.27,4.65,417.1,False,True,-4.188078557031201,11.358729039920654,214.85758192330673
8273,345,17,4.51,7.58,272.2,False,True,-2.157632493219916,14.35693707340596,114.60163104868835
8274,345,18,5.02,10.39,363.0,False,True,-5.861674965972007,14.166797211610982,187.0867248846055
8275,345,19,1.63,5.04,199.8,False,True,-5.687723197267657,10.747883766990917,116.92741036473417
8276,345,20,-0.23,3.87,255.3,False,True,-5.805803894959071,14.00891492926589,134.58985737162317
8277,345,21,0.72,15.6,147.2,False,True,-5.94466740334775,14.81476027392207,116.22103521512253
8278,345,22,2.45,15.72,142.6,False,True,-6.315584000810396,11.791074951243619,57.978344555615145
8279,345,23,1.64,6.83,77.8,False,True,-6.226889227472781,11.657994900981315,40.69251916559678
8280,346,0,1.61,7.47,0.0,False,True,-5.84935613074278,9.774306384724454,4.384719448629981
8281,346,1,0.45,7.43,57.2,False,True,-6.28612862899983,8.586463129909625,43.38161426645591
8282,346,2,0.33,5.61,84.3,False,True,-6.145422275740042,8.844635554880501,64.7005740228472
8283,346,3,1.03,6.74,202.1,False,True,-5.830411587235947,9.180613986041966,75.86423300117401
8284,346,4,3.26,2.2,208.6,False,True,-6.073221062852254,9.016896429401585,134.139822992325
8285,346,5,3.97,3.21,361.7,False,True,-4.812296612786915,8.847562650085354,124.56263395034249
8286,346,6,0.8,5.83,395.5,False,True,-4.4731506753130335,14.361586451265227,146.05990576331345
8287,346,7,4.85,5.07,268.3,False,True,-4.717648405110756,12.41653894155032,168.65577281040703
8288,346,8,2.51,3.49,245.1,False,True,-4.0568440335638645,13.90253906995245,270.3727179143474
8289,346,9,5.16,6.73,427.9,False,True,-3.484722616371364,8.866669430874424,280.9903201517334
8290,346,10,4.16,9.82,342.4,False,True,-4.917092267208312,12.581897014255299,245.74594452540074
8291,346,11,7.87,4.66,328.5,False,True,-4.168189425490693,10.633403505902196,256.80207881192695
8292,346,12,3.97,1.73,436.2,False,True,-3.301431075684443,11.146941395432348,199.90264995505834
8293,346,13,5.1,8.09,430.0,False,True,-3.896866427831611,12.207580994773316,252.06783201122954
8294,346,14,5.75,5.91,418.8,False,True,-4.091911478726666,13.904836868449173,216.7706880118187
8295,346,15,2.47,10.64,319.6,False,True,-3.710162786408649,9.785720933199013,282.8274603603735
8296,346,16,3.66,3.06,256.3,False,True,-4.45780570514603,14.654195240408567,228.38683418119572
8297,346,17,2.79,3.77,242.9,False,True,-4.722821313049984,10.544702792498116,159.74697854485436
8298,346,18,1.78,5.73,353.0,False,True,-4.631011032053536,10.75129134604171,167.37041282620947
8299,346,19,1.41,4.22,248.7,False,True,-5.33887703784376,12.20178014970078,107.91082062756198
8300,346,20,4.03,12.27,204.5,False,True,-5.473091858821644,13.797310101628678,130.9623029214055
8301,346,21,0.2,3.16,226.4,False,True,-5.414131668329952,11.104836657712806,118.4594548219935
8302,346,22,2.21,5.62,147.6,False,True,-6.312883497044782,9.937308474874907,68.53928512373031
8303,346,23,1.5,17.34,34.4,False,True,-6.246294483079623,10.022584249457951,56.705665704782525
8304,347,0,-1.94,3.02,0.0,False,True,-5.9336189654967315,8.67152160172499,4.384719448629981
8305,347,1,1.96,7.08,43.0,False,True,-6.552534605569381,9.704863209757901,62.72796745410679
8306,347,2,-1.71,5.97,129.4,False,True,-6.288988038784397,11.385003534154679,57.688622833275616
8307,347,3,2.69,8.69,115.7,False,True,-5.928009391379155,8.596894902940397,120.89442040496063
8308,347,4,0.84,8.25,146.2,False,True,-5.673033298770504,14.388502484752753,113.17593683891296
8309,347,5,2.35,7.98,351.9,False,True,-4.900690260994525,14.279161638396538,109.80003412938946
8310,347,6,0.26,11.01,311.8,False,True,-4.761430342427383,14.013226981508462,188.6120036116764
8311,347,7,3.61,10.87,290.3,False,True,-4.216306369610507,14.940904889392371,159.63280056054063
8312,347,8,5.7,5.03,485.7,False,True,-4.058100890820326,15.066192646781202,247.03324085324823
8313,347,9,2.65,4.93,318.1,False,True,-3.801393459944854,9.019641616398342,247.41983858485452
8314,347,10,3.37,9.6,254.0,False,True,-3.895519585559406,8.59286518349732,234.92814886330672
8315,347,11,5.69,7.61,378.9,False,True,-4.264540625712242,14.628870656873245,290.41921958796854
8316,347,12,5.81,23.34,494.6,False,True,-3.2454629844983005,14.20677633104815,274.3333269428312
8317,347,13,-0.09,7.13,474.2,False,True,-4.053926550969519,11.201347554034939,269.5045168702359
8318,347,14,8.61,5.42,396.5,False,True,-4.276855253619391,13.763068798412753,253.7828576092848
8319,347,15,5.32,9.36,391.4,False,True,-4.773196540828093,10.186479073235928,253.09767905327723
8320,347,16,5.24,4.54,372.9,False,True,-4.538412336602615,14.539283889623363,218.45935223372368
8321,347,17,3.08,32.53,297.4,False,True,-4.840017387544317,14.494834323376153,154.19500267465048
8322,347,18,-0.86,16.68,190.8,False,True,-5.03931336376889,16.62401237065521,182.56825764529393
8323,347,19,3.68,19.53,180.7,False,True,-5.835461974739151,13.739477497083147,158.45071407217415
8324,347,20,0.72,7.87,250.4,False,True,-5.335900875084178,11.29954507590288,137.24987627007727
8325,347,21,2.52,5.8,203.4,False,True,-5.907457231754502,11.029789195727018,102.38785071729728
8326,347,22,0.68,13.7,99.0,False,True,-6.223085519257879,9.299984249096115,67.83816033150607
8327,347,23,1.39,7.22,46.8,False,True,-6.277285484440734,10.301903511945067,40.27801483052215
8328,348,0,-0.66,10.63,0.0,False,True,-6.45186537381728,14.44602874857319,4.384719448629981
8329,348,1,2.68,10.6,32.3,False,True,-6.5058613460829235,9.055144274612092,33.96792517912665
8330,348,2,-1.22,4.61,115.2,False,True,-6.521334285867475,10.426043127787008,64.94549105535498
8331,348,3,5.96,9.25,156.5,False,True,-5.928009391379155,8.955504464069014,120.03984811586363
8332,348,4,6.36,10.36,199.5,False,True,-3.2898967333925913,8.667904808901838,120.03984811586363
8333,348,5,5.64,6.77,146.4,False,True,-3.661348308984709,9.474384272071985,166.61980769556334
8334,348,6,5.44,3.19,409.7,False,True,-4.8734916152947365,8.675328437466264,143.5209860386088
8335,348,7,3.24,13.86,239.9,False,True,-4.862811845227988,8.732544711519449,169.7245736610116
8336,348,8,6.22,17.34,243.1,False,True,-3.9865032980462214,14.356793330211087,233.48100625339197
8337,348,9,4.11,7.45,350.1,False,True,-4.064470683895722,14.099221907449778,274.1085394824085
8338,348,10,1.51,21.08,502.6,False,True,-4.064617139118065,8.128895655510242,242.2808475146828
8339,348,11,7.83,2.86,511.0,False,True,-4.097342648966356,12.810996783053186,263.8491005536633
8340,348,12,7.15,7.66,424.3,False,True,-3.202979017184972,12.12275963229667,283.98466477827964
8341,348,13,4.76,5.58,434.0,False,True,-4.810171374474842,10.08653977765347,284.80881149771466
8342,348,14,2.17,2.86,390.1,False,True,-5.157768119005065,13.603761667037507,265.0848633745577
8343,348,15,3.13,11.08,230.1,False,True,-3.9268700441848963,10.332352265518702,257.4033373072534
8344,348,16,0.25,9.49,294.5,False,True,-3.980322862520982,15.645540146504363,237.50417921333687
8345,348,17,5.3,5.19,301.5,False,True,-4.694853947427086,11.277134032946835,168.7384298549988
8346,348,18,-0.32,15.66,310.8,False,True,-5.200631502874565,11.364096766151654,106.36444876289372
8347,348,19,2.94,6.93,290.5,False,True,-5.891529018067951,10.850637988262918,116.29078240306784
8348,348,20,0.2,7.53,297.8,False,True,-5.562534415326373,11.754574045908369,144.70886868399464
8349,348,21,-1.38,6.43,161.7,False,True,-5.907457231754502,11.936602132646914,137.19646531285161
8350,348,22,1.63,11.85,124.7,False,True,-6.806681204095386,10.666645802672122,67.87128822943666
8351,348,23,0.29,9.32,76.5,False,True,-6.3805455791184045,10.414464454477374,34.799071813649746
8352,349,0,2.6,2.19,0.0,False,True,-6.272436305819453,9.148533980626883,4.384719448629981
8353,349,1,-1.55,7.2,52.6,False,True,-5.652699221610953,8.306150511049733,33.4182326308123
8354,349,2,-0.33,10.55,129.3,False,True,-7.055504410409635,14.078905745641357,71.34035897499741
8355,349,3,-3.27,2.86,169.7,False,True,-5.436423147254796,8.190002527650835,94.70564877005944
8356,349,4,-2.45,10.49,280.8,False,True,-5.716821996119223,8.927642063784798,96.61649158681668
8357,349,5,6.0,9.43,270.2,False,True,-5.620380454211878,8.312890314734457,122.69387397221992
8358,349,6,7.09,4.16,404.5,False,True,-3.646184060839048,11.768593587435463,174.456648888936
8359,349,7,3.62,6.31,232.8,False,True,-2.760322780761079,8.14029559253563,155.28422281739896
8360,349,8,2.27,3.45,458.4,False,True,-4.397456551994834,8.735104156276027,224.5158239824736
8361,349,9,3.74,5.23,292.7,False,True,-3.731611182877284,8.690455734635066,272.1303361555093
8362,349,10,6.4,6.26,248.9,False,True,-3.1598978417627728,8.484244520088659,263.4475528333323
8363,349,11,3.82,9.86,277.8,False,True,-4.2389659302153095,14.13488097340532,301.0245729685416
8364,349,12,5.39,10.85,449.1,False,True,-3.076688474628707,11.178443452771818,276.9561011545062
8365,349,13,4.83,8.04,341.8,False,True,-3.4035905088915244,15.28876776501408,274.7869924645854
8366,349,14,3.51,6.12,281.9,False,True,-4.49084339268493,14.56750634706738,242.11759691033728
8367,349,15,3.28,10.33,431.0,False,True,-3.8012964451180355,10.119086649747317,243.9761139064692
8368,349,16,4.51,7.54,360.0,False,True,-4.067226912736036,10.364612722400501,196.96275967449918
8369,349,17,1.48,8.49,299.1,False,True,-3.8835346327527334,11.91060442767213,145.3597384424064
8370,349,18,3.82,11.12,306.1,False,True,-5.152464257619844,10.17784763762361,176.2342287431773
8371,349,19,1.46,10.02,334.9,False,True,-4.8847139308726915,11.113072213389392,121.85491544610143
8372,349,20,2.17,8.46,250.4,False,True,-5.488360289838866,10.280762242420305,141.0020535220608
8373,349,21,4.27,9.32,160.1,False,True,-5.931977470958596,10.846084572331357,136.6848933808928
8374,349,22,0.85,20.18,138.8,False,True,-5.870487244002347,10.250552932506505,64.91416284955287
8375,349,23,2.83,4.81,71.9,False,True,-5.9124833126824115,10.594773115730396,59.08667600772655
8376,350,0,-2.64,17.22,0.0,False,True,-5.8113537015966985,15.283664330230739,4.384719448629981
8377,350,1,0.07,4.67,38.4,False,True,-6.959138880470603,8.681108458563752,33.2474437816864
8378,350,2,1.27,11.18,72.8,False,True,-6.520109698379079,10.552820693888311,71.34035897499741
8379,350,3,5.38,6.07,179.9,False,True,-5.835580010978593,12.278968261769116,77.9945014101635
8380,350,4,-1.97,9.82,288.5,False,True,-5.384333335083116,9.156536921779631,132.56125894950506
8381,350,5,2.24,2.05,154.6,False,True,-4.8211605505562005,8.316288897659065,122.02097577080174
8382,350,6,5.86,3.3,296.3,False,True,-4.846093095099156,13.57905968430798,152.03875422160948
8383,350,7,1.89,11.5,245.9,False,True,-2.057407209634602,8.687541801651989,166.47228253167154
8384,350,8,3.52,2.69,373.6,False,True,-3.9489469983946712,12.376603778271175,243.25177270775023
8385,350,9,5.02,20.22,506.7,False,True,-3.407995391691989,13.497980391678556,234.3843001612166
8386,350,10,5.05,14.01,505.5,False,True,-3.3688881503649615,8.755165183594505,251.53233478840568
8387,350,11,8.01,10.86,584.6,False,True,-3.7180397997569723,11.505486333351666,250.53056451382685
8388,350,12,5.84,5.9,414.4,False,True,-3.102061247994527,12.060532128525603,244.92789575937775
8389,350,13,7.53,19.68,474.7,False,True,-4.0448815016071595,10.797053239664786,212.4624612078605
8390,350,14,3.96,15.08,544.3,False,True,-4.1567812256423275,11.355934848839176,198.98930096632662
8391,350,15,2.88,4.9,453.8,False,True,-4.450931279456342,10.899854952632987,252.57693598683835
8392,350,16,3.49,8.31,508.5,False,True,-3.8278534297045086,9.651727492291007,230.90195672980053
8393,350,17,1.15,13.4,260.5,False,True,-4.048305904703681,9.98433549337727,166.26727318637742
8394,350,18,3.91,9.04,204.1,False,True,-4.973131991491416,10.924318244841842,151.14665886308987
8395,350,19,1.66,13.42,178.8,False,True,-4.879997896198307,10.251439940052878,150.8246313569096
8396,350,20,0.6,5.77,273.4,False,True,-5.532283830150761,10.275911285517038,133.3943659599573
8397,350,21,2.53,3.94,99.1,False,True,-5.654301582719559,10.28291480565211,98.65936791927848
8398,350,22,-1.07,10.03,137.6,False,True,-5.83165738407072,10.876974138320536,67.96404239962528
8399,350,23,2.56,12.67,53.1,False,True,-6.539694941896376,14.143947758197225,58.48891611613227
8400,351,0,0.01,9.33,0.0,False,True,-6.5752940559637505,10.155863388091719,4.384719448629981
8401,351,1,3.35,4.32,66.4,False,True,-5.9561658478650505,13.809555940554292,33.96792517912665
8402,351,2,0.45,20.94,101.7,False,True,-5.838719080630886,9.249060130723862,90.18111334106882
8403,351,3,2.82,18.45,112.0,False,True,-5.612790144830657,10.093467177890114,94.16909471186312
8404,351,4,2.33,7.87,231.1,False,True,-6.029185643742346,10.82027666588322,119.90379685769834
8405,351,5,3.94,13.37,355.7,False,True,-4.737001889117797,12.167904412881485,157.34421650960408
8406,351,6,3.19,7.48,176.2,False,True,-4.077832601784013,11.120098201926524,173.02387927842182
8407,351,7,0.16,10.11,255.2,False,True,-3.883353891985553,8.205537707488007,130.9738818156178
8408,351,8,5.98,2.56,480.5,False,True,-4.040979598564397,11.295643225433604,251.3127913347497
8409,351,9,4.21,9.9,244.9,False,True,-3.227895952784462,8.799790056205111,257.19767113861565
8410,351,10,6.28,4.18,235.3,False,True,-3.418747408259804,7.796764963489918,264.01938366108146
8411,351,11,6.28,7.93,551.3,False,True,-3.686893822952121,10.82892274107751,308.19206961360385
8412,351,12,3.42,3.39,516.5,False,True,-2.647607850397288,12.758125876968256,283.5686779841675
8413,351,13,3.07,10.39,328.6,False,True,-3.808377778865938,10.726367079093075,268.8831527276879
8414,351,14,6.01,9.25,567.9,False,True,-3.59323373379671,9.905310948618187,312.70958049419
8415,351,15,3.78,7.88,458.7,False,True,-3.590735848152158,13.398195135843887,269.66692150170724
8416,351,16,5.84,11.67,245.0,False,True,-4.081815842921327,9.920720040541969,229.73174417315997
8417,351,17,3.13,9.73,321.9,False,True,-4.228902523028924,10.33593470838649,167.88534924495923
8418,351,18,5.01,3.33,389.9,False,True,-4.1055442033480105,10.153380626681585,158.19586486945587
8419,351,19,3.3,11.5,292.4,False,True,-5.427281981123763,10.70457629979648,113.48994372369839
8420,351,20,2.54,9.81,225.4,False,True,-5.2444108314798665,14.327370741679454,127.54863227114862
8421,351,21,0.81,4.66,149.3,False,True,-5.646007074078173,13.467361567690155,89.65179302241248
8422,351,22,1.7,7.31,85.2,False,True,-6.541267297153041,11.134606560044961,72.32975989762356
8423,351,23,3.42,5.65,60.2,False,True,-6.127384586021117,10.469188750587907,40.51460266053671
8424,352,0,0.87,18.35,0.0,False,True,-5.9679012891365915,9.141547237830924,4.384719448629981
8425,352,1,2.11,3.9,69.4,False,True,-6.030969926012824,15.471231958943369,43.38161426645591
8426,352,2,1.34,5.79,81.6,False,True,-5.539810537808063,9.91006378873587,64.7005740228472
8427,352,3,1.82,7.04,108.5,False,True,-5.06341440039814,7.865235961599806,72.44041639490986
8428,352,4,5.43,7.75,133.0,False,True,-5.654610202044505,8.367920195792916,121.0397067037221
8429,352,5,4.87,5.9,324.7,False,True,-4.275102845770602,9.318077280208433,108.41978409099447
8430,352,6,3.14,7.64,288.8,False,True,-4.243575063687298,9.012373799673934,151.64214651536508
8431,352,7,3.93,9.34,304.3,False,True,-3.8621760813082187,8.394832384952146,159.63280056054063
8432,352,8,2.58,4.92,370.3,False,True,-2.8584700922726354,14.642609277988296,234.73017668335416
8433,352,9,4.05,5.9,417.1,False,True,-3.274461601143821,7.940404496271607,251.10931536368963
8434,352,10,5.33,16.34,538.1,False,True,-3.220752686362285,12.13856518896771,252.55861956664427
8435,352,11,6.62,1.06,360.7,False,True,-3.4839505881304316,11.356902930469046,275.84707682175923
8436,352,12,6.48,11.63,307.4,False,True,-3.208407747743401,15.170903059150183,257.273653017186
8437,352,13,2.7,11.49,548.1,False,True,-4.738307294492641,12.070020308002812,298.3744080732766
8438,352,14,6.67,3.23,398.9,False,True,-3.5755235031146495,10.355334333746551,304.0031076729629
8439,352,15,4.22,17.67,414.5,False,True,-3.848122696292796,10.922664771953349,264.08720534936714
8440,352,16,2.01,6.9,257.2,False,True,-3.465075498794687,10.31902437862068,239.74948309823904
8441,352,17,6.17,12.14,436.6,False,True,-4.472550689695672,10.125037206798108,160.86825267260906
8442,352,18,5.91,7.97,408.6,False,True,-2.2543321824187905,11.494034990212523,196.53741782942302
8443,352,19,2.99,2.52,244.2,False,True,-3.0252667202098076,10.499188348876384,98.84360492884112
8444,352,20,3.4,6.06,123.6,False,True,-5.809754068007344,10.54456474855722,145.60992175294544
8445,352,21,3.1,11.72,95.6,False,True,-5.894076504701688,14.070198447165273,86.90754041442707
8446,352,22,4.04,11.89,90.3,False,True,-6.028723090782126,10.485659770524988,55.01110426471444
8447,352,23,2.51,8.14,54.4,False,True,-6.0820418855960705,12.87971757407702,64.18193819344464
8448,353,0,-1.66,3.82,0.0,False,True,-5.229966294353603,8.480100550640827,4.384719448629981
8449,353,1,5.08,12.32,58.1,False,True,-6.019448639091064,14.818991129668625,43.38161426645591
8450,353,2,3.39,4.92,86.1,False,True,-5.7596489595185805,12.591432372128462,57.44370580076785
8451,353,3,0.56,7.94,120.7,False,True,-5.049244881619199,8.077281347647478,75.25666037444692
8452,353,4,-0.07,9.63,295.3,False,True,-4.981591040364778,8.45965941695036,106.1931174848663
8453,353,5,3.49,10.11,207.6,False,True,-4.6266554445672,12.778762558500938,170.37388380045343
8454,353,6,2.44,9.46,410.7,False,True,-4.13908695672368,7.830383661491936,114.90307034776465
8455,353,7,4.17,4.51,353.6,False,True,-4.080945160664307,8.248077625609069,161.19301848779014
8456,353,8,5.48,5.77,229.7,False,True,-3.3980137938765282,14.398221559101724,221.88088686297817
8457,353,9,3.28,4.44,419.6,False,True,-3.361958686859984,14.107914957439222,267.15687573790984
8458,353,10,2.49,10.51,574.5,False,True,-3.5049514900156726,10.137032829446099,254.33526376911715
8459,353,11,5.7,9.79,537.6,False,True,-4.168660223702913,15.830306484504186,250.3576149893532
8460,353,12,3.93,4.85,349.3,False,True,-2.4241850599816863,12.21834244152424,234.96931629251557
8461,353,13,5.22,11.3,272.0,False,True,-3.5594040405901826,10.814799526490589,299.93093398049666
8462,353,14,2.04,11.27,391.9,False,True,-4.599144005183957,14.362623498408869,306.67205779531184
8463,353,15,3.9,13.17,254.6,False,True,-3.4678873586050374,11.403485431166244,255.6917375001099
8464,353,16,5.42,9.61,300.7,False,True,-3.7659543994375295,10.437448591137027,197.15262969063147
8465,353,17,4.72,9.93,452.6,False,True,-3.7504044377070445,10.179789745599265,191.47937239151514
8466,353,18,1.42,5.99,336.1,False,True,-4.093274752341148,10.490866628360203,165.0467572212558
8467,353,19,0.14,6.77,317.8,False,True,-5.269727321911905,12.504163980790754,139.39092882333017
8468,353,20,2.03,12.54,217.3,False,True,-5.522629579031955,10.824145158249486,125.30009660782721
8469,353,21,2.7,5.33,115.0,False,True,-5.679820406305809,11.098249914089104,70.3489781125877
8470,353,22,2.07,4.62,76.1,False,True,-6.003315093459289,9.748164701610078,59.59826370104492
8471,353,23,0.04,9.98,67.3,False,True,-6.094295780298572,11.224368364932344,34.87478651540743
8472,354,0,1.59,2.27,0.0,False,True,-5.825558097121975,13.076620628696997,4.384719448629981
8473,354,1,4.07,5.16,54.8,False,True,-6.226104804082766,9.019505737100674,68.93378164745411
8474,354,2,1.68,13.42,78.8,False,True,-5.5645956462856825,14.55275818849412,53.114733910073504
8475,354,3,-1.68,14.77,141.7,False,True,-5.149590503033064,8.625358012163517,65.5846336407093
8476,354,4,2.41,11.91,143.8,False,True,-5.278165563381895,9.055662489494358,97.66167762599845
8477,354,5,6.57,7.75,190.9,False,True,-5.2678065710395385,10.184692178580478,149.0980186800189
8478,354,6,0.42,4.64,396.0,False,True,-3.0166682583455353,8.168055837406396,172.61665367901472
8479,354,7,3.58,3.33,395.1,False,True,-3.787769990410503,14.676886043800671,170.988446898829
8480,354,8,3.55,6.23,473.5,False,True,-3.2814336551337266,14.268175650399694,212.51701270939813
8481,354,9,4.61,3.37,512.5,False,True,-3.4027570323481164,14.178920626288516,261.1354727651045
8482,354,10,5.12,15.95,436.8,False,True,-3.410630447273496,8.306109658509621,241.4871826876294
8483,354,11,7.21,17.31,346.5,False,True,-3.487567774023796,12.937737329857493,270.0447225064108
8484,354,12,5.17,6.07,417.3,False,True,-2.941450114597067,12.568223363854967,243.10770950927648
8485,354,13,7.49,6.46,244.7,False,True,-3.286032339734238,11.254869434477804,273.72296799804906
8486,354,14,4.5,10.94,516.0,False,True,-4.188014085502123,10.899328087839752,248.50692350625235
8487,354,15,3.71,3.03,488.7,False,True,-3.73911029025711,11.017955913120028,241.60815693123806
8488,354,16,2.66,6.55,366.3,False,True,-3.7085959641893647,10.427954880468077,193.00561341426751
8489,354,17,-0.12,7.43,298.2,False,True,-4.027703913519366,9.973475606398727,179.36295981190324
8490,354,18,3.55,3.42,213.6,False,True,-4.745173131367373,10.268470010933767,181.42988143148145
8491,354,19,6.59,4.46,162.7,False,True,-4.865027056120661,10.39864421495654,123.5118532313315
8492,354,20,2.92,5.39,178.5,False,True,-4.046054346431424,10.28259677540284,103.5850988969931
8493,354,21,2.96,12.13,221.0,False,True,-5.1470087237547935,12.063922585775703,67.97213283273808
8494,354,22,0.44,14.54,68.5,False,True,-6.677341207967699,13.527693681121663,64.88139398541453
8495,354,23,0.58,9.34,75.9,False,True,-6.052144597825387,10.503240467431908,40.80623753236795
8496,355,0,2.97,7.14,0.0,False,True,-6.386554305815866,14.577867891170243,4.384719448629981
8497,355,1,5.08,13.44,52.0,False,True,-5.682796838595338,10.055234086914341,36.19161412481786
8498,355,2,4.24,11.33,73.6,False,True,-5.430311636158491,9.05230447456066,55.35334083930818
8499,355,3,3.2,19.92,101.7,False,True,-5.6352094904064876,9.460088541006973,68.56604506712357
8500,355,4,2.07,2.72,218.0,False,True,-4.981270821134919,9.524756076432972,113.28438379404943
8501,355,5,2.9,7.56,277.3,False,True,-5.1817364066976275,9.696302178764416,150.36701463468125
8502,355,6,1.49,5.55,280.2,False,True,-3.934567194336248,10.32171860558523,179.7777485690502
8503,355,7,0.62,3.01,272.5,False,True,-4.318484604199942,13.947886044429245,174.88855650474935
8504,355,8,1.75,7.6,212.0,False,True,-3.9665603857709124,9.156065739949556,235.91817324024916
8505,355,9,4.51,18.9,310.4,False,True,-3.4231616453770206,15.11176167808037,225.77952274696543
8506,355,10,4.15,4.03,480.4,False,True,-2.786624902098712,8.397827333740358,272.2169339434245
8507,355,11,1.99,23.6,454.2,False,True,-3.9999819506113266,10.66131434788327,260.0319727340799
8508,355,12,4.92,11.47,296.9,False,True,-2.7900214896266853,12.441463020175696,273.4931961110701
8509,355,13,4.29,13.71,521.1,False,True,-3.8906970066824003,11.412357213723586,273.02370839741235
8510,355,14,2.39,13.66,283.5,False,True,-3.072220402258063,10.437693340718932,284.69844417415123
8511,355,15,3.67,9.37,486.3,False,True,-3.5961853770429304,12.839234135372166,248.2676824212334
8512,355,16,3.36,6.03,367.7,False,True,-3.5904469880485848,9.882222022643651,249.6447510064888
8513,355,17,2.28,3.35,395.2,False,True,-3.9059010700384373,10.142120325657592,157.3773045630652
8514,355,18,4.85,4.06,190.8,False,True,-4.826306931552176,13.925199491295126,177.84876805910457
8515,355,19,-1.32,10.0,308.5,False,True,-5.389840437317201,13.946289690903264,113.20391078167066
8516,355,20,-1.97,6.16,249.9,False,True,-5.709013570750249,11.96632006813461,152.17909438419798
8517,355,21,1.59,4.34,116.0,False,True,-6.902744853425073,10.351495727966835,111.22470142772133
8518,355,22,1.46,8.58,74.9,False,True,-6.429087675684611,11.022543523699465,45.61304364634939
8519,355,23,1.88,9.09,66.5,False,True,-6.191825475182864,10.400336777657614,49.990821920253495
8520,356,0,-0.08,10.96,0.0,False,True,-5.767593883567214,9.86099130244194,4.384719448629981
8521,356,1,-0.77,4.85,61.8,False,True,-5.918726296612078,9.691965618706998,36.19161412481786
8522,356,2,1.25,7.12,63.0,False,True,-6.7121781583653215,8.603146314335607,58.09340587571584
8523,356,3,0.7,4.93,117.1,False,True,-5.865089169524044,8.612671807856449,68.56604506712357
8524,356,4,5.1,3.68,254.3,False,True,-5.051307918477111,12.661759163534745,104.07742439391258
8525,356,5,1.83,12.56,189.7,False,True,-4.5342278752534515,8.89661502088817,175.65553316170022
8526,356,6,2.89,12.14,190.1,False,True,-4.610704367059702,14.975173416949886,151.20254003782307
8527,356,7,8.46,2.78,240.4,False,True,-3.328780210402279,14.355667960505343,152.34640133569582
8528,356,8,3.6,7.79,467.4,False,True,-2.831483190175226,8.609615924508162,246.9995744840781
8529,356,9,5.52,13.48,337.0,False,True,-3.4143452004313,8.784999463859759,242.1215692935802
8530,356,10,6.02,11.16,416.1,False,True,-3.7796266079858243,11.376223364048613,254.6716541503366
8531,356,11,6.39,4.56,444.1,False,True,-3.810447096622227,11.491809649821596,288.91904312106544
8532,356,12,5.57,14.23,374.1,False,True,-2.840424278313631,10.863462627049511,264.2104328856812
8533,356,13,5.31,13.49,271.4,False,True,-4.495914695490871,9.994624033885316,279.46507576507764
8534,356,14,4.93,8.93,321.1,False,True,-4.188014085502123,11.405728836594763,249.82556832019307
8535,356,15,3.26,6.58,274.2,False,True,-3.92832222937237,10.2319084738934,279.0230934253699
8536,356,16,4.65,4.53,491.4,False,True,-3.7659543994375295,10.552724948470651,223.3066428139066
8537,356,17,7.57,7.57,401.8,False,True,-3.7698412648386985,14.083675597320413,170.27700182486467
8538,356,18,5.42,15.27,379.2,False,True,-3.0533811032475775,14.002192110628538,98.54055282019138
8539,356,19,3.08,4.62,324.1,False,True,-5.74847283036307,11.953718711266609,129.2323616242349
8540,356,20,3.71,15.95,120.4,False,True,-6.348320218815556,11.923230671379022,118.13025609324501
8541,356,21,-0.16,10.89,195.0,False,True,-5.665292742088918,10.946535709293936,114.70579832154877
8542,356,22,0.74,7.56,107.0,False,True,-6.182953792334693,12.357350315720401,56.57451332099492
8543,356,23,2.96,13.55,67.7,False,True,-6.143303127393617,10.245424944448136,56.34772434669342
8544,357,0,3.96,7.45,0.0,False,True,-5.705121515213934,8.534947849312667,4.384719448629981
8545,357,1,-0.49,6.85,48.1,False,True,-5.497075737596258,12.516024272911098,64.39636565258992
8546,357,2,0.28,12.29,118.5,False,True,-6.0535706820953195,8.597956465833484,70.63618497842528
8547,357,3,5.93,1.1,133.8,False,True,-5.181476360118566,12.763189162438428,82.85804084531847
8548,357,4,2.18,7.73,280.9,False,True,-2.7843020902843687,14.95161097772461,124.74684516213094
8549,357,5,6.11,22.46,201.8,False,True,-4.828507517155199,8.37509765382822,148.03152025893291
8550,357,6,3.4,5.47,259.1,False,True,-2.2368076691336434,8.91236501022729,135.5692247643749
8551,357,7,3.99,6.78,444.0,False,True,-3.6504740270872236,13.937525828451275,170.95373303738148
8552,357,8,3.37,16.92,239.3,False,True,-3.9303100602540466,8.189564838750442,228.95216912957017
8553,357,9,6.28,1.64,386.0,False,True,-3.2509295442951895,9.420714712233885,231.31800085155666
8554,357,10,7.43,4.55,434.0,False,True,-3.245852159889546,8.522892917853815,266.37744271838693
8555,357,11,2.85,5.02,444.6,False,True,-2.959390343743429,11.583257749462193,287.99144692360113
8556,357,12,4.28,7.15,283.2,False,True,-4.155790304855428,13.852793897378337,252.35066623845017
8557,357,13,6.75,6.54,252.0,False,True,-3.668613906363168,11.320136099202607,280.4184758867341
8558,357,14,4.46,8.36,376.7,False,True,-3.1280658376387636,10.793351296587568,254.2839175111465
8559,357,15,3.41,2.15,372.7,False,True,-3.5656663938980344,10.422450040613082,224.091802815993
8560,357,16,6.0,8.3,501.7,False,True,-3.694557853995062,13.505265170198786,226.16421080802533
8561,357,17,5.71,16.85,406.2,False,True,-2.361984494516962,10.221106988576995,177.99062388061603
8562,357,18,2.08,7.73,322.1,False,True,-3.6255283103726903,11.2824258812408,177.86791787129445
8563,357,19,2.89,6.67,192.2,False,True,-5.778468614355102,14.58223573602704,164.67424454614357
8564,357,20,-0.43,7.25,282.3,False,True,-6.51770236095535,10.342607045855958,113.39116524178473
8565,357,21,-0.22,6.2,118.5,False,True,-5.8183166214770745,10.555101428987934,75.47770901898276
8566,357,22,1.5,10.88,150.4,False,True,-6.171616185906005,10.59626459759896,60.078218370014675
8567,357,23,1.11,8.99,75.8,False,True,-6.1078750265618575,11.055837838490683,52.28310192278504
8568,358,0,-0.97,8.67,0.0,False,True,-6.078518893219214,8.766583261983676,4.384719448629981
8569,358,1,-0.4,13.55,44.6,False,True,-6.567478350766996,8.903377495955832,33.96792517912665
8570,358,2,-0.89,10.94,74.9,False,True,-6.165797556629268,8.693820026302772,58.494759829499905
8571,358,3,2.46,1.65,178.5,False,True,-5.608425993993808,17.45084379551085,68.56604506712357
8572,358,4,-1.97,6.13,196.1,False,True,-4.75800796088529,9.061610213850734,129.23824089652166
8573,358,5,0.43,3.57,231.2,False,True,-4.909244756667342,8.173868772309234,171.86770966153162
8574,358,6,-0.76,4.93,311.3,False,True,-4.546009020924069,12.25360824319421,176.3111636734521
8575,358,7,4.32,5.53,387.3,False,True,-4.6199884463525525,8.560223372490846,186.1106419422015
8576,358,8,0.36,4.84,311.4,False,True,-3.437277976307502,8.303077435237228,233.94384151671684
8577,358,9,4.45,11.19,333.2,False,True,-3.341116960226922,12.970400636102562,254.47465505726385
8578,358,10,7.98,10.28,444.1,False,True,-3.980815831291903,13.697538694617029,271.80350470617583
8579,358,11,8.25,6.12,263.4,False,True,-3.5793430315702817,15.042076101693413,269.44020702576
8580,358,12,1.36,10.08,492.0,False,True,-3.0481521547714046,10.870682367257595,274.7458143956348
8581,358,13,5.5,24.43,523.1,False,True,-3.6817015238967756,10.614695882406389,267.5213872552652
8582,358,14,2.72,8.06,537.7,False,True,-3.250007123582576,9.604638838996284,229.2693184795011
8583,358,15,2.0,7.02,472.5,False,True,-3.616173382998541,13.22623733395194,246.0484286937428
8584,358,16,3.74,17.73,365.8,False,True,-3.8030398773481884,10.178548183577206,252.67713912088303
8585,358,17,5.94,11.77,440.0,False,True,-4.60141863975199,10.380503196806949,180.00788467901512
8586,358,18,4.17,7.45,294.7,False,True,-2.381004922070875,10.932453414227695,173.42681722083742
8587,358,19,1.02,8.54,318.6,False,True,-4.793301455648135,10.728760316468573,93.28131204257318
8588,358,20,3.38,8.24,131.5,False,True,-6.098302640356721,10.392511140318048,116.16923066687703
8589,358,21,-2.93,5.64,189.5,False,True,-5.0760661917725,10.847685215231806,103.80567865653059
8590,358,22,-0.27,5.47,70.0,False,True,-6.701343560864301,10.46772245506315,76.82960183386162
8591,358,23,-0.61,6.77,32.6,False,True,-6.5630179832998685,10.370202455650238,47.60981161730947
8592,359,0,1.1,11.09,0.0,False,True,-6.600350914426452,9.134933106037971,4.384719448629981
8593,359,1,0.61,7.14,36.9,False,True,-6.365710747917938,9.843780723185974,33.96792517912665
8594,359,2,0.93,2.45,92.4,False,True,-5.996969409129425,8.895550689088035,64.97810786037387
8595,359,3,1.18,8.97,198.5,False,True,-5.1233510058904095,16.942177736868928,78.9215729764979
8596,359,4,1.99,5.78,219.1,False,True,-5.678197997544216,9.071983164346898,132.32559714134774
8597,359,5,3.51,4.81,306.8,False,True,-4.641527173381093,11.5567224843986,173.10002351017104
8598,359,6,3.24,10.57,369.2,False,True,-4.2824683111228214,14.479355553085727,173.33137326113655
8599,359,7,2.89,10.53,327.6,False,True,-3.585971057849677,13.875963089495897,170.044057935399
8600,359,8,4.75,8.09,515.1,False,True,-3.289398396852215,12.399280104233677,223.69401170165065
8601,359,9,6.01,6.52,288.9,False,True,-3.2754358593581037,8.638348023064689,259.96197266684334
8602,359,10,3.57,5.9,261.3,False,True,-3.610549036592613,8.602490252328883,260.26605646303875
8603,359,11,4.76,3.6,351.6,False,True,-3.432765950036251,11.480462315634316,291.35786134995203
8604,359,12,7.27,1.66,514.5,False,True,-4.552870867798898,10.869452978346319,277.60330806242075
8605,359,13,2.67,6.13,272.3,False,True,-3.5909303067184077,12.429668268342208,281.70596288070846
8606,359,14,8.29,6.2,394.1,False,True,-4.194285489003096,9.720215090312125,267.3477612965584
8607,359,15,1.68,15.03,411.8,False,True,-4.338317404917321,10.300828289130727,280.0408412244729
8608,359,16,3.26,4.63,459.7,False,True,-4.347958902297187,10.579210789932263,218.59132762999164
8609,359,17,1.56,13.52,432.0,False,True,-3.885776149919659,10.807346325223481,180.93468241471965
8610,359,18,7.32,5.67,230.5,False,True,-4.384095151808689,9.908941339790557,150.80901816058162
8611,359,19,1.42,8.04,206.2,False,True,-3.692935941864742,10.546498921490658,164.5562319828681
8612,359,20,0.94,8.89,243.1,False,True,-6.232204523331628,10.149275021354903,121.30329125246317
8613,359,21,0.79,9.51,210.3,False,True,-5.999345415759689,14.357284969123493,95.4194408420131
8614,359,22,1.41,5.29,77.8,False,True,-5.880233393703545,12.456053208282771,57.37669510824879
8615,359,23,0.36,21.43,65.3,False,True,-6.249045691116316,10.563866805846667,36.147548564860955
8616,360,0,0.65,7.64,0.0,False,True,-5.962386028227668,9.111860896826766,4.384719448629981
8617,360,1,-6.07,5.3,39.8,False,True,-5.993615940374238,10.043035247592558,36.362402973943766
8618,360,2,1.3,12.88,93.6,False,True,-6.655491383504918,9.014866610076353,64.7005740228472
8619,360,3,1.54,20.54,201.3,False,True,-5.470330083971955,9.13675707535175,87.29661031975807
8620,360,4,4.0,8.76,253.7,False,True,-6.039007921641072,14.973507859819682,163.49108675720336
8621,360,5,5.02,8.72,251.0,False,True,-4.892463802199072,15.380316055263913,176.7569286108749
8622,360,6,2.54,12.43,351.5,False,True,-4.38630306465728,8.051544396948099,178.77499770281264
8623,360,7,5.07,11.12,306.3,False,True,-3.85775860708235,9.049907635447523,170.00193387550067
8624,360,8,1.72,7.47,273.5,False,True,-3.1918572301999375,9.549362905183795,243.31396129228983
8625,360,9,5.87,16.3,502.1,False,True,-3.448410889677182,8.46520180248513,241.6956294345223
8626,360,10,3.51,5.44,250.5,False,True,-3.7137082786926583,14.145490091270839,246.79855602149604
8627,360,11,2.48,10.62,559.5,False,True,-3.2821527072895806,14.293008720895594,255.98072618487234
8628,360,12,4.55,6.4,524.0,False,True,-4.521102372858053,14.863344894675116,259.304577010673
8629,360,13,7.65,9.28,496.2,False,True,-3.560229138942872,11.720624648368183,233.6001036102839
8630,360,14,5.01,6.07,429.7,False,True,-3.6912783650416627,10.376727467973428,266.94645634712293
8631,360,15,7.33,16.04,491.1,False,True,-3.8679763639152465,10.378157333125298,264.9787133545692
8632,360,16,2.42,12.73,216.6,False,True,-2.881114571303436,12.663736256619018,245.88002306706423
8633,360,17,5.53,9.04,359.2,False,True,-4.784916108141461,10.843743744586016,179.37021706904804
8634,360,18,1.62,11.21,236.2,False,True,-4.752075309613278,11.398030217060521,183.12107069987692
8635,360,19,2.85,4.64,286.2,False,True,-5.226214405209678,10.956560276390881,137.0074348133436
8636,360,20,2.35,3.25,241.5,False,True,-5.3041865417844845,10.79822729094738,94.16334582833477
8637,360,21,2.83,5.33,121.4,False,True,-5.882651208975481,11.477745102758563,144.84724747532124
8638,360,22,1.69,15.81,76.5,False,True,-5.584835957247308,13.540753583314945,52.41661773129088
8639,360,23,-0.49,6.06,58.9,False,True,-6.136631338292568,10.407191794381745,44.241680326904444
8640,361,0,2.65,11.57,0.0,False,True,-6.067758601855021,9.749839276836566,2.426064035416945
8641,361,1,4.42,6.7,62.5,False,True,-6.538388026295142,11.745259253591106,29.065099422782165
8642,361,2,-0.01,6.92,107.2,False,True,-5.320490414684321,9.045348197045739,62.74191860963413
8643,361,3,-2.2,6.1,220.7,False,True,-5.177703575311947,8.549739683253273,135.4900482164606
8644,361,4,2.89,5.89,267.4,False,True,-5.300940293147806,9.034247840046861,156.83378050959934
8645,361,5,1.71,11.16,306.7,False,True,-4.455107265989286,9.152314261375313,158.98406271819437
8646,361,6,2.63,5.94,281.0,False,True,-4.414134826820734,9.122771220399965,174.57249898956758
8647,361,7,4.52,5.85,330.8,False,True,-3.588905328690026,8.804143850966753,162.61845332624816
8648,361,8,2.97,7.52,290.3,False,True,-3.4413118110800913,8.48926156740764,219.7075291504711
8649,361,9,3.76,6.44,493.4,False,True,-3.5084104873748485,8.579089144376562,266.10227893381233
8650,361,10,4.42,4.85,330.8,False,True,-3.3960467196534077,14.363342747842733,237.49283043912078
8651,361,11,7.76,10.55,489.1,False,True,-3.4012981323567164,10.872543608979049,278.58583859546144
8652,361,12,4.95,8.4,555.0,False,True,-2.587521918383671,11.315279025514153,255.3689976536948
8653,361,13,2.35,5.74,435.0,False,True,-3.142342006450413,10.925993114290042,266.3220886805402
8654,361,14,2.23,4.86,286.2,False,True,-4.561409289678366,10.482428184030882,252.88083407786652
8655,361,15,4.58,12.55,230.0,False,True,-4.129288384589402,10.086317333679593,269.91455805708085
8656,361,16,1.63,3.82,417.7,False,True,-3.576408877854282,11.180359906294575,243.84326581192062
8657,361,17,0.28,1.73,254.6,False,True,-4.018014273275914,10.661434329484706,158.19965251052253
8658,361,18,4.16,9.87,179.7,False,True,-5.236629036316217,10.327907985069208,143.23414888289335
8659,361,19,3.74,2.4,221.3,False,True,-4.893140128399544,13.215269004032468,146.20067966619308
8660,361,20,1.15,7.9,224.8,False,True,-5.170681247717202,13.857455135749564,137.34262681573557
8661,361,21,2.06,8.01,167.8,False,True,-5.562522201433835,13.666209974602214,122.39436461962032
8662,361,22,1.53,3.44,77.7,False,True,-5.92238457617673,9.983444300454167,58.92014348667277
8663,361,23,2.16,3.6,59.7,False,True,-6.2884568396314675,10.984253872408742,56.01704163694683
8664,362,0,2.06,8.15,0.0,False,True,-5.776194006744903,7.517032846339375,7.18009697670317
8665,362,1,-4.29,3.54,53.8,False,True,-6.658129753111579,11.79412394313524,67.19174318066312
8666,362,2,0.64,13.86,143.6,False,True,-6.001006540155532,10.263167981166657,67.49595155092042
8667,362,3,2.47,5.78,102.7,False,True,-6.012171442404459,9.648651602868279,142.42894100697316
8668,362,4,1.03,15.05,215.0,False,True,-4.817061322687951,15.239235027134013,112.7607035169472
8669,362,5,2.4,13.44,184.2,False,True,-4.665701073291022,7.865059672997887,159.70274447678733
8670,362,6,4.35,7.06,216.2,False,True,-4.286144260709853,11.09489316585771,147.01845554307062
8671,362,7,3.53,8.29,364.8,False,True,-3.455466564500745,11.143045102857974,159.34397368584303
8672,362,8,6.87,12.18,416.6,False,True,-3.491630545729039,8.931960268817283,221.89923527076024
8673,362,9,6.52,4.18,423.4,False,True,-3.6968351747085855,10.088731565778378,251.33749021980282
8674,362,10,4.35,6.05,553.0,False,True,-2.954079832085912,14.157405810915746,254.4471333695157
8675,362,11,4.39,14.86,521.6,False,True,-3.3974762859959524,10.045624572403339,248.99294716130328
8676,362,12,-0.85,11.48,311.5,False,True,-3.97922013424539,11.369576813050607,245.78440772512604
8677,362,13,4.13,6.62,464.9,False,True,-4.881986418918561,16.382315252428725,279.6121920610011
8678,362,14,1.88,8.33,447.5,False,True,-3.650681935398948,11.421198231994241,261.86412487824117
8679,362,15,4.71,5.25,436.8,False,True,-4.41401043907887,9.895273377045008,230.36181408718892
8680,362,16,4.16,6.32,341.6,False,True,-3.473664038848509,11.916230031903721,213.35833326723335
8681,362,17,4.76,9.79,461.1,False,True,-3.8918629598441354,12.782912167511293,134.1550596538625
8682,362,18,5.64,6.34,287.8,False,True,-4.310019340657035,14.110824468208277,129.86921723230648
8683,362,19,2.28,10.57,319.1,False,True,-4.754110205517087,13.942553006374494,165.61719648171308
8684,362,20,6.41,3.54,206.6,False,True,-6.024996002500041,11.22620218649686,158.53947721480785
8685,362,21,1.9,9.74,200.3,False,True,-4.911088838805925,10.25105917863969,91.83861721671548
8686,362,22,-1.5,4.44,99.0,False,True,-5.949979898012918,11.645220757986335,61.84472344044347
8687,362,23,-0.21,6.96,31.4,False,True,-7.028793982435106,14.843473705616521,67.6243715339699
8688,363,0,0.06,5.08,0.0,False,True,-6.304677857723915,7.8196296125115845,7.18009697670317
8689,363,1,2.06,24.75,57.1,False,True,-6.203060837248236,15.915597000070404,38.98699165289106
8690,363,2,-0.82,3.75,72.9,False,True,-5.801386391735165,7.34796348946851,71.39924210916412
8691,363,3,0.8,10.63,183.5,False,True,-6.188407810361313,16.455559786737314,98.02044104841086
8692,363,4,1.49,7.48,273.7,False,True,-5.162931445031697,10.203387416799735,153.4009367176617
8693,363,5,1.39,6.66,336.4,False,True,-4.92834618990661,8.43774798326398,144.92238011551765
8694,363,6,4.43,5.45,265.6,False,True,-4.25177191846844,9.23084012574469,175.17532023964932
8695,363,7,4.61,5.99,307.5,False,True,-3.989970827488931,7.743207354162189,180.22099308216755
8696,363,8,6.14,13.29,475.5,False,True,-3.8933512322400015,7.757287003653822,256.59490987163156
8697,363,9,3.56,5.39,553.8,False,True,-3.7157609350978706,15.334170871338811,248.1344988430966
8698,363,10,6.94,13.34,250.1,False,True,-3.394987952179494,10.153340938036004,235.05371556348828
8699,363,11,2.01,15.45,260.0,False,True,-3.6817499600194226,10.366061786099358,278.63959303123056
8700,363,12,2.03,6.58,259.5,False,True,-3.465740675028883,12.481569723854227,267.05620340030936
8701,363,13,2.31,3.24,403.0,False,True,-3.7756034363204156,11.375687559352196,293.271651700939
8702,363,14,4.56,11.74,504.6,False,True,-3.6312008067798516,11.971919087265569,256.5725473279619
8703,363,15,6.63,11.68,252.9,False,True,-3.306789479738983,11.841934796488774,235.54118275226693
8704,363,16,2.6,13.44,422.6,False,True,-2.320547614157562,13.530286062845242,203.8283243853235
8705,363,17,2.37,7.21,239.3,False,True,-3.8166466340752683,10.275395347431466,201.3475576232178
8706,363,18,2.38,8.74,178.1,False,True,-4.962003729431108,11.564848955048511,112.85536929251315
8707,363,19,3.44,5.96,276.6,False,True,-5.080181800328656,9.983152665181525,143.14957743966494
8708,363,20,0.85,5.82,226.9,False,True,-4.78705946818385,13.648681319966771,141.63952816364355
8709,363,21,0.33,8.52,130.9,False,True,-5.419850958241013,9.998693383157187,108.07775305955037
8710,363,22,-1.62,12.23,92.1,False,True,-6.387384172977466,14.29038146114878,66.27763507468232
8711,363,23,-0.27,10.93,48.0,False,True,-6.625906968329897,14.49330816744195,38.943353042871685
8712,364,0,3.11,7.64,0.0,False,True,-6.438880981189244,14.116804841715203,7.18009697670317
8713,364,1,1.01,12.73,72.0,False,True,-6.065278713567721,8.769689629536165,67.19174318066312
8714,364,2,-0.45,3.8,111.3,False,True,-5.867343630895284,11.71120565497276,93.2214079016498
8715,364,3,3.82,21.56,224.6,False,True,-5.494659211240214,7.989656006334383,88.49983437012159
8716,364,4,0.59,4.02,224.7,False,True,-4.874402036263624,9.875139807401569,174.25179758484947
8717,364,5,5.08,7.33,168.4,False,True,-4.825086095228939,11.091556224762853,148.31726534146378
8718,364,6,5.57,8.46,293.7,False,True,-3.7373048794186854,13.329588646951464,143.82789628456072
8719,364,7,3.39,8.62,445.9,False,True,-3.545855537864198,9.941438147990468,177.44927172748547
8720,364,8,0.76,12.12,414.4,False,True,-3.2031401777068944,7.695602903935813,228.89736108721465
8721,364,9,8.75,4.79,538.6,False,True,-4.482172898860112,14.186773280034595,246.39810266565107
8722,364,10,5.27,8.9,416.4,False,True,-2.3684223798736554,7.208927893073133,238.99189907340448
8723,364,11,4.04,10.5,563.4,False,True,-3.821509612672003,9.787232821029756,249.79206835935088
8724,364,12,6.67,12.97,516.0,False,True,-4.3050951059970695,13.937903356536308,206.60887526637026
8725,364,13,6.1,6.54,531.6,False,True,-3.847150459604062,13.953991082413802,258.3702959121199
8726,364,14,7.11,8.07,576.6,False,True,-3.1681360763532687,9.499669151995498,266.0252224732295
8727,364,15,2.85,7.53,322.3,False,True,-3.5985940610850013,9.935950511741849,233.3096476785483
8728,364,16,4.4,10.25,403.7,False,True,-4.184856217148735,9.901284207771704,233.98970388076037
8729,364,17,0.91,10.29,263.6,False,True,-4.5351332838384115,10.911257142570799,155.3321751290246
8730,364,18,4.09,6.41,387.1,False,True,-4.567186223558207,9.5880421669019,107.03898932560811
8731,364,19,2.2,7.46,274.5,False,True,-5.010788731611611,11.63561214195575,158.72589349433787
8732,364,20,2.32,7.74,151.7,False,True,-5.209245483842193,15.193050267532685,146.12034330836659
8733,364,21,1.05,4.38,149.9,False,True,-5.3776997757678275,10.0675199389667,153.51378059796997
8734,364,22,0.53,9.14,79.1,False,True,-6.622744079570372,10.509590518541486,74.01116022954271
8735,364,23,-0.91,8.97,52.8,False,True,-5.829850679467091,9.34779825118225,32.502304754657935
8736,365,0,2.29,4.41,0.0,False,True,-6.243029033679269,12.16001812797746,7.18009697670317
8737,365,1,3.75,9.44,76.7,False,True,-5.9431427396915835,8.395703704202857,46.17699179452911
8738,365,2,-0.14,23.07,117.7,False,True,-5.834204786706489,11.408063958068196,67.49595155092042
8739,365,3,2.4,5.08,228.3,False,True,-5.448553787914842,9.837956154800425,110.53608429869996
8740,365,4,2.57,4.39,151.3,False,True,-5.063444135160646,12.352382774281203,167.40971463175296
8741,365,5,2.21,10.43,230.3,False,True,-4.328482692973965,11.22406704495822,127.90766615395052
8742,365,6,-0.35,6.39,406.8,False,True,-4.053697790322641,9.803412759128502,180.49916373030536
8743,365,7,0.62,12.14,388.0,False,True,-4.4999807419152225,9.280905397133973,177.93675077452485
8744,365,8,2.14,7.28,229.7,False,True,-3.689977650885585,7.450430306372452,224.57100218780812
8745,365,9,-0.16,5.61,515.5,False,True,-3.814723398486408,11.133693898888048,257.0911606836213
8746,365,10,7.25,7.22,297.5,False,True,-3.769142960481089,7.7532575284996375,299.44539366713565
8747,365,11,5.37,10.28,331.4,False,True,-3.206669521769961,9.506693792006548,268.8725553512002
8748,365,12,4.65,10.11,503.4,False,True,-2.009960737126048,11.571588375989222,264.6235095604419
8749,365,13,0.26,3.58,491.6,False,True,-3.188031986923726,10.852668923853695,280.4247596822512
8750,365,14,0.79,10.27,461.5,False,True,-4.4840131500656435,9.241134951482207,305.3808105233703
8751,365,15,4.12,7.85,223.5,False,True,-4.077530390950492,11.454374952615852,217.20385917252423
8752,365,16,7.65,8.17,285.6,False,True,-3.4031245831454924,10.438191360635894,211.5112838823293
8753,365,17,1.83,9.15,288.9,False,True,-2.863016308208829,8.91691503450235,167.51101243610373
8754,365,18,4.43,4.34,271.6,False,True,-4.82338311537013,10.658873450304322,142.56041383302886
8755,365,19,1.23,3.5,162.3,False,True,-4.7130693849912895,10.494748099476043,141.64204319930812
8756,365,20,1.82,3.64,241.6,False,True,-5.459210656485276,10.588468408026353,109.03291304593857
8757,365,21,3.72,11.77,214.6,False,True,-5.591280239644412,13.492820513038826,84.26680655661643
8758,365,22,0.28,11.73,154.3,False,True,-5.666552221296016,11.391614299469815,60.4782348088932
8759,365,23,-0.61,1.95,68.8,False,True,-6.36117535865094,10.346212452211477,43.33057533641716
