hour_index,diesel_kw,fuel_l,load_kw
0,118.28,35.484,118.28
1,128.88,38.663999999999994,128.88
2,110.86,33.257999999999996,110.86
3,122.45,36.735,122.45
4,112.77,33.830999999999996,112.77
5,103.93,31.179000000000002,103.93
6,95.9,28.77,95.9
7,95.13,28.538999999999998,95.13
8,96.5,28.95,96.5
9,99.16,29.747999999999998,99.16
10,84.73,25.419,84.73
11,85.36,25.608,85.36
12,87.57,26.270999999999997,87.57
13,86.52,25.956,86.52
14,80.58,24.174,80.58
15,93.65,28.095000000000002,93.65
16,92.58,27.773999999999997,92.58
17,103.65,31.095,103.65
18,91.97,27.590999999999998,91.97
19,99.3,29.79,99.3
20,103.52,31.055999999999997,103.52
21,107.52,32.256,107.52
22,99.16,29.747999999999998,99.16
23,103.32,30.995999999999995,103.32
24,114.56,34.368,114.56
25,104.85,31.455,104.85
26,94.58,28.374,94.58
27,116.87,35.061,116.87
28,98.31,29.493,98.31
29,96.19,28.857,96.19
30,77.81,23.343,77.81
31,95.81,28.743,95.81
32,100.77,30.230999999999998,100.77
33,97.6,29.279999999999998,97.6
34,82.9,24.87,82.9
35,71.33,21.398999999999997,71.33
36,84.86,25.458,84.86
37,94.25,28.275,94.25
38,96.66,28.997999999999998,96.66
39,79.89,23.967,79.89
40,80.26,24.078,80.26
41,88.51,26.553,88.51
42,111.94,33.582,111.94
43,97.85,29.354999999999997,97.85
44,110.27,33.080999999999996,110.27
45,108.07,32.421,108.07
46,94.93,28.479000000000003,94.93
47,126.47,37.940999999999995,126.47
48,91.86,27.558,91.86
49,143.25,42.975,143.25
50,122.14,36.641999999999996,122.14
51,91.97,27.590999999999998,91.97
52,142.8,42.84,142.8
53,119.78,35.934,119.78
54,98.28,29.483999999999998,98.28
55,118.66,35.598,118.66
56,87.27,26.180999999999997,87.27
57,81.86,24.558,81.86
58,106.38,31.913999999999998,106.38
59,77.24,23.171999999999997,77.24
60,101.73,30.519,101.73
61,92.58,27.773999999999997,92.58
62,102.6,30.779999999999998,102.6
63,96.55,28.964999999999996,96.55
64,83.07,24.920999999999996,83.07
65,85.73,25.719,85.73
66,111.43,33.429,111.43
67,147.25,44.175,147.25
68,100.94,30.281999999999996,100.94
69,116.48,34.944,116.48
70,112.57,33.770999999999994,112.57
71,97.66,29.298,97.66
72,119.54,35.862,119.54
73,104.17,31.250999999999998,104.17
74,99.15,29.745,99.15
75,93.45,28.035,93.45
76,110.29,33.087,110.29
77,97.26,29.178,97.26
78,96.46,28.937999999999995,96.46
79,98.99,29.696999999999996,98.99
80,93.2,27.96,93.2
81,99.76,29.928,99.76
82,101.23,30.369,101.23
83,90.6,27.179999999999996,90.6
84,95.34,28.602,95.34
85,75.95,22.785,75.95
86,93.42,28.026,93.42
87,99.09,29.727,99.09
88,105.56,31.668,105.56
89,89.46,26.837999999999997,89.46
90,92.73,27.819,92.73
91,120.53,36.159,120.53
92,124.93,37.479,124.93
93,107.16,32.147999999999996,107.16
94,135.11,40.533,135.11
95,133.27,39.981,133.27
96,124.06,37.217999999999996,124.06
97,143.12,42.936,143.12
98,92.36,27.708,92.36
99,103.48,31.044,103.48
100,103.99,31.196999999999996,103.99
101,86.31,25.893,86.31
102,122.78,36.833999999999996,122.78
103,97.79,29.337,97.79
104,102.69,30.807,102.69
105,94.79,28.437,94.79
106,100.36,30.107999999999997,100.36
107,89.93,26.979000000000003,89.93
108,83.13,24.938999999999997,83.13
109,93.76,28.128,93.76
110,93.87,28.161,93.87
111,84.37,25.311,84.37
112,98.91,29.673,98.91
113,104.2,31.259999999999998,104.2
114,92.87,27.861,92.87
115,108.7,32.61,108.7
116,99.54,29.862000000000002,99.54
117,101.87,30.561,101.87
118,89.11,26.733,89.11
119,126.28,37.884,126.28
120,118.49,35.547,118.49
121,104.93,31.479,104.93
122,116.42,34.926,116.42
123,89.57,26.871,89.57
124,81.35,24.404999999999998,81.35
125,114.83,34.449,114.83
126,76.62,22.986,76.62
127,126.97,38.091,126.97
128,91.1,27.33,91.1
129,100.36,30.107999999999997,100.36
130,95.22,28.566,95.22
131,129.83,38.949000000000005,129.83
132,93.74,28.121999999999996,93.74
133,90.84,27.252,90.84
134,113.27,33.980999999999995,113.27
135,108.52,32.556,108.52
136,103.96,31.187999999999995,103.96
137,94.45,28.335,94.45
138,95.99,28.796999999999997,95.99
139,69.42,20.826,69.42
140,109.4,32.82,109.4
141,103.42,31.026,103.42
142,126.35,37.904999999999994,126.35
143,110.54,33.162,110.54
144,117.45,35.235,117.45
145,97.65,29.295,97.65
146,110.64,33.192,110.64
147,110.84,33.252,110.84
148,117.53,35.259,117.53
149,100.13,30.038999999999998,100.13
150,136.06,40.818,136.06
151,109.25,32.775,109.25
152,102.8,30.839999999999996,102.8
153,105.71,31.712999999999997,105.71
154,83.7,25.11,83.7
155,79.36,23.808,79.36
156,88.09,26.427,88.09
157,77.42,23.226,77.42
158,97.41,29.223,97.41
159,97.95,29.384999999999998,97.95
160,94.77,28.430999999999997,94.77
161,103.3,30.99,103.3
162,85.58,25.674,85.58
163,99.08,29.723999999999997,99.08
164,87.62,26.286,87.62
165,102.45,30.735,102.45
166,101.89,30.567,101.89
167,104.02,31.205999999999996,104.02
168,108.15,32.445,108.15
169,105.9,31.77,105.9
170,127.58,38.274,127.58
171,99.44,29.831999999999997,99.44
172,100.49,30.147,100.49
173,117.8,35.339999999999996,117.8
174,108.64,32.592,108.64
175,96.04,28.812,96.04
176,90.57,27.170999999999996,90.57
177,98.02,29.406,98.02
178,88.41,26.523,88.41
179,92.23,27.669,92.23
180,75.51,22.653000000000002,75.51
181,79.95,23.985,79.95
182,102.6,30.779999999999998,102.6
183,86.03,25.809,86.03
184,91.7,27.51,91.7
185,91.16,27.348,91.16
186,98.56,29.567999999999998,98.56
187,122.43,36.729,122.43
188,116.43,34.929,116.43
189,89.48,26.844,89.48
190,79.11,23.733,79.11
191,124.07,37.221,124.07
192,120.24,36.071999999999996,120.24
193,100.63,30.188999999999997,100.63
194,112.29,33.687,112.29
195,120.23,36.069,120.23
196,101.74,30.522,101.74
197,113.95,34.185,113.95
198,100.68,30.204,100.68
199,122.47,36.741,122.47
200,99.08,29.723999999999997,99.08
201,84.8,25.439999999999998,84.8
202,97.9,29.37,97.9
203,88.58,26.573999999999998,88.58
204,126.82,38.046,126.82
205,98.09,29.427,98.09
206,92.7,27.81,92.7
207,100.55,30.165,100.55
208,118.93,35.679,118.93
209,106.56,31.968,106.56
210,90.29,27.087,90.29
211,136.88,41.064,136.88
212,92.3,27.689999999999998,92.3
213,97.81,29.343,97.81
214,121.21,36.363,121.21
215,90.61,27.183,90.61
216,104.42,31.326,104.42
217,96.34,28.902,96.34
218,125.44,37.632,125.44
219,99.39,29.817,99.39
220,100.19,30.057,100.19
221,115.96,34.788,115.96
222,91.3,27.389999999999997,91.3
223,122.28,36.684,122.28
224,93.24,27.971999999999998,93.24
225,91.16,27.348,91.16
226,87.93,26.379,87.93
227,86.85,26.054999999999996,86.85
228,107.91,32.373,107.91
229,88.87,26.661,88.87
230,107.01,32.103,107.01
231,91.47,27.441,91.47
232,91.36,27.407999999999998,91.36
233,86.01,25.803,86.01
234,112.49,33.747,112.49
235,104.74,31.421999999999997,104.74
236,127.75,38.324999999999996,127.75
237,115.39,34.617,115.39
238,119.64,35.891999999999996,119.64
239,114.73,34.419,114.73
240,124.78,37.434,124.78
241,109.99,32.997,109.99
242,122.45,36.735,122.45
243,175.32,52.596,175.32
244,83.73,25.119,83.73
245,126.84,38.052,126.84
246,102.29,30.687,102.29
247,79.83,23.948999999999998,79.83
248,67.46,20.237999999999996,67.46
249,98.3,29.49,98.3
250,76.87,23.061,76.87
251,88.1,26.429999999999996,88.1
252,83.54,25.062,83.54
253,100.77,30.230999999999998,100.77
254,95.03,28.509,95.03
255,93.13,27.938999999999997,93.13
256,93.03,27.909,93.03
257,102.17,30.651,102.17
258,125.35,37.605,125.35
259,103.52,31.055999999999997,103.52
260,109.75,32.925,109.75
261,105.96,31.787999999999997,105.96
262,109.49,32.846999999999994,109.49
263,117.72,35.315999999999995,117.72
264,92.66,27.798,92.66
265,106.81,32.043,106.81
266,116.3,34.89,116.3
267,114.86,34.458,114.86
268,94.59,28.377,94.59
269,103.48,31.044,103.48
270,108.89,32.667,108.89
271,91.03,27.309,91.03
272,98.36,29.508,98.36
273,80.99,24.296999999999997,80.99
274,78.36,23.508,78.36
275,94.97,28.491,94.97
276,98.01,29.403,98.01
277,81.13,24.339,81.13
278,78.6,23.58,78.6
279,90.65,27.195,90.65
280,108.7,32.61,108.7
281,114.34,34.302,114.34
282,94.35,28.304999999999996,94.35
283,94.68,28.404,94.68
284,116.79,35.037,116.79
285,101.58,30.473999999999997,101.58
286,101.23,30.369,101.23
287,119.09,35.727,119.09
288,113.31,33.993,113.31
289,105.21,31.562999999999995,105.21
290,103.85,31.154999999999998,103.85
291,113.94,34.181999999999995,113.94
292,94.72,28.416,94.72
293,135.69,40.707,135.69
294,108.78,32.634,108.78
295,96.6,28.979999999999997,96.6
296,90.08,27.023999999999997,90.08
297,95.55,28.665,95.55
298,105.17,31.551,105.17
299,88.28,26.483999999999998,88.28
300,79.95,23.985,79.95
301,123.96,37.187999999999995,123.96
302,96.81,29.043,96.81
303,95.95,28.785,95.95
304,97.91,29.372999999999998,97.91
305,119.75,35.925,119.75
306,106.38,31.913999999999998,106.38
307,95.88,28.764,95.88
308,105.28,31.584,105.28
309,90.31,27.093,90.31
310,105.88,31.763999999999996,105.88
311,105.77,31.730999999999998,105.77
312,94.96,28.487999999999996,94.96
313,141.64,42.492,141.64
314,111.65,33.495,111.65
315,113.64,34.092,113.64
316,94.0,28.2,94.0
317,110.52,33.156,110.52
318,98.31,29.493,98.31
319,121.31,36.393,121.31
320,81.05,24.314999999999998,81.05
321,92.74,27.822,92.74
322,85.63,25.688999999999997,85.63
323,89.93,26.979000000000003,89.93
324,71.48,21.444,71.48
325,84.65,25.395,84.65
326,107.71,32.312999999999995,107.71
327,102.88,30.863999999999997,102.88
328,115.29,34.587,115.29
329,111.19,33.357,111.19
330,94.49,28.346999999999998,94.49
331,120.02,36.006,120.02
332,109.45,32.835,109.45
333,109.42,32.826,109.42
334,98.4,29.52,98.4
335,109.26,32.778,109.26
336,116.75,35.025,116.75
337,102.76,30.828,102.76
338,107.47,32.241,107.47
339,102.04,30.612000000000002,102.04
340,117.75,35.324999999999996,117.75
341,110.33,33.099,110.33
342,107.14,32.141999999999996,107.14
343,92.0,27.599999999999998,92.0
344,103.17,30.951,103.17
345,124.74,37.422,124.74
346,107.45,32.235,107.45
347,100.48,30.144,100.48
348,131.04,39.312,131.04
349,80.54,24.162000000000003,80.54
350,130.18,39.054,130.18
351,103.73,31.119,103.73
352,97.05,29.115,97.05
353,85.77,25.730999999999998,85.77
354,89.88,26.964,89.88
355,116.2,34.86,116.2
356,102.94,30.881999999999998,102.94
357,104.49,31.346999999999998,104.49
358,128.41,38.522999999999996,128.41
359,108.14,32.442,108.14
360,117.69,35.306999999999995,117.69
361,122.04,36.612,122.04
362,99.42,29.826,99.42
363,110.47,33.141,110.47
364,103.02,30.906,103.02
365,96.3,28.889999999999997,96.3
366,110.0,33.0,110.0
367,96.2,28.86,96.2
368,97.18,29.154,97.18
369,109.23,32.769,109.23
370,103.98,31.194,103.98
371,77.01,23.103,77.01
372,94.83,28.448999999999998,94.83
373,81.13,24.339,81.13
374,93.09,27.927,93.09
375,80.01,24.003,80.01
376,103.63,31.089,103.63
377,112.68,33.804,112.68
378,83.92,25.176,83.92
379,116.68,35.004,116.68
380,116.52,34.955999999999996,116.52
381,91.4,27.42,91.4
382,114.74,34.422,114.74
383,106.76,32.028,106.76
384,116.58,34.974,116.58
385,145.65,43.695,145.65
386,119.22,35.766,119.22
387,108.37,32.511,108.37
388,104.45,31.335,104.45
389,113.33,33.998999999999995,113.33
390,177.71,53.313,177.71
391,91.69,27.506999999999998,91.69
392,96.25,28.875,96.25
393,98.59,29.576999999999998,98.59
394,92.12,27.636,92.12
395,99.25,29.775,99.25
396,90.02,27.005999999999997,90.02
397,88.15,26.445,88.15
398,85.05,25.514999999999997,85.05
399,101.97,30.590999999999998,101.97
400,101.18,30.354,101.18
401,95.45,28.635,95.45
402,94.88,28.464,94.88
403,102.8,30.839999999999996,102.8
404,102.28,30.683999999999997,102.28
405,115.54,34.662,115.54
406,128.11,38.433,128.11
407,155.23,46.568999999999996,155.23
408,123.03,36.909,123.03
409,105.34,31.602,105.34
410,132.44,39.732,132.44
411,133.58,40.074000000000005,133.58
412,126.49,37.946999999999996,126.49
413,95.27,28.581,95.27
414,106.73,32.019,106.73
415,96.68,29.004,96.68
416,99.61,29.883,99.61
417,80.3,24.09,80.3
418,110.52,33.156,110.52
419,83.78,25.134,83.78
420,102.69,30.807,102.69
421,107.23,32.169,107.23
422,100.57,30.170999999999996,100.57
423,123.01,36.903,123.01
424,121.51,36.453,121.51
425,132.9,39.87,132.9
426,101.89,30.567,101.89
427,91.08,27.323999999999998,91.08
428,122.17,36.650999999999996,122.17
429,110.92,33.275999999999996,110.92
430,133.24,39.972,133.24
431,109.54,32.862,109.54
432,136.94,41.082,136.94
433,154.64,46.391999999999996,154.64
434,101.75,30.525,101.75
435,112.48,33.744,112.48
436,110.65,33.195,110.65
437,165.05,49.515,165.05
438,102.85,30.854999999999997,102.85
439,96.72,29.016,96.72
440,105.41,31.622999999999998,105.41
441,87.09,26.127,87.09
442,106.86,32.058,106.86
443,87.99,26.397,87.99
444,122.5,36.75,122.5
445,109.89,32.967,109.89
446,96.05,28.814999999999998,96.05
447,90.46,27.137999999999998,90.46
448,95.68,28.704,95.68
449,114.6,34.379999999999995,114.6
450,107.99,32.397,107.99
451,104.15,31.245,104.15
452,95.56,28.668,95.56
453,97.65,29.295,97.65
454,124.84,37.452,124.84
455,102.12,30.636,102.12
456,147.97,44.391,147.97
457,113.78,34.134,113.78
458,118.78,35.634,118.78
459,122.16,36.647999999999996,122.16
460,110.48,33.144,110.48
461,125.34,37.602,125.34
462,100.83,30.249,100.83
463,107.83,32.349,107.83
464,129.79,38.937,129.79
465,108.74,32.622,108.74
466,101.01,30.303,101.01
467,84.66,25.398,84.66
468,97.78,29.334,97.78
469,123.27,36.980999999999995,123.27
470,93.15,27.945,93.15
471,103.71,31.112999999999996,103.71
472,105.89,31.767,105.89
473,97.74,29.321999999999996,97.74
474,110.8,33.239999999999995,110.8
475,106.4,31.92,106.4
476,104.74,31.421999999999997,104.74
477,155.41,46.623,155.41
478,122.32,36.696,122.32
479,87.15,26.145,87.15
480,123.99,37.196999999999996,123.99
481,124.28,37.284,124.28
482,129.02,38.706,129.02
483,138.06,41.418,138.06
484,120.94,36.282,120.94
485,107.6,32.279999999999994,107.6
486,97.63,29.288999999999998,97.63
487,94.28,28.284,94.28
488,115.45,34.635,115.45
489,108.16,32.448,108.16
490,95.56,28.668,95.56
491,99.61,29.883,99.61
492,90.73,27.219,90.73
493,97.3,29.189999999999998,97.3
494,123.61,37.083,123.61
495,86.98,26.094,86.98
496,143.55,43.065000000000005,143.55
497,123.68,37.104,123.68
498,134.95,40.48499999999999,134.95
499,100.56,30.168,100.56
500,108.92,32.676,108.92
501,92.08,27.624,92.08
502,101.3,30.389999999999997,101.3
503,119.54,35.862,119.54
504,164.56,49.368,164.56
505,125.59,37.677,125.59
506,93.26,27.978,93.26
507,109.24,32.772,109.24
508,103.24,30.971999999999998,103.24
509,104.81,31.442999999999998,104.81
510,115.57,34.671,115.57
511,109.77,32.931,109.77
512,100.36,30.107999999999997,100.36
513,107.72,32.315999999999995,107.72
514,99.47,29.840999999999998,99.47
515,93.31,27.993,93.31
516,100.27,30.080999999999996,100.27
517,105.63,31.688999999999997,105.63
518,83.76,25.128,83.76
519,81.95,24.585,81.95
520,98.01,29.403,98.01
521,100.48,30.144,100.48
522,103.88,31.163999999999998,103.88
523,97.12,29.136,97.12
524,94.58,28.374,94.58
525,119.02,35.705999999999996,119.02
526,108.05,32.415,108.05
527,114.72,34.416,114.72
528,104.23,31.269,104.23
529,91.97,27.590999999999998,91.97
530,119.65,35.895,119.65
531,119.82,35.946,119.82
532,114.73,34.419,114.73
533,115.56,34.668,115.56
534,115.19,34.556999999999995,115.19
535,93.49,28.046999999999997,93.49
536,101.02,30.305999999999997,101.02
537,94.65,28.395,94.65
538,118.6,35.58,118.6
539,104.21,31.262999999999998,104.21
540,123.3,36.989999999999995,123.3
541,106.99,32.096999999999994,106.99
542,98.77,29.630999999999997,98.77
543,100.52,30.156,100.52
544,110.65,33.195,110.65
545,101.6,30.479999999999997,101.6
546,110.37,33.111,110.37
547,120.07,36.020999999999994,120.07
548,96.6,28.979999999999997,96.6
549,109.54,32.862,109.54
550,115.27,34.580999999999996,115.27
551,127.5,38.25,127.5
552,106.16,31.848,106.16
553,100.66,30.197999999999997,100.66
554,115.9,34.77,115.9
555,99.23,29.769,99.23
556,108.22,32.466,108.22
557,141.58,42.474000000000004,141.58
558,124.15,37.245,124.15
559,114.8,34.44,114.8
560,93.93,28.179000000000002,93.93
561,113.49,34.047,113.49
562,99.53,29.858999999999998,99.53
563,112.35,33.705,112.35
564,94.83,28.448999999999998,94.83
565,107.27,32.181,107.27
566,105.62,31.686,105.62
567,109.75,32.925,109.75
568,106.84,32.052,106.84
569,110.07,33.020999999999994,110.07
570,160.66,48.198,160.66
571,115.92,34.775999999999996,115.92
572,102.49,30.746999999999996,102.49
573,109.76,32.928,109.76
574,119.59,35.877,119.59
575,130.03,39.009,130.03
576,92.32,27.695999999999998,92.32
577,101.72,30.516,101.72
578,151.13,45.339,151.13
579,104.82,31.445999999999998,104.82
580,148.95,44.684999999999995,148.95
581,126.32,37.895999999999994,126.32
582,119.55,35.864999999999995,119.55
583,105.89,31.767,105.89
584,97.37,29.211,97.37
585,83.7,25.11,83.7
586,110.09,33.027,110.09
587,109.55,32.864999999999995,109.55
588,106.2,31.86,106.2
589,82.82,24.845999999999997,82.82
590,120.37,36.111,120.37
591,88.28,26.483999999999998,88.28
592,99.12,29.736,99.12
593,123.84,37.152,123.84
594,133.28,39.984,133.28
595,105.01,31.503,105.01
596,128.03,38.409,128.03
597,102.6,30.779999999999998,102.6
598,117.51,35.253,117.51
599,138.87,41.661,138.87
600,108.18,32.454,108.18
601,133.03,39.909,133.03
602,104.96,31.487999999999996,104.96
603,140.29,42.086999999999996,140.29
604,112.71,33.812999999999995,112.71
605,106.25,31.875,106.25
606,101.41,30.423,101.41
607,101.65,30.495,101.65
608,102.16,30.647999999999996,102.16
609,93.28,27.983999999999998,93.28
610,126.56,37.967999999999996,126.56
611,109.42,32.826,109.42
612,120.31,36.092999999999996,120.31
613,102.47,30.741,102.47
614,109.67,32.900999999999996,109.67
615,99.94,29.982,99.94
616,99.97,29.991,99.97
617,120.54,36.162,120.54
618,121.15,36.345,121.15
619,101.57,30.470999999999997,101.57
620,112.81,33.842999999999996,112.81
621,127.66,38.297999999999995,127.66
622,135.62,40.686,135.62
623,114.9,34.47,114.9
624,124.17,37.251,124.17
625,129.5,38.85,129.5
626,119.45,35.835,119.45
627,115.97,34.791,115.97
628,114.61,34.382999999999996,114.61
629,132.17,39.650999999999996,132.17
630,99.05,29.714999999999996,99.05
631,102.27,30.680999999999997,102.27
632,108.77,32.631,108.77
633,122.1,36.629999999999995,122.1
634,106.35,31.904999999999998,106.35
635,110.53,33.159,110.53
636,99.15,29.745,99.15
637,108.64,32.592,108.64
638,97.94,29.381999999999998,97.94
639,107.23,32.169,107.23
640,122.63,36.788999999999994,122.63
641,102.66,30.798,102.66
642,100.22,30.066,100.22
643,100.87,30.261,100.87
644,122.55,36.765,122.55
645,111.96,33.587999999999994,111.96
646,127.31,38.193,127.31
647,124.83,37.449,124.83
648,117.24,35.172,117.24
649,127.56,38.268,127.56
650,97.26,29.178,97.26
651,106.04,31.812,106.04
652,135.81,40.743,135.81
653,116.72,35.016,116.72
654,134.23,40.269,134.23
655,111.88,33.564,111.88
656,105.11,31.532999999999998,105.11
657,88.99,26.697,88.99
658,108.57,32.571,108.57
659,107.22,32.166,107.22
660,120.51,36.153,120.51
661,103.36,31.008,103.36
662,99.9,29.97,99.9
663,114.09,34.227,114.09
664,111.58,33.474,111.58
665,132.02,39.606,132.02
666,122.09,36.627,122.09
667,112.63,33.788999999999994,112.63
668,124.49,37.346999999999994,124.49
669,134.06,40.217999999999996,134.06
670,101.92,30.576,101.92
671,107.01,32.103,107.01
672,115.36,34.608,115.36
673,117.63,35.288999999999994,117.63
674,113.66,34.098,113.66
675,102.61,30.782999999999998,102.61
676,95.83,28.749,95.83
677,103.71,31.112999999999996,103.71
678,106.01,31.803,106.01
679,117.93,35.379,117.93
680,102.33,30.698999999999998,102.33
681,108.04,32.412,108.04
682,90.49,27.147,90.49
683,113.07,33.921,113.07
684,122.34,36.702,122.34
685,104.82,31.445999999999998,104.82
686,97.31,29.192999999999998,97.31
687,97.87,29.361,97.87
688,109.92,32.976,109.92
689,116.3,34.89,116.3
690,118.71,35.613,118.71
691,116.96,35.087999999999994,116.96
692,98.9,29.67,98.9
693,185.37,55.611,185.37
694,132.29,39.687,132.29
695,152.54,45.76199999999999,152.54
696,158.5,47.55,158.5
697,145.0,43.5,145.0
698,180.65,54.195,180.65
699,141.49,42.447,141.49
700,102.99,30.897,102.99
701,143.73,43.11899999999999,143.73
702,119.87,35.961,119.87
703,113.06,33.918,113.06
704,101.57,30.470999999999997,101.57
705,114.39,34.317,114.39
706,116.43,34.929,116.43
707,97.61,29.282999999999998,97.61
708,106.59,31.977,106.59
709,95.17,28.551,95.17
710,98.41,29.522999999999996,98.41
711,107.79,32.337,107.79
712,114.05,34.214999999999996,114.05
713,105.56,31.668,105.56
714,119.11,35.733,119.11
715,171.73,51.519,171.73
716,131.32,39.395999999999994,131.32
717,121.7,36.51,121.7
718,116.46,34.937999999999995,116.46
719,121.6,36.48,121.6
720,177.53,53.259,177.53
721,98.54,29.562,98.54
722,124.26,37.278,124.26
723,165.09,49.527,165.09
724,127.05,38.114999999999995,127.05
725,99.89,29.967,99.89
726,124.54,37.362,124.54
727,103.15,30.945,103.15
728,100.49,30.147,100.49
729,117.16,35.147999999999996,117.16
730,99.44,29.831999999999997,99.44
731,104.28,31.284,104.28
732,106.09,31.826999999999998,106.09
733,92.25,27.675,92.25
734,109.28,32.784,109.28
735,102.71,30.812999999999995,102.71
736,115.31,34.592999999999996,115.31
737,132.27,39.681000000000004,132.27
738,144.89,43.46699999999999,144.89
739,147.23,44.169,147.23
740,107.34,32.202,107.34
741,108.49,32.547,108.49
742,107.41,32.223,107.41
743,138.69,41.607,138.69
744,139.52,41.856,139.52
745,121.44,36.431999999999995,121.44
746,123.81,37.143,123.81
747,124.85,37.455,124.85
748,150.45,45.135,150.45
749,124.95,37.485,124.95
750,122.03,36.609,122.03
751,105.92,31.776,105.92
752,117.09,35.127,117.09
753,96.09,28.826999999999998,96.09
754,96.42,28.926,96.42
755,95.13,28.538999999999998,95.13
756,124.32,37.296,124.32
757,112.1,33.629999999999995,112.1
758,107.5,32.25,107.5
759,104.38,31.313999999999997,104.38
760,97.99,29.397,97.99
761,106.34,31.902,106.34
762,126.91,38.073,126.91
763,123.19,36.957,123.19
764,114.08,34.224,114.08
765,149.17,44.751,149.17
766,136.52,40.956,136.52
767,132.01,39.602999999999994,132.01
768,138.7,41.60999999999999,138.7
769,102.26,30.678,102.26
770,116.64,34.992,116.64
771,100.16,30.048,100.16
772,122.02,36.605999999999995,122.02
773,96.06,28.817999999999998,96.06
774,103.98,31.194,103.98
775,145.52,43.656,145.52
776,122.48,36.744,122.48
777,103.21,30.962999999999997,103.21
778,128.19,38.457,128.19
779,121.46,36.437999999999995,121.46
780,111.86,33.558,111.86
781,116.77,35.031,116.77
782,100.34,30.102,100.34
783,118.37,35.511,118.37
784,103.24,30.971999999999998,103.24
785,113.32,33.995999999999995,113.32
786,113.12,33.936,113.12
787,116.75,35.025,116.75
788,121.15,36.345,121.15
789,125.29,37.587,125.29
790,143.68,43.104,143.68
791,168.05,50.415,168.05
792,119.83,35.949,119.83
793,108.5,32.55,108.5
794,168.43,50.529,168.43
795,114.31,34.293,114.31
796,97.52,29.255999999999997,97.52
797,108.06,32.418,108.06
798,94.0,28.2,94.0
799,119.29,35.787,119.29
800,110.37,33.111,110.37
801,113.51,34.053,113.51
802,101.02,30.305999999999997,101.02
803,107.44,32.232,107.44
804,115.9,34.77,115.9
805,103.81,31.143,103.81
806,107.3,32.19,107.3
807,157.02,47.106,157.02
808,121.02,36.306,121.02
809,125.62,37.686,125.62
810,102.32,30.695999999999998,102.32
811,153.69,46.107,153.69
812,115.11,34.533,115.11
813,115.86,34.757999999999996,115.86
814,127.56,38.268,127.56
815,141.59,42.477,141.59
816,138.69,41.607,138.69
817,126.85,38.055,126.85
818,122.68,36.804,122.68
819,134.75,40.425,134.75
820,114.21,34.263,114.21
821,103.96,31.187999999999995,103.96
822,125.25,37.574999999999996,125.25
823,152.2,45.66,152.2
824,147.12,44.136,147.12
825,105.51,31.653,105.51
826,118.62,35.586,118.62
827,114.63,34.388999999999996,114.63
828,101.18,30.354,101.18
829,111.82,33.546,111.82
830,112.04,33.612,112.04
831,89.65,26.895,89.65
832,117.99,35.397,117.99
833,108.89,32.667,108.89
834,131.13,39.339,131.13
835,142.95,42.885,142.95
836,135.53,40.659,135.53
837,97.28,29.183999999999997,97.28
838,102.75,30.825,102.75
839,112.74,33.821999999999996,112.74
840,112.75,33.824999999999996,112.75
841,118.83,35.649,118.83
842,111.29,33.387,111.29
843,135.12,40.536,135.12
844,115.96,34.788,115.96
845,120.13,36.038999999999994,120.13
846,94.49,28.346999999999998,94.49
847,122.28,36.684,122.28
848,134.25,40.275,134.25
849,106.16,31.848,106.16
850,167.06,50.118,167.06
851,151.24,45.372,151.24
852,105.17,31.551,105.17
853,107.45,32.235,107.45
854,118.77,35.631,118.77
855,127.66,38.297999999999995,127.66
856,113.67,34.101,113.67
857,107.76,32.328,107.76
858,144.06,43.217999999999996,144.06
859,113.08,33.924,113.08
860,122.65,36.795,122.65
861,149.97,44.991,149.97
862,150.47,45.141,150.47
863,130.72,39.216,130.72
864,123.91,37.172999999999995,123.91
865,130.23,39.068999999999996,130.23
866,141.02,42.306000000000004,141.02
867,162.84,48.852,162.84
868,129.68,38.904,129.68
869,116.55,34.964999999999996,116.55
870,126.09,37.827,126.09
871,130.08,39.024,130.08
872,129.53,38.859,129.53
873,111.1,33.33,111.1
874,139.31,41.793,139.31
875,111.86,33.558,111.86
876,116.65,34.995,116.65
877,114.14,34.242,114.14
878,119.03,35.708999999999996,119.03
879,119.95,35.985,119.95
880,120.07,36.020999999999994,120.07
881,113.49,34.047,113.49
882,128.06,38.418,128.06
883,148.91,44.672999999999995,148.91
884,164.14,49.242,164.14
885,129.12,38.736,129.12
886,129.65,38.895,129.65
887,125.34,37.602,125.34
888,145.69,43.707,145.69
889,148.91,44.672999999999995,148.91
890,134.83,40.449000000000005,134.83
891,125.94,37.782,125.94
892,188.05,56.415,188.05
893,118.33,35.498999999999995,118.33
894,112.31,33.693,112.31
895,100.66,30.197999999999997,100.66
896,129.25,38.775,129.25
897,115.87,34.761,115.87
898,120.62,36.186,120.62
899,124.82,37.446,124.82
900,110.16,33.047999999999995,110.16
901,116.39,34.917,116.39
902,109.63,32.888999999999996,109.63
903,100.18,30.054000000000002,100.18
904,116.18,34.854,116.18
905,112.22,33.666,112.22
906,120.7,36.21,120.7
907,127.8,38.339999999999996,127.8
908,137.54,41.26199999999999,137.54
909,139.71,41.913000000000004,139.71
910,143.54,43.062,143.54
911,127.06,38.118,127.06
912,145.58,43.674,145.58
913,125.12,37.536,125.12
914,119.94,35.982,119.94
915,109.43,32.829,109.43
916,130.08,39.024,130.08
917,116.62,34.986,116.62
918,112.01,33.603,112.01
919,134.3,40.29,134.3
920,138.46,41.538000000000004,138.46
921,129.67,38.900999999999996,129.67
922,114.26,34.278,114.26
923,131.37,39.411,131.37
924,124.35,37.305,124.35
925,94.98,28.494,94.98
926,130.37,39.111,130.37
927,117.71,35.312999999999995,117.71
928,115.41,34.623,115.41
929,134.72,40.416,134.72
930,122.32,36.696,122.32
931,132.17,39.650999999999996,132.17
932,102.07,30.620999999999995,102.07
933,130.63,39.189,130.63
934,116.79,35.037,116.79
935,123.24,36.971999999999994,123.24
936,147.86,44.358000000000004,147.86
937,134.21,40.263,134.21
938,128.38,38.513999999999996,128.38
939,112.26,33.678,112.26
940,138.81,41.643,138.81
941,162.62,48.786,162.62
942,109.95,32.985,109.95
943,115.63,34.689,115.63
944,120.4,36.12,120.4
945,119.53,35.859,119.53
946,97.88,29.363999999999997,97.88
947,136.71,41.013,136.71
948,120.88,36.263999999999996,120.88
949,152.87,45.861,152.87
950,136.05,40.815000000000005,136.05
951,120.86,36.257999999999996,120.86
952,127.12,38.136,127.12
953,129.23,38.769,129.23
954,127.2,38.16,127.2
955,139.96,41.988,139.96
956,134.5,40.35,134.5
957,98.61,29.583,98.61
958,131.99,39.597,131.99
959,128.74,38.622,128.74
960,138.51,41.553,138.51
961,134.99,40.497,134.99
962,128.76,38.62799999999999,128.76
963,128.32,38.495999999999995,128.32
964,126.79,38.037,126.79
965,128.15,38.445,128.15
966,119.52,35.855999999999995,119.52
967,146.31,43.893,146.31
968,121.98,36.594,121.98
969,121.05,36.315,121.05
970,125.6,37.68,125.6
971,130.06,39.018,130.06
972,100.24,30.071999999999996,100.24
973,106.47,31.941,106.47
974,136.9,41.07,136.9
975,115.83,34.748999999999995,115.83
976,115.68,34.704,115.68
977,124.88,37.464,124.88
978,153.6,46.08,153.6
979,126.64,37.992,126.64
980,127.92,38.376,127.92
981,127.62,38.286,127.62
982,140.81,42.243,140.81
983,133.94,40.181999999999995,133.94
984,127.48,38.244,127.48
985,130.6,39.18,130.6
986,137.48,41.24399999999999,137.48
987,171.75,51.525,171.75
988,172.43,51.729,172.43
989,125.2,37.56,125.2
990,111.8,33.54,111.8
991,101.29,30.387,101.29
992,103.99,31.196999999999996,103.99
993,114.41,34.323,114.41
994,120.29,36.087,120.29
995,101.37,30.411,101.37
996,121.42,36.426,121.42
997,102.44,30.732,102.44
998,109.74,32.922,109.74
999,104.89,31.467,104.89
1000,137.25,41.175,137.25
1001,132.59,39.777,132.59
1002,129.3,38.79,129.3
1003,120.08,36.024,120.08
1004,126.78,38.034,126.78
1005,148.49,44.547000000000004,148.49
1006,135.75,40.725,135.75
1007,144.61,43.383,144.61
1008,127.36,38.208,127.36
1009,146.65,43.995,146.65
1010,131.45,39.434999999999995,131.45
1011,119.03,35.708999999999996,119.03
1012,141.24,42.372,141.24
1013,120.46,36.138,120.46
1014,116.01,34.803,116.01
1015,154.38,46.314,154.38
1016,124.82,37.446,124.82
1017,107.39,32.217,107.39
1018,120.42,36.126,120.42
1019,103.62,31.086,103.62
1020,109.31,32.793,109.31
1021,123.39,37.016999999999996,123.39
1022,104.41,31.322999999999997,104.41
1023,106.69,32.007,106.69
1024,119.91,35.973,119.91
1025,120.46,36.138,120.46
1026,154.42,46.32599999999999,154.42
1027,119.17,35.751,119.17
1028,169.63,50.888999999999996,169.63
1029,109.52,32.855999999999995,109.52
1030,116.33,34.899,116.33
1031,128.07,38.421,128.07
1032,176.52,52.956,176.52
1033,143.94,43.181999999999995,143.94
1034,140.51,42.153,140.51
1035,128.79,38.63699999999999,128.79
1036,115.1,34.529999999999994,115.1
1037,126.6,37.98,126.6
1038,121.39,36.417,121.39
1039,126.54,37.962,126.54
1040,140.8,42.24,140.8
1041,109.73,32.919,109.73
1042,139.49,41.847,139.49
1043,104.85,31.455,104.85
1044,112.73,33.819,112.73
1045,133.14,39.94199999999999,133.14
1046,137.35,41.205,137.35
1047,113.61,34.083,113.61
1048,119.14,35.742,119.14
1049,117.97,35.391,117.97
1050,142.59,42.777,142.59
1051,146.31,43.893,146.31
1052,137.83,41.349000000000004,137.83
1053,122.11,36.632999999999996,122.11
1054,131.56,39.467999999999996,131.56
1055,104.61,31.383,104.61
1056,124.4,37.32,124.4
1057,118.49,35.547,118.49
1058,144.7,43.41,144.7
1059,131.19,39.357,131.19
1060,163.13,48.939,163.13
1061,108.14,32.442,108.14
1062,152.52,45.756,152.52
1063,103.64,31.092,103.64
1064,125.2,37.56,125.2
1065,101.68,30.504,101.68
1066,154.23,46.269,154.23
1067,113.6,34.08,113.6
1068,137.15,41.145,137.15
1069,142.61,42.783,142.61
1070,125.64,37.692,125.64
1071,120.29,36.087,120.29
1072,141.8,42.54,141.8
1073,145.42,43.626,145.42
1074,125.41,37.623,125.41
1075,126.61,37.983,126.61
1076,107.51,32.253,107.51
1077,108.32,32.495999999999995,108.32
1078,155.77,46.731,155.77
1079,105.23,31.569,105.23
1080,150.9,45.27,150.9
1081,153.39,46.016999999999996,153.39
1082,136.67,41.001,136.67
1083,126.57,37.971,126.57
1084,143.19,42.957,143.19
1085,130.62,39.186,130.62
1086,149.18,44.754,149.18
1087,143.61,43.083000000000006,143.61
1088,109.17,32.751,109.17
1089,109.98,32.994,109.98
1090,123.44,37.032,123.44
1091,151.15,45.345,151.15
1092,142.1,42.629999999999995,142.1
1093,121.72,36.516,121.72
1094,144.93,43.479,144.93
1095,114.64,34.391999999999996,114.64
1096,110.46,33.138,110.46
1097,129.73,38.919,129.73
1098,145.4,43.62,145.4
1099,137.51,41.25299999999999,137.51
1100,126.74,38.022,126.74
1101,142.05,42.615,142.05
1102,133.76,40.12799999999999,133.76
1103,160.55,48.165,160.55
1104,162.48,48.74399999999999,162.48
1105,121.65,36.495,121.65
1106,187.47,56.241,187.47
1107,122.02,36.605999999999995,122.02
1108,148.05,44.415,148.05
1109,138.41,41.522999999999996,138.41
1110,117.51,35.253,117.51
1111,127.16,38.147999999999996,127.16
1112,135.33,40.599000000000004,135.33
1113,115.01,34.503,115.01
1114,148.46,44.538000000000004,148.46
1115,126.66,37.998,126.66
1116,107.12,32.136,107.12
1117,153.91,46.172999999999995,153.91
1118,127.56,38.268,127.56
1119,141.04,42.312,141.04
1120,152.59,45.777,152.59
1121,136.56,40.967999999999996,136.56
1122,133.99,40.197,133.99
1123,140.58,42.174,140.58
1124,133.48,40.044,133.48
1125,134.74,40.422000000000004,134.74
1126,124.22,37.266,124.22
1127,153.49,46.047000000000004,153.49
1128,133.79,40.13699999999999,133.79
1129,157.19,47.157,157.19
1130,142.56,42.768,142.56
1131,163.85,49.154999999999994,163.85
1132,140.06,42.018,140.06
1133,141.44,42.431999999999995,141.44
1134,126.12,37.836,126.12
1135,106.48,31.944,106.48
1136,148.59,44.577,148.59
1137,137.42,41.22599999999999,137.42
1138,171.68,51.504,171.68
1139,138.21,41.463,138.21
1140,97.67,29.301,97.67
1141,151.42,45.425999999999995,151.42
1142,147.97,44.391,147.97
1143,179.19,53.757,179.19
1144,130.82,39.245999999999995,130.82
1145,136.68,41.004,136.68
1146,136.95,41.084999999999994,136.95
1147,132.39,39.71699999999999,132.39
1148,144.69,43.407,144.69
1149,159.34,47.802,159.34
1150,146.93,44.079,146.93
1151,133.88,40.163999999999994,133.88
1152,139.47,41.841,139.47
1153,147.48,44.24399999999999,147.48
1154,140.24,42.072,140.24
1155,129.16,38.748,129.16
1156,163.28,48.984,163.28
1157,116.11,34.833,116.11
1158,183.65,55.095,183.65
1159,120.33,36.099,120.33
1160,143.84,43.152,143.84
1161,149.97,44.991,149.97
1162,136.0,40.8,136.0
1163,122.85,36.855,122.85
1164,148.6,44.58,148.6
1165,121.63,36.489,121.63
1166,103.96,31.187999999999995,103.96
1167,109.27,32.781,109.27
1168,115.07,34.520999999999994,115.07
1169,136.03,40.809,136.03
1170,162.3,48.690000000000005,162.3
1171,182.33,54.699000000000005,182.33
1172,134.89,40.46699999999999,134.89
1173,147.65,44.295,147.65
1174,146.92,44.07599999999999,146.92
1175,149.5,44.85,149.5
1176,178.38,53.513999999999996,178.38
1177,132.8,39.84,132.8
1178,128.58,38.574000000000005,128.58
1179,141.59,42.477,141.59
1180,133.63,40.089,133.63
1181,129.45,38.834999999999994,129.45
1182,147.58,44.274,147.58
1183,120.26,36.078,120.26
1184,135.17,40.550999999999995,135.17
1185,130.18,39.054,130.18
1186,122.01,36.603,122.01
1187,107.86,32.358,107.86
1188,148.05,44.415,148.05
1189,153.01,45.903,153.01
1190,114.38,34.314,114.38
1191,128.15,38.445,128.15
1192,174.98,52.49399999999999,174.98
1193,154.28,46.284,154.28
1194,116.49,34.946999999999996,116.49
1195,125.91,37.772999999999996,125.91
1196,149.38,44.814,149.38
1197,166.26,49.87799999999999,166.26
1198,133.68,40.104,133.68
1199,156.59,46.977,156.59
1200,136.18,40.854,136.18
1201,193.26,57.977999999999994,193.26
1202,136.18,40.854,136.18
1203,131.4,39.42,131.4
1204,123.35,37.004999999999995,123.35
1205,126.57,37.971,126.57
1206,142.83,42.849000000000004,142.83
1207,161.86,48.558,161.86
1208,119.23,35.769,119.23
1209,114.62,34.386,114.62
1210,120.77,36.230999999999995,120.77
1211,149.59,44.877,149.59
1212,127.32,38.196,127.32
1213,137.04,41.111999999999995,137.04
1214,150.12,45.036,150.12
1215,156.7,47.01,156.7
1216,138.02,41.406,138.02
1217,122.47,36.741,122.47
1218,130.24,39.072,130.24
1219,116.62,34.986,116.62
1220,135.36,40.608000000000004,135.36
1221,131.96,39.588,131.96
1222,135.91,40.772999999999996,135.91
1223,147.99,44.397,147.99
1224,143.98,43.193999999999996,143.98
1225,146.85,44.055,146.85
1226,123.23,36.969,123.23
1227,157.6,47.279999999999994,157.6
1228,139.23,41.769,139.23
1229,173.13,51.939,173.13
1230,133.28,39.984,133.28
1231,180.65,54.195,180.65
1232,137.7,41.309999999999995,137.7
1233,131.64,39.492,131.64
1234,121.25,36.375,121.25
1235,175.81,52.743,175.81
1236,127.76,38.328,127.76
1237,128.85,38.654999999999994,128.85
1238,118.03,35.409,118.03
1239,101.76,30.528,101.76
1240,122.12,36.636,122.12
1241,135.62,40.686,135.62
1242,105.47,31.641,105.47
1243,146.03,43.809,146.03
1244,135.97,40.791,135.97
1245,151.14,45.34199999999999,151.14
1246,131.99,39.597,131.99
1247,150.03,45.009,150.03
1248,140.18,42.054,140.18
1249,171.84,51.552,171.84
1250,151.74,45.522,151.74
1251,134.55,40.365,134.55
1252,141.43,42.429,141.43
1253,157.53,47.259,157.53
1254,153.15,45.945,153.15
1255,157.79,47.336999999999996,157.79
1256,128.22,38.466,128.22
1257,126.16,37.848,126.16
1258,99.99,29.996999999999996,99.99
1259,124.72,37.416,124.72
1260,132.82,39.846,132.82
1261,125.24,37.571999999999996,125.24
1262,140.72,42.216,140.72
1263,150.38,45.114,150.38
1264,152.55,45.765,152.55
1265,129.02,38.706,129.02
1266,135.3,40.59,135.3
1267,127.05,38.114999999999995,127.05
1268,141.92,42.57599999999999,141.92
1269,125.45,37.635,125.45
1270,118.43,35.529,118.43
1271,138.92,41.675999999999995,138.92
1272,151.92,45.57599999999999,151.92
1273,141.09,42.327,141.09
1274,171.86,51.558,171.86
1275,167.76,50.327999999999996,167.76
1276,129.54,38.861999999999995,129.54
1277,137.05,41.115,137.05
1278,135.33,40.599000000000004,135.33
1279,154.57,46.370999999999995,154.57
1280,128.47,38.541,128.47
1281,152.65,45.795,152.65
1282,204.44,61.331999999999994,204.44
1283,114.28,34.284,114.28
1284,175.97,52.791,175.97
1285,119.66,35.897999999999996,119.66
1286,179.0,53.699999999999996,179.0
1287,149.14,44.742,149.14
1288,114.17,34.251,114.17
1289,117.69,35.306999999999995,117.69
1290,118.5,35.55,118.5
1291,140.38,42.114,140.38
1292,137.02,41.106,137.02
1293,183.9,55.17,183.9
1294,153.66,46.098,153.66
1295,142.6,42.779999999999994,142.6
1296,171.4,51.42,171.4
1297,163.76,49.12799999999999,163.76
1298,152.94,45.882,152.94
1299,151.36,45.408,151.36
1300,179.65,53.895,179.65
1301,181.76,54.528,181.76
1302,142.25,42.675,142.25
1303,126.53,37.958999999999996,126.53
1304,127.93,38.379,127.93
1305,157.81,47.342999999999996,157.81
1306,144.23,43.269,144.23
1307,115.94,34.782,115.94
1308,155.72,46.716,155.72
1309,127.21,38.163,127.21
1310,132.89,39.867,132.89
1311,145.29,43.586999999999996,145.29
1312,116.9,35.07,116.9
1313,152.36,45.708000000000006,152.36
1314,156.87,47.061,156.87
1315,135.79,40.736999999999995,135.79
1316,154.23,46.269,154.23
1317,122.79,36.837,122.79
1318,147.17,44.150999999999996,147.17
1319,134.76,40.428,134.76
1320,147.19,44.157,147.19
1321,145.27,43.581,145.27
1322,152.03,45.609,152.03
1323,148.87,44.661,148.87
1324,152.57,45.770999999999994,152.57
1325,158.85,47.654999999999994,158.85
1326,141.89,42.56699999999999,141.89
1327,159.82,47.946,159.82
1328,116.95,35.085,116.95
1329,147.36,44.208000000000006,147.36
1330,144.01,43.202999999999996,144.01
1331,139.18,41.754,139.18
1332,120.86,36.257999999999996,120.86
1333,117.75,35.324999999999996,117.75
1334,128.46,38.538000000000004,128.46
1335,131.4,39.42,131.4
1336,152.1,45.629999999999995,152.1
1337,136.61,40.983000000000004,136.61
1338,112.4,33.72,112.4
1339,143.3,42.99,143.3
1340,135.86,40.758,135.86
1341,140.89,42.266999999999996,140.89
1342,142.09,42.627,142.09
1343,157.82,47.346,157.82
1344,235.42,70.62599999999999,235.42
1345,180.12,54.036,180.12
1346,131.31,39.393,131.31
1347,135.74,40.722,135.74
1348,147.77,44.331,147.77
1349,120.26,36.078,120.26
1350,179.2,53.76,179.2
1351,121.21,36.363,121.21
1352,171.69,51.507,171.69
1353,129.07,38.721,129.07
1354,133.72,40.116,133.72
1355,113.65,34.095,113.65
1356,135.38,40.614,135.38
1357,126.72,38.016,126.72
1358,142.7,42.809999999999995,142.7
1359,125.55,37.665,125.55
1360,137.31,41.193,137.31
1361,126.73,38.019,126.73
1362,149.67,44.900999999999996,149.67
1363,139.69,41.907,139.69
1364,158.2,47.459999999999994,158.2
1365,148.95,44.684999999999995,148.95
1366,171.29,51.38699999999999,171.29
1367,141.17,42.35099999999999,141.17
1368,150.76,45.227999999999994,150.76
1369,134.76,40.428,134.76
1370,181.29,54.38699999999999,181.29
1371,158.88,47.663999999999994,158.88
1372,149.93,44.979,149.93
1373,167.78,50.333999999999996,167.78
1374,142.58,42.774,142.58
1375,166.79,50.037,166.79
1376,134.03,40.208999999999996,134.03
1377,127.13,38.138999999999996,127.13
1378,138.22,41.466,138.22
1379,152.64,45.791999999999994,152.64
1380,125.89,37.766999999999996,125.89
1381,157.07,47.120999999999995,157.07
1382,144.12,43.236,144.12
1383,134.03,40.208999999999996,134.03
1384,147.91,44.373,147.91
1385,152.12,45.636,152.12
1386,137.54,41.26199999999999,137.54
1387,170.01,51.00299999999999,170.01
1388,158.78,47.634,158.78
1389,184.47,55.341,184.47
1390,148.11,44.433,148.11
1391,135.14,40.541999999999994,135.14
1392,195.65,58.695,195.65
1393,142.17,42.650999999999996,142.17
1394,178.13,53.439,178.13
1395,123.44,37.032,123.44
1396,183.56,55.068,183.56
1397,178.84,53.652,178.84
1398,154.82,46.446,154.82
1399,164.26,49.278,164.26
1400,118.91,35.672999999999995,118.91
1401,165.9,49.77,165.9
1402,127.42,38.226,127.42
1403,127.35,38.205,127.35
1404,160.54,48.162,160.54
1405,123.08,36.924,123.08
1406,128.73,38.61899999999999,128.73
1407,145.3,43.59,145.3
1408,136.88,41.064,136.88
1409,152.13,45.638999999999996,152.13
1410,150.65,45.195,150.65
1411,143.26,42.977999999999994,143.26
1412,168.06,50.418,168.06
1413,189.04,56.711999999999996,189.04
1414,147.72,44.315999999999995,147.72
1415,150.41,45.123,150.41
1416,135.22,40.565999999999995,135.22
1417,147.82,44.346,147.82
1418,178.13,53.439,178.13
1419,169.54,50.861999999999995,169.54
1420,140.16,42.047999999999995,140.16
1421,263.31,78.993,263.31
1422,156.27,46.881,156.27
1423,119.54,35.862,119.54
1424,124.51,37.353,124.51
1425,140.52,42.156,140.52
1426,141.22,42.366,141.22
1427,132.44,39.732,132.44
1428,122.87,36.861,122.87
1429,122.33,36.699,122.33
1430,128.97,38.690999999999995,128.97
1431,162.33,48.699000000000005,162.33
1432,147.28,44.184,147.28
1433,147.38,44.214,147.38
1434,148.74,44.622,148.74
1435,151.9,45.57,151.9
1436,159.86,47.958000000000006,159.86
1437,172.74,51.822,172.74
1438,161.89,48.56699999999999,161.89
1439,160.52,48.156,160.52
1440,148.36,44.508,148.36
1441,146.42,43.925999999999995,146.42
1442,146.3,43.89,146.3
1443,139.35,41.805,139.35
1444,150.71,45.213,150.71
1445,158.04,47.412,158.04
1446,109.82,32.946,109.82
1447,137.69,41.306999999999995,137.69
1448,189.46,56.838,189.46
1449,127.71,38.312999999999995,127.71
1450,149.13,44.739,149.13
1451,129.56,38.868,129.56
1452,130.2,39.059999999999995,130.2
1453,156.76,47.028,156.76
1454,119.25,35.775,119.25
1455,135.58,40.674,135.58
1456,136.92,41.07599999999999,136.92
1457,150.55,45.165,150.55
1458,116.58,34.974,116.58
1459,139.26,41.778,139.26
1460,181.74,54.522,181.74
1461,215.33,64.599,215.33
1462,152.52,45.756,152.52
1463,145.6,43.68,145.6
1464,164.48,49.343999999999994,164.48
1465,154.63,46.388999999999996,154.63
1466,171.99,51.597,171.99
1467,170.03,51.009,170.03
1468,193.16,57.94799999999999,193.16
1469,163.26,48.977999999999994,163.26
1470,150.39,45.117,150.39
1471,123.37,37.011,123.37
1472,144.31,43.293,144.31
1473,178.07,53.421,178.07
1474,149.36,44.808,149.36
1475,177.5,53.25,177.5
1476,115.38,34.614,115.38
1477,149.43,44.829,149.43
1478,193.29,57.986999999999995,193.29
1479,150.34,45.102,150.34
1480,149.26,44.778,149.26
1481,130.01,39.00299999999999,130.01
1482,142.94,42.882,142.94
1483,141.78,42.534,141.78
1484,128.2,38.459999999999994,128.2
1485,164.74,49.422000000000004,164.74
1486,142.1,42.629999999999995,142.1
1487,217.3,65.19,217.3
1488,171.46,51.438,171.46
1489,155.2,46.559999999999995,155.2
1490,150.25,45.074999999999996,150.25
1491,154.94,46.482,154.94
1492,186.95,56.084999999999994,186.95
1493,154.98,46.49399999999999,154.98
1494,148.58,44.574000000000005,148.58
1495,212.15,63.644999999999996,212.15
1496,159.16,47.748,159.16
1497,161.3,48.39,161.3
1498,146.73,44.019,146.73
1499,157.15,47.145,157.15
1500,146.31,43.893,146.31
1501,137.74,41.322,137.74
1502,123.3,36.989999999999995,123.3
1503,150.79,45.236999999999995,150.79
1504,140.83,42.249,140.83
1505,149.01,44.702999999999996,149.01
1506,151.89,45.56699999999999,151.89
1507,175.29,52.586999999999996,175.29
1508,188.64,56.59199999999999,188.64
1509,138.5,41.55,138.5
1510,145.93,43.779,145.93
1511,171.42,51.425999999999995,171.42
1512,153.28,45.984,153.28
1513,202.85,60.855,202.85
1514,170.07,51.020999999999994,170.07
1515,139.81,41.943,139.81
1516,162.04,48.611999999999995,162.04
1517,160.06,48.018,160.06
1518,134.05,40.215,134.05
1519,167.66,50.297999999999995,167.66
1520,163.28,48.984,163.28
1521,201.23,60.36899999999999,201.23
1522,138.34,41.502,138.34
1523,122.78,36.833999999999996,122.78
1524,149.12,44.736,149.12
1525,149.72,44.916,149.72
1526,183.57,55.071,183.57
1527,205.91,61.772999999999996,205.91
1528,151.27,45.381,151.27
1529,142.98,42.894,142.98
1530,149.03,44.708999999999996,149.03
1531,128.23,38.468999999999994,128.23
1532,150.95,45.285,150.95
1533,174.12,52.236,174.12
1534,192.4,57.72,192.4
1535,171.53,51.458999999999996,171.53
1536,186.01,55.803,186.01
1537,183.68,55.104,183.68
1538,171.3,51.39,171.3
1539,164.2,49.26,164.2
1540,145.49,43.647,145.49
1541,147.94,44.382,147.94
1542,164.22,49.266,164.22
1543,129.32,38.796,129.32
1544,136.47,40.940999999999995,136.47
1545,145.9,43.77,145.9
1546,170.57,51.171,170.57
1547,144.24,43.272,144.24
1548,155.08,46.524,155.08
1549,127.29,38.187,127.29
1550,179.02,53.706,179.02
1551,139.8,41.940000000000005,139.8
1552,147.47,44.241,147.47
1553,175.54,52.662,175.54
1554,148.42,44.525999999999996,148.42
1555,149.67,44.900999999999996,149.67
1556,188.66,56.598,188.66
1557,149.91,44.973,149.91
1558,131.32,39.395999999999994,131.32
1559,171.32,51.395999999999994,171.32
1560,177.92,53.376,177.92
1561,187.15,56.145,187.15
1562,174.61,52.383,174.61
1563,175.28,52.583999999999996,175.28
1564,201.97,60.590999999999994,201.97
1565,183.22,54.966,183.22
1566,149.88,44.964,149.88
1567,146.66,43.998,146.66
1568,141.65,42.495,141.65
1569,183.56,55.068,183.56
1570,166.13,49.839,166.13
1571,159.33,47.799,159.33
1572,144.02,43.206,144.02
1573,137.23,41.169,137.23
1574,178.05,53.415,178.05
1575,151.18,45.354,151.18
1576,146.19,43.857,146.19
1577,160.38,48.114,160.38
1578,193.37,58.010999999999996,193.37
1579,203.25,60.974999999999994,203.25
1580,140.43,42.129,140.43
1581,151.66,45.498,151.66
1582,157.1,47.129999999999995,157.1
1583,147.23,44.169,147.23
1584,144.28,43.284,144.28
1585,187.63,56.288999999999994,187.63
1586,179.06,53.717999999999996,179.06
1587,144.0,43.199999999999996,144.0
1588,178.35,53.504999999999995,178.35
1589,169.14,50.742,169.14
1590,163.68,49.104,163.68
1591,166.55,49.965,166.55
1592,149.07,44.721,149.07
1593,163.96,49.188,163.96
1594,138.59,41.577,138.59
1595,132.08,39.624,132.08
1596,130.75,39.225,130.75
1597,147.5,44.25,147.5
1598,143.9,43.17,143.9
1599,196.21,58.863,196.21
1600,146.18,43.854,146.18
1601,168.82,50.645999999999994,168.82
1602,137.09,41.127,137.09
1603,158.9,47.67,158.9
1604,165.16,49.547999999999995,165.16
1605,161.63,48.489,161.63
1606,156.52,46.956,156.52
1607,232.56,69.768,232.56
1608,164.22,49.266,164.22
1609,192.74,57.822,192.74
1610,149.27,44.781,149.27
1611,181.48,54.443999999999996,181.48
1612,160.56,48.168,160.56
1613,161.15,48.345,161.15
1614,171.09,51.327,171.09
1615,155.46,46.638,155.46
1616,160.46,48.138,160.46
1617,142.06,42.618,142.06
1618,157.37,47.211,157.37
1619,136.09,40.827,136.09
1620,135.19,40.556999999999995,135.19
1621,149.47,44.841,149.47
1622,132.51,39.75299999999999,132.51
1623,135.51,40.653,135.51
1624,164.52,49.356,164.52
1625,141.58,42.474000000000004,141.58
1626,172.09,51.627,172.09
1627,135.62,40.686,135.62
1628,160.49,48.147,160.49
1629,140.83,42.249,140.83
1630,175.71,52.713,175.71
1631,153.3,45.99,153.3
1632,216.12,64.836,216.12
1633,168.47,50.541,168.47
1634,163.76,49.12799999999999,163.76
1635,157.53,47.259,157.53
1636,174.86,52.458000000000006,174.86
1637,138.33,41.499,138.33
1638,142.46,42.738,142.46
1639,158.44,47.532,158.44
1640,183.4,55.02,183.4
1641,158.4,47.52,158.4
1642,244.83,73.449,244.83
1643,146.89,44.06699999999999,146.89
1644,174.51,52.352999999999994,174.51
1645,158.2,47.459999999999994,158.2
1646,179.37,53.811,179.37
1647,161.59,48.477,161.59
1648,162.27,48.681000000000004,162.27
1649,172.81,51.842999999999996,172.81
1650,177.2,53.16,177.2
1651,149.82,44.946,149.82
1652,172.08,51.624,172.08
1653,171.47,51.440999999999995,171.47
1654,172.15,51.645,172.15
1655,213.55,64.065,213.55
1656,169.14,50.742,169.14
1657,184.12,55.236,184.12
1658,157.07,47.120999999999995,157.07
1659,152.08,45.624,152.08
1660,134.76,40.428,134.76
1661,168.97,50.690999999999995,168.97
1662,179.88,53.964,179.88
1663,134.52,40.356,134.52
1664,185.08,55.524,185.08
1665,139.13,41.739,139.13
1666,152.25,45.675,152.25
1667,150.47,45.141,150.47
1668,179.35,53.805,179.35
1669,149.23,44.769,149.23
1670,137.14,41.141999999999996,137.14
1671,161.48,48.443999999999996,161.48
1672,145.69,43.707,145.69
1673,136.05,40.815000000000005,136.05
1674,167.59,50.277,167.59
1675,164.11,49.233000000000004,164.11
1676,187.55,56.265,187.55
1677,167.49,50.247,167.49
1678,160.01,48.00299999999999,160.01
1679,172.98,51.894,172.98
1680,179.89,53.96699999999999,179.89
1681,182.15,54.645,182.15
1682,168.14,50.44199999999999,168.14
1683,198.45,59.535,198.45
1684,153.56,46.068,153.56
1685,149.03,44.708999999999996,149.03
1686,155.26,46.577999999999996,155.26
1687,143.33,42.999,143.33
1688,164.54,49.361999999999995,164.54
1689,144.85,43.455,144.85
1690,164.33,49.299,164.33
1691,166.03,49.809,166.03
1692,162.06,48.618,162.06
1693,153.39,46.016999999999996,153.39
1694,153.92,46.175999999999995,153.92
1695,144.83,43.449000000000005,144.83
1696,152.48,45.74399999999999,152.48
1697,148.77,44.631,148.77
1698,147.76,44.327999999999996,147.76
1699,160.26,48.077999999999996,160.26
1700,186.71,56.013,186.71
1701,194.23,58.26899999999999,194.23
1702,134.77,40.431000000000004,134.77
1703,187.08,56.124,187.08
1704,156.33,46.899,156.33
1705,144.72,43.416,144.72
1706,202.17,60.650999999999996,202.17
1707,159.93,47.979,159.93
1708,172.5,51.75,172.5
1709,172.44,51.732,172.44
1710,160.09,48.027,160.09
1711,174.61,52.383,174.61
1712,161.08,48.324000000000005,161.08
1713,155.53,46.659,155.53
1714,149.93,44.979,149.93
1715,142.06,42.618,142.06
1716,163.32,48.995999999999995,163.32
1717,140.09,42.027,140.09
1718,163.59,49.077,163.59
1719,152.4,45.72,152.4
1720,140.06,42.018,140.06
1721,186.45,55.934999999999995,186.45
1722,155.45,46.635,155.45
1723,135.22,40.565999999999995,135.22
1724,154.93,46.479,154.93
1725,182.35,54.705,182.35
1726,176.78,53.034,176.78
1727,165.23,49.568999999999996,165.23
1728,152.63,45.788999999999994,152.63
1729,162.9,48.87,162.9
1730,152.69,45.806999999999995,152.69
1731,194.12,58.236,194.12
1732,170.56,51.168,170.56
1733,156.91,47.073,156.91
1734,161.67,48.501,161.67
1735,154.4,46.32,154.4
1736,166.98,50.093999999999994,166.98
1737,154.82,46.446,154.82
1738,146.94,44.082,146.94
1739,182.1,54.629999999999995,182.1
1740,146.83,44.049,146.83
1741,172.65,51.795,172.65
1742,145.45,43.635,145.45
1743,153.93,46.179,153.93
1744,175.42,52.626,175.42
1745,162.11,48.633,162.11
1746,158.37,47.511,158.37
1747,158.68,47.604,158.68
1748,186.9,56.07,186.9
1749,193.3,57.99,193.3
1750,168.08,50.424,168.08
1751,208.79,62.63699999999999,208.79
1752,195.81,58.742999999999995,195.81
1753,165.63,49.689,165.63
1754,145.71,43.713,145.71
1755,166.04,49.812,166.04
1756,157.49,47.247,157.49
1757,150.16,45.047999999999995,150.16
1758,177.0,53.1,177.0
1759,162.87,48.861,162.87
1760,165.61,49.683,165.61
1761,174.51,52.352999999999994,174.51
1762,158.08,47.424,158.08
1763,169.4,50.82,169.4
1764,187.63,56.288999999999994,187.63
1765,183.23,54.968999999999994,183.23
1766,177.12,53.136,177.12
1767,138.57,41.571,138.57
1768,207.17,62.150999999999996,207.17
1769,147.15,44.145,147.15
1770,272.49,81.747,272.49
1771,168.76,50.62799999999999,168.76
1772,151.42,45.425999999999995,151.42
1773,190.75,57.225,190.75
1774,178.3,53.49,178.3
1775,170.98,51.294,170.98
1776,167.4,50.22,167.4
1777,193.72,58.116,193.72
1778,184.43,55.329,184.43
1779,209.59,62.876999999999995,209.59
1780,200.5,60.15,200.5
1781,206.36,61.908,206.36
1782,195.01,58.50299999999999,195.01
1783,172.82,51.846,172.82
1784,158.35,47.504999999999995,158.35
1785,145.2,43.559999999999995,145.2
1786,145.34,43.602,145.34
1787,160.02,48.006,160.02
1788,180.85,54.254999999999995,180.85
1789,171.63,51.489,171.63
1790,184.37,55.311,184.37
1791,143.78,43.134,143.78
1792,194.93,58.479,194.93
1793,179.16,53.748,179.16
1794,186.78,56.034,186.78
1795,183.03,54.909,183.03
1796,146.13,43.839,146.13
1797,173.64,52.09199999999999,173.64
1798,202.67,60.800999999999995,202.67
1799,154.87,46.461,154.87
1800,160.03,48.009,160.03
1801,189.89,56.96699999999999,189.89
1802,180.7,54.209999999999994,180.7
1803,165.62,49.686,165.62
1804,163.39,49.016999999999996,163.39
1805,193.52,58.056,193.52
1806,167.44,50.232,167.44
1807,177.75,53.324999999999996,177.75
1808,156.09,46.827,156.09
1809,160.89,48.266999999999996,160.89
1810,186.78,56.034,186.78
1811,191.74,57.522,191.74
1812,149.21,44.763,149.21
1813,170.89,51.266999999999996,170.89
1814,154.4,46.32,154.4
1815,157.78,47.333999999999996,157.78
1816,174.0,52.199999999999996,174.0
1817,178.68,53.604,178.68
1818,161.43,48.429,161.43
1819,159.07,47.721,159.07
1820,183.73,55.11899999999999,183.73
1821,173.29,51.986999999999995,173.29
1822,175.97,52.791,175.97
1823,230.46,69.138,230.46
1824,197.98,59.39399999999999,197.98
1825,230.76,69.228,230.76
1826,157.07,47.120999999999995,157.07
1827,155.48,46.644,155.48
1828,178.57,53.571,178.57
1829,188.45,56.535,188.45
1830,165.0,49.5,165.0
1831,163.03,48.909,163.03
1832,176.32,52.895999999999994,176.32
1833,155.6,46.68,155.6
1834,148.54,44.562,148.54
1835,154.09,46.227,154.09
1836,141.81,42.543,141.81
1837,191.25,57.375,191.25
1838,148.8,44.64,148.8
1839,173.14,51.94199999999999,173.14
1840,155.16,46.547999999999995,155.16
1841,170.96,51.288000000000004,170.96
1842,163.06,48.918,163.06
1843,180.27,54.081,180.27
1844,185.6,55.68,185.6
1845,177.37,53.211,177.37
1846,225.21,67.563,225.21
1847,174.35,52.305,174.35
1848,168.56,50.568,168.56
1849,210.6,63.17999999999999,210.6
1850,194.25,58.275,194.25
1851,192.23,57.669,192.23
1852,159.31,47.793,159.31
1853,174.18,52.254,174.18
1854,153.26,45.977999999999994,153.26
1855,164.78,49.434,164.78
1856,214.51,64.353,214.51
1857,144.79,43.437,144.79
1858,231.21,69.363,231.21
1859,161.79,48.537,161.79
1860,149.87,44.961,149.87
1861,239.15,71.745,239.15
1862,156.38,46.913999999999994,156.38
1863,139.5,41.85,139.5
1864,179.55,53.865,179.55
1865,190.61,57.183,190.61
1866,186.19,55.857,186.19
1867,172.09,51.627,172.09
1868,174.07,52.221,174.07
1869,161.23,48.36899999999999,161.23
1870,152.53,45.759,152.53
1871,188.31,56.493,188.31
1872,190.15,57.045,190.15
1873,171.61,51.483000000000004,171.61
1874,190.7,57.209999999999994,190.7
1875,177.65,53.295,177.65
1876,175.66,52.698,175.66
1877,163.55,49.065000000000005,163.55
1878,161.51,48.452999999999996,161.51
1879,180.18,54.054,180.18
1880,164.48,49.343999999999994,164.48
1881,169.87,50.961,169.87
1882,163.11,48.933,163.11
1883,155.38,46.614,155.38
1884,174.67,52.400999999999996,174.67
1885,187.09,56.127,187.09
1886,163.02,48.906,163.02
1887,162.85,48.855,162.85
1888,175.19,52.556999999999995,175.19
1889,156.59,46.977,156.59
1890,149.98,44.99399999999999,149.98
1891,165.16,49.547999999999995,165.16
1892,184.93,55.479,184.93
1893,192.14,57.641999999999996,192.14
1894,184.2,55.26,184.2
1895,211.88,63.56399999999999,211.88
1896,279.48,83.84400000000001,279.48
1897,178.84,53.652,178.84
1898,192.56,57.768,192.56
1899,191.9,57.57,191.9
1900,185.95,55.785,185.95
1901,182.69,54.806999999999995,182.69
1902,139.42,41.82599999999999,139.42
1903,165.99,49.797000000000004,165.99
1904,150.24,45.072,150.24
1905,164.36,49.308,164.36
1906,153.55,46.065000000000005,153.55
1907,208.02,62.406,208.02
1908,188.57,56.571,188.57
1909,162.1,48.629999999999995,162.1
1910,159.88,47.964,159.88
1911,186.06,55.818,186.06
1912,170.32,51.096,170.32
1913,192.0,57.599999999999994,192.0
1914,163.78,49.134,163.78
1915,204.78,61.434,204.78
1916,192.13,57.638999999999996,192.13
1917,153.73,46.11899999999999,153.73
1918,192.5,57.75,192.5
1919,189.97,56.991,189.97
1920,218.04,65.41199999999999,218.04
1921,197.74,59.322,197.74
1922,242.29,72.687,242.29
1923,225.28,67.584,225.28
1924,235.77,70.731,235.77
1925,214.6,64.38,214.6
1926,204.11,61.233000000000004,204.11
1927,163.29,48.986999999999995,163.29
1928,139.71,41.913000000000004,139.71
1929,183.88,55.163999999999994,183.88
1930,173.79,52.13699999999999,173.79
1931,242.62,72.786,242.62
1932,152.79,45.836999999999996,152.79
1933,162.77,48.831,162.77
1934,182.36,54.708000000000006,182.36
1935,138.59,41.577,138.59
1936,171.86,51.558,171.86
1937,167.9,50.37,167.9
1938,176.99,53.097,176.99
1939,179.06,53.717999999999996,179.06
1940,179.85,53.955,179.85
1941,179.68,53.904,179.68
1942,171.26,51.37799999999999,171.26
1943,175.0,52.5,175.0
1944,187.6,56.279999999999994,187.6
1945,235.84,70.752,235.84
1946,173.39,52.016999999999996,173.39
1947,238.03,71.40899999999999,238.03
1948,314.88,94.464,314.88
1949,157.27,47.181000000000004,157.27
1950,171.82,51.546,171.82
1951,164.2,49.26,164.2
1952,171.36,51.408,171.36
1953,170.57,51.171,170.57
1954,155.16,46.547999999999995,155.16
1955,179.84,53.952,179.84
1956,162.38,48.714,162.38
1957,160.63,48.189,160.63
1958,185.36,55.608000000000004,185.36
1959,175.71,52.713,175.71
1960,151.84,45.552,151.84
1961,171.51,51.452999999999996,171.51
1962,187.19,56.157,187.19
1963,221.6,66.47999999999999,221.6
1964,215.22,64.566,215.22
1965,164.55,49.365,164.55
1966,175.54,52.662,175.54
1967,169.68,50.904,169.68
1968,189.45,56.834999999999994,189.45
1969,170.99,51.297000000000004,170.99
1970,177.73,53.318999999999996,177.73
1971,203.76,61.12799999999999,203.76
1972,167.24,50.172000000000004,167.24
1973,188.96,56.688,188.96
1974,271.95,81.585,271.95
1975,197.16,59.147999999999996,197.16
1976,208.27,62.481,208.27
1977,185.65,55.695,185.65
1978,156.53,46.958999999999996,156.53
1979,147.84,44.352,147.84
1980,165.42,49.626,165.42
1981,164.77,49.431000000000004,164.77
1982,142.69,42.806999999999995,142.69
1983,193.92,58.175999999999995,193.92
1984,180.8,54.24,180.8
1985,166.57,49.971,166.57
1986,233.09,69.92699999999999,233.09
1987,265.33,79.59899999999999,265.33
1988,166.97,50.091,166.97
1989,190.16,57.047999999999995,190.16
1990,171.11,51.333000000000006,171.11
1991,167.74,50.322,167.74
1992,207.57,62.270999999999994,207.57
1993,165.47,49.641,165.47
1994,228.21,68.463,228.21
1995,173.9,52.17,173.9
1996,226.06,67.818,226.06
1997,181.5,54.449999999999996,181.5
1998,172.91,51.873,172.91
1999,173.08,51.924,173.08
2000,224.14,67.24199999999999,224.14
2001,220.45,66.13499999999999,220.45
2002,147.27,44.181000000000004,147.27
2003,193.38,58.013999999999996,193.38
2004,179.28,53.784,179.28
2005,156.39,46.916999999999994,156.39
2006,164.1,49.23,164.1
2007,166.71,50.013,166.71
2008,157.46,47.238,157.46
2009,160.12,48.036,160.12
2010,217.1,65.13,217.1
2011,178.06,53.418,178.06
2012,184.33,55.299,184.33
2013,176.84,53.052,176.84
2014,164.98,49.49399999999999,164.98
2015,190.08,57.024,190.08
2016,199.32,59.79599999999999,199.32
2017,226.14,67.842,226.14
2018,174.55,52.365,174.55
2019,164.89,49.46699999999999,164.89
2020,266.39,79.91699999999999,266.39
2021,212.55,63.765,212.55
2022,321.53,96.45899999999999,321.53
2023,157.91,47.373,157.91
2024,227.5,68.25,227.5
2025,186.91,56.073,186.91
2026,159.74,47.922000000000004,159.74
2027,203.89,61.166999999999994,203.89
2028,178.75,53.625,178.75
2029,162.46,48.738,162.46
2030,146.64,43.992,146.64
2031,216.69,65.00699999999999,216.69
2032,155.13,46.538999999999994,155.13
2033,162.61,48.783,162.61
2034,170.61,51.183,170.61
2035,189.86,56.958000000000006,189.86
2036,172.75,51.824999999999996,172.75
2037,171.32,51.395999999999994,171.32
2038,204.95,61.48499999999999,204.95
2039,188.51,56.553,188.51
2040,180.99,54.297000000000004,180.99
2041,162.41,48.723,162.41
2042,184.8,55.440000000000005,184.8
2043,199.74,59.922,199.74
2044,245.92,73.776,245.92
2045,231.14,69.342,231.14
2046,153.73,46.11899999999999,153.73
2047,160.95,48.285,160.95
2048,163.36,49.008,163.36
2049,182.13,54.638999999999996,182.13
2050,162.03,48.609,162.03
2051,168.85,50.654999999999994,168.85
2052,167.4,50.22,167.4
2053,166.23,49.86899999999999,166.23
2054,179.0,53.699999999999996,179.0
2055,175.57,52.671,175.57
2056,183.3,54.99,183.3
2057,193.02,57.906,193.02
2058,193.31,57.992999999999995,193.31
2059,203.21,60.963,203.21
2060,184.67,55.400999999999996,184.67
2061,163.02,48.906,163.02
2062,164.8,49.440000000000005,164.8
2063,235.23,70.56899999999999,235.23
2064,245.29,73.58699999999999,245.29
2065,189.67,56.900999999999996,189.67
2066,178.61,53.583000000000006,178.61
2067,297.8,89.34,297.8
2068,165.2,49.559999999999995,165.2
2069,165.47,49.641,165.47
2070,225.81,67.743,225.81
2071,186.61,55.983000000000004,186.61
2072,175.95,52.785,175.95
2073,183.35,55.004999999999995,183.35
2074,159.04,47.711999999999996,159.04
2075,226.13,67.839,226.13
2076,170.64,51.19199999999999,170.64
2077,170.51,51.153,170.51
2078,185.89,55.766999999999996,185.89
2079,190.88,57.263999999999996,190.88
2080,166.71,50.013,166.71
2081,175.62,52.686,175.62
2082,216.24,64.872,216.24
2083,217.19,65.157,217.19
2084,188.66,56.598,188.66
2085,174.49,52.347,174.49
2086,175.27,52.581,175.27
2087,218.39,65.517,218.39
2088,209.14,62.74199999999999,209.14
2089,183.2,54.959999999999994,183.2
2090,181.2,54.35999999999999,181.2
2091,181.8,54.54,181.8
2092,167.9,50.37,167.9
2093,160.59,48.177,160.59
2094,154.46,46.338,154.46
2095,199.26,59.77799999999999,199.26
2096,162.11,48.633,162.11
2097,182.59,54.777,182.59
2098,164.47,49.341,164.47
2099,174.29,52.287,174.29
2100,196.52,58.956,196.52
2101,190.98,57.294,190.98
2102,184.9,55.47,184.9
2103,163.08,48.924,163.08
2104,206.34,61.902,206.34
2105,164.8,49.440000000000005,164.8
2106,164.71,49.413000000000004,164.71
2107,177.79,53.336999999999996,177.79
2108,185.8,55.74,185.8
2109,208.5,62.55,208.5
2110,189.65,56.895,189.65
2111,254.83,76.449,254.83
2112,191.44,57.431999999999995,191.44
2113,192.96,57.888,192.96
2114,206.2,61.85999999999999,206.2
2115,203.98,61.193999999999996,203.98
2116,189.71,56.913000000000004,189.71
2117,186.7,56.01,186.7
2118,165.58,49.674,165.58
2119,180.77,54.231,180.77
2120,163.3,48.99,163.3
2121,175.95,52.785,175.95
2122,224.75,67.425,224.75
2123,177.71,53.313,177.71
2124,168.98,50.693999999999996,168.98
2125,241.61,72.483,241.61
2126,166.54,49.961999999999996,166.54
2127,174.84,52.452,174.84
2128,258.43,77.529,258.43
2129,158.32,47.495999999999995,158.32
2130,184.72,55.416,184.72
2131,191.84,57.552,191.84
2132,210.46,63.138,210.46
2133,208.2,62.459999999999994,208.2
2134,213.98,64.19399999999999,213.98
2135,213.97,64.191,213.97
2136,199.38,59.81399999999999,199.38
2137,172.57,51.770999999999994,172.57
2138,167.62,50.286,167.62
2139,188.56,56.568,188.56
2140,189.26,56.778,189.26
2141,178.63,53.589,178.63
2142,157.16,47.147999999999996,157.16
2143,181.56,54.467999999999996,181.56
2144,243.55,73.065,243.55
2145,167.78,50.333999999999996,167.78
2146,177.9,53.37,177.9
2147,251.53,75.459,251.53
2148,198.63,59.589,198.63
2149,176.8,53.04,176.8
2150,158.63,47.589,158.63
2151,172.16,51.647999999999996,172.16
2152,238.13,71.439,238.13
2153,181.5,54.449999999999996,181.5
2154,177.15,53.145,177.15
2155,220.64,66.192,220.64
2156,189.04,56.711999999999996,189.04
2157,176.26,52.87799999999999,176.26
2158,252.62,75.786,252.62
2159,182.35,54.705,182.35
2160,210.66,63.19799999999999,210.66
2161,198.46,59.538,198.46
2162,168.9,50.67,168.9
2163,180.54,54.162,180.54
2164,166.15,49.845,166.15
2165,223.13,66.939,223.13
2166,145.92,43.775999999999996,145.92
2167,193.04,57.91199999999999,193.04
2168,173.25,51.975,173.25
2169,182.48,54.74399999999999,182.48
2170,171.98,51.593999999999994,171.98
2171,221.47,66.441,221.47
2172,238.74,71.622,238.74
2173,193.69,58.107,193.69
2174,177.48,53.24399999999999,177.48
2175,157.98,47.394,157.98
2176,210.1,63.029999999999994,210.1
2177,167.76,50.327999999999996,167.76
2178,154.67,46.400999999999996,154.67
2179,203.34,61.001999999999995,203.34
2180,191.52,57.456,191.52
2181,225.7,67.71,225.7
2182,209.12,62.736,209.12
2183,196.05,58.815,196.05
2184,215.24,64.572,215.24
2185,186.23,55.86899999999999,186.23
2186,204.0,61.199999999999996,204.0
2187,196.24,58.872,196.24
2188,165.77,49.731,165.77
2189,216.65,64.995,216.65
2190,194.11,58.233000000000004,194.11
2191,216.41,64.923,216.41
2192,179.05,53.715,179.05
2193,198.66,59.598,198.66
2194,147.84,44.352,147.84
2195,213.76,64.128,213.76
2196,181.35,54.404999999999994,181.35
2197,168.1,50.43,168.1
2198,180.13,54.038999999999994,180.13
2199,200.48,60.14399999999999,200.48
2200,209.06,62.717999999999996,209.06
2201,161.31,48.393,161.31
2202,192.47,57.741,192.47
2203,177.25,53.175,177.25
2204,194.77,58.431,194.77
2205,224.93,67.479,224.93
2206,184.85,55.455,184.85
2207,171.09,51.327,171.09
2208,181.56,54.467999999999996,181.56
2209,197.57,59.270999999999994,197.57
2210,175.51,52.653,175.51
2211,213.19,63.956999999999994,213.19
2212,200.25,60.074999999999996,200.25
2213,180.17,54.050999999999995,180.17
2214,186.28,55.884,186.28
2215,181.52,54.456,181.52
2216,188.03,56.409,188.03
2217,183.82,55.145999999999994,183.82
2218,187.01,56.102999999999994,187.01
2219,220.3,66.09,220.3
2220,171.47,51.440999999999995,171.47
2221,232.7,69.80999999999999,232.7
2222,261.73,78.519,261.73
2223,194.29,58.28699999999999,194.29
2224,185.59,55.677,185.59
2225,178.24,53.472,178.24
2226,183.12,54.936,183.12
2227,189.06,56.717999999999996,189.06
2228,166.8,50.04,166.8
2229,171.44,51.431999999999995,171.44
2230,197.17,59.150999999999996,197.17
2231,191.24,57.372,191.24
2232,183.31,54.993,183.31
2233,190.83,57.249,190.83
2234,181.0,54.3,181.0
2235,199.17,59.75099999999999,199.17
2236,190.78,57.234,190.78
2237,222.39,66.717,222.39
2238,181.89,54.56699999999999,181.89
2239,202.51,60.75299999999999,202.51
2240,189.94,56.982,189.94
2241,229.56,68.868,229.56
2242,226.45,67.93499999999999,226.45
2243,181.83,54.549,181.83
2244,159.57,47.870999999999995,159.57
2245,201.87,60.561,201.87
2246,229.04,68.71199999999999,229.04
2247,170.37,51.111,170.37
2248,164.7,49.41,164.7
2249,188.88,56.663999999999994,188.88
2250,226.43,67.929,226.43
2251,206.83,62.049,206.83
2252,274.45,82.335,274.45
2253,267.9,80.36999999999999,267.9
2254,189.91,56.973,189.91
2255,191.67,57.501,191.67
2256,193.4,58.019999999999996,193.4
2257,202.35,60.705,202.35
2258,185.27,55.581,185.27
2259,215.64,64.692,215.64
2260,202.78,60.833999999999996,202.78
2261,205.69,61.706999999999994,205.69
2262,201.85,60.55499999999999,201.85
2263,220.39,66.11699999999999,220.39
2264,173.03,51.909,173.03
2265,178.83,53.649,178.83
2266,179.16,53.748,179.16
2267,170.61,51.183,170.61
2268,204.25,61.275,204.25
2269,193.53,58.059,193.53
2270,186.38,55.913999999999994,186.38
2271,186.75,56.025,186.75
2272,205.49,61.647,205.49
2273,174.4,52.32,174.4
2274,215.5,64.64999999999999,215.5
2275,205.48,61.64399999999999,205.48
2276,189.2,56.76,189.2
2277,179.99,53.997,179.99
2278,294.62,88.386,294.62
2279,227.24,68.172,227.24
2280,162.93,48.879,162.93
2281,195.6,58.67999999999999,195.6
2282,241.67,72.50099999999999,241.67
2283,263.84,79.15199999999999,263.84
2284,212.76,63.827999999999996,212.76
2285,290.08,87.02399999999999,290.08
2286,247.48,74.244,247.48
2287,162.89,48.867,162.89
2288,190.69,57.207,190.69
2289,220.23,66.06899999999999,220.23
2290,193.3,57.99,193.3
2291,160.02,48.006,160.02
2292,176.52,52.956,176.52
2293,190.74,57.222,190.74
2294,161.69,48.507,161.69
2295,175.39,52.617,175.39
2296,166.77,50.031,166.77
2297,201.26,60.37799999999999,201.26
2298,217.91,65.37299999999999,217.91
2299,190.13,57.038999999999994,190.13
2300,207.5,62.25,207.5
2301,228.68,68.604,228.68
2302,285.19,85.557,285.19
2303,184.55,55.365,184.55
2304,212.23,63.669,212.23
2305,196.64,58.99199999999999,196.64
2306,190.82,57.245999999999995,190.82
2307,181.16,54.348,181.16
2308,217.41,65.223,217.41
2309,181.66,54.498,181.66
2310,207.47,62.241,207.47
2311,157.92,47.376,157.92
2312,159.78,47.934,159.78
2313,176.83,53.049,176.83
2314,188.22,56.466,188.22
2315,247.71,74.313,247.71
2316,193.56,58.068,193.56
2317,166.16,49.848,166.16
2318,182.48,54.74399999999999,182.48
2319,225.3,67.59,225.3
2320,171.48,51.443999999999996,171.48
2321,199.54,59.861999999999995,199.54
2322,210.34,63.102,210.34
2323,220.78,66.234,220.78
2324,206.41,61.922999999999995,206.41
2325,204.95,61.48499999999999,204.95
2326,323.07,96.92099999999999,323.07
2327,218.96,65.688,218.96
2328,191.69,57.507,191.69
2329,220.48,66.14399999999999,220.48
2330,211.87,63.561,211.87
2331,209.22,62.766,209.22
2332,196.76,59.02799999999999,196.76
2333,165.63,49.689,165.63
2334,178.78,53.634,178.78
2335,167.14,50.141999999999996,167.14
2336,174.94,52.482,174.94
2337,184.68,55.404,184.68
2338,174.01,52.202999999999996,174.01
2339,182.31,54.693,182.31
2340,193.54,58.062,193.54
2341,173.85,52.154999999999994,173.85
2342,206.37,61.911,206.37
2343,177.21,53.163000000000004,177.21
2344,252.22,75.666,252.22
2345,197.04,59.111999999999995,197.04
2346,224.17,67.25099999999999,224.17
2347,226.18,67.854,226.18
2348,182.04,54.611999999999995,182.04
2349,241.15,72.345,241.15
2350,183.04,54.912,183.04
2351,202.91,60.873,202.91
2352,211.62,63.486,211.62
2353,206.98,62.093999999999994,206.98
2354,262.84,78.85199999999999,262.84
2355,227.95,68.38499999999999,227.95
2356,279.55,83.865,279.55
2357,284.92,85.476,284.92
2358,190.23,57.068999999999996,190.23
2359,235.18,70.554,235.18
2360,191.64,57.492,191.64
2361,174.53,52.359,174.53
2362,182.91,54.873,182.91
2363,191.1,57.33,191.1
2364,200.76,60.227999999999994,200.76
2365,215.61,64.683,215.61
2366,181.06,54.318,181.06
2367,187.36,56.208000000000006,187.36
2368,203.45,61.035,203.45
2369,187.16,56.147999999999996,187.16
2370,200.48,60.14399999999999,200.48
2371,229.76,68.928,229.76
2372,202.98,60.89399999999999,202.98
2373,181.58,54.474000000000004,181.58
2374,207.29,62.187,207.29
2375,230.64,69.192,230.64
2376,238.18,71.454,238.18
2377,195.33,58.599000000000004,195.33
2378,214.04,64.21199999999999,214.04
2379,213.42,64.026,213.42
2380,220.78,66.234,220.78
2381,186.69,56.007,186.69
2382,228.66,68.598,228.66
2383,220.89,66.267,220.89
2384,181.54,54.461999999999996,181.54
2385,202.3,60.69,202.3
2386,200.92,60.275999999999996,200.92
2387,176.64,52.992,176.64
2388,161.85,48.555,161.85
2389,182.15,54.645,182.15
2390,196.75,59.025,196.75
2391,162.15,48.645,162.15
2392,309.57,92.871,309.57
2393,209.73,62.919,209.73
2394,206.06,61.818,206.06
2395,212.51,63.75299999999999,212.51
2396,191.52,57.456,191.52
2397,201.36,60.408,201.36
2398,223.23,66.969,223.23
2399,206.48,61.943999999999996,206.48
2400,206.25,61.875,206.25
2401,193.45,58.035,193.45
2402,223.14,66.942,223.14
2403,205.23,61.568999999999996,205.23
2404,189.1,56.73,189.1
2405,221.45,66.43499999999999,221.45
2406,170.12,51.036,170.12
2407,207.46,62.238,207.46
2408,227.63,68.289,227.63
2409,188.19,56.457,188.19
2410,190.04,57.01199999999999,190.04
2411,193.25,57.974999999999994,193.25
2412,352.94,105.88199999999999,352.94
2413,206.56,61.967999999999996,206.56
2414,157.05,47.115,157.05
2415,170.08,51.024,170.08
2416,213.0,63.9,213.0
2417,210.99,63.297,210.99
2418,200.32,60.096,200.32
2419,227.6,68.28,227.6
2420,226.4,67.92,226.4
2421,169.18,50.754,169.18
2422,186.48,55.943999999999996,186.48
2423,198.36,59.508,198.36
2424,203.65,61.095,203.65
2425,213.33,63.999,213.33
2426,170.22,51.065999999999995,170.22
2427,181.77,54.531,181.77
2428,195.36,58.608000000000004,195.36
2429,173.04,51.912,173.04
2430,215.36,64.608,215.36
2431,171.95,51.584999999999994,171.95
2432,199.79,59.937,199.79
2433,190.34,57.102,190.34
2434,234.9,70.47,234.9
2435,190.48,57.144,190.48
2436,215.26,64.57799999999999,215.26
2437,193.97,58.190999999999995,193.97
2438,210.37,63.111,210.37
2439,244.51,73.353,244.51
2440,198.98,59.693999999999996,198.98
2441,170.07,51.020999999999994,170.07
2442,191.13,57.339,191.13
2443,177.19,53.157,177.19
2444,191.38,57.413999999999994,191.38
2445,175.94,52.782,175.94
2446,213.76,64.128,213.76
2447,227.73,68.31899999999999,227.73
2448,175.66,52.698,175.66
2449,195.67,58.70099999999999,195.67
2450,200.59,60.177,200.59
2451,212.83,63.849000000000004,212.83
2452,186.93,56.079,186.93
2453,231.63,69.48899999999999,231.63
2454,191.27,57.381,191.27
2455,187.81,56.342999999999996,187.81
2456,193.5,58.05,193.5
2457,202.38,60.714,202.38
2458,202.65,60.795,202.65
2459,189.74,56.922000000000004,189.74
2460,244.13,73.23899999999999,244.13
2461,197.23,59.169,197.23
2462,183.78,55.134,183.78
2463,201.01,60.303,201.01
2464,202.05,60.615,202.05
2465,258.64,77.592,258.64
2466,229.86,68.958,229.86
2467,186.26,55.87799999999999,186.26
2468,240.25,72.075,240.25
2469,242.86,72.858,242.86
2470,286.68,86.004,286.68
2471,372.28,111.68399999999998,372.28
2472,201.16,60.348,201.16
2473,202.09,60.626999999999995,202.09
2474,341.7,102.50999999999999,341.7
2475,180.28,54.083999999999996,180.28
2476,221.89,66.567,221.89
2477,291.27,87.38099999999999,291.27
2478,224.85,67.455,224.85
2479,202.88,60.864,202.88
2480,161.26,48.37799999999999,161.26
2481,343.43,103.029,343.43
2482,197.2,59.16,197.2
2483,200.36,60.108000000000004,200.36
2484,178.64,53.59199999999999,178.64
2485,232.39,69.717,232.39
2486,187.19,56.157,187.19
2487,178.41,53.522999999999996,178.41
2488,214.43,64.329,214.43
2489,184.04,55.211999999999996,184.04
2490,207.37,62.211,207.37
2491,199.05,59.715,199.05
2492,214.82,64.446,214.82
2493,234.8,70.44,234.8
2494,197.05,59.115,197.05
2495,224.28,67.28399999999999,224.28
2496,206.23,61.86899999999999,206.23
2497,301.31,90.393,301.31
2498,247.77,74.331,247.77
2499,197.97,59.391,197.97
2500,205.83,61.749,205.83
2501,180.54,54.162,180.54
2502,230.86,69.258,230.86
2503,189.51,56.852999999999994,189.51
2504,188.17,56.45099999999999,188.17
2505,242.71,72.813,242.71
2506,211.81,63.543,211.81
2507,186.1,55.83,186.1
2508,259.83,77.949,259.83
2509,197.02,59.106,197.02
2510,240.09,72.027,240.09
2511,210.68,63.204,210.68
2512,209.77,62.931,209.77
2513,197.25,59.175,197.25
2514,205.28,61.583999999999996,205.28
2515,225.47,67.64099999999999,225.47
2516,196.32,58.895999999999994,196.32
2517,222.11,66.633,222.11
2518,217.48,65.244,217.48
2519,267.52,80.25599999999999,267.52
2520,245.71,73.713,245.71
2521,253.12,75.93599999999999,253.12
2522,207.53,62.259,207.53
2523,195.34,58.602,195.34
2524,179.95,53.98499999999999,179.95
2525,211.33,63.399,211.33
2526,199.65,59.894999999999996,199.65
2527,194.11,58.233000000000004,194.11
2528,188.16,56.448,188.16
2529,212.75,63.824999999999996,212.75
2530,163.21,48.963,163.21
2531,206.51,61.952999999999996,206.51
2532,201.84,60.552,201.84
2533,215.59,64.67699999999999,215.59
2534,304.2,91.25999999999999,304.2
2535,160.79,48.236999999999995,160.79
2536,222.13,66.639,222.13
2537,241.18,72.354,241.18
2538,186.58,55.974000000000004,186.58
2539,201.23,60.36899999999999,201.23
2540,199.5,59.849999999999994,199.5
2541,218.62,65.586,218.62
2542,248.66,74.598,248.66
2543,184.21,55.263,184.21
2544,230.97,69.291,230.97
2545,261.56,78.468,261.56
2546,205.02,61.506,205.02
2547,160.15,48.045,160.15
2548,209.56,62.867999999999995,209.56
2549,185.27,55.581,185.27
2550,208.48,62.544,208.48
2551,259.42,77.82600000000001,259.42
2552,268.6,80.58,268.6
2553,268.01,80.40299999999999,268.01
2554,194.36,58.308,194.36
2555,242.26,72.678,242.26
2556,189.2,56.76,189.2
2557,174.47,52.341,174.47
2558,204.43,61.329,204.43
2559,179.86,53.958000000000006,179.86
2560,178.24,53.472,178.24
2561,211.88,63.56399999999999,211.88
2562,204.31,61.293,204.31
2563,212.57,63.770999999999994,212.57
2564,222.7,66.80999999999999,222.7
2565,228.96,68.688,228.96
2566,217.53,65.259,217.53
2567,213.64,64.092,213.64
2568,258.36,77.508,258.36
2569,223.46,67.038,223.46
2570,189.66,56.897999999999996,189.66
2571,205.48,61.64399999999999,205.48
2572,202.77,60.831,202.77
2573,241.65,72.495,241.65
2574,230.25,69.075,230.25
2575,239.32,71.79599999999999,239.32
2576,204.08,61.224000000000004,204.08
2577,203.96,61.188,203.96
2578,201.99,60.597,201.99
2579,211.56,63.467999999999996,211.56
2580,291.63,87.48899999999999,291.63
2581,210.03,63.009,210.03
2582,242.13,72.639,242.13
2583,198.63,59.589,198.63
2584,189.65,56.895,189.65
2585,228.62,68.586,228.62
2586,224.72,67.416,224.72
2587,181.67,54.501,181.67
2588,211.43,63.429,211.43
2589,261.73,78.519,261.73
2590,239.25,71.77499999999999,239.25
2591,199.16,59.748,199.16
2592,193.43,58.028999999999996,193.43
2593,196.27,58.881,196.27
2594,252.7,75.80999999999999,252.7
2595,292.72,87.816,292.72
2596,207.58,62.274,207.58
2597,215.74,64.722,215.74
2598,228.22,68.466,228.22
2599,197.05,59.115,197.05
2600,224.87,67.461,224.87
2601,217.53,65.259,217.53
2602,195.92,58.775999999999996,195.92
2603,220.33,66.099,220.33
2604,228.12,68.43599999999999,228.12
2605,221.05,66.315,221.05
2606,228.35,68.505,228.35
2607,181.36,54.408,181.36
2608,200.61,60.183,200.61
2609,198.01,59.40299999999999,198.01
2610,215.65,64.695,215.65
2611,200.84,60.251999999999995,200.84
2612,286.65,85.99499999999999,286.65
2613,205.72,61.715999999999994,205.72
2614,237.19,71.157,237.19
2615,201.59,60.477,201.59
2616,216.43,64.929,216.43
2617,223.45,67.035,223.45
2618,239.22,71.76599999999999,239.22
2619,197.87,59.361,197.87
2620,209.5,62.849999999999994,209.5
2621,180.79,54.236999999999995,180.79
2622,242.47,72.741,242.47
2623,278.86,83.658,278.86
2624,181.19,54.357,181.19
2625,242.46,72.738,242.46
2626,168.22,50.466,168.22
2627,225.51,67.65299999999999,225.51
2628,180.81,54.243,180.81
2629,176.2,52.85999999999999,176.2
2630,185.85,55.754999999999995,185.85
2631,206.12,61.836,206.12
2632,250.81,75.243,250.81
2633,193.1,57.92999999999999,193.1
2634,209.64,62.891999999999996,209.64
2635,212.53,63.759,212.53
2636,217.42,65.226,217.42
2637,243.17,72.951,243.17
2638,227.67,68.30099999999999,227.67
2639,232.44,69.732,232.44
2640,238.82,71.646,238.82
2641,214.61,64.383,214.61
2642,236.05,70.815,236.05
2643,236.99,71.097,236.99
2644,233.28,69.984,233.28
2645,209.52,62.856,209.52
2646,192.85,57.855,192.85
2647,232.32,69.696,232.32
2648,209.67,62.900999999999996,209.67
2649,176.64,52.992,176.64
2650,234.7,70.41,234.7
2651,225.7,67.71,225.7
2652,183.62,55.086,183.62
2653,198.31,59.492999999999995,198.31
2654,180.62,54.186,180.62
2655,226.58,67.974,226.58
2656,194.2,58.25999999999999,194.2
2657,196.55,58.965,196.55
2658,200.33,60.099000000000004,200.33
2659,221.97,66.591,221.97
2660,205.79,61.736999999999995,205.79
2661,236.03,70.809,236.03
2662,220.43,66.129,220.43
2663,231.31,69.393,231.31
2664,227.76,68.32799999999999,227.76
2665,243.22,72.966,243.22
2666,248.44,74.532,248.44
2667,225.66,67.698,225.66
2668,193.93,58.179,193.93
2669,257.8,77.34,257.8
2670,195.47,58.641,195.47
2671,165.06,49.518,165.06
2672,222.86,66.858,222.86
2673,210.06,63.018,210.06
2674,204.71,61.413,204.71
2675,191.8,57.54,191.8
2676,171.31,51.393,171.31
2677,198.67,59.60099999999999,198.67
2678,198.42,59.525999999999996,198.42
2679,224.94,67.482,224.94
2680,188.7,56.60999999999999,188.7
2681,202.5,60.75,202.5
2682,255.38,76.61399999999999,255.38
2683,184.99,55.497,184.99
2684,229.99,68.997,229.99
2685,185.31,55.592999999999996,185.31
2686,272.08,81.624,272.08
2687,285.05,85.515,285.05
2688,223.45,67.035,223.45
2689,246.33,73.899,246.33
2690,205.49,61.647,205.49
2691,244.5,73.35,244.5
2692,207.15,62.144999999999996,207.15
2693,238.18,71.454,238.18
2694,185.92,55.775999999999996,185.92
2695,222.64,66.79199999999999,222.64
2696,208.99,62.697,208.99
2697,215.87,64.761,215.87
2698,212.72,63.815999999999995,212.72
2699,210.99,63.297,210.99
2700,184.28,55.284,184.28
2701,226.58,67.974,226.58
2702,193.54,58.062,193.54
2703,195.15,58.545,195.15
2704,249.72,74.916,249.72
2705,218.21,65.463,218.21
2706,225.82,67.746,225.82
2707,227.53,68.259,227.53
2708,223.98,67.19399999999999,223.98
2709,214.87,64.461,214.87
2710,216.95,65.085,216.95
2711,183.22,54.966,183.22
2712,213.09,63.927,213.09
2713,197.58,59.274,197.58
2714,297.34,89.20199999999998,297.34
2715,214.57,64.371,214.57
2716,222.19,66.657,222.19
2717,236.85,71.05499999999999,236.85
2718,208.21,62.463,208.21
2719,215.94,64.782,215.94
2720,205.84,61.751999999999995,205.84
2721,256.3,76.89,256.3
2722,240.32,72.09599999999999,240.32
2723,214.84,64.452,214.84
2724,213.62,64.086,213.62
2725,209.47,62.840999999999994,209.47
2726,231.59,69.477,231.59
2727,184.52,55.356,184.52
2728,209.62,62.885999999999996,209.62
2729,276.53,82.95899999999999,276.53
2730,210.75,63.224999999999994,210.75
2731,219.89,65.967,219.89
2732,231.78,69.53399999999999,231.78
2733,221.4,66.42,221.4
2734,248.35,74.505,248.35
2735,236.9,71.07,236.9
2736,242.59,72.777,242.59
2737,210.6,63.17999999999999,210.6
2738,196.42,58.925999999999995,196.42
2739,226.68,68.004,226.68
2740,200.54,60.16199999999999,200.54
2741,215.07,64.521,215.07
2742,239.63,71.889,239.63
2743,224.74,67.422,224.74
2744,198.97,59.690999999999995,198.97
2745,238.2,71.46,238.2
2746,217.04,65.112,217.04
2747,250.29,75.08699999999999,250.29
2748,374.88,112.464,374.88
2749,237.39,71.217,237.39
2750,199.74,59.922,199.74
2751,198.9,59.67,198.9
2752,218.03,65.40899999999999,218.03
2753,223.08,66.924,223.08
2754,192.36,57.708,192.36
2755,213.35,64.005,213.35
2756,257.24,77.172,257.24
2757,209.75,62.925,209.75
2758,228.32,68.496,228.32
2759,223.48,67.044,223.48
2760,195.89,58.766999999999996,195.89
2761,288.58,86.574,288.58
2762,207.93,62.379,207.93
2763,188.73,56.61899999999999,188.73
2764,218.6,65.58,218.6
2765,208.23,62.468999999999994,208.23
2766,269.3,80.79,269.3
2767,206.96,62.088,206.96
2768,203.35,61.004999999999995,203.35
2769,178.76,53.62799999999999,178.76
2770,215.81,64.743,215.81
2771,204.79,61.437,204.79
2772,230.44,69.13199999999999,230.44
2773,214.42,64.326,214.42
2774,206.82,62.04599999999999,206.82
2775,204.05,61.215,204.05
2776,186.49,55.947,186.49
2777,303.49,91.047,303.49
2778,212.43,63.729,212.43
2779,227.81,68.343,227.81
2780,186.47,55.940999999999995,186.47
2781,271.65,81.49499999999999,271.65
2782,202.05,60.615,202.05
2783,184.88,55.464,184.88
2784,235.57,70.67099999999999,235.57
2785,294.3,88.29,294.3
2786,199.65,59.894999999999996,199.65
2787,201.54,60.461999999999996,201.54
2788,258.2,77.46,258.2
2789,227.46,68.238,227.46
2790,192.07,57.620999999999995,192.07
2791,299.08,89.72399999999999,299.08
2792,272.53,81.75899999999999,272.53
2793,254.83,76.449,254.83
2794,283.0,84.89999999999999,283.0
2795,303.07,90.92099999999999,303.07
2796,200.55,60.165,200.55
2797,233.93,70.179,233.93
2798,190.56,57.168,190.56
2799,219.52,65.856,219.52
2800,206.99,62.097,206.99
2801,229.94,68.982,229.94
2802,223.54,67.062,223.54
2803,216.04,64.812,216.04
2804,268.45,80.535,268.45
2805,266.32,79.896,266.32
2806,198.87,59.661,198.87
2807,258.96,77.68799999999999,258.96
2808,280.66,84.19800000000001,280.66
2809,244.53,73.359,244.53
2810,215.38,64.61399999999999,215.38
2811,221.89,66.567,221.89
2812,212.97,63.891,212.97
2813,260.52,78.15599999999999,260.52
2814,250.66,75.198,250.66
2815,295.95,88.785,295.95
2816,210.18,63.054,210.18
2817,197.15,59.144999999999996,197.15
2818,178.93,53.679,178.93
2819,217.3,65.19,217.3
2820,200.71,60.213,200.71
2821,285.7,85.71,285.7
2822,194.9,58.47,194.9
2823,294.24,88.272,294.24
2824,174.17,52.251,174.17
2825,186.69,56.007,186.69
2826,178.16,53.448,178.16
2827,209.51,62.852999999999994,209.51
2828,233.65,70.095,233.65
2829,192.93,57.879,192.93
2830,330.18,99.054,330.18
2831,204.47,61.340999999999994,204.47
2832,229.65,68.895,229.65
2833,210.8,63.24,210.8
2834,227.66,68.298,227.66
2835,232.01,69.603,232.01
2836,224.08,67.224,224.08
2837,228.98,68.69399999999999,228.98
2838,212.04,63.611999999999995,212.04
2839,237.55,71.265,237.55
2840,217.07,65.121,217.07
2841,229.4,68.82,229.4
2842,206.71,62.013,206.71
2843,239.17,71.75099999999999,239.17
2844,211.99,63.597,211.99
2845,203.63,61.089,203.63
2846,239.66,71.898,239.66
2847,217.98,65.39399999999999,217.98
2848,177.07,53.120999999999995,177.07
2849,193.66,58.098,193.66
2850,233.81,70.143,233.81
2851,209.85,62.955,209.85
2852,197.63,59.288999999999994,197.63
2853,222.81,66.843,222.81
2854,240.88,72.264,240.88
2855,189.47,56.841,189.47
2856,261.04,78.312,261.04
2857,277.96,83.38799999999999,277.96
2858,217.41,65.223,217.41
2859,302.3,90.69,302.3
2860,343.9,103.16999999999999,343.9
2861,209.9,62.97,209.9
2862,310.39,93.11699999999999,310.39
2863,322.44,96.732,322.44
2864,202.02,60.606,202.02
2865,227.74,68.322,227.74
2866,207.25,62.175,207.25
2867,222.04,66.612,222.04
2868,206.7,62.00999999999999,206.7
2869,261.99,78.597,261.99
2870,293.96,88.18799999999999,293.96
2871,261.05,78.315,261.05
2872,235.49,70.647,235.49
2873,264.51,79.353,264.51
2874,216.55,64.965,216.55
2875,287.62,86.286,287.62
2876,225.74,67.722,225.74
2877,217.33,65.199,217.33
2878,214.42,64.326,214.42
2879,244.78,73.434,244.78
2880,280.01,84.003,280.01
2881,274.46,82.338,274.46
2882,190.07,57.020999999999994,190.07
2883,246.2,73.86,246.2
2884,208.67,62.60099999999999,208.67
2885,309.68,92.904,309.68
2886,193.59,58.077,193.59
2887,188.64,56.59199999999999,188.64
2888,253.45,76.035,253.45
2889,204.98,61.49399999999999,204.98
2890,210.84,63.251999999999995,210.84
2891,202.93,60.879,202.93
2892,192.32,57.696,192.32
2893,247.29,74.187,247.29
2894,205.8,61.74,205.8
2895,217.43,65.229,217.43
2896,202.19,60.657,202.19
2897,212.3,63.69,212.3
2898,226.07,67.821,226.07
2899,236.38,70.914,236.38
2900,252.57,75.771,252.57
2901,294.86,88.458,294.86
2902,303.85,91.155,303.85
2903,217.59,65.277,217.59
2904,360.53,108.15899999999999,360.53
2905,216.98,65.094,216.98
2906,235.47,70.64099999999999,235.47
2907,248.24,74.472,248.24
2908,248.12,74.43599999999999,248.12
2909,242.0,72.6,242.0
2910,233.09,69.92699999999999,233.09
2911,192.91,57.873,192.91
2912,227.2,68.16,227.2
2913,321.1,96.33,321.1
2914,196.31,58.893,196.31
2915,193.23,57.968999999999994,193.23
2916,185.57,55.671,185.57
2917,170.87,51.261,170.87
2918,224.42,67.326,224.42
2919,223.23,66.969,223.23
2920,211.8,63.54,211.8
2921,258.63,77.589,258.63
2922,250.87,75.261,250.87
2923,263.57,79.071,263.57
2924,246.65,73.995,246.65
2925,216.9,65.07,216.9
2926,214.86,64.458,214.86
2927,233.05,69.915,233.05
2928,258.61,77.583,258.61
2929,228.48,68.544,228.48
2930,243.09,72.92699999999999,243.09
2931,293.71,88.11299999999999,293.71
2932,223.46,67.038,223.46
2933,223.06,66.91799999999999,223.06
2934,286.91,86.07300000000001,286.91
2935,257.79,77.337,257.79
2936,241.98,72.594,241.98
2937,237.21,71.163,237.21
2938,238.54,71.562,238.54
2939,226.96,68.088,226.96
2940,215.6,64.67999999999999,215.6
2941,201.82,60.54599999999999,201.82
2942,196.19,58.857,196.19
2943,242.42,72.726,242.42
2944,194.31,58.293,194.31
2945,199.62,59.885999999999996,199.62
2946,205.6,61.67999999999999,205.6
2947,209.44,62.831999999999994,209.44
2948,246.22,73.866,246.22
2949,336.35,100.905,336.35
2950,320.65,96.195,320.65
2951,195.35,58.605,195.35
2952,253.72,76.116,253.72
2953,269.21,80.76299999999999,269.21
2954,261.0,78.3,261.0
2955,252.02,75.606,252.02
2956,248.54,74.562,248.54
2957,266.08,79.824,266.08
2958,234.48,70.344,234.48
2959,260.47,78.141,260.47
2960,242.04,72.612,242.04
2961,219.39,65.817,219.39
2962,224.35,67.30499999999999,224.35
2963,209.94,62.982,209.94
2964,202.68,60.804,202.68
2965,228.26,68.478,228.26
2966,205.37,61.611,205.37
2967,273.31,81.993,273.31
2968,196.71,59.013,196.71
2969,209.52,62.856,209.52
2970,220.84,66.252,220.84
2971,241.49,72.447,241.49
2972,236.88,71.064,236.88
2973,211.19,63.357,211.19
2974,277.37,83.211,277.37
2975,208.43,62.528999999999996,208.43
2976,247.61,74.283,247.61
2977,209.38,62.81399999999999,209.38
2978,275.54,82.662,275.54
2979,223.98,67.19399999999999,223.98
2980,233.78,70.134,233.78
2981,202.63,60.788999999999994,202.63
2982,266.7,80.00999999999999,266.7
2983,219.26,65.77799999999999,219.26
2984,299.27,89.78099999999999,299.27
2985,207.56,62.268,207.56
2986,220.67,66.201,220.67
2987,227.23,68.169,227.23
2988,222.4,66.72,222.4
2989,205.58,61.674,205.58
2990,184.41,55.323,184.41
2991,207.07,62.120999999999995,207.07
2992,214.06,64.218,214.06
2993,193.4,58.019999999999996,193.4
2994,255.03,76.509,255.03
2995,298.02,89.40599999999999,298.02
2996,240.57,72.17099999999999,240.57
2997,186.49,55.947,186.49
2998,238.65,71.595,238.65
2999,257.68,77.304,257.68
3000,232.19,69.657,232.19
3001,223.53,67.059,223.53
3002,261.79,78.537,261.79
3003,294.5,88.35,294.5
3004,249.28,74.78399999999999,249.28
3005,286.51,85.95299999999999,286.51
3006,222.25,66.675,222.25
3007,212.73,63.818999999999996,212.73
3008,190.84,57.252,190.84
3009,198.43,59.528999999999996,198.43
3010,183.5,55.05,183.5
3011,237.47,71.241,237.47
3012,206.83,62.049,206.83
3013,189.25,56.775,189.25
3014,203.39,61.016999999999996,203.39
3015,210.07,63.020999999999994,210.07
3016,198.48,59.544,198.48
3017,222.89,66.86699999999999,222.89
3018,321.28,96.38399999999999,321.28
3019,216.26,64.878,216.26
3020,264.11,79.233,264.11
3021,202.16,60.647999999999996,202.16
3022,218.42,65.526,218.42
3023,262.81,78.843,262.81
3024,216.88,65.064,216.88
3025,218.33,65.499,218.33
3026,241.0,72.3,241.0
3027,282.86,84.858,282.86
3028,270.28,81.08399999999999,270.28
3029,218.6,65.58,218.6
3030,314.96,94.48799999999999,314.96
3031,201.88,60.56399999999999,201.88
3032,265.02,79.50599999999999,265.02
3033,203.83,61.149,203.83
3034,261.09,78.32699999999998,261.09
3035,229.25,68.77499999999999,229.25
3036,220.82,66.246,220.82
3037,206.85,62.05499999999999,206.85
3038,231.01,69.303,231.01
3039,199.99,59.997,199.99
3040,186.29,55.88699999999999,186.29
3041,240.41,72.12299999999999,240.41
3042,234.75,70.425,234.75
3043,252.84,75.852,252.84
3044,244.98,73.494,244.98
3045,223.27,66.981,223.27
3046,255.26,76.57799999999999,255.26
3047,225.3,67.59,225.3
3048,266.82,80.04599999999999,266.82
3049,215.97,64.791,215.97
3050,203.54,61.062,203.54
3051,399.36,119.80799999999999,399.36
3052,228.88,68.664,228.88
3053,218.66,65.598,218.66
3054,208.59,62.577,208.59
3055,242.29,72.687,242.29
3056,197.3,59.19,197.3
3057,271.48,81.444,271.48
3058,221.26,66.378,221.26
3059,201.87,60.561,201.87
3060,206.46,61.938,206.46
3061,306.84,92.05199999999999,306.84
3062,201.44,60.431999999999995,201.44
3063,224.96,67.488,224.96
3064,230.5,69.14999999999999,230.5
3065,250.84,75.252,250.84
3066,249.35,74.80499999999999,249.35
3067,237.22,71.166,237.22
3068,248.65,74.595,248.65
3069,246.75,74.02499999999999,246.75
3070,226.38,67.914,226.38
3071,238.27,71.481,238.27
3072,244.54,73.362,244.54
3073,259.98,77.994,259.98
3074,210.48,63.14399999999999,210.48
3075,310.63,93.189,310.63
3076,208.39,62.516999999999996,208.39
3077,255.27,76.581,255.27
3078,223.07,66.92099999999999,223.07
3079,235.42,70.62599999999999,235.42
3080,228.48,68.544,228.48
3081,260.13,78.039,260.13
3082,194.74,58.422,194.74
3083,213.98,64.19399999999999,213.98
3084,215.61,64.683,215.61
3085,304.45,91.335,304.45
3086,235.77,70.731,235.77
3087,208.61,62.583,208.61
3088,235.48,70.64399999999999,235.48
3089,198.71,59.613,198.71
3090,234.75,70.425,234.75
3091,273.33,81.999,273.33
3092,208.95,62.684999999999995,208.95
3093,313.68,94.104,313.68
3094,202.09,60.626999999999995,202.09
3095,262.93,78.879,262.93
3096,256.14,76.842,256.14
3097,258.32,77.496,258.32
3098,201.97,60.590999999999994,201.97
3099,207.6,62.279999999999994,207.6
3100,303.91,91.173,303.91
3101,352.65,105.79499999999999,352.65
3102,290.61,87.183,290.61
3103,228.96,68.688,228.96
3104,290.77,87.231,290.77
3105,211.31,63.393,211.31
3106,205.29,61.586999999999996,205.29
3107,221.46,66.438,221.46
3108,219.75,65.925,219.75
3109,200.87,60.260999999999996,200.87
3110,296.19,88.857,296.19
3111,222.01,66.603,222.01
3112,197.23,59.169,197.23
3113,204.24,61.272,204.24
3114,216.74,65.022,216.74
3115,205.86,61.758,205.86
3116,229.18,68.754,229.18
3117,337.4,101.21999999999998,337.4
3118,325.52,97.65599999999999,325.52
3119,233.97,70.191,233.97
3120,245.58,73.674,245.58
3121,221.5,66.45,221.5
3122,304.98,91.494,304.98
3123,211.76,63.52799999999999,211.76
3124,222.63,66.789,222.63
3125,203.0,60.9,203.0
3126,250.1,75.03,250.1
3127,218.18,65.454,218.18
3128,317.15,95.145,317.15
3129,194.88,58.464,194.88
3130,224.4,67.32,224.4
3131,269.25,80.77499999999999,269.25
3132,212.12,63.635999999999996,212.12
3133,301.5,90.45,301.5
3134,224.23,67.26899999999999,224.23
3135,234.01,70.20299999999999,234.01
3136,241.85,72.55499999999999,241.85
3137,231.17,69.351,231.17
3138,198.82,59.645999999999994,198.82
3139,200.94,60.282,200.94
3140,268.57,80.571,268.57
3141,224.93,67.479,224.93
3142,308.21,92.463,308.21
3143,250.59,75.17699999999999,250.59
3144,263.58,79.074,263.58
3145,222.37,66.711,222.37
3146,267.81,80.343,267.81
3147,201.81,60.543,201.81
3148,227.1,68.13,227.1
3149,350.44,105.13199999999999,350.44
3150,237.13,71.139,237.13
3151,238.49,71.547,238.49
3152,219.56,65.868,219.56
3153,221.55,66.465,221.55
3154,205.25,61.574999999999996,205.25
3155,240.53,72.15899999999999,240.53
3156,189.72,56.916,189.72
3157,220.53,66.15899999999999,220.53
3158,214.23,64.26899999999999,214.23
3159,350.46,105.13799999999999,350.46
3160,238.59,71.577,238.59
3161,204.86,61.458,204.86
3162,227.25,68.175,227.25
3163,261.95,78.585,261.95
3164,249.45,74.835,249.45
3165,229.66,68.898,229.66
3166,230.64,69.192,230.64
3167,256.98,77.09400000000001,256.98
3168,269.71,80.913,269.71
3169,282.19,84.657,282.19
3170,234.28,70.28399999999999,234.28
3171,236.44,70.932,236.44
3172,268.74,80.622,268.74
3173,269.43,80.829,269.43
3174,223.32,66.996,223.32
3175,310.47,93.141,310.47
3176,204.32,61.29599999999999,204.32
3177,233.05,69.915,233.05
3178,229.88,68.964,229.88
3179,203.79,61.13699999999999,203.79
3180,199.41,59.82299999999999,199.41
3181,219.16,65.74799999999999,219.16
3182,255.36,76.608,255.36
3183,252.69,75.807,252.69
3184,240.35,72.10499999999999,240.35
3185,233.06,69.91799999999999,233.06
3186,274.44,82.332,274.44
3187,230.0,69.0,230.0
3188,248.45,74.535,248.45
3189,251.25,75.375,251.25
3190,245.41,73.62299999999999,245.41
3191,270.38,81.11399999999999,270.38
3192,263.3,78.99,263.3
3193,236.09,70.827,236.09
3194,253.99,76.197,253.99
3195,251.82,75.54599999999999,251.82
3196,206.42,61.925999999999995,206.42
3197,245.83,73.749,245.83
3198,240.66,72.198,240.66
3199,251.95,75.585,251.95
3200,248.13,74.439,248.13
3201,217.28,65.184,217.28
3202,255.94,76.782,255.94
3203,204.74,61.422,204.74
3204,201.68,60.504,201.68
3205,245.24,73.572,245.24
3206,337.36,101.208,337.36
3207,260.35,78.105,260.35
3208,271.86,81.558,271.86
3209,220.83,66.249,220.83
3210,218.46,65.538,218.46
3211,265.87,79.761,265.87
3212,223.86,67.158,223.86
3213,252.51,75.753,252.51
3214,258.8,77.64,258.8
3215,245.34,73.602,245.34
3216,276.72,83.016,276.72
3217,222.96,66.888,222.96
3218,232.91,69.87299999999999,232.91
3219,239.5,71.85,239.5
3220,256.66,76.998,256.66
3221,278.96,83.68799999999999,278.96
3222,233.6,70.08,233.6
3223,227.4,68.22,227.4
3224,249.56,74.868,249.56
3225,196.43,58.929,196.43
3226,258.57,77.571,258.57
3227,254.64,76.392,254.64
3228,210.62,63.186,210.62
3229,196.62,58.986,196.62
3230,265.67,79.70100000000001,265.67
3231,255.28,76.584,255.28
3232,279.62,83.886,279.62
3233,263.7,79.11,263.7
3234,213.4,64.02,213.4
3235,336.86,101.058,336.86
3236,241.66,72.49799999999999,241.66
3237,238.68,71.604,238.68
3238,248.82,74.646,248.82
3239,227.33,68.199,227.33
3240,301.35,90.405,301.35
3241,323.27,96.981,323.27
3242,265.33,79.59899999999999,265.33
3243,214.17,64.25099999999999,214.17
3244,241.43,72.429,241.43
3245,221.45,66.43499999999999,221.45
3246,232.11,69.633,232.11
3247,236.41,70.923,236.41
3248,207.56,62.268,207.56
3249,196.87,59.061,196.87
3250,218.92,65.67599999999999,218.92
3251,215.78,64.734,215.78
3252,219.33,65.799,219.33
3253,279.16,83.748,279.16
3254,203.46,61.038,203.46
3255,227.36,68.208,227.36
3256,244.24,73.272,244.24
3257,272.94,81.88199999999999,272.94
3258,222.8,66.84,222.8
3259,280.16,84.048,280.16
3260,230.49,69.147,230.49
3261,241.0,72.3,241.0
3262,258.93,77.679,258.93
3263,276.87,83.06099999999999,276.87
3264,236.62,70.986,236.62
3265,247.21,74.163,247.21
3266,277.24,83.172,277.24
3267,243.5,73.05,243.5
3268,264.3,79.29,264.3
3269,234.19,70.25699999999999,234.19
3270,224.54,67.362,224.54
3271,208.61,62.583,208.61
3272,241.29,72.387,241.29
3273,232.31,69.693,232.31
3274,297.38,89.214,297.38
3275,214.65,64.395,214.65
3276,287.49,86.247,287.49
3277,261.84,78.55199999999999,261.84
3278,200.5,60.15,200.5
3279,249.66,74.898,249.66
3280,210.42,63.12599999999999,210.42
3281,221.06,66.318,221.06
3282,234.79,70.437,234.79
3283,261.88,78.564,261.88
3284,208.28,62.483999999999995,208.28
3285,325.53,97.65899999999999,325.53
3286,251.42,75.42599999999999,251.42
3287,220.5,66.14999999999999,220.5
3288,233.17,69.951,233.17
3289,219.62,65.886,219.62
3290,244.3,73.29,244.3
3291,251.66,75.49799999999999,251.66
3292,246.35,73.905,246.35
3293,212.55,63.765,212.55
3294,246.69,74.00699999999999,246.69
3295,277.18,83.154,277.18
3296,216.76,65.02799999999999,216.76
3297,234.74,70.422,234.74
3298,234.0,70.2,234.0
3299,199.24,59.772,199.24
3300,212.26,63.678,212.26
3301,206.35,61.904999999999994,206.35
3302,222.29,66.687,222.29
3303,254.3,76.29,254.3
3304,185.04,55.51199999999999,185.04
3305,275.55,82.665,275.55
3306,245.92,73.776,245.92
3307,297.67,89.301,297.67
3308,212.44,63.732,212.44
3309,203.46,61.038,203.46
3310,354.66,106.39800000000001,354.66
3311,214.46,64.338,214.46
3312,235.36,70.608,235.36
3313,218.86,65.658,218.86
3314,213.29,63.986999999999995,213.29
3315,252.24,75.672,252.24
3316,237.2,71.16,237.2
3317,228.54,68.562,228.54
3318,282.72,84.816,282.72
3319,198.8,59.64,198.8
3320,276.46,82.93799999999999,276.46
3321,232.02,69.606,232.02
3322,213.6,64.08,213.6
3323,210.44,63.132,210.44
3324,213.48,64.044,213.48
3325,214.09,64.227,214.09
3326,247.38,74.214,247.38
3327,222.42,66.726,222.42
3328,257.58,77.27399999999999,257.58
3329,220.19,66.057,220.19
3330,238.76,71.628,238.76
3331,240.63,72.189,240.63
3332,371.28,111.38399999999999,371.28
3333,288.21,86.463,288.21
3334,288.46,86.538,288.46
3335,272.22,81.66600000000001,272.22
3336,393.65,118.09499999999998,393.65
3337,255.73,76.719,255.73
3338,249.54,74.862,249.54
3339,254.22,76.26599999999999,254.22
3340,209.54,62.861999999999995,209.54
3341,218.12,65.43599999999999,218.12
3342,199.19,59.757,199.19
3343,211.64,63.49199999999999,211.64
3344,262.48,78.744,262.48
3345,218.37,65.511,218.37
3346,252.56,75.768,252.56
3347,212.95,63.88499999999999,212.95
3348,236.81,71.04299999999999,236.81
3349,216.16,64.848,216.16
3350,269.29,80.787,269.29
3351,219.28,65.78399999999999,219.28
3352,234.96,70.488,234.96
3353,226.75,68.02499999999999,226.75
3354,298.57,89.571,298.57
3355,322.38,96.714,322.38
3356,361.88,108.564,361.88
3357,261.61,78.483,261.61
3358,279.49,83.847,279.49
3359,264.02,79.20599999999999,264.02
3360,281.51,84.45299999999999,281.51
3361,247.24,74.172,247.24
3362,246.37,73.911,246.37
3363,238.81,71.643,238.81
3364,285.94,85.782,285.94
3365,224.91,67.473,224.91
3366,299.53,89.859,299.53
3367,238.28,71.484,238.28
3368,259.84,77.95199999999998,259.84
3369,216.93,65.079,216.93
3370,214.49,64.347,214.49
3371,302.83,90.84899999999999,302.83
3372,255.76,76.728,255.76
3373,213.96,64.188,213.96
3374,228.16,68.448,228.16
3375,238.7,71.61,238.7
3376,243.4,73.02,243.4
3377,218.98,65.69399999999999,218.98
3378,221.21,66.363,221.21
3379,247.76,74.32799999999999,247.76
3380,217.51,65.253,217.51
3381,296.49,88.947,296.49
3382,251.02,75.306,251.02
3383,280.31,84.093,280.31
3384,212.96,63.888,212.96
3385,237.05,71.115,237.05
3386,239.82,71.946,239.82
3387,338.83,101.64899999999999,338.83
3388,271.63,81.48899999999999,271.63
3389,261.37,78.411,261.37
3390,271.06,81.318,271.06
3391,287.63,86.289,287.63
3392,273.37,82.011,273.37
3393,357.53,107.25899999999999,357.53
3394,218.61,65.583,218.61
3395,223.05,66.915,223.05
3396,249.07,74.72099999999999,249.07
3397,277.07,83.121,277.07
3398,208.78,62.634,208.78
3399,216.66,64.99799999999999,216.66
3400,212.5,63.75,212.5
3401,238.8,71.64,238.8
3402,229.06,68.718,229.06
3403,265.41,79.623,265.41
3404,260.78,78.234,260.78
3405,245.83,73.749,245.83
3406,252.33,75.699,252.33
3407,203.95,61.184999999999995,203.95
3408,255.26,76.57799999999999,255.26
3409,232.56,69.768,232.56
3410,411.32,123.39599999999999,411.32
3411,343.31,102.993,343.31
3412,256.89,77.067,256.89
3413,227.67,68.30099999999999,227.67
3414,300.14,90.04199999999999,300.14
3415,210.1,63.029999999999994,210.1
3416,236.74,71.022,236.74
3417,242.79,72.83699999999999,242.79
3418,237.65,71.295,237.65
3419,235.73,70.719,235.73
3420,203.08,60.924,203.08
3421,204.16,61.248,204.16
3422,230.78,69.234,230.78
3423,244.52,73.356,244.52
3424,201.38,60.413999999999994,201.38
3425,203.58,61.074,203.58
3426,235.91,70.773,235.91
3427,231.83,69.549,231.83
3428,288.7,86.61,288.7
3429,280.36,84.108,280.36
3430,290.36,87.108,290.36
3431,291.47,87.441,291.47
3432,233.04,69.91199999999999,233.04
3433,229.55,68.865,229.55
3434,303.56,91.068,303.56
3435,249.44,74.832,249.44
3436,251.98,75.594,251.98
3437,209.75,62.925,209.75
3438,284.59,85.377,284.59
3439,236.26,70.878,236.26
3440,218.25,65.475,218.25
3441,222.9,66.87,222.9
3442,271.62,81.486,271.62
3443,219.86,65.958,219.86
3444,203.43,61.028999999999996,203.43
3445,284.39,85.317,284.39
3446,273.04,81.912,273.04
3447,209.25,62.775,209.25
3448,329.0,98.7,329.0
3449,235.58,70.674,235.58
3450,233.54,70.062,233.54
3451,252.07,75.621,252.07
3452,204.1,61.23,204.1
3453,220.55,66.165,220.55
3454,342.68,102.804,342.68
3455,258.45,77.535,258.45
3456,275.63,82.689,275.63
3457,233.37,70.011,233.37
3458,320.52,96.15599999999999,320.52
3459,333.62,100.086,333.62
3460,246.52,73.956,246.52
3461,249.62,74.886,249.62
3462,226.81,68.04299999999999,226.81
3463,249.93,74.979,249.93
3464,254.53,76.359,254.53
3465,215.56,64.66799999999999,215.56
3466,210.48,63.14399999999999,210.48
3467,282.46,84.73799999999999,282.46
3468,256.07,76.821,256.07
3469,225.48,67.64399999999999,225.48
3470,257.53,77.25899999999999,257.53
3471,265.4,79.61999999999999,265.4
3472,249.84,74.952,249.84
3473,245.6,73.67999999999999,245.6
3474,271.73,81.519,271.73
3475,346.72,104.016,346.72
3476,257.53,77.25899999999999,257.53
3477,225.8,67.74,225.8
3478,221.92,66.576,221.92
3479,266.86,80.058,266.86
3480,238.18,71.454,238.18
3481,259.34,77.80199999999999,259.34
3482,214.66,64.398,214.66
3483,222.36,66.708,222.36
3484,338.47,101.54100000000001,338.47
3485,196.28,58.884,196.28
3486,215.21,64.563,215.21
3487,215.44,64.63199999999999,215.44
3488,238.34,71.502,238.34
3489,225.11,67.533,225.11
3490,253.48,76.044,253.48
3491,243.93,73.179,243.93
3492,233.03,69.90899999999999,233.03
3493,219.87,65.961,219.87
3494,222.17,66.651,222.17
3495,277.08,83.124,277.08
3496,214.42,64.326,214.42
3497,296.61,88.983,296.61
3498,248.41,74.523,248.41
3499,261.53,78.45899999999999,261.53
3500,259.23,77.769,259.23
3501,251.59,75.477,251.59
3502,223.64,67.092,223.64
3503,252.08,75.624,252.08
3504,224.68,67.404,224.68
3505,230.49,69.147,230.49
3506,268.91,80.673,268.91
3507,230.96,69.288,230.96
3508,270.49,81.147,270.49
3509,242.41,72.723,242.41
3510,214.56,64.368,214.56
3511,241.01,72.303,241.01
3512,267.41,80.223,267.41
3513,275.2,82.55999999999999,275.2
3514,300.41,90.123,300.41
3515,250.25,75.075,250.25
3516,258.68,77.604,258.68
3517,201.67,60.50099999999999,201.67
3518,209.95,62.98499999999999,209.95
3519,221.54,66.46199999999999,221.54
3520,288.45,86.535,288.45
3521,284.05,85.215,284.05
3522,333.22,99.96600000000001,333.22
3523,233.5,70.05,233.5
3524,252.2,75.66,252.2
3525,207.15,62.144999999999996,207.15
3526,215.05,64.515,215.05
3527,370.52,111.15599999999999,370.52
3528,249.81,74.943,249.81
3529,237.98,71.39399999999999,237.98
3530,217.9,65.37,217.9
3531,405.97,121.791,405.97
3532,262.96,78.88799999999999,262.96
3533,225.78,67.734,225.78
3534,274.05,82.215,274.05
3535,237.75,71.325,237.75
3536,200.66,60.19799999999999,200.66
3537,221.42,66.42599999999999,221.42
3538,235.93,70.779,235.93
3539,223.24,66.972,223.24
3540,245.88,73.764,245.88
3541,220.49,66.147,220.49
3542,249.22,74.76599999999999,249.22
3543,214.5,64.35,214.5
3544,237.19,71.157,237.19
3545,219.08,65.724,219.08
3546,222.6,66.78,222.6
3547,303.49,91.047,303.49
3548,242.18,72.654,242.18
3549,217.26,65.178,217.26
3550,255.99,76.797,255.99
3551,266.77,80.03099999999999,266.77
3552,245.24,73.572,245.24
3553,283.81,85.143,283.81
3554,228.17,68.451,228.17
3555,268.5,80.55,268.5
3556,249.49,74.847,249.49
3557,212.51,63.75299999999999,212.51
3558,256.24,76.872,256.24
3559,251.59,75.477,251.59
3560,253.83,76.149,253.83
3561,213.82,64.146,213.82
3562,278.55,83.565,278.55
3563,317.93,95.379,317.93
3564,199.17,59.75099999999999,199.17
3565,242.56,72.768,242.56
3566,231.94,69.582,231.94
3567,252.91,75.87299999999999,252.91
3568,261.16,78.348,261.16
3569,257.76,77.32799999999999,257.76
3570,279.38,83.814,279.38
3571,215.77,64.731,215.77
3572,286.32,85.896,286.32
3573,260.75,78.225,260.75
3574,226.27,67.881,226.27
3575,258.76,77.628,258.76
3576,256.95,77.085,256.95
3577,240.6,72.17999999999999,240.6
3578,239.99,71.997,239.99
3579,246.02,73.806,246.02
3580,303.26,90.978,303.26
3581,343.21,102.963,343.21
3582,254.0,76.2,254.0
3583,243.25,72.975,243.25
3584,225.97,67.791,225.97
3585,255.27,76.581,255.27
3586,255.62,76.68599999999999,255.62
3587,215.21,64.563,215.21
3588,227.91,68.37299999999999,227.91
3589,236.91,71.073,236.91
3590,241.52,72.456,241.52
3591,243.6,73.08,243.6
3592,221.7,66.50999999999999,221.7
3593,271.1,81.33,271.1
3594,237.03,71.109,237.03
3595,221.7,66.50999999999999,221.7
3596,294.03,88.20899999999999,294.03
3597,280.43,84.129,280.43
3598,268.38,80.514,268.38
3599,252.0,75.6,252.0
3600,244.12,73.236,244.12
3601,201.07,60.321,201.07
3602,221.85,66.55499999999999,221.85
3603,292.99,87.897,292.99
3604,227.91,68.37299999999999,227.91
3605,225.37,67.611,225.37
3606,368.78,110.63399999999999,368.78
3607,206.42,61.925999999999995,206.42
3608,230.9,69.27,230.9
3609,277.2,83.16,277.2
3610,296.98,89.09400000000001,296.98
3611,257.43,77.229,257.43
3612,276.94,83.082,276.94
3613,232.74,69.822,232.74
3614,207.65,62.295,207.65
3615,269.49,80.847,269.49
3616,219.61,65.883,219.61
3617,238.99,71.697,238.99
3618,225.32,67.59599999999999,225.32
3619,268.21,80.463,268.21
3620,269.64,80.892,269.64
3621,253.71,76.113,253.71
3622,273.62,82.086,273.62
3623,218.02,65.406,218.02
3624,256.82,77.04599999999999,256.82
3625,218.81,65.643,218.81
3626,233.38,70.014,233.38
3627,264.0,79.2,264.0
3628,236.04,70.812,236.04
3629,235.97,70.791,235.97
3630,232.23,69.669,232.23
3631,243.1,72.92999999999999,243.1
3632,269.05,80.715,269.05
3633,250.2,75.05999999999999,250.2
3634,211.75,63.525,211.75
3635,209.5,62.849999999999994,209.5
3636,223.93,67.179,223.93
3637,188.73,56.61899999999999,188.73
3638,287.06,86.118,287.06
3639,240.75,72.225,240.75
3640,230.46,69.138,230.46
3641,226.75,68.02499999999999,226.75
3642,215.33,64.599,215.33
3643,227.89,68.36699999999999,227.89
3644,245.18,73.554,245.18
3645,239.39,71.817,239.39
3646,235.01,70.503,235.01
3647,381.22,114.366,381.22
3648,272.35,81.705,272.35
3649,255.59,76.67699999999999,255.59
3650,266.56,79.968,266.56
3651,235.12,70.536,235.12
3652,282.32,84.696,282.32
3653,250.94,75.282,250.94
3654,263.61,79.083,263.61
3655,225.57,67.67099999999999,225.57
3656,251.54,75.46199999999999,251.54
3657,288.78,86.63399999999999,288.78
3658,256.5,76.95,256.5
3659,265.95,79.785,265.95
3660,266.5,79.95,266.5
3661,254.8,76.44,254.8
3662,272.24,81.672,272.24
3663,220.18,66.054,220.18
3664,231.17,69.351,231.17
3665,232.77,69.831,232.77
3666,263.1,78.93,263.1
3667,257.2,77.16,257.2
3668,268.66,80.598,268.66
3669,227.46,68.238,227.46
3670,237.01,71.103,237.01
3671,286.73,86.019,286.73
3672,262.27,78.681,262.27
3673,277.86,83.358,277.86
3674,258.4,77.52,258.4
3675,217.05,65.115,217.05
3676,299.84,89.95199999999998,299.84
3677,285.58,85.67399999999999,285.58
3678,253.46,76.038,253.46
3679,199.98,59.99399999999999,199.98
3680,245.15,73.545,245.15
3681,282.52,84.75599999999999,282.52
3682,233.63,70.089,233.63
3683,234.67,70.401,234.67
3684,271.27,81.38099999999999,271.27
3685,227.77,68.331,227.77
3686,245.14,73.54199999999999,245.14
3687,199.43,59.829,199.43
3688,253.33,75.999,253.33
3689,259.94,77.982,259.94
3690,277.29,83.187,277.29
3691,224.28,67.28399999999999,224.28
3692,330.84,99.252,330.84
3693,265.63,79.689,265.63
3694,283.6,85.08,283.6
3695,274.1,82.23,274.1
3696,284.54,85.36200000000001,284.54
3697,267.3,80.19,267.3
3698,251.63,75.48899999999999,251.63
3699,233.97,70.191,233.97
3700,292.23,87.669,292.23
3701,209.67,62.900999999999996,209.67
3702,287.7,86.30999999999999,287.7
3703,291.44,87.432,291.44
3704,216.08,64.824,216.08
3705,233.98,70.19399999999999,233.98
3706,216.26,64.878,216.26
3707,227.14,68.142,227.14
3708,276.04,82.812,276.04
3709,267.77,80.33099999999999,267.77
3710,250.03,75.009,250.03
3711,223.05,66.915,223.05
3712,207.22,62.166,207.22
3713,224.85,67.455,224.85
3714,253.28,75.984,253.28
3715,242.18,72.654,242.18
3716,274.91,82.473,274.91
3717,310.19,93.057,310.19
3718,264.67,79.401,264.67
3719,224.22,67.26599999999999,224.22
3720,301.68,90.504,301.68
3721,248.81,74.643,248.81
3722,250.33,75.099,250.33
3723,257.53,77.25899999999999,257.53
3724,228.73,68.619,228.73
3725,222.89,66.86699999999999,222.89
3726,353.06,105.91799999999999,353.06
3727,242.7,72.80999999999999,242.7
3728,254.11,76.233,254.11
3729,248.46,74.538,248.46
3730,230.68,69.204,230.68
3731,207.04,62.111999999999995,207.04
3732,206.22,61.866,206.22
3733,239.63,71.889,239.63
3734,205.16,61.547999999999995,205.16
3735,221.04,66.312,221.04
3736,253.15,75.945,253.15
3737,222.7,66.80999999999999,222.7
3738,252.31,75.693,252.31
3739,242.72,72.816,242.72
3740,282.48,84.744,282.48
3741,233.22,69.966,233.22
3742,269.28,80.78399999999999,269.28
3743,248.75,74.625,248.75
3744,267.19,80.157,267.19
3745,243.92,73.17599999999999,243.92
3746,337.61,101.283,337.61
3747,306.41,91.923,306.41
3748,228.94,68.682,228.94
3749,231.09,69.327,231.09
3750,225.51,67.65299999999999,225.51
3751,262.88,78.86399999999999,262.88
3752,234.46,70.338,234.46
3753,242.49,72.747,242.49
3754,234.31,70.29299999999999,234.31
3755,354.44,106.332,354.44
3756,226.19,67.857,226.19
3757,245.01,73.503,245.01
3758,262.05,78.615,262.05
3759,296.14,88.842,296.14
3760,255.14,76.54199999999999,255.14
3761,269.37,80.81099999999999,269.37
3762,353.71,106.11299999999999,353.71
3763,241.46,72.438,241.46
3764,230.4,69.12,230.4
3765,354.58,106.374,354.58
3766,278.9,83.66999999999999,278.9
3767,305.65,91.695,305.65
3768,263.94,79.182,263.94
3769,245.99,73.797,245.99
3770,242.19,72.657,242.19
3771,313.49,94.047,313.49
3772,258.79,77.637,258.79
3773,211.03,63.309,211.03
3774,318.05,95.415,318.05
3775,229.84,68.952,229.84
3776,275.35,82.605,275.35
3777,241.3,72.39,241.3
3778,210.0,63.0,210.0
3779,368.11,110.433,368.11
3780,227.73,68.31899999999999,227.73
3781,224.13,67.23899999999999,224.13
3782,259.75,77.925,259.75
3783,258.87,77.661,258.87
3784,225.69,67.707,225.69
3785,245.01,73.503,245.01
3786,264.25,79.27499999999999,264.25
3787,209.09,62.727,209.09
3788,224.61,67.383,224.61
3789,241.76,72.52799999999999,241.76
3790,375.03,112.50899999999999,375.03
3791,210.81,63.242999999999995,210.81
3792,223.46,67.038,223.46
3793,229.12,68.736,229.12
3794,287.66,86.298,287.66
3795,249.94,74.982,249.94
3796,239.81,71.943,239.81
3797,330.46,99.13799999999999,330.46
3798,227.84,68.352,227.84
3799,253.5,76.05,253.5
3800,290.79,87.23700000000001,290.79
3801,258.43,77.529,258.43
3802,256.91,77.07300000000001,256.91
3803,211.59,63.477,211.59
3804,239.13,71.73899999999999,239.13
3805,327.34,98.20199999999998,327.34
3806,260.07,78.021,260.07
3807,247.93,74.379,247.93
3808,241.43,72.429,241.43
3809,218.72,65.616,218.72
3810,276.84,83.05199999999999,276.84
3811,255.65,76.695,255.65
3812,238.21,71.463,238.21
3813,225.14,67.54199999999999,225.14
3814,367.0,110.1,367.0
3815,240.23,72.06899999999999,240.23
3816,296.0,88.8,296.0
3817,232.43,69.729,232.43
3818,245.59,73.67699999999999,245.59
3819,270.81,81.243,270.81
3820,251.56,75.468,251.56
3821,262.61,78.783,262.61
3822,232.84,69.852,232.84
3823,243.65,73.095,243.65
3824,265.6,79.68,265.6
3825,301.87,90.56099999999999,301.87
3826,261.78,78.53399999999999,261.78
3827,266.68,80.004,266.68
3828,231.53,69.459,231.53
3829,263.83,79.14899999999999,263.83
3830,294.9,88.46999999999998,294.9
3831,222.88,66.86399999999999,222.88
3832,265.94,79.782,265.94
3833,221.71,66.513,221.71
3834,259.78,77.93399999999998,259.78
3835,253.35,76.005,253.35
3836,266.73,80.019,266.73
3837,241.42,72.42599999999999,241.42
3838,222.64,66.79199999999999,222.64
3839,287.02,86.106,287.02
3840,259.67,77.901,259.67
3841,231.15,69.345,231.15
3842,261.31,78.393,261.31
3843,298.24,89.472,298.24
3844,230.5,69.14999999999999,230.5
3845,253.16,75.948,253.16
3846,276.96,83.088,276.96
3847,215.62,64.68599999999999,215.62
3848,262.36,78.708,262.36
3849,239.35,71.80499999999999,239.35
3850,219.72,65.916,219.72
3851,224.82,67.446,224.82
3852,254.74,76.422,254.74
3853,220.16,66.048,220.16
3854,234.12,70.236,234.12
3855,297.17,89.151,297.17
3856,343.67,103.101,343.67
3857,264.33,79.29899999999999,264.33
3858,297.14,89.142,297.14
3859,236.86,71.058,236.86
3860,262.55,78.765,262.55
3861,256.39,76.91699999999999,256.39
3862,249.0,74.7,249.0
3863,234.67,70.401,234.67
3864,290.55,87.165,290.55
3865,264.78,79.43399999999998,264.78
3866,249.13,74.73899999999999,249.13
3867,239.01,71.70299999999999,239.01
3868,226.51,67.95299999999999,226.51
3869,250.87,75.261,250.87
3870,236.79,71.03699999999999,236.79
3871,228.63,68.589,228.63
3872,227.29,68.187,227.29
3873,254.29,76.28699999999999,254.29
3874,269.87,80.961,269.87
3875,262.36,78.708,262.36
3876,222.98,66.89399999999999,222.98
3877,251.1,75.33,251.1
3878,317.45,95.235,317.45
3879,275.66,82.69800000000001,275.66
3880,252.04,75.612,252.04
3881,236.7,71.00999999999999,236.7
3882,251.32,75.396,251.32
3883,236.54,70.96199999999999,236.54
3884,293.56,88.068,293.56
3885,237.97,71.39099999999999,237.97
3886,268.92,80.676,268.92
3887,225.2,67.55999999999999,225.2
3888,294.77,88.431,294.77
3889,267.66,80.298,267.66
3890,242.59,72.777,242.59
3891,317.39,95.217,317.39
3892,277.63,83.289,277.63
3893,228.67,68.601,228.67
3894,311.89,93.567,311.89
3895,257.35,77.205,257.35
3896,240.6,72.17999999999999,240.6
3897,235.17,70.55099999999999,235.17
3898,216.34,64.902,216.34
3899,228.35,68.505,228.35
3900,272.29,81.687,272.29
3901,315.13,94.539,315.13
3902,248.11,74.433,248.11
3903,258.83,77.64899999999999,258.83
3904,302.74,90.822,302.74
3905,218.45,65.535,218.45
3906,237.73,71.31899999999999,237.73
3907,284.67,85.401,284.67
3908,232.76,69.82799999999999,232.76
3909,247.69,74.307,247.69
3910,213.33,63.999,213.33
3911,275.02,82.50599999999999,275.02
3912,269.4,80.82,269.4
3913,287.71,86.31299999999999,287.71
3914,246.63,73.98899999999999,246.63
3915,271.55,81.465,271.55
3916,265.26,79.57799999999999,265.26
3917,328.66,98.598,328.66
3918,268.61,80.583,268.61
3919,267.63,80.289,267.63
3920,250.04,75.012,250.04
3921,202.15,60.644999999999996,202.15
3922,266.53,79.95899999999999,266.53
3923,236.92,71.076,236.92
3924,336.76,101.02799999999999,336.76
3925,222.52,66.756,222.52
3926,226.94,68.082,226.94
3927,240.82,72.246,240.82
3928,287.06,86.118,287.06
3929,225.17,67.55099999999999,225.17
3930,327.36,98.208,327.36
3931,260.34,78.10199999999999,260.34
3932,281.56,84.468,281.56
3933,218.26,65.478,218.26
3934,249.06,74.718,249.06
3935,259.37,77.81099999999999,259.37
3936,249.36,74.808,249.36
3937,272.52,81.75599999999999,272.52
3938,261.3,78.39,261.3
3939,298.06,89.41799999999999,298.06
3940,231.98,69.594,231.98
3941,238.48,71.544,238.48
3942,241.2,72.36,241.2
3943,236.36,70.908,236.36
3944,272.62,81.786,272.62
3945,251.51,75.45299999999999,251.51
3946,194.15,58.245,194.15
3947,220.51,66.15299999999999,220.51
3948,239.33,71.799,239.33
3949,336.92,101.07600000000001,336.92
3950,244.72,73.416,244.72
3951,219.82,65.946,219.82
3952,302.15,90.645,302.15
3953,288.06,86.41799999999999,288.06
3954,239.8,71.94,239.8
3955,268.02,80.40599999999999,268.02
3956,242.87,72.861,242.87
3957,213.91,64.173,213.91
3958,253.19,75.957,253.19
3959,249.23,74.76899999999999,249.23
3960,223.45,67.035,223.45
3961,230.04,69.012,230.04
3962,249.5,74.85,249.5
3963,382.76,114.82799999999999,382.76
3964,239.4,71.82,239.4
3965,306.24,91.872,306.24
3966,241.35,72.405,241.35
3967,294.03,88.20899999999999,294.03
3968,258.87,77.661,258.87
3969,224.49,67.347,224.49
3970,254.54,76.362,254.54
3971,300.13,90.039,300.13
3972,219.3,65.79,219.3
3973,275.32,82.59599999999999,275.32
3974,259.36,77.808,259.36
3975,252.1,75.63,252.1
3976,252.13,75.639,252.13
3977,245.21,73.563,245.21
3978,199.17,59.75099999999999,199.17
3979,227.09,68.127,227.09
3980,255.14,76.54199999999999,255.14
3981,270.43,81.129,270.43
3982,273.69,82.107,273.69
3983,284.55,85.365,284.55
3984,299.81,89.943,299.81
3985,346.32,103.896,346.32
3986,273.06,81.91799999999999,273.06
3987,298.96,89.68799999999999,298.96
3988,260.1,78.03,260.1
3989,350.33,105.09899999999999,350.33
3990,245.29,73.58699999999999,245.29
3991,258.77,77.63099999999999,258.77
3992,291.13,87.339,291.13
3993,294.55,88.365,294.55
3994,231.81,69.54299999999999,231.81
3995,267.51,80.253,267.51
3996,250.28,75.084,250.28
3997,265.36,79.608,265.36
3998,364.79,109.437,364.79
3999,221.71,66.513,221.71
4000,267.9,80.36999999999999,267.9
4001,267.03,80.109,267.03
4002,257.45,77.235,257.45
4003,230.02,69.006,230.02
4004,291.63,87.48899999999999,291.63
4005,233.37,70.011,233.37
4006,301.33,90.39899999999999,301.33
4007,227.43,68.229,227.43
4008,302.78,90.83399999999999,302.78
4009,229.95,68.985,229.95
4010,286.18,85.854,286.18
4011,322.59,96.77699999999999,322.59
4012,312.19,93.657,312.19
4013,287.05,86.115,287.05
4014,245.77,73.731,245.77
4015,236.47,70.941,236.47
4016,191.37,57.411,191.37
4017,232.53,69.759,232.53
4018,280.73,84.21900000000001,280.73
4019,263.16,78.94800000000001,263.16
4020,324.3,97.29,324.3
4021,222.51,66.753,222.51
4022,323.8,97.14,323.8
4023,259.69,77.907,259.69
4024,233.88,70.164,233.88
4025,271.5,81.45,271.5
4026,281.85,84.555,281.85
4027,296.07,88.821,296.07
4028,244.83,73.449,244.83
4029,262.04,78.61200000000001,262.04
4030,267.89,80.36699999999999,267.89
4031,253.66,76.098,253.66
4032,318.98,95.694,318.98
4033,275.67,82.70100000000001,275.67
4034,223.46,67.038,223.46
4035,266.55,79.965,266.55
4036,210.04,63.01199999999999,210.04
4037,262.28,78.68399999999998,262.28
4038,228.43,68.529,228.43
4039,271.87,81.56099999999999,271.87
4040,213.18,63.954,213.18
4041,222.11,66.633,222.11
4042,273.51,82.053,273.51
4043,258.88,77.664,258.88
4044,222.19,66.657,222.19
4045,299.02,89.70599999999999,299.02
4046,245.75,73.725,245.75
4047,242.07,72.621,242.07
4048,245.0,73.5,245.0
4049,272.47,81.741,272.47
4050,232.23,69.669,232.23
4051,253.2,75.96,253.2
4052,301.55,90.465,301.55
4053,303.81,91.143,303.81
4054,253.03,75.90899999999999,253.03
4055,256.3,76.89,256.3
4056,210.45,63.13499999999999,210.45
4057,373.62,112.086,373.62
4058,283.44,85.032,283.44
4059,247.93,74.379,247.93
4060,304.64,91.392,304.64
4061,216.1,64.83,216.1
4062,238.21,71.463,238.21
4063,413.71,124.11299999999999,413.71
4064,264.95,79.485,264.95
4065,214.25,64.27499999999999,214.25
4066,228.95,68.68499999999999,228.95
4067,268.98,80.694,268.98
4068,254.96,76.488,254.96
4069,253.08,75.924,253.08
4070,294.04,88.212,294.04
4071,228.17,68.451,228.17
4072,213.42,64.026,213.42
4073,256.39,76.91699999999999,256.39
4074,298.9,89.66999999999999,298.9
4075,364.75,109.425,364.75
4076,242.14,72.642,242.14
4077,222.92,66.87599999999999,222.92
4078,260.66,78.19800000000001,260.66
4079,270.6,81.18,270.6
4080,282.58,84.77399999999999,282.58
4081,265.0,79.5,265.0
4082,249.92,74.976,249.92
4083,262.06,78.618,262.06
4084,287.21,86.163,287.21
4085,273.03,81.90899999999999,273.03
4086,292.34,87.70199999999998,292.34
4087,240.79,72.237,240.79
4088,272.42,81.726,272.42
4089,246.86,74.058,246.86
4090,220.09,66.027,220.09
4091,280.23,84.069,280.23
4092,331.78,99.53399999999999,331.78
4093,233.46,70.038,233.46
4094,209.9,62.97,209.9
4095,255.76,76.728,255.76
4096,247.84,74.352,247.84
4097,237.95,71.38499999999999,237.95
4098,228.96,68.688,228.96
4099,221.36,66.408,221.36
4100,243.39,73.017,243.39
4101,258.16,77.44800000000001,258.16
4102,256.79,77.037,256.79
4103,250.79,75.237,250.79
4104,277.43,83.229,277.43
4105,252.17,75.651,252.17
4106,261.46,78.43799999999999,261.46
4107,249.15,74.745,249.15
4108,256.16,76.848,256.16
4109,251.78,75.53399999999999,251.78
4110,330.72,99.21600000000001,330.72
4111,259.29,77.787,259.29
4112,254.94,76.482,254.94
4113,230.22,69.066,230.22
4114,238.66,71.598,238.66
4115,238.21,71.463,238.21
4116,227.96,68.388,227.96
4117,224.8,67.44,224.8
4118,266.19,79.857,266.19
4119,284.52,85.356,284.52
4120,279.71,83.913,279.71
4121,262.57,78.771,262.57
4122,243.38,73.014,243.38
4123,292.67,87.801,292.67
4124,225.63,67.689,225.63
4125,275.09,82.52699999999999,275.09
4126,266.04,79.812,266.04
4127,314.5,94.35,314.5
4128,339.49,101.847,339.49
4129,262.19,78.657,262.19
4130,264.27,79.28099999999999,264.27
4131,307.79,92.337,307.79
4132,336.37,100.911,336.37
4133,242.8,72.84,242.8
4134,244.28,73.28399999999999,244.28
4135,225.07,67.521,225.07
4136,203.65,61.095,203.65
4137,228.55,68.565,228.55
4138,285.11,85.533,285.11
4139,278.67,83.601,278.67
4140,248.69,74.607,248.69
4141,208.26,62.477999999999994,208.26
4142,252.06,75.618,252.06
4143,256.26,76.878,256.26
4144,228.27,68.481,228.27
4145,278.53,83.55899999999998,278.53
4146,241.44,72.432,241.44
4147,249.22,74.76599999999999,249.22
4148,277.12,83.136,277.12
4149,297.66,89.298,297.66
4150,229.29,68.78699999999999,229.29
4151,284.15,85.24499999999999,284.15
4152,257.34,77.20199999999998,257.34
4153,348.76,104.628,348.76
4154,295.7,88.71,295.7
4155,247.52,74.256,247.52
4156,263.87,79.161,263.87
4157,272.93,81.879,272.93
4158,232.79,69.83699999999999,232.79
4159,224.18,67.254,224.18
4160,235.16,70.548,235.16
4161,227.25,68.175,227.25
4162,203.85,61.154999999999994,203.85
4163,257.42,77.226,257.42
4164,221.74,66.522,221.74
4165,222.47,66.741,222.47
4166,323.95,97.18499999999999,323.95
4167,278.83,83.64899999999999,278.83
4168,219.97,65.991,219.97
4169,344.26,103.27799999999999,344.26
4170,258.23,77.46900000000001,258.23
4171,205.57,61.67099999999999,205.57
4172,349.98,104.994,349.98
4173,326.84,98.05199999999999,326.84
4174,284.11,85.233,284.11
4175,268.54,80.562,268.54
4176,283.88,85.164,283.88
4177,268.94,80.682,268.94
4178,267.12,80.136,267.12
4179,256.98,77.09400000000001,256.98
4180,286.69,86.00699999999999,286.69
4181,232.47,69.741,232.47
4182,296.22,88.866,296.22
4183,233.85,70.155,233.85
4184,223.98,67.19399999999999,223.98
4185,385.76,115.728,385.76
4186,223.91,67.173,223.91
4187,240.37,72.111,240.37
4188,241.85,72.55499999999999,241.85
4189,229.46,68.838,229.46
4190,243.94,73.182,243.94
4191,273.5,82.05,273.5
4192,276.8,83.04,276.8
4193,251.77,75.531,251.77
4194,226.25,67.875,226.25
4195,292.86,87.858,292.86
4196,224.98,67.494,224.98
4197,277.67,83.301,277.67
4198,457.43,137.22899999999998,457.43
4199,250.03,75.009,250.03
4200,231.76,69.52799999999999,231.76
4201,254.57,76.371,254.57
4202,240.8,72.24,240.8
4203,219.66,65.898,219.66
4204,242.04,72.612,242.04
4205,354.89,106.467,354.89
4206,268.19,80.457,268.19
4207,233.5,70.05,233.5
4208,241.71,72.513,241.71
4209,234.44,70.332,234.44
4210,247.88,74.36399999999999,247.88
4211,282.31,84.693,282.31
4212,336.7,101.00999999999999,336.7
4213,269.96,80.98799999999999,269.96
4214,270.29,81.087,270.29
4215,321.06,96.318,321.06
4216,366.1,109.83,366.1
4217,328.65,98.59499999999998,328.65
4218,273.2,81.96,273.2
4219,272.06,81.618,272.06
4220,224.76,67.428,224.76
4221,289.99,86.997,289.99
4222,266.42,79.926,266.42
4223,305.13,91.539,305.13
4224,218.12,65.43599999999999,218.12
4225,252.12,75.636,252.12
4226,271.93,81.579,271.93
4227,233.09,69.92699999999999,233.09
4228,247.17,74.151,247.17
4229,229.39,68.817,229.39
4230,216.59,64.977,216.59
4231,257.21,77.163,257.21
4232,238.16,71.448,238.16
4233,311.23,93.369,311.23
4234,229.26,68.77799999999999,229.26
4235,250.11,75.033,250.11
4236,243.93,73.179,243.93
4237,253.11,75.933,253.11
4238,209.54,62.861999999999995,209.54
4239,266.38,79.914,266.38
4240,317.42,95.226,317.42
4241,266.9,80.07,266.9
4242,233.78,70.134,233.78
4243,251.87,75.56099999999999,251.87
4244,225.3,67.59,225.3
4245,316.38,94.914,316.38
4246,242.34,72.702,242.34
4247,260.96,78.288,260.96
4248,265.56,79.66799999999999,265.56
4249,260.94,78.282,260.94
4250,237.66,71.298,237.66
4251,266.32,79.896,266.32
4252,243.77,73.131,243.77
4253,313.78,94.13399999999999,313.78
4254,222.04,66.612,222.04
4255,232.19,69.657,232.19
4256,296.35,88.905,296.35
4257,263.44,79.032,263.44
4258,204.13,61.239,204.13
4259,269.49,80.847,269.49
4260,222.59,66.777,222.59
4261,227.6,68.28,227.6
4262,280.11,84.033,280.11
4263,231.91,69.573,231.91
4264,227.21,68.163,227.21
4265,226.06,67.818,226.06
4266,258.77,77.63099999999999,258.77
4267,239.03,71.709,239.03
4268,239.8,71.94,239.8
4269,280.77,84.231,280.77
4270,282.78,84.83399999999999,282.78
4271,263.14,78.942,263.14
4272,295.28,88.58399999999999,295.28
4273,265.6,79.68,265.6
4274,260.31,78.093,260.31
4275,249.0,74.7,249.0
4276,288.64,86.592,288.64
4277,250.21,75.063,250.21
4278,247.63,74.289,247.63
4279,319.12,95.736,319.12
4280,215.55,64.665,215.55
4281,239.32,71.79599999999999,239.32
4282,232.15,69.645,232.15
4283,222.16,66.648,222.16
4284,226.14,67.842,226.14
4285,278.36,83.508,278.36
4286,242.88,72.86399999999999,242.88
4287,366.14,109.842,366.14
4288,215.46,64.638,215.46
4289,228.28,68.484,228.28
4290,323.17,96.95100000000001,323.17
4291,244.31,73.29299999999999,244.31
4292,385.6,115.68,385.6
4293,203.79,61.13699999999999,203.79
4294,220.52,66.156,220.52
4295,247.83,74.349,247.83
4296,293.08,87.92399999999999,293.08
4297,269.55,80.865,269.55
4298,241.33,72.399,241.33
4299,280.93,84.279,280.93
4300,270.68,81.204,270.68
4301,212.39,63.71699999999999,212.39
4302,259.63,77.889,259.63
4303,246.16,73.848,246.16
4304,241.96,72.588,241.96
4305,232.75,69.825,232.75
4306,345.75,103.725,345.75
4307,234.82,70.446,234.82
4308,215.61,64.683,215.61
4309,250.84,75.252,250.84
4310,366.16,109.848,366.16
4311,267.77,80.33099999999999,267.77
4312,292.74,87.822,292.74
4313,248.99,74.697,248.99
4314,233.77,70.131,233.77
4315,242.43,72.729,242.43
4316,250.16,75.048,250.16
4317,239.31,71.79299999999999,239.31
4318,322.5,96.75,322.5
4319,220.87,66.261,220.87
4320,309.96,92.98799999999999,309.96
4321,241.47,72.441,241.47
4322,390.42,117.126,390.42
4323,360.27,108.08099999999999,360.27
4324,233.42,70.026,233.42
4325,246.46,73.938,246.46
4326,251.44,75.432,251.44
4327,206.89,62.06699999999999,206.89
4328,258.47,77.54100000000001,258.47
4329,268.78,80.63399999999999,268.78
4330,227.42,68.226,227.42
4331,276.01,82.803,276.01
4332,253.89,76.16699999999999,253.89
4333,349.14,104.74199999999999,349.14
4334,211.82,63.54599999999999,211.82
4335,302.39,90.717,302.39
4336,274.03,82.20899999999999,274.03
4337,256.76,77.02799999999999,256.76
4338,224.88,67.464,224.88
4339,247.34,74.202,247.34
4340,259.81,77.943,259.81
4341,347.73,104.319,347.73
4342,283.17,84.95100000000001,283.17
4343,309.46,92.838,309.46
4344,335.11,100.533,335.11
4345,240.26,72.07799999999999,240.26
4346,268.03,80.40899999999999,268.03
4347,260.1,78.03,260.1
4348,281.71,84.51299999999999,281.71
4349,265.57,79.67099999999999,265.57
4350,252.35,75.705,252.35
4351,225.76,67.728,225.76
4352,250.94,75.282,250.94
4353,263.86,79.158,263.86
4354,217.17,65.151,217.17
4355,224.9,67.47,224.9
4356,239.38,71.814,239.38
4357,314.3,94.29,314.3
4358,291.21,87.36299999999999,291.21
4359,224.95,67.485,224.95
4360,236.55,70.965,236.55
4361,229.15,68.745,229.15
4362,236.4,70.92,236.4
4363,246.68,74.004,246.68
4364,369.32,110.79599999999999,369.32
4365,240.8,72.24,240.8
4366,251.34,75.402,251.34
4367,242.18,72.654,242.18
4368,275.08,82.52399999999999,275.08
4369,249.02,74.706,249.02
4370,261.55,78.465,261.55
4371,230.72,69.216,230.72
4372,242.58,72.774,242.58
4373,220.63,66.189,220.63
4374,229.38,68.814,229.38
4375,358.73,107.619,358.73
4376,257.85,77.355,257.85
4377,256.09,76.82699999999998,256.09
4378,274.09,82.22699999999999,274.09
4379,322.37,96.711,322.37
4380,196.85,59.05499999999999,196.85
4381,247.81,74.343,247.81
4382,236.3,70.89,236.3
4383,210.47,63.141,210.47
4384,223.09,66.92699999999999,223.09
4385,224.0,67.2,224.0
4386,276.47,82.941,276.47
4387,263.53,79.05899999999998,263.53
4388,275.7,82.71,275.7
4389,229.8,68.94,229.8
4390,300.19,90.057,300.19
4391,223.41,67.023,223.41
4392,252.95,75.88499999999999,252.95
4393,261.1,78.33,261.1
4394,262.86,78.858,262.86
4395,358.37,107.511,358.37
4396,315.34,94.60199999999999,315.34
4397,378.38,113.514,378.38
4398,259.07,77.72099999999999,259.07
4399,253.92,76.17599999999999,253.92
4400,268.89,80.66699999999999,268.89
4401,288.2,86.46,288.2
4402,225.28,67.584,225.28
4403,277.61,83.283,277.61
4404,253.18,75.954,253.18
4405,220.94,66.282,220.94
4406,245.04,73.512,245.04
4407,260.47,78.141,260.47
4408,257.03,77.109,257.03
4409,241.46,72.438,241.46
4410,234.15,70.245,234.15
4411,260.74,78.222,260.74
4412,288.29,86.48700000000001,288.29
4413,312.2,93.66,312.2
4414,229.16,68.74799999999999,229.16
4415,268.45,80.535,268.45
4416,228.96,68.688,228.96
4417,263.94,79.182,263.94
4418,351.42,105.426,351.42
4419,276.77,83.03099999999999,276.77
4420,253.96,76.188,253.96
4421,268.0,80.39999999999999,268.0
4422,319.62,95.886,319.62
4423,290.18,87.054,290.18
4424,234.06,70.218,234.06
4425,304.47,91.34100000000001,304.47
4426,237.95,71.38499999999999,237.95
4427,265.76,79.728,265.76
4428,287.14,86.142,287.14
4429,347.51,104.253,347.51
4430,235.23,70.56899999999999,235.23
4431,299.99,89.997,299.99
4432,237.42,71.226,237.42
4433,259.72,77.91600000000001,259.72
4434,206.4,61.92,206.4
4435,230.2,69.05999999999999,230.2
4436,274.49,82.347,274.49
4437,265.15,79.54499999999999,265.15
4438,292.3,87.69,292.3
4439,312.3,93.69,312.3
4440,243.68,73.104,243.68
4441,276.78,83.03399999999999,276.78
4442,256.56,76.968,256.56
4443,260.15,78.04499999999999,260.15
4444,235.16,70.548,235.16
4445,273.66,82.098,273.66
4446,275.94,82.782,275.94
4447,258.64,77.592,258.64
4448,229.47,68.841,229.47
4449,350.88,105.264,350.88
4450,237.05,71.115,237.05
4451,271.14,81.342,271.14
4452,279.15,83.74499999999999,279.15
4453,264.5,79.35,264.5
4454,233.9,70.17,233.9
4455,209.42,62.82599999999999,209.42
4456,277.58,83.27399999999999,277.58
4457,248.44,74.532,248.44
4458,256.11,76.833,256.11
4459,259.19,77.75699999999999,259.19
4460,251.38,75.414,251.38
4461,277.46,83.23799999999999,277.46
4462,216.26,64.878,216.26
4463,281.11,84.333,281.11
4464,242.63,72.789,242.63
4465,247.68,74.304,247.68
4466,267.45,80.235,267.45
4467,219.83,65.949,219.83
4468,230.54,69.16199999999999,230.54
4469,247.05,74.115,247.05
4470,249.04,74.71199999999999,249.04
4471,244.72,73.416,244.72
4472,234.01,70.20299999999999,234.01
4473,224.85,67.455,224.85
4474,246.47,73.941,246.47
4475,237.26,71.178,237.26
4476,275.51,82.65299999999999,275.51
4477,285.12,85.536,285.12
4478,206.09,61.827,206.09
4479,276.81,83.04299999999999,276.81
4480,221.87,66.56099999999999,221.87
4481,249.87,74.961,249.87
4482,220.07,66.021,220.07
4483,214.43,64.329,214.43
4484,344.01,103.20299999999999,344.01
4485,263.27,78.981,263.27
4486,241.95,72.585,241.95
4487,270.97,81.29100000000001,270.97
4488,252.08,75.624,252.08
4489,286.74,86.022,286.74
4490,244.88,73.464,244.88
4491,286.87,86.06099999999999,286.87
4492,241.08,72.324,241.08
4493,232.15,69.645,232.15
4494,283.43,85.029,283.43
4495,261.88,78.564,261.88
4496,224.78,67.434,224.78
4497,244.37,73.31099999999999,244.37
4498,248.0,74.39999999999999,248.0
4499,269.97,80.991,269.97
4500,234.07,70.22099999999999,234.07
4501,277.04,83.11200000000001,277.04
4502,272.88,81.86399999999999,272.88
4503,272.82,81.84599999999999,272.82
4504,259.14,77.74199999999999,259.14
4505,232.04,69.612,232.04
4506,217.05,65.115,217.05
4507,244.1,73.22999999999999,244.1
4508,252.98,75.89399999999999,252.98
4509,261.36,78.408,261.36
4510,272.74,81.822,272.74
4511,231.46,69.438,231.46
4512,225.96,67.788,225.96
4513,280.47,84.141,280.47
4514,267.25,80.175,267.25
4515,235.12,70.536,235.12
4516,257.65,77.29499999999999,257.65
4517,276.83,83.04899999999999,276.83
4518,334.03,100.20899999999999,334.03
4519,273.3,81.99,273.3
4520,245.49,73.647,245.49
4521,222.35,66.705,222.35
4522,208.9,62.67,208.9
4523,263.72,79.116,263.72
4524,243.38,73.014,243.38
4525,224.38,67.314,224.38
4526,253.01,75.90299999999999,253.01
4527,250.45,75.13499999999999,250.45
4528,248.55,74.565,248.55
4529,198.91,59.672999999999995,198.91
4530,255.35,76.60499999999999,255.35
4531,313.39,94.017,313.39
4532,225.53,67.65899999999999,225.53
4533,274.85,82.455,274.85
4534,281.06,84.318,281.06
4535,212.15,63.644999999999996,212.15
4536,241.0,72.3,241.0
4537,222.08,66.624,222.08
4538,323.49,97.047,323.49
4539,205.12,61.536,205.12
4540,241.74,72.522,241.74
4541,258.61,77.583,258.61
4542,242.82,72.84599999999999,242.82
4543,216.21,64.863,216.21
4544,226.31,67.893,226.31
4545,224.25,67.27499999999999,224.25
4546,279.92,83.976,279.92
4547,254.36,76.308,254.36
4548,211.45,63.434999999999995,211.45
4549,235.53,70.65899999999999,235.53
4550,226.64,67.99199999999999,226.64
4551,270.35,81.105,270.35
4552,255.77,76.731,255.77
4553,212.87,63.861,212.87
4554,258.37,77.511,258.37
4555,222.99,66.897,222.99
4556,237.82,71.34599999999999,237.82
4557,230.08,69.024,230.08
4558,251.59,75.477,251.59
4559,257.3,77.19,257.3
4560,303.6,91.08,303.6
4561,272.89,81.86699999999999,272.89
4562,231.48,69.44399999999999,231.48
4563,249.5,74.85,249.5
4564,308.66,92.598,308.66
4565,225.07,67.521,225.07
4566,293.68,88.104,293.68
4567,210.51,63.15299999999999,210.51
4568,290.31,87.093,290.31
4569,227.59,68.277,227.59
4570,223.72,67.116,223.72
4571,264.6,79.38000000000001,264.6
4572,232.73,69.81899999999999,232.73
4573,232.46,69.738,232.46
4574,221.23,66.369,221.23
4575,230.59,69.17699999999999,230.59
4576,211.68,63.504,211.68
4577,289.06,86.718,289.06
4578,218.04,65.41199999999999,218.04
4579,271.05,81.315,271.05
4580,231.8,69.54,231.8
4581,243.93,73.179,243.93
4582,241.41,72.423,241.41
4583,236.87,71.06099999999999,236.87
4584,250.49,75.147,250.49
4585,376.41,112.923,376.41
4586,302.51,90.753,302.51
4587,230.7,69.21,230.7
4588,221.33,66.399,221.33
4589,288.12,86.43599999999999,288.12
4590,256.03,76.80899999999998,256.03
4591,208.36,62.508,208.36
4592,213.2,63.959999999999994,213.2
4593,257.12,77.136,257.12
4594,228.51,68.553,228.51
4595,285.62,85.68599999999999,285.62
4596,248.59,74.577,248.59
4597,226.74,68.022,226.74
4598,209.16,62.748,209.16
4599,223.8,67.14,223.8
4600,198.73,59.61899999999999,198.73
4601,217.26,65.178,217.26
4602,220.24,66.072,220.24
4603,229.74,68.922,229.74
4604,242.57,72.771,242.57
4605,273.62,82.086,273.62
4606,311.76,93.52799999999999,311.76
4607,280.0,84.0,280.0
4608,299.98,89.994,299.98
4609,245.87,73.761,245.87
4610,232.72,69.816,232.72
4611,247.97,74.39099999999999,247.97
4612,268.81,80.643,268.81
4613,228.7,68.61,228.7
4614,245.06,73.518,245.06
4615,209.08,62.724000000000004,209.08
4616,234.65,70.395,234.65
4617,260.79,78.23700000000001,260.79
4618,238.21,71.463,238.21
4619,295.33,88.59899999999999,295.33
4620,236.84,71.05199999999999,236.84
4621,205.18,61.554,205.18
4622,310.91,93.27300000000001,310.91
4623,300.14,90.04199999999999,300.14
4624,336.59,100.97699999999999,336.59
4625,336.71,101.01299999999999,336.71
4626,259.57,77.871,259.57
4627,236.85,71.05499999999999,236.85
4628,283.8,85.14,283.8
4629,226.04,67.812,226.04
4630,245.11,73.533,245.11
4631,263.22,78.96600000000001,263.22
4632,298.97,89.691,298.97
4633,301.12,90.336,301.12
4634,246.62,73.986,246.62
4635,228.44,68.532,228.44
4636,307.73,92.319,307.73
4637,226.84,68.05199999999999,226.84
4638,239.38,71.814,239.38
4639,253.13,75.939,253.13
4640,195.67,58.70099999999999,195.67
4641,222.1,66.63,222.1
4642,259.52,77.856,259.52
4643,265.77,79.731,265.77
4644,317.16,95.14800000000001,317.16
4645,251.68,75.504,251.68
4646,210.13,63.038999999999994,210.13
4647,260.66,78.19800000000001,260.66
4648,228.53,68.559,228.53
4649,238.58,71.574,238.58
4650,259.66,77.89800000000001,259.66
4651,218.01,65.40299999999999,218.01
4652,227.71,68.313,227.71
4653,320.77,96.231,320.77
4654,240.27,72.081,240.27
4655,258.88,77.664,258.88
4656,270.65,81.195,270.65
4657,315.52,94.65599999999999,315.52
4658,287.65,86.29499999999999,287.65
4659,211.69,63.507,211.69
4660,233.45,70.035,233.45
4661,306.56,91.968,306.56
4662,301.19,90.357,301.19
4663,221.45,66.43499999999999,221.45
4664,213.2,63.959999999999994,213.2
4665,223.93,67.179,223.93
4666,225.76,67.728,225.76
4667,252.24,75.672,252.24
4668,213.78,64.134,213.78
4669,228.81,68.643,228.81
4670,276.85,83.055,276.85
4671,201.41,60.422999999999995,201.41
4672,244.02,73.206,244.02
4673,259.03,77.70899999999999,259.03
4674,290.96,87.288,290.96
4675,239.13,71.73899999999999,239.13
4676,211.14,63.34199999999999,211.14
4677,249.6,74.88,249.6
4678,218.67,65.601,218.67
4679,275.52,82.65599999999999,275.52
4680,283.0,84.89999999999999,283.0
4681,255.78,76.734,255.78
4682,250.12,75.036,250.12
4683,280.48,84.144,280.48
4684,270.9,81.27,270.9
4685,282.54,84.762,282.54
4686,345.49,103.647,345.49
4687,241.68,72.504,241.68
4688,256.44,76.932,256.44
4689,299.6,89.88000000000001,299.6
4690,271.96,81.588,271.96
4691,252.27,75.681,252.27
4692,226.77,68.031,226.77
4693,273.09,81.92699999999999,273.09
4694,261.08,78.324,261.08
4695,261.64,78.49199999999999,261.64
4696,211.33,63.399,211.33
4697,314.48,94.34400000000001,314.48
4698,287.22,86.16600000000001,287.22
4699,241.73,72.51899999999999,241.73
4700,288.89,86.66699999999999,288.89
4701,246.89,74.067,246.89
4702,329.37,98.81099999999999,329.37
4703,249.14,74.74199999999999,249.14
4704,221.69,66.50699999999999,221.69
4705,327.12,98.136,327.12
4706,270.83,81.249,270.83
4707,250.9,75.27,250.9
4708,324.46,97.338,324.46
4709,261.73,78.519,261.73
4710,228.83,68.649,228.83
4711,313.84,94.15199999999999,313.84
4712,247.99,74.397,247.99
4713,249.03,74.709,249.03
4714,246.33,73.899,246.33
4715,206.67,62.00099999999999,206.67
4716,195.28,58.583999999999996,195.28
4717,261.26,78.378,261.26
4718,206.75,62.025,206.75
4719,215.45,64.63499999999999,215.45
4720,262.45,78.735,262.45
4721,244.18,73.254,244.18
4722,224.05,67.215,224.05
4723,268.25,80.475,268.25
4724,209.57,62.870999999999995,209.57
4725,266.47,79.941,266.47
4726,249.95,74.985,249.95
4727,236.7,71.00999999999999,236.7
4728,213.65,64.095,213.65
4729,259.16,77.748,259.16
4730,228.71,68.613,228.71
4731,219.39,65.817,219.39
4732,274.51,82.353,274.51
4733,225.12,67.536,225.12
4734,209.42,62.82599999999999,209.42
4735,262.84,78.85199999999999,262.84
4736,258.52,77.556,258.52
4737,213.16,63.94799999999999,213.16
4738,206.55,61.965,206.55
4739,223.17,66.951,223.17
4740,223.86,67.158,223.86
4741,249.35,74.80499999999999,249.35
4742,245.93,73.779,245.93
4743,230.66,69.198,230.66
4744,236.73,71.01899999999999,236.73
4745,263.5,79.05,263.5
4746,216.81,65.04299999999999,216.81
4747,333.73,100.119,333.73
4748,304.55,91.365,304.55
4749,249.9,74.97,249.9
4750,417.76,125.32799999999999,417.76
4751,241.63,72.48899999999999,241.63
4752,241.15,72.345,241.15
4753,245.52,73.656,245.52
4754,243.46,73.038,243.46
4755,245.12,73.536,245.12
4756,242.52,72.756,242.52
4757,242.89,72.86699999999999,242.89
4758,244.64,73.392,244.64
4759,250.53,75.15899999999999,250.53
4760,220.66,66.198,220.66
4761,215.62,64.68599999999999,215.62
4762,209.16,62.748,209.16
4763,199.63,59.888999999999996,199.63
4764,202.01,60.602999999999994,202.01
4765,206.14,61.84199999999999,206.14
4766,216.84,65.05199999999999,216.84
4767,240.64,72.192,240.64
4768,244.59,73.377,244.59
4769,225.91,67.773,225.91
4770,240.74,72.222,240.74
4771,282.43,84.729,282.43
4772,237.93,71.379,237.93
4773,273.51,82.053,273.51
4774,245.38,73.61399999999999,245.38
4775,260.29,78.087,260.29
4776,241.23,72.369,241.23
4777,272.17,81.651,272.17
4778,265.23,79.569,265.23
4779,269.94,80.982,269.94
4780,261.58,78.47399999999999,261.58
4781,223.86,67.158,223.86
4782,224.35,67.30499999999999,224.35
4783,215.44,64.63199999999999,215.44
4784,227.95,68.38499999999999,227.95
4785,240.0,72.0,240.0
4786,256.32,76.896,256.32
4787,229.93,68.979,229.93
4788,195.73,58.718999999999994,195.73
4789,256.54,76.962,256.54
4790,262.52,78.75599999999999,262.52
4791,234.96,70.488,234.96
4792,216.73,65.01899999999999,216.73
4793,289.19,86.75699999999999,289.19
4794,203.42,61.025999999999996,203.42
4795,300.44,90.13199999999999,300.44
4796,244.02,73.206,244.02
4797,240.33,72.099,240.33
4798,257.64,77.29199999999999,257.64
4799,227.13,68.139,227.13
4800,259.07,77.72099999999999,259.07
4801,268.22,80.46600000000001,268.22
4802,237.76,71.32799999999999,237.76
4803,237.68,71.304,237.68
4804,324.5,97.35,324.5
4805,278.08,83.42399999999999,278.08
4806,208.16,62.44799999999999,208.16
4807,231.24,69.372,231.24
4808,240.99,72.297,240.99
4809,259.66,77.89800000000001,259.66
4810,203.55,61.065,203.55
4811,251.07,75.321,251.07
4812,250.0,75.0,250.0
4813,333.08,99.92399999999999,333.08
4814,258.64,77.592,258.64
4815,231.41,69.423,231.41
4816,258.23,77.46900000000001,258.23
4817,204.97,61.491,204.97
4818,218.64,65.592,218.64
4819,219.27,65.781,219.27
4820,225.7,67.71,225.7
4821,277.18,83.154,277.18
4822,234.63,70.389,234.63
4823,255.81,76.743,255.81
4824,225.7,67.71,225.7
4825,250.22,75.066,250.22
4826,400.97,120.291,400.97
4827,229.86,68.958,229.86
4828,314.86,94.458,314.86
4829,249.96,74.988,249.96
4830,362.62,108.786,362.62
4831,269.86,80.958,269.86
4832,263.69,79.107,263.69
4833,230.21,69.063,230.21
4834,238.98,71.69399999999999,238.98
4835,226.89,68.067,226.89
4836,262.22,78.66600000000001,262.22
4837,208.38,62.513999999999996,208.38
4838,220.82,66.246,220.82
4839,219.35,65.80499999999999,219.35
4840,250.07,75.021,250.07
4841,218.73,65.619,218.73
4842,271.54,81.462,271.54
4843,264.31,79.29299999999999,264.31
4844,305.05,91.515,305.05
4845,286.25,85.875,286.25
4846,279.84,83.95199999999998,279.84
4847,210.5,63.15,210.5
4848,232.74,69.822,232.74
4849,276.64,82.99199999999999,276.64
4850,247.87,74.361,247.87
4851,303.21,90.963,303.21
4852,231.61,69.483,231.61
4853,284.21,85.26299999999999,284.21
4854,254.93,76.479,254.93
4855,227.76,68.32799999999999,227.76
4856,277.2,83.16,277.2
4857,243.93,73.179,243.93
4858,208.21,62.463,208.21
4859,310.18,93.054,310.18
4860,221.98,66.594,221.98
4861,208.44,62.532,208.44
4862,245.81,73.743,245.81
4863,243.68,73.104,243.68
4864,263.35,79.00500000000001,263.35
4865,236.27,70.881,236.27
4866,266.84,80.05199999999999,266.84
4867,230.73,69.219,230.73
4868,221.88,66.564,221.88
4869,296.65,88.99499999999999,296.65
4870,229.61,68.883,229.61
4871,276.57,82.97099999999999,276.57
4872,254.52,76.356,254.52
4873,234.27,70.281,234.27
4874,239.96,71.988,239.96
4875,246.43,73.929,246.43
4876,271.84,81.55199999999999,271.84
4877,250.24,75.072,250.24
4878,206.14,61.84199999999999,206.14
4879,275.16,82.548,275.16
4880,265.11,79.533,265.11
4881,198.39,59.516999999999996,198.39
4882,228.83,68.649,228.83
4883,267.59,80.27699999999999,267.59
4884,224.09,67.227,224.09
4885,365.02,109.50599999999999,365.02
4886,197.14,59.141999999999996,197.14
4887,183.08,54.924,183.08
4888,253.0,75.89999999999999,253.0
4889,215.7,64.71,215.7
4890,256.97,77.09100000000001,256.97
4891,287.83,86.34899999999999,287.83
4892,237.35,71.205,237.35
4893,251.13,75.339,251.13
4894,248.67,74.601,248.67
4895,236.91,71.073,236.91
4896,234.86,70.458,234.86
4897,256.7,77.00999999999999,256.7
4898,327.37,98.211,327.37
4899,229.92,68.976,229.92
4900,246.67,74.00099999999999,246.67
4901,259.49,77.847,259.49
4902,370.46,111.13799999999999,370.46
4903,225.95,67.785,225.95
4904,275.76,82.728,275.76
4905,208.59,62.577,208.59
4906,212.9,63.87,212.9
4907,220.85,66.255,220.85
4908,215.11,64.533,215.11
4909,233.11,69.933,233.11
4910,323.52,97.056,323.52
4911,209.63,62.888999999999996,209.63
4912,235.0,70.5,235.0
4913,259.66,77.89800000000001,259.66
4914,248.09,74.42699999999999,248.09
4915,239.66,71.898,239.66
4916,228.74,68.622,228.74
4917,273.68,82.104,273.68
4918,214.01,64.20299999999999,214.01
4919,234.3,70.29,234.3
4920,243.19,72.957,243.19
4921,215.7,64.71,215.7
4922,228.71,68.613,228.71
4923,270.02,81.00599999999999,270.02
4924,249.33,74.799,249.33
4925,199.28,59.784,199.28
4926,241.32,72.396,241.32
4927,295.18,88.554,295.18
4928,195.45,58.63499999999999,195.45
4929,220.2,66.05999999999999,220.2
4930,222.35,66.705,222.35
4931,210.49,63.147,210.49
4932,247.42,74.226,247.42
4933,224.08,67.224,224.08
4934,255.37,76.611,255.37
4935,248.44,74.532,248.44
4936,263.2,78.96,263.2
4937,261.31,78.393,261.31
4938,213.4,64.02,213.4
4939,257.56,77.268,257.56
4940,224.35,67.30499999999999,224.35
4941,371.34,111.40199999999999,371.34
4942,222.54,66.762,222.54
4943,250.38,75.11399999999999,250.38
4944,234.42,70.326,234.42
4945,234.1,70.22999999999999,234.1
4946,265.34,79.60199999999999,265.34
4947,224.3,67.29,224.3
4948,262.51,78.753,262.51
4949,270.37,81.111,270.37
4950,251.71,75.513,251.71
4951,243.3,72.99,243.3
4952,243.14,72.942,243.14
4953,228.59,68.577,228.59
4954,184.41,55.323,184.41
4955,201.3,60.39,201.3
4956,272.83,81.84899999999999,272.83
4957,296.1,88.83,296.1
4958,195.9,58.769999999999996,195.9
4959,281.67,84.501,281.67
4960,248.48,74.544,248.48
4961,245.17,73.55099999999999,245.17
4962,274.57,82.371,274.57
4963,279.59,83.877,279.59
4964,223.72,67.116,223.72
4965,215.19,64.557,215.19
4966,324.72,97.41600000000001,324.72
4967,263.67,79.101,263.67
4968,226.21,67.863,226.21
4969,235.92,70.776,235.92
4970,280.94,84.282,280.94
4971,273.64,82.092,273.64
4972,245.84,73.752,245.84
4973,345.69,103.707,345.69
4974,199.55,59.865,199.55
4975,320.35,96.105,320.35
4976,227.82,68.34599999999999,227.82
4977,212.88,63.864,212.88
4978,242.2,72.66,242.2
4979,231.1,69.33,231.1
4980,203.7,61.10999999999999,203.7
4981,231.74,69.522,231.74
4982,259.15,77.74499999999999,259.15
4983,193.9,58.17,193.9
4984,242.22,72.666,242.22
4985,238.6,71.58,238.6
4986,270.15,81.04499999999999,270.15
4987,222.24,66.672,222.24
4988,258.05,77.415,258.05
4989,220.76,66.228,220.76
4990,256.86,77.058,256.86
4991,331.98,99.59400000000001,331.98
4992,261.71,78.51299999999999,261.71
4993,283.78,85.13399999999999,283.78
4994,241.95,72.585,241.95
4995,227.57,68.271,227.57
4996,227.62,68.286,227.62
4997,207.76,62.327999999999996,207.76
4998,260.12,78.036,260.12
4999,277.11,83.133,277.11
5000,221.57,66.47099999999999,221.57
5001,239.6,71.88,239.6
5002,249.49,74.847,249.49
5003,210.18,63.054,210.18
5004,266.78,80.03399999999999,266.78
5005,245.72,73.716,245.72
5006,214.02,64.206,214.02
5007,258.56,77.568,258.56
5008,202.0,60.599999999999994,202.0
5009,227.16,68.148,227.16
5010,219.56,65.868,219.56
5011,269.77,80.931,269.77
5012,231.82,69.54599999999999,231.82
5013,265.84,79.752,265.84
5014,271.19,81.357,271.19
5015,299.42,89.82600000000001,299.42
5016,328.9,98.66999999999999,328.9
5017,260.52,78.15599999999999,260.52
5018,248.64,74.592,248.64
5019,222.78,66.834,222.78
5020,264.07,79.22099999999999,264.07
5021,289.12,86.736,289.12
5022,209.55,62.865,209.55
5023,211.89,63.56699999999999,211.89
5024,348.18,104.454,348.18
5025,219.38,65.814,219.38
5026,199.67,59.900999999999996,199.67
5027,264.35,79.305,264.35
5028,246.5,73.95,246.5
5029,227.67,68.30099999999999,227.67
5030,203.83,61.149,203.83
5031,270.43,81.129,270.43
5032,204.04,61.211999999999996,204.04
5033,212.4,63.72,212.4
5034,202.96,60.888,202.96
5035,268.11,80.433,268.11
5036,315.67,94.70100000000001,315.67
5037,237.48,71.244,237.48
5038,293.99,88.197,293.99
5039,259.16,77.748,259.16
5040,209.11,62.733000000000004,209.11
5041,233.86,70.158,233.86
5042,278.94,83.682,278.94
5043,400.44,120.13199999999999,400.44
5044,238.68,71.604,238.68
5045,244.71,73.413,244.71
5046,227.05,68.115,227.05
5047,255.34,76.602,255.34
5048,270.27,81.08099999999999,270.27
5049,210.84,63.251999999999995,210.84
5050,220.44,66.13199999999999,220.44
5051,257.4,77.21999999999998,257.4
5052,280.7,84.21,280.7
5053,254.05,76.215,254.05
5054,234.25,70.27499999999999,234.25
5055,258.88,77.664,258.88
5056,222.36,66.708,222.36
5057,232.42,69.726,232.42
5058,204.19,61.257,204.19
5059,227.93,68.379,227.93
5060,257.46,77.23799999999999,257.46
5061,237.85,71.35499999999999,237.85
5062,211.59,63.477,211.59
5063,230.79,69.237,230.79
5064,252.2,75.66,252.2
5065,346.97,104.09100000000001,346.97
5066,232.15,69.645,232.15
5067,248.56,74.568,248.56
5068,308.36,92.508,308.36
5069,246.67,74.00099999999999,246.67
5070,239.77,71.931,239.77
5071,283.24,84.972,283.24
5072,202.03,60.608999999999995,202.03
5073,252.99,75.897,252.99
5074,219.22,65.76599999999999,219.22
5075,271.95,81.585,271.95
5076,292.73,87.819,292.73
5077,212.65,63.795,212.65
5078,254.72,76.416,254.72
5079,252.79,75.83699999999999,252.79
5080,289.02,86.70599999999999,289.02
5081,216.1,64.83,216.1
5082,216.55,64.965,216.55
5083,246.77,74.031,246.77
5084,200.65,60.195,200.65
5085,230.84,69.252,230.84
5086,237.34,71.202,237.34
5087,249.66,74.898,249.66
5088,274.48,82.34400000000001,274.48
5089,243.81,73.143,243.81
5090,298.51,89.553,298.51
5091,263.02,78.90599999999999,263.02
5092,218.27,65.481,218.27
5093,207.0,62.099999999999994,207.0
5094,209.13,62.739,209.13
5095,264.26,79.27799999999999,264.26
5096,263.23,78.96900000000001,263.23
5097,188.52,56.556000000000004,188.52
5098,268.86,80.658,268.86
5099,230.86,69.258,230.86
5100,198.94,59.681999999999995,198.94
5101,204.0,61.199999999999996,204.0
5102,206.49,61.947,206.49
5103,222.55,66.765,222.55
5104,235.43,70.629,235.43
5105,231.95,69.585,231.95
5106,238.77,71.631,238.77
5107,241.15,72.345,241.15
5108,236.61,70.983,236.61
5109,246.87,74.06099999999999,246.87
5110,252.57,75.771,252.57
5111,206.93,62.079,206.93
5112,248.75,74.625,248.75
5113,246.33,73.899,246.33
5114,260.08,78.02399999999999,260.08
5115,243.2,72.96,243.2
5116,218.76,65.628,218.76
5117,222.12,66.636,222.12
5118,208.38,62.513999999999996,208.38
5119,223.37,67.011,223.37
5120,210.19,63.056999999999995,210.19
5121,273.11,81.933,273.11
5122,234.44,70.332,234.44
5123,199.26,59.77799999999999,199.26
5124,187.02,56.106,187.02
5125,181.14,54.34199999999999,181.14
5126,227.24,68.172,227.24
5127,259.0,77.7,259.0
5128,238.18,71.454,238.18
5129,228.26,68.478,228.26
5130,312.59,93.77699999999999,312.59
5131,267.32,80.196,267.32
5132,247.46,74.238,247.46
5133,249.19,74.75699999999999,249.19
5134,292.85,87.855,292.85
5135,239.77,71.931,239.77
5136,215.0,64.5,215.0
5137,236.72,71.01599999999999,236.72
5138,250.42,75.12599999999999,250.42
5139,254.19,76.25699999999999,254.19
5140,214.61,64.383,214.61
5141,237.24,71.172,237.24
5142,215.87,64.761,215.87
5143,214.55,64.365,214.55
5144,215.1,64.53,215.1
5145,258.03,77.40899999999999,258.03
5146,184.71,55.413000000000004,184.71
5147,281.84,84.55199999999999,281.84
5148,239.56,71.868,239.56
5149,213.21,63.963,213.21
5150,205.97,61.791,205.97
5151,209.62,62.885999999999996,209.62
5152,247.05,74.115,247.05
5153,262.72,78.816,262.72
5154,351.72,105.516,351.72
5155,259.17,77.751,259.17
5156,209.9,62.97,209.9
5157,221.13,66.339,221.13
5158,265.04,79.512,265.04
5159,252.38,75.714,252.38
5160,262.65,78.79499999999999,262.65
5161,266.34,79.90199999999999,266.34
5162,203.22,60.965999999999994,203.22
5163,229.33,68.799,229.33
5164,268.55,80.565,268.55
5165,247.0,74.1,247.0
5166,270.75,81.225,270.75
5167,205.35,61.605,205.35
5168,199.38,59.81399999999999,199.38
5169,229.64,68.892,229.64
5170,203.11,60.933,203.11
5171,248.91,74.673,248.91
5172,205.11,61.533,205.11
5173,234.8,70.44,234.8
5174,200.44,60.132,200.44
5175,213.03,63.909,213.03
5176,216.66,64.99799999999999,216.66
5177,252.69,75.807,252.69
5178,225.85,67.755,225.85
5179,204.0,61.199999999999996,204.0
5180,235.45,70.63499999999999,235.45
5181,213.19,63.956999999999994,213.19
5182,259.85,77.955,259.85
5183,205.37,61.611,205.37
5184,236.3,70.89,236.3
5185,222.08,66.624,222.08
5186,274.33,82.29899999999999,274.33
5187,253.96,76.188,253.96
5188,210.05,63.015,210.05
5189,212.4,63.72,212.4
5190,277.36,83.208,277.36
5191,212.9,63.87,212.9
5192,256.02,76.806,256.02
5193,210.57,63.17099999999999,210.57
5194,196.33,58.899,196.33
5195,190.86,57.258,190.86
5196,218.33,65.499,218.33
5197,200.73,60.218999999999994,200.73
5198,212.48,63.74399999999999,212.48
5199,293.83,88.14899999999999,293.83
5200,306.08,91.824,306.08
5201,219.79,65.937,219.79
5202,257.87,77.361,257.87
5203,250.65,75.195,250.65
5204,221.72,66.51599999999999,221.72
5205,257.65,77.29499999999999,257.65
5206,245.23,73.56899999999999,245.23
5207,255.25,76.575,255.25
5208,270.02,81.00599999999999,270.02
5209,237.56,71.268,237.56
5210,222.36,66.708,222.36
5211,243.16,72.948,243.16
5212,282.58,84.77399999999999,282.58
5213,250.22,75.066,250.22
5214,217.59,65.277,217.59
5215,263.27,78.981,263.27
5216,244.62,73.386,244.62
5217,255.91,76.773,255.91
5218,267.85,80.355,267.85
5219,227.85,68.35499999999999,227.85
5220,258.21,77.463,258.21
5221,283.52,85.056,283.52
5222,215.01,64.503,215.01
5223,266.54,79.962,266.54
5224,307.97,92.391,307.97
5225,248.46,74.538,248.46
5226,228.34,68.502,228.34
5227,202.08,60.624,202.08
5228,303.92,91.176,303.92
5229,255.86,76.758,255.86
5230,254.87,76.461,254.87
5231,257.16,77.14800000000001,257.16
5232,290.59,87.17699999999999,290.59
5233,183.33,54.999,183.33
5234,225.99,67.797,225.99
5235,236.69,71.00699999999999,236.69
5236,210.46,63.138,210.46
5237,236.28,70.884,236.28
5238,273.77,82.13099999999999,273.77
5239,225.87,67.761,225.87
5240,200.3,60.09,200.3
5241,253.27,75.981,253.27
5242,228.76,68.628,228.76
5243,273.44,82.032,273.44
5244,188.58,56.574000000000005,188.58
5245,240.8,72.24,240.8
5246,173.7,52.10999999999999,173.7
5247,211.67,63.50099999999999,211.67
5248,223.64,67.092,223.64
5249,216.75,65.02499999999999,216.75
5250,265.67,79.70100000000001,265.67
5251,235.78,70.734,235.78
5252,228.44,68.532,228.44
5253,198.02,59.406,198.02
5254,213.25,63.974999999999994,213.25
5255,281.0,84.3,281.0
5256,228.0,68.39999999999999,228.0
5257,243.58,73.074,243.58
5258,292.62,87.786,292.62
5259,230.56,69.16799999999999,230.56
5260,202.29,60.687,202.29
5261,249.24,74.772,249.24
5262,203.47,61.041,203.47
5263,223.05,66.915,223.05
5264,238.78,71.634,238.78
5265,243.27,72.981,243.27
5266,206.26,61.87799999999999,206.26
5267,206.31,61.893,206.31
5268,176.77,53.031,176.77
5269,274.77,82.431,274.77
5270,188.83,56.649,188.83
5271,263.02,78.90599999999999,263.02
5272,263.5,79.05,263.5
5273,202.47,60.741,202.47
5274,196.42,58.925999999999995,196.42
5275,250.64,75.192,250.64
5276,223.28,66.984,223.28
5277,287.37,86.211,287.37
5278,246.44,73.932,246.44
5279,220.26,66.07799999999999,220.26
5280,252.69,75.807,252.69
5281,249.05,74.715,249.05
5282,241.78,72.53399999999999,241.78
5283,298.37,89.511,298.37
5284,199.42,59.82599999999999,199.42
5285,221.16,66.348,221.16
5286,252.49,75.747,252.49
5287,246.28,73.884,246.28
5288,284.99,85.497,284.99
5289,190.41,57.123,190.41
5290,178.4,53.52,178.4
5291,256.25,76.875,256.25
5292,219.44,65.832,219.44
5293,223.04,66.91199999999999,223.04
5294,223.69,67.107,223.69
5295,177.2,53.16,177.2
5296,248.08,74.424,248.08
5297,215.86,64.758,215.86
5298,219.48,65.844,219.48
5299,219.08,65.724,219.08
5300,218.58,65.574,218.58
5301,219.21,65.763,219.21
5302,248.82,74.646,248.82
5303,255.38,76.61399999999999,255.38
5304,187.23,56.169,187.23
5305,228.17,68.451,228.17
5306,261.54,78.462,261.54
5307,237.83,71.349,237.83
5308,222.73,66.81899999999999,222.73
5309,194.43,58.329,194.43
5310,274.62,82.386,274.62
5311,213.39,64.017,213.39
5312,214.12,64.236,214.12
5313,242.59,72.777,242.59
5314,270.2,81.05999999999999,270.2
5315,200.95,60.285,200.95
5316,283.43,85.029,283.43
5317,205.5,61.65,205.5
5318,237.0,71.1,237.0
5319,197.24,59.172,197.24
5320,201.4,60.42,201.4
5321,242.08,72.624,242.08
5322,250.46,75.138,250.46
5323,246.12,73.836,246.12
5324,215.82,64.746,215.82
5325,268.63,80.589,268.63
5326,223.3,66.99,223.3
5327,235.48,70.64399999999999,235.48
5328,201.7,60.50999999999999,201.7
5329,249.81,74.943,249.81
5330,223.32,66.996,223.32
5331,220.05,66.015,220.05
5332,198.48,59.544,198.48
5333,191.0,57.3,191.0
5334,214.54,64.362,214.54
5335,278.2,83.46,278.2
5336,204.41,61.32299999999999,204.41
5337,210.68,63.204,210.68
5338,232.86,69.858,232.86
5339,234.35,70.30499999999999,234.35
5340,205.13,61.538999999999994,205.13
5341,197.64,59.291999999999994,197.64
5342,213.87,64.161,213.87
5343,250.05,75.015,250.05
5344,187.72,56.315999999999995,187.72
5345,223.67,67.101,223.67
5346,231.53,69.459,231.53
5347,298.26,89.478,298.26
5348,197.43,59.229,197.43
5349,220.1,66.03,220.1
5350,229.73,68.919,229.73
5351,212.42,63.72599999999999,212.42
5352,229.72,68.916,229.72
5353,265.47,79.641,265.47
5354,262.49,78.747,262.49
5355,209.83,62.949,209.83
5356,263.56,79.068,263.56
5357,231.37,69.411,231.37
5358,295.24,88.572,295.24
5359,234.03,70.209,234.03
5360,236.18,70.854,236.18
5361,244.07,73.22099999999999,244.07
5362,183.61,55.083000000000006,183.61
5363,223.1,66.92999999999999,223.1
5364,262.28,78.68399999999998,262.28
5365,322.06,96.618,322.06
5366,212.06,63.617999999999995,212.06
5367,248.06,74.41799999999999,248.06
5368,220.04,66.012,220.04
5369,207.6,62.279999999999994,207.6
5370,182.09,54.627,182.09
5371,266.01,79.803,266.01
5372,221.26,66.378,221.26
5373,207.49,62.247,207.49
5374,230.6,69.17999999999999,230.6
5375,194.81,58.443,194.81
5376,249.34,74.80199999999999,249.34
5377,269.02,80.70599999999999,269.02
5378,203.87,61.161,203.87
5379,200.56,60.168,200.56
5380,235.18,70.554,235.18
5381,250.46,75.138,250.46
5382,219.1,65.72999999999999,219.1
5383,199.59,59.876999999999995,199.59
5384,236.36,70.908,236.36
5385,182.85,54.855,182.85
5386,211.36,63.408,211.36
5387,196.0,58.8,196.0
5388,231.37,69.411,231.37
5389,192.83,57.849000000000004,192.83
5390,260.77,78.231,260.77
5391,266.47,79.941,266.47
5392,228.59,68.577,228.59
5393,237.51,71.253,237.51
5394,202.33,60.699,202.33
5395,310.12,93.036,310.12
5396,212.13,63.638999999999996,212.13
5397,198.98,59.693999999999996,198.98
5398,265.29,79.587,265.29
5399,206.12,61.836,206.12
5400,216.94,65.082,216.94
5401,218.36,65.508,218.36
5402,250.83,75.249,250.83
5403,205.35,61.605,205.35
5404,235.33,70.599,235.33
5405,196.74,59.022,196.74
5406,214.75,64.425,214.75
5407,217.91,65.37299999999999,217.91
5408,226.02,67.806,226.02
5409,216.29,64.887,216.29
5410,264.98,79.494,264.98
5411,207.24,62.172,207.24
5412,226.82,68.04599999999999,226.82
5413,259.36,77.808,259.36
5414,225.92,67.776,225.92
5415,232.93,69.879,232.93
5416,192.99,57.897,192.99
5417,330.25,99.075,330.25
5418,221.63,66.48899999999999,221.63
5419,261.23,78.369,261.23
5420,286.3,85.89,286.3
5421,210.31,63.092999999999996,210.31
5422,210.1,63.029999999999994,210.1
5423,256.3,76.89,256.3
5424,219.51,65.853,219.51
5425,191.57,57.471,191.57
5426,228.71,68.613,228.71
5427,218.52,65.556,218.52
5428,215.39,64.61699999999999,215.39
5429,185.72,55.716,185.72
5430,272.65,81.79499999999999,272.65
5431,189.89,56.96699999999999,189.89
5432,228.68,68.604,228.68
5433,197.76,59.327999999999996,197.76
5434,200.32,60.096,200.32
5435,248.63,74.589,248.63
5436,210.79,63.236999999999995,210.79
5437,222.56,66.768,222.56
5438,231.61,69.483,231.61
5439,204.99,61.497,204.99
5440,258.12,77.43599999999999,258.12
5441,196.83,59.049,196.83
5442,222.1,66.63,222.1
5443,286.8,86.04,286.8
5444,220.69,66.207,220.69
5445,203.0,60.9,203.0
5446,251.85,75.55499999999999,251.85
5447,280.39,84.11699999999999,280.39
5448,210.42,63.12599999999999,210.42
5449,209.57,62.870999999999995,209.57
5450,243.49,73.047,243.49
5451,245.13,73.539,245.13
5452,206.64,61.99199999999999,206.64
5453,214.74,64.422,214.74
5454,206.07,61.821,206.07
5455,195.12,58.536,195.12
5456,200.15,60.045,200.15
5457,232.47,69.741,232.47
5458,219.77,65.931,219.77
5459,218.63,65.589,218.63
5460,218.85,65.655,218.85
5461,209.15,62.745,209.15
5462,212.1,63.629999999999995,212.1
5463,193.97,58.190999999999995,193.97
5464,245.48,73.64399999999999,245.48
5465,313.48,94.044,313.48
5466,212.62,63.786,212.62
5467,231.33,69.399,231.33
5468,251.02,75.306,251.02
5469,260.33,78.09899999999999,260.33
5470,309.0,92.7,309.0
5471,293.81,88.143,293.81
5472,227.45,68.235,227.45
5473,222.35,66.705,222.35
5474,315.86,94.758,315.86
5475,212.0,63.599999999999994,212.0
5476,298.34,89.502,298.34
5477,210.09,63.027,210.09
5478,198.03,59.409,198.03
5479,280.26,84.07799999999999,280.26
5480,187.49,56.247,187.49
5481,248.56,74.568,248.56
5482,218.55,65.565,218.55
5483,258.81,77.643,258.81
5484,242.94,72.88199999999999,242.94
5485,195.52,58.656,195.52
5486,245.01,73.503,245.01
5487,236.18,70.854,236.18
5488,223.72,67.116,223.72
5489,227.67,68.30099999999999,227.67
5490,238.69,71.607,238.69
5491,232.73,69.81899999999999,232.73
5492,219.92,65.976,219.92
5493,205.45,61.63499999999999,205.45
5494,226.29,67.887,226.29
5495,209.98,62.99399999999999,209.98
5496,362.56,108.768,362.56
5497,221.1,66.33,221.1
5498,227.11,68.133,227.11
5499,271.61,81.483,271.61
5500,281.93,84.579,281.93
5501,240.67,72.201,240.67
5502,192.04,57.611999999999995,192.04
5503,196.04,58.812,196.04
5504,245.76,73.728,245.76
5505,202.39,60.71699999999999,202.39
5506,197.07,59.120999999999995,197.07
5507,254.16,76.24799999999999,254.16
5508,198.3,59.49,198.3
5509,264.94,79.482,264.94
5510,200.26,60.077999999999996,200.26
5511,244.34,73.30199999999999,244.34
5512,213.45,64.035,213.45
5513,233.88,70.164,233.88
5514,289.05,86.715,289.05
5515,205.1,61.529999999999994,205.1
5516,213.81,64.143,213.81
5517,249.36,74.808,249.36
5518,211.82,63.54599999999999,211.82
5519,222.14,66.642,222.14
5520,202.2,60.66,202.2
5521,235.6,70.67999999999999,235.6
5522,259.57,77.871,259.57
5523,250.65,75.195,250.65
5524,300.54,90.162,300.54
5525,243.84,73.152,243.84
5526,194.53,58.358999999999995,194.53
5527,210.59,63.177,210.59
5528,203.94,61.181999999999995,203.94
5529,220.7,66.21,220.7
5530,199.34,59.802,199.34
5531,240.76,72.228,240.76
5532,211.95,63.584999999999994,211.95
5533,248.7,74.61,248.7
5534,229.97,68.991,229.97
5535,241.95,72.585,241.95
5536,197.34,59.202,197.34
5537,349.07,104.72099999999999,349.07
5538,280.97,84.29100000000001,280.97
5539,313.33,93.999,313.33
5540,253.12,75.93599999999999,253.12
5541,194.62,58.385999999999996,194.62
5542,197.64,59.291999999999994,197.64
5543,236.9,71.07,236.9
5544,205.09,61.527,205.09
5545,275.82,82.746,275.82
5546,202.62,60.786,202.62
5547,232.7,69.80999999999999,232.7
5548,249.27,74.781,249.27
5549,242.38,72.714,242.38
5550,220.66,66.198,220.66
5551,215.39,64.61699999999999,215.39
5552,189.54,56.861999999999995,189.54
5553,206.35,61.904999999999994,206.35
5554,215.95,64.785,215.95
5555,238.53,71.559,238.53
5556,260.66,78.19800000000001,260.66
5557,207.83,62.349000000000004,207.83
5558,243.49,73.047,243.49
5559,179.54,53.861999999999995,179.54
5560,197.11,59.133,197.11
5561,191.47,57.440999999999995,191.47
5562,221.13,66.339,221.13
5563,298.57,89.571,298.57
5564,240.36,72.108,240.36
5565,185.29,55.586999999999996,185.29
5566,237.19,71.157,237.19
5567,221.43,66.429,221.43
5568,240.45,72.13499999999999,240.45
5569,246.52,73.956,246.52
5570,175.73,52.718999999999994,175.73
5571,225.36,67.608,225.36
5572,230.67,69.201,230.67
5573,219.17,65.75099999999999,219.17
5574,186.41,55.922999999999995,186.41
5575,194.97,58.491,194.97
5576,257.18,77.154,257.18
5577,213.83,64.149,213.83
5578,194.63,58.388999999999996,194.63
5579,181.95,54.584999999999994,181.95
5580,264.54,79.36200000000001,264.54
5581,233.45,70.035,233.45
5582,179.05,53.715,179.05
5583,195.06,58.518,195.06
5584,195.14,58.541999999999994,195.14
5585,248.66,74.598,248.66
5586,212.84,63.852,212.84
5587,183.07,54.921,183.07
5588,207.67,62.300999999999995,207.67
5589,237.83,71.349,237.83
5590,222.07,66.621,222.07
5591,266.6,79.98,266.6
5592,219.91,65.973,219.91
5593,222.23,66.669,222.23
5594,340.76,102.228,340.76
5595,245.04,73.512,245.04
5596,209.04,62.711999999999996,209.04
5597,201.71,60.513,201.71
5598,214.48,64.344,214.48
5599,212.26,63.678,212.26
5600,200.24,60.072,200.24
5601,204.04,61.211999999999996,204.04
5602,247.02,74.106,247.02
5603,190.34,57.102,190.34
5604,215.28,64.584,215.28
5605,197.4,59.22,197.4
5606,190.21,57.063,190.21
5607,207.08,62.124,207.08
5608,181.04,54.312,181.04
5609,223.17,66.951,223.17
5610,217.11,65.133,217.11
5611,202.92,60.87599999999999,202.92
5612,212.05,63.615,212.05
5613,242.69,72.807,242.69
5614,216.51,64.95299999999999,216.51
5615,315.0,94.5,315.0
5616,215.51,64.65299999999999,215.51
5617,221.96,66.588,221.96
5618,218.79,65.637,218.79
5619,180.42,54.126,180.42
5620,191.47,57.440999999999995,191.47
5621,207.76,62.327999999999996,207.76
5622,312.19,93.657,312.19
5623,262.42,78.726,262.42
5624,204.24,61.272,204.24
5625,169.64,50.891999999999996,169.64
5626,209.91,62.973,209.91
5627,223.28,66.984,223.28
5628,207.78,62.333999999999996,207.78
5629,193.91,58.172999999999995,193.91
5630,209.83,62.949,209.83
5631,200.33,60.099000000000004,200.33
5632,204.84,61.452,204.84
5633,209.74,62.922,209.74
5634,236.34,70.902,236.34
5635,260.53,78.15899999999999,260.53
5636,202.18,60.653999999999996,202.18
5637,227.83,68.349,227.83
5638,232.72,69.816,232.72
5639,234.31,70.29299999999999,234.31
5640,268.84,80.65199999999999,268.84
5641,243.4,73.02,243.4
5642,184.61,55.383,184.61
5643,186.63,55.989,186.63
5644,209.48,62.843999999999994,209.48
5645,199.33,59.799,199.33
5646,221.21,66.363,221.21
5647,213.2,63.959999999999994,213.2
5648,244.27,73.281,244.27
5649,184.46,55.338,184.46
5650,213.46,64.038,213.46
5651,205.7,61.709999999999994,205.7
5652,200.42,60.12599999999999,200.42
5653,178.0,53.4,178.0
5654,217.59,65.277,217.59
5655,235.15,70.545,235.15
5656,367.85,110.355,367.85
5657,221.35,66.405,221.35
5658,237.58,71.274,237.58
5659,193.9,58.17,193.9
5660,248.58,74.574,248.58
5661,187.82,56.346,187.82
5662,272.81,81.843,272.81
5663,222.08,66.624,222.08
5664,192.51,57.75299999999999,192.51
5665,212.63,63.788999999999994,212.63
5666,244.24,73.272,244.24
5667,210.66,63.19799999999999,210.66
5668,222.15,66.645,222.15
5669,228.19,68.457,228.19
5670,216.75,65.02499999999999,216.75
5671,239.69,71.907,239.69
5672,190.72,57.216,190.72
5673,183.06,54.918,183.06
5674,205.4,61.62,205.4
5675,209.47,62.840999999999994,209.47
5676,205.21,61.563,205.21
5677,205.47,61.641,205.47
5678,173.91,52.172999999999995,173.91
5679,206.23,61.86899999999999,206.23
5680,188.1,56.43,188.1
5681,170.49,51.147,170.49
5682,212.84,63.852,212.84
5683,187.8,56.34,187.8
5684,186.63,55.989,186.63
5685,243.06,72.91799999999999,243.06
5686,185.9,55.77,185.9
5687,226.04,67.812,226.04
5688,199.92,59.97599999999999,199.92
5689,227.79,68.33699999999999,227.79
5690,217.87,65.361,217.87
5691,225.02,67.506,225.02
5692,229.77,68.931,229.77
5693,203.16,60.94799999999999,203.16
5694,182.75,54.824999999999996,182.75
5695,196.08,58.824,196.08
5696,186.15,55.845,186.15
5697,214.88,64.464,214.88
5698,197.0,59.099999999999994,197.0
5699,222.58,66.774,222.58
5700,249.12,74.736,249.12
5701,198.79,59.63699999999999,198.79
5702,191.6,57.48,191.6
5703,179.51,53.852999999999994,179.51
5704,214.55,64.365,214.55
5705,184.93,55.479,184.93
5706,252.65,75.795,252.65
5707,208.13,62.43899999999999,208.13
5708,237.13,71.139,237.13
5709,193.18,57.954,193.18
5710,225.29,67.58699999999999,225.29
5711,283.06,84.91799999999999,283.06
5712,224.19,67.25699999999999,224.19
5713,209.99,62.997,209.99
5714,243.3,72.99,243.3
5715,205.79,61.736999999999995,205.79
5716,195.3,58.59,195.3
5717,201.92,60.57599999999999,201.92
5718,251.73,75.51899999999999,251.73
5719,200.19,60.056999999999995,200.19
5720,237.54,71.262,237.54
5721,188.11,56.433,188.11
5722,221.8,66.54,221.8
5723,164.36,49.308,164.36
5724,194.32,58.29599999999999,194.32
5725,192.1,57.629999999999995,192.1
5726,273.74,82.122,273.74
5727,190.09,57.027,190.09
5728,214.65,64.395,214.65
5729,235.16,70.548,235.16
5730,205.44,61.632,205.44
5731,252.04,75.612,252.04
5732,240.82,72.246,240.82
5733,215.45,64.63499999999999,215.45
5734,223.99,67.197,223.99
5735,201.4,60.42,201.4
5736,188.9,56.67,188.9
5737,204.09,61.227,204.09
5738,215.6,64.67999999999999,215.6
5739,227.96,68.388,227.96
5740,177.94,53.382,177.94
5741,177.21,53.163000000000004,177.21
5742,216.95,65.085,216.95
5743,203.8,61.14,203.8
5744,199.07,59.721,199.07
5745,208.76,62.62799999999999,208.76
5746,199.22,59.766,199.22
5747,204.01,61.202999999999996,204.01
5748,215.92,64.776,215.92
5749,211.56,63.467999999999996,211.56
5750,185.63,55.689,185.63
5751,228.92,68.67599999999999,228.92
5752,177.63,53.288999999999994,177.63
5753,193.28,57.983999999999995,193.28
5754,191.36,57.408,191.36
5755,285.49,85.647,285.49
5756,221.43,66.429,221.43
5757,195.01,58.50299999999999,195.01
5758,285.92,85.776,285.92
5759,354.7,106.41,354.7
5760,213.17,63.95099999999999,213.17
5761,187.07,56.120999999999995,187.07
5762,263.89,79.16699999999999,263.89
5763,195.33,58.599000000000004,195.33
5764,226.86,68.058,226.86
5765,197.36,59.208,197.36
5766,246.01,73.803,246.01
5767,194.5,58.349999999999994,194.5
5768,190.1,57.029999999999994,190.1
5769,183.79,55.13699999999999,183.79
5770,199.95,59.98499999999999,199.95
5771,194.6,58.379999999999995,194.6
5772,197.44,59.232,197.44
5773,199.81,59.943,199.81
5774,182.71,54.813,182.71
5775,174.68,52.404,174.68
5776,195.7,58.709999999999994,195.7
5777,231.08,69.324,231.08
5778,250.72,75.216,250.72
5779,196.53,58.958999999999996,196.53
5780,243.88,73.164,243.88
5781,228.12,68.43599999999999,228.12
5782,196.44,58.931999999999995,196.44
5783,198.34,59.501999999999995,198.34
5784,191.92,57.57599999999999,191.92
5785,167.92,50.376,167.92
5786,179.05,53.715,179.05
5787,229.15,68.745,229.15
5788,181.42,54.425999999999995,181.42
5789,179.13,53.739,179.13
5790,184.4,55.32,184.4
5791,186.31,55.893,186.31
5792,178.99,53.697,178.99
5793,186.35,55.904999999999994,186.35
5794,183.91,55.172999999999995,183.91
5795,172.53,51.759,172.53
5796,169.73,50.919,169.73
5797,209.25,62.775,209.25
5798,198.87,59.661,198.87
5799,187.33,56.199000000000005,187.33
5800,189.44,56.832,189.44
5801,240.37,72.111,240.37
5802,197.94,59.382,197.94
5803,211.23,63.36899999999999,211.23
5804,324.03,97.20899999999999,324.03
5805,191.2,57.35999999999999,191.2
5806,287.67,86.301,287.67
5807,240.06,72.018,240.06
5808,220.53,66.15899999999999,220.53
5809,211.89,63.56699999999999,211.89
5810,255.89,76.767,255.89
5811,199.15,59.745,199.15
5812,205.18,61.554,205.18
5813,165.91,49.772999999999996,165.91
5814,192.27,57.681,192.27
5815,216.04,64.812,216.04
5816,202.2,60.66,202.2
5817,194.13,58.239,194.13
5818,198.98,59.693999999999996,198.98
5819,177.05,53.115,177.05
5820,200.27,60.081,200.27
5821,211.17,63.35099999999999,211.17
5822,219.35,65.80499999999999,219.35
5823,240.84,72.252,240.84
5824,238.37,71.511,238.37
5825,190.01,57.00299999999999,190.01
5826,167.72,50.315999999999995,167.72
5827,172.76,51.827999999999996,172.76
5828,249.45,74.835,249.45
5829,213.56,64.068,213.56
5830,224.5,67.35,224.5
5831,228.76,68.628,228.76
5832,203.8,61.14,203.8
5833,244.19,73.25699999999999,244.19
5834,194.22,58.266,194.22
5835,238.31,71.493,238.31
5836,250.95,75.285,250.95
5837,254.94,76.482,254.94
5838,318.63,95.589,318.63
5839,189.24,56.772,189.24
5840,206.61,61.983000000000004,206.61
5841,199.62,59.885999999999996,199.62
5842,181.0,54.3,181.0
5843,194.42,58.32599999999999,194.42
5844,161.5,48.449999999999996,161.5
5845,195.64,58.69199999999999,195.64
5846,175.04,52.51199999999999,175.04
5847,180.94,54.282,180.94
5848,177.45,53.23499999999999,177.45
5849,191.08,57.324000000000005,191.08
5850,183.38,55.013999999999996,183.38
5851,183.27,54.981,183.27
5852,201.8,60.54,201.8
5853,207.45,62.23499999999999,207.45
5854,195.45,58.63499999999999,195.45
5855,239.7,71.91,239.7
5856,194.96,58.488,194.96
5857,212.52,63.756,212.52
5858,182.19,54.657,182.19
5859,263.45,79.035,263.45
5860,271.03,81.30899999999998,271.03
5861,219.42,65.826,219.42
5862,202.56,60.768,202.56
5863,204.4,61.32,204.4
5864,205.53,61.659,205.53
5865,234.85,70.455,234.85
5866,180.4,54.12,180.4
5867,160.64,48.19199999999999,160.64
5868,189.55,56.865,189.55
5869,194.77,58.431,194.77
5870,185.36,55.608000000000004,185.36
5871,160.45,48.135,160.45
5872,179.93,53.979,179.93
5873,223.56,67.068,223.56
5874,192.7,57.809999999999995,192.7
5875,183.51,55.053,183.51
5876,198.53,59.559,198.53
5877,215.48,64.64399999999999,215.48
5878,209.71,62.913,209.71
5879,260.25,78.075,260.25
5880,191.34,57.402,191.34
5881,188.6,56.58,188.6
5882,207.99,62.397,207.99
5883,220.25,66.075,220.25
5884,227.34,68.202,227.34
5885,205.94,61.782,205.94
5886,194.4,58.32,194.4
5887,177.71,53.313,177.71
5888,183.08,54.924,183.08
5889,193.16,57.94799999999999,193.16
5890,185.67,55.70099999999999,185.67
5891,216.24,64.872,216.24
5892,164.57,49.370999999999995,164.57
5893,194.64,58.391999999999996,194.64
5894,216.03,64.809,216.03
5895,186.35,55.904999999999994,186.35
5896,175.77,52.731,175.77
5897,175.83,52.749,175.83
5898,212.61,63.783,212.61
5899,165.14,49.541999999999994,165.14
5900,185.68,55.704,185.68
5901,174.8,52.440000000000005,174.8
5902,213.34,64.002,213.34
5903,211.44,63.431999999999995,211.44
5904,165.87,49.761,165.87
5905,195.77,58.731,195.77
5906,211.61,63.483000000000004,211.61
5907,182.69,54.806999999999995,182.69
5908,209.57,62.870999999999995,209.57
5909,183.68,55.104,183.68
5910,188.06,56.418,188.06
5911,195.18,58.554,195.18
5912,168.57,50.571,168.57
5913,190.69,57.207,190.69
5914,189.43,56.829,189.43
5915,171.19,51.357,171.19
5916,174.13,52.239,174.13
5917,237.45,71.235,237.45
5918,170.8,51.24,170.8
5919,187.87,56.361,187.87
5920,231.21,69.363,231.21
5921,159.01,47.702999999999996,159.01
5922,173.08,51.924,173.08
5923,222.29,66.687,222.29
5924,209.56,62.867999999999995,209.56
5925,184.67,55.400999999999996,184.67
5926,178.09,53.427,178.09
5927,175.08,52.524,175.08
5928,189.21,56.763,189.21
5929,213.35,64.005,213.35
5930,185.19,55.556999999999995,185.19
5931,204.2,61.25999999999999,204.2
5932,194.46,58.338,194.46
5933,223.75,67.125,223.75
5934,217.4,65.22,217.4
5935,204.86,61.458,204.86
5936,225.92,67.776,225.92
5937,162.76,48.827999999999996,162.76
5938,192.96,57.888,192.96
5939,175.43,52.629,175.43
5940,239.16,71.74799999999999,239.16
5941,218.51,65.553,218.51
5942,170.91,51.272999999999996,170.91
5943,206.9,62.07,206.9
5944,172.71,51.813,172.71
5945,231.32,69.396,231.32
5946,199.95,59.98499999999999,199.95
5947,204.68,61.403999999999996,204.68
5948,185.02,55.506,185.02
5949,165.68,49.704,165.68
5950,260.67,78.20100000000001,260.67
5951,188.13,56.439,188.13
5952,212.28,63.684,212.28
5953,217.1,65.13,217.1
5954,170.04,51.01199999999999,170.04
5955,187.97,56.391,187.97
5956,228.73,68.619,228.73
5957,233.37,70.011,233.37
5958,190.88,57.263999999999996,190.88
5959,185.78,55.734,185.78
5960,182.77,54.831,182.77
5961,334.41,100.32300000000001,334.41
5962,165.7,49.709999999999994,165.7
5963,196.43,58.929,196.43
5964,141.95,42.584999999999994,141.95
5965,233.4,70.02,233.4
5966,207.54,62.26199999999999,207.54
5967,168.87,50.661,168.87
5968,189.82,56.946,189.82
5969,213.09,63.927,213.09
5970,205.87,61.760999999999996,205.87
5971,208.07,62.42099999999999,208.07
5972,195.24,58.572,195.24
5973,184.15,55.245,184.15
5974,191.01,57.303,191.01
5975,203.68,61.104,203.68
5976,183.28,54.984,183.28
5977,223.78,67.134,223.78
5978,209.35,62.80499999999999,209.35
5979,188.8,56.64,188.8
5980,183.36,55.008,183.36
5981,162.94,48.882,162.94
5982,189.24,56.772,189.24
5983,210.16,63.047999999999995,210.16
5984,193.1,57.92999999999999,193.1
5985,207.27,62.181,207.27
5986,164.56,49.368,164.56
5987,187.08,56.124,187.08
5988,175.36,52.608000000000004,175.36
5989,193.49,58.047,193.49
5990,206.33,61.899,206.33
5991,166.64,49.992,166.64
5992,183.33,54.999,183.33
5993,209.58,62.874,209.58
5994,209.65,62.894999999999996,209.65
5995,179.22,53.766,179.22
5996,184.36,55.308,184.36
5997,180.31,54.092999999999996,180.31
5998,197.51,59.25299999999999,197.51
5999,231.01,69.303,231.01
6000,182.17,54.650999999999996,182.17
6001,205.63,61.68899999999999,205.63
6002,240.6,72.17999999999999,240.6
6003,213.12,63.936,213.12
6004,209.32,62.79599999999999,209.32
6005,190.99,57.297000000000004,190.99
6006,165.96,49.788000000000004,165.96
6007,212.78,63.833999999999996,212.78
6008,168.13,50.439,168.13
6009,185.17,55.550999999999995,185.17
6010,197.02,59.106,197.02
6011,195.48,58.64399999999999,195.48
6012,186.74,56.022,186.74
6013,174.17,52.251,174.17
6014,207.86,62.358000000000004,207.86
6015,225.07,67.521,225.07
6016,155.38,46.614,155.38
6017,191.65,57.495,191.65
6018,226.16,67.848,226.16
6019,258.32,77.496,258.32
6020,186.06,55.818,186.06
6021,236.59,70.977,236.59
6022,193.96,58.188,193.96
6023,173.69,52.107,173.69
6024,212.04,63.611999999999995,212.04
6025,219.92,65.976,219.92
6026,192.31,57.693,192.31
6027,224.25,67.27499999999999,224.25
6028,287.61,86.283,287.61
6029,195.35,58.605,195.35
6030,172.5,51.75,172.5
6031,172.67,51.800999999999995,172.67
6032,167.05,50.115,167.05
6033,184.17,55.251,184.17
6034,185.86,55.758,185.86
6035,180.67,54.20099999999999,180.67
6036,166.64,49.992,166.64
6037,293.83,88.14899999999999,293.83
6038,177.46,53.238,177.46
6039,154.2,46.26,154.2
6040,180.04,54.01199999999999,180.04
6041,176.35,52.904999999999994,176.35
6042,220.34,66.102,220.34
6043,196.23,58.86899999999999,196.23
6044,248.04,74.41199999999999,248.04
6045,232.73,69.81899999999999,232.73
6046,179.55,53.865,179.55
6047,217.16,65.148,217.16
6048,199.38,59.81399999999999,199.38
6049,183.99,55.197,183.99
6050,221.88,66.564,221.88
6051,205.28,61.583999999999996,205.28
6052,208.75,62.625,208.75
6053,189.21,56.763,189.21
6054,189.02,56.706,189.02
6055,160.93,48.279,160.93
6056,197.7,59.309999999999995,197.7
6057,207.38,62.214,207.38
6058,201.85,60.55499999999999,201.85
6059,182.91,54.873,182.91
6060,190.11,57.033,190.11
6061,161.06,48.318,161.06
6062,237.54,71.262,237.54
6063,194.12,58.236,194.12
6064,168.27,50.481,168.27
6065,206.61,61.983000000000004,206.61
6066,166.98,50.093999999999994,166.98
6067,198.48,59.544,198.48
6068,198.0,59.4,198.0
6069,185.01,55.50299999999999,185.01
6070,192.66,57.797999999999995,192.66
6071,209.21,62.763,209.21
6072,200.53,60.159,200.53
6073,179.43,53.829,179.43
6074,193.83,58.149,193.83
6075,219.78,65.934,219.78
6076,167.25,50.175,167.25
6077,257.31,77.193,257.31
6078,176.15,52.845,176.15
6079,188.25,56.475,188.25
6080,214.08,64.224,214.08
6081,207.98,62.39399999999999,207.98
6082,185.91,55.772999999999996,185.91
6083,195.13,58.538999999999994,195.13
6084,212.53,63.759,212.53
6085,180.94,54.282,180.94
6086,147.49,44.247,147.49
6087,198.3,59.49,198.3
6088,164.56,49.368,164.56
6089,184.88,55.464,184.88
6090,177.97,53.391,177.97
6091,183.16,54.948,183.16
6092,202.4,60.72,202.4
6093,194.15,58.245,194.15
6094,218.07,65.42099999999999,218.07
6095,208.65,62.595,208.65
6096,197.21,59.163,197.21
6097,232.82,69.84599999999999,232.82
6098,194.5,58.349999999999994,194.5
6099,225.81,67.743,225.81
6100,175.99,52.797000000000004,175.99
6101,214.79,64.437,214.79
6102,169.1,50.73,169.1
6103,145.62,43.686,145.62
6104,161.75,48.525,161.75
6105,179.74,53.922000000000004,179.74
6106,156.64,46.992,156.64
6107,155.71,46.713,155.71
6108,159.16,47.748,159.16
6109,243.81,73.143,243.81
6110,158.3,47.49,158.3
6111,191.34,57.402,191.34
6112,190.55,57.165,190.55
6113,161.78,48.534,161.78
6114,220.3,66.09,220.3
6115,192.43,57.729,192.43
6116,224.52,67.356,224.52
6117,209.25,62.775,209.25
6118,178.93,53.679,178.93
6119,171.75,51.525,171.75
6120,196.38,58.913999999999994,196.38
6121,173.65,52.095,173.65
6122,159.19,47.757,159.19
6123,185.45,55.635,185.45
6124,199.0,59.699999999999996,199.0
6125,234.6,70.38,234.6
6126,169.09,50.727,169.09
6127,173.73,52.11899999999999,173.73
6128,165.83,49.749,165.83
6129,202.28,60.684,202.28
6130,167.08,50.124,167.08
6131,186.69,56.007,186.69
6132,161.35,48.404999999999994,161.35
6133,221.87,66.56099999999999,221.87
6134,207.36,62.208,207.36
6135,181.14,54.34199999999999,181.14
6136,197.88,59.364,197.88
6137,199.16,59.748,199.16
6138,164.53,49.359,164.53
6139,172.59,51.777,172.59
6140,166.21,49.863,166.21
6141,178.17,53.45099999999999,178.17
6142,172.34,51.702,172.34
6143,192.88,57.864,192.88
6144,188.8,56.64,188.8
6145,193.26,57.977999999999994,193.26
6146,229.98,68.994,229.98
6147,163.48,49.044,163.48
6148,282.98,84.894,282.98
6149,196.92,59.07599999999999,196.92
6150,164.12,49.236,164.12
6151,167.2,50.16,167.2
6152,182.63,54.788999999999994,182.63
6153,173.43,52.029,173.43
6154,164.55,49.365,164.55
6155,156.14,46.84199999999999,156.14
6156,162.25,48.675,162.25
6157,161.51,48.452999999999996,161.51
6158,199.1,59.73,199.1
6159,171.07,51.321,171.07
6160,166.85,50.055,166.85
6161,193.34,58.001999999999995,193.34
6162,182.09,54.627,182.09
6163,187.66,56.297999999999995,187.66
6164,184.85,55.455,184.85
6165,222.48,66.744,222.48
6166,231.25,69.375,231.25
6167,273.93,82.179,273.93
6168,187.02,56.106,187.02
6169,156.14,46.84199999999999,156.14
6170,185.41,55.623,185.41
6171,199.44,59.831999999999994,199.44
6172,209.77,62.931,209.77
6173,192.15,57.644999999999996,192.15
6174,200.32,60.096,200.32
6175,218.76,65.628,218.76
6176,214.08,64.224,214.08
6177,147.18,44.154,147.18
6178,199.9,59.97,199.9
6179,176.5,52.949999999999996,176.5
6180,170.15,51.045,170.15
6181,182.48,54.74399999999999,182.48
6182,183.19,54.957,183.19
6183,180.12,54.036,180.12
6184,165.28,49.583999999999996,165.28
6185,153.89,46.166999999999994,153.89
6186,172.32,51.696,172.32
6187,202.05,60.615,202.05
6188,143.66,43.098,143.66
6189,197.03,59.108999999999995,197.03
6190,178.66,53.598,178.66
6191,171.47,51.440999999999995,171.47
6192,219.78,65.934,219.78
6193,171.1,51.33,171.1
6194,181.46,54.438,181.46
6195,158.18,47.454,158.18
6196,187.12,56.136,187.12
6197,167.49,50.247,167.49
6198,169.1,50.73,169.1
6199,184.25,55.275,184.25
6200,144.72,43.416,144.72
6201,175.72,52.716,175.72
6202,158.72,47.616,158.72
6203,177.89,53.367,177.89
6204,175.03,52.509,175.03
6205,170.96,51.288000000000004,170.96
6206,197.85,59.355,197.85
6207,196.81,59.043,196.81
6208,154.62,46.386,154.62
6209,250.39,75.11699999999999,250.39
6210,201.53,60.458999999999996,201.53
6211,174.06,52.217999999999996,174.06
6212,182.66,54.797999999999995,182.66
6213,164.19,49.257,164.19
6214,205.12,61.536,205.12
6215,164.55,49.365,164.55
6216,268.24,80.472,268.24
6217,216.64,64.99199999999999,216.64
6218,167.48,50.24399999999999,167.48
6219,204.51,61.352999999999994,204.51
6220,173.86,52.158,173.86
6221,200.0,60.0,200.0
6222,202.5,60.75,202.5
6223,270.14,81.04199999999999,270.14
6224,203.5,61.05,203.5
6225,148.84,44.652,148.84
6226,154.81,46.443,154.81
6227,167.95,50.385,167.95
6228,266.9,80.07,266.9
6229,159.39,47.81699999999999,159.39
6230,188.79,56.63699999999999,188.79
6231,191.56,57.467999999999996,191.56
6232,196.6,58.98,196.6
6233,166.34,49.902,166.34
6234,170.12,51.036,170.12
6235,177.56,53.268,177.56
6236,239.44,71.832,239.44
6237,154.35,46.305,154.35
6238,178.65,53.595,178.65
6239,177.98,53.394,177.98
6240,222.25,66.675,222.25
6241,192.23,57.669,192.23
6242,207.99,62.397,207.99
6243,174.09,52.227,174.09
6244,175.3,52.59,175.3
6245,188.13,56.439,188.13
6246,177.91,53.373,177.91
6247,196.37,58.911,196.37
6248,146.97,44.091,146.97
6249,174.51,52.352999999999994,174.51
6250,201.92,60.57599999999999,201.92
6251,177.98,53.394,177.98
6252,203.07,60.92099999999999,203.07
6253,159.58,47.874,159.58
6254,154.51,46.352999999999994,154.51
6255,171.69,51.507,171.69
6256,177.18,53.154,177.18
6257,190.96,57.288000000000004,190.96
6258,192.69,57.806999999999995,192.69
6259,181.6,54.48,181.6
6260,194.64,58.391999999999996,194.64
6261,166.51,49.952999999999996,166.51
6262,227.43,68.229,227.43
6263,186.44,55.931999999999995,186.44
6264,243.5,73.05,243.5
6265,197.59,59.277,197.59
6266,184.16,55.248,184.16
6267,159.44,47.832,159.44
6268,169.16,50.748,169.16
6269,151.46,45.438,151.46
6270,192.57,57.770999999999994,192.57
6271,221.23,66.369,221.23
6272,196.58,58.974000000000004,196.58
6273,141.01,42.303,141.01
6274,182.21,54.663000000000004,182.21
6275,172.43,51.729,172.43
6276,201.73,60.51899999999999,201.73
6277,151.06,45.318,151.06
6278,167.08,50.124,167.08
6279,238.52,71.556,238.52
6280,149.22,44.766,149.22
6281,168.53,50.559,168.53
6282,155.64,46.69199999999999,155.64
6283,167.21,50.163000000000004,167.21
6284,192.62,57.786,192.62
6285,176.64,52.992,176.64
6286,190.21,57.063,190.21
6287,237.68,71.304,237.68
6288,163.84,49.152,163.84
6289,190.55,57.165,190.55
6290,191.99,57.597,191.99
6291,192.44,57.732,192.44
6292,159.47,47.841,159.47
6293,154.82,46.446,154.82
6294,169.29,50.787,169.29
6295,175.78,52.734,175.78
6296,192.31,57.693,192.31
6297,168.74,50.622,168.74
6298,166.67,50.001,166.67
6299,162.27,48.681000000000004,162.27
6300,157.44,47.232,157.44
6301,188.35,56.504999999999995,188.35
6302,194.47,58.340999999999994,194.47
6303,225.25,67.575,225.25
6304,168.14,50.44199999999999,168.14
6305,139.08,41.724000000000004,139.08
6306,201.54,60.461999999999996,201.54
6307,146.6,43.98,146.6
6308,181.95,54.584999999999994,181.95
6309,196.28,58.884,196.28
6310,196.88,59.06399999999999,196.88
6311,171.48,51.443999999999996,171.48
6312,177.83,53.349000000000004,177.83
6313,194.19,58.257,194.19
6314,138.27,41.481,138.27
6315,176.65,52.995,176.65
6316,151.01,45.303,151.01
6317,162.99,48.897,162.99
6318,188.37,56.511,188.37
6319,141.45,42.434999999999995,141.45
6320,196.65,58.995,196.65
6321,184.22,55.266,184.22
6322,181.32,54.395999999999994,181.32
6323,150.63,45.189,150.63
6324,209.03,62.708999999999996,209.03
6325,128.23,38.468999999999994,128.23
6326,166.16,49.848,166.16
6327,161.61,48.483000000000004,161.61
6328,161.37,48.411,161.37
6329,212.7,63.809999999999995,212.7
6330,142.86,42.858000000000004,142.86
6331,205.07,61.520999999999994,205.07
6332,201.8,60.54,201.8
6333,188.47,56.541,188.47
6334,194.99,58.497,194.99
6335,207.39,62.21699999999999,207.39
6336,163.38,49.013999999999996,163.38
6337,188.14,56.44199999999999,188.14
6338,170.77,51.231,170.77
6339,216.71,65.013,216.71
6340,185.08,55.524,185.08
6341,228.31,68.493,228.31
6342,174.3,52.29,174.3
6343,179.51,53.852999999999994,179.51
6344,163.76,49.12799999999999,163.76
6345,158.12,47.436,158.12
6346,159.09,47.727,159.09
6347,161.69,48.507,161.69
6348,219.29,65.78699999999999,219.29
6349,167.05,50.115,167.05
6350,168.45,50.535,168.45
6351,182.13,54.638999999999996,182.13
6352,154.98,46.49399999999999,154.98
6353,158.96,47.688,158.96
6354,162.16,48.647999999999996,162.16
6355,191.3,57.39,191.3
6356,147.78,44.333999999999996,147.78
6357,145.59,43.677,145.59
6358,155.56,46.668,155.56
6359,213.44,64.032,213.44
6360,167.04,50.111999999999995,167.04
6361,182.24,54.672000000000004,182.24
6362,180.91,54.272999999999996,180.91
6363,170.28,51.083999999999996,170.28
6364,257.12,77.136,257.12
6365,155.19,46.556999999999995,155.19
6366,162.47,48.741,162.47
6367,165.69,49.707,165.69
6368,175.69,52.707,175.69
6369,132.95,39.885,132.95
6370,154.93,46.479,154.93
6371,135.15,40.545,135.15
6372,159.48,47.843999999999994,159.48
6373,181.22,54.366,181.22
6374,148.3,44.49,148.3
6375,144.32,43.296,144.32
6376,177.96,53.388,177.96
6377,156.54,46.961999999999996,156.54
6378,192.43,57.729,192.43
6379,156.34,46.902,156.34
6380,199.17,59.75099999999999,199.17
6381,218.17,65.451,218.17
6382,171.68,51.504,171.68
6383,171.51,51.452999999999996,171.51
6384,203.68,61.104,203.68
6385,173.22,51.966,173.22
6386,146.72,44.016,146.72
6387,224.44,67.332,224.44
6388,162.87,48.861,162.87
6389,167.96,50.388,167.96
6390,194.36,58.308,194.36
6391,210.57,63.17099999999999,210.57
6392,162.56,48.768,162.56
6393,160.4,48.12,160.4
6394,141.88,42.564,141.88
6395,156.19,46.857,156.19
6396,200.0,60.0,200.0
6397,173.74,52.122,173.74
6398,172.25,51.675,172.25
6399,175.46,52.638,175.46
6400,159.11,47.733000000000004,159.11
6401,208.24,62.472,208.24
6402,177.85,53.355,177.85
6403,179.91,53.973,179.91
6404,171.42,51.425999999999995,171.42
6405,149.49,44.847,149.49
6406,198.95,59.684999999999995,198.95
6407,161.23,48.36899999999999,161.23
6408,224.49,67.347,224.49
6409,165.63,49.689,165.63
6410,144.97,43.491,144.97
6411,223.52,67.056,223.52
6412,201.62,60.486,201.62
6413,179.09,53.727,179.09
6414,229.05,68.715,229.05
6415,170.79,51.236999999999995,170.79
6416,144.06,43.217999999999996,144.06
6417,162.73,48.818999999999996,162.73
6418,157.54,47.26199999999999,157.54
6419,142.87,42.861,142.87
6420,147.54,44.26199999999999,147.54
6421,146.28,43.884,146.28
6422,161.17,48.35099999999999,161.17
6423,157.32,47.196,157.32
6424,146.53,43.958999999999996,146.53
6425,139.93,41.979,139.93
6426,150.39,45.117,150.39
6427,165.58,49.674,165.58
6428,172.86,51.858000000000004,172.86
6429,196.77,59.031,196.77
6430,171.03,51.309,171.03
6431,153.36,46.008,153.36
6432,168.3,50.49,168.3
6433,210.16,63.047999999999995,210.16
6434,194.18,58.254,194.18
6435,180.4,54.12,180.4
6436,158.7,47.60999999999999,158.7
6437,171.29,51.38699999999999,171.29
6438,148.94,44.681999999999995,148.94
6439,168.54,50.562,168.54
6440,168.41,50.522999999999996,168.41
6441,171.65,51.495,171.65
6442,147.79,44.336999999999996,147.79
6443,198.38,59.513999999999996,198.38
6444,147.28,44.184,147.28
6445,157.15,47.145,157.15
6446,150.93,45.279,150.93
6447,155.02,46.506,155.02
6448,163.76,49.12799999999999,163.76
6449,170.54,51.162,170.54
6450,218.42,65.526,218.42
6451,150.27,45.081,150.27
6452,209.88,62.964,209.88
6453,198.54,59.562,198.54
6454,172.61,51.783,172.61
6455,178.13,53.439,178.13
6456,190.9,57.27,190.9
6457,187.87,56.361,187.87
6458,155.9,46.77,155.9
6459,191.94,57.582,191.94
6460,143.13,42.939,143.13
6461,161.94,48.582,161.94
6462,151.99,45.597,151.99
6463,169.98,50.99399999999999,169.98
6464,147.56,44.268,147.56
6465,156.93,47.079,156.93
6466,223.38,67.014,223.38
6467,140.95,42.285,140.95
6468,127.65,38.295,127.65
6469,132.61,39.783,132.61
6470,154.56,46.368,154.56
6471,138.99,41.697,138.99
6472,163.06,48.918,163.06
6473,201.17,60.35099999999999,201.17
6474,159.45,47.834999999999994,159.45
6475,169.62,50.886,169.62
6476,151.73,45.519,151.73
6477,173.18,51.954,173.18
6478,186.95,56.084999999999994,186.95
6479,179.64,53.891999999999996,179.64
6480,209.02,62.706,209.02
6481,196.48,58.943999999999996,196.48
6482,182.64,54.791999999999994,182.64
6483,155.63,46.689,155.63
6484,157.46,47.238,157.46
6485,176.43,52.929,176.43
6486,144.96,43.488,144.96
6487,164.47,49.341,164.47
6488,178.34,53.502,178.34
6489,157.57,47.270999999999994,157.57
6490,138.49,41.547000000000004,138.49
6491,161.9,48.57,161.9
6492,147.91,44.373,147.91
6493,155.92,46.775999999999996,155.92
6494,169.85,50.955,169.85
6495,194.41,58.32299999999999,194.41
6496,165.28,49.583999999999996,165.28
6497,149.16,44.748,149.16
6498,155.21,46.563,155.21
6499,147.35,44.205,147.35
6500,154.9,46.47,154.9
6501,191.78,57.534,191.78
6502,136.82,41.046,136.82
6503,161.28,48.384,161.28
6504,152.73,45.818999999999996,152.73
6505,182.27,54.681000000000004,182.27
6506,212.55,63.765,212.55
6507,154.52,46.356,154.52
6508,152.26,45.678,152.26
6509,162.08,48.624,162.08
6510,209.16,62.748,209.16
6511,150.52,45.156,150.52
6512,150.94,45.282,150.94
6513,169.31,50.793,169.31
6514,170.66,51.198,170.66
6515,173.5,52.05,173.5
6516,187.98,56.394,187.98
6517,186.4,55.92,186.4
6518,142.29,42.687,142.29
6519,141.71,42.513,141.71
6520,173.46,52.038000000000004,173.46
6521,149.08,44.724000000000004,149.08
6522,157.67,47.300999999999995,157.67
6523,167.36,50.208000000000006,167.36
6524,184.26,55.278,184.26
6525,167.46,50.238,167.46
6526,198.69,59.607,198.69
6527,167.46,50.238,167.46
6528,147.32,44.196,147.32
6529,178.55,53.565000000000005,178.55
6530,163.88,49.163999999999994,163.88
6531,159.76,47.928,159.76
6532,157.52,47.256,157.52
6533,153.36,46.008,153.36
6534,158.1,47.43,158.1
6535,169.72,50.916,169.72
6536,184.0,55.199999999999996,184.0
6537,142.06,42.618,142.06
6538,163.85,49.154999999999994,163.85
6539,152.83,45.849000000000004,152.83
6540,195.49,58.647,195.49
6541,145.95,43.785,145.95
6542,131.86,39.558,131.86
6543,132.26,39.678,132.26
6544,168.11,50.433,168.11
6545,152.39,45.71699999999999,152.39
6546,147.94,44.382,147.94
6547,130.64,39.19199999999999,130.64
6548,189.16,56.748,189.16
6549,157.94,47.382,157.94
6550,145.23,43.568999999999996,145.23
6551,198.77,59.631,198.77
6552,155.93,46.779,155.93
6553,179.18,53.754,179.18
6554,173.33,51.999,173.33
6555,157.51,47.25299999999999,157.51
6556,187.15,56.145,187.15
6557,166.38,49.913999999999994,166.38
6558,161.8,48.54,161.8
6559,145.55,43.665,145.55
6560,161.46,48.438,161.46
6561,183.91,55.172999999999995,183.91
6562,147.3,44.190000000000005,147.3
6563,156.63,46.989,156.63
6564,153.88,46.163999999999994,153.88
6565,145.5,43.65,145.5
6566,127.63,38.288999999999994,127.63
6567,142.85,42.855,142.85
6568,160.81,48.243,160.81
6569,213.97,64.191,213.97
6570,176.32,52.895999999999994,176.32
6571,149.49,44.847,149.49
6572,168.26,50.477999999999994,168.26
6573,181.02,54.306000000000004,181.02
6574,248.87,74.661,248.87
6575,155.68,46.704,155.68
6576,158.45,47.535,158.45
6577,185.16,55.547999999999995,185.16
6578,181.51,54.452999999999996,181.51
6579,152.99,45.897,152.99
6580,162.99,48.897,162.99
6581,138.83,41.649,138.83
6582,148.93,44.679,148.93
6583,136.39,40.916999999999994,136.39
6584,144.03,43.208999999999996,144.03
6585,163.28,48.984,163.28
6586,138.17,41.45099999999999,138.17
6587,141.93,42.579,141.93
6588,150.34,45.102,150.34
6589,133.18,39.954,133.18
6590,142.53,42.759,142.53
6591,122.58,36.774,122.58
6592,169.31,50.793,169.31
6593,160.84,48.252,160.84
6594,171.41,51.422999999999995,171.41
6595,175.52,52.656,175.52
6596,186.97,56.091,186.97
6597,158.9,47.67,158.9
6598,162.12,48.636,162.12
6599,159.66,47.897999999999996,159.66
6600,174.86,52.458000000000006,174.86
6601,152.26,45.678,152.26
6602,141.1,42.33,141.1
6603,204.08,61.224000000000004,204.08
6604,183.73,55.11899999999999,183.73
6605,171.81,51.543,171.81
6606,136.61,40.983000000000004,136.61
6607,159.4,47.82,159.4
6608,198.22,59.465999999999994,198.22
6609,169.11,50.733000000000004,169.11
6610,181.14,54.34199999999999,181.14
6611,158.86,47.658,158.86
6612,150.49,45.147,150.49
6613,160.97,48.291,160.97
6614,143.88,43.163999999999994,143.88
6615,143.81,43.143,143.81
6616,148.92,44.675999999999995,148.92
6617,162.25,48.675,162.25
6618,127.4,38.22,127.4
6619,202.61,60.783,202.61
6620,171.07,51.321,171.07
6621,198.89,59.666999999999994,198.89
6622,157.91,47.373,157.91
6623,159.41,47.823,159.41
6624,190.68,57.204,190.68
6625,146.58,43.974000000000004,146.58
6626,220.48,66.14399999999999,220.48
6627,176.16,52.848,176.16
6628,226.51,67.95299999999999,226.51
6629,174.62,52.386,174.62
6630,129.07,38.721,129.07
6631,162.84,48.852,162.84
6632,152.29,45.687,152.29
6633,161.88,48.564,161.88
6634,192.96,57.888,192.96
6635,147.22,44.166,147.22
6636,158.89,47.666999999999994,158.89
6637,139.9,41.97,139.9
6638,131.5,39.449999999999996,131.5
6639,178.16,53.448,178.16
6640,162.09,48.627,162.09
6641,155.0,46.5,155.0
6642,159.68,47.904,159.68
6643,159.29,47.787,159.29
6644,162.42,48.72599999999999,162.42
6645,155.04,46.51199999999999,155.04
6646,174.91,52.473,174.91
6647,147.27,44.181000000000004,147.27
6648,166.97,50.091,166.97
6649,173.72,52.116,173.72
6650,178.03,53.409,178.03
6651,167.52,50.256,167.52
6652,170.93,51.279,170.93
6653,156.08,46.824000000000005,156.08
6654,149.98,44.99399999999999,149.98
6655,134.11,40.233000000000004,134.11
6656,153.13,45.939,153.13
6657,157.95,47.385,157.95
6658,129.68,38.904,129.68
6659,171.31,51.393,171.31
6660,120.84,36.252,120.84
6661,148.2,44.459999999999994,148.2
6662,172.32,51.696,172.32
6663,156.96,47.088,156.96
6664,163.57,49.071,163.57
6665,156.85,47.055,156.85
6666,146.91,44.073,146.91
6667,149.05,44.715,149.05
6668,161.94,48.582,161.94
6669,151.81,45.543,151.81
6670,142.86,42.858000000000004,142.86
6671,178.02,53.406,178.02
6672,162.3,48.690000000000005,162.3
6673,179.9,53.97,179.9
6674,140.15,42.045,140.15
6675,156.58,46.974000000000004,156.58
6676,158.88,47.663999999999994,158.88
6677,157.71,47.313,157.71
6678,143.9,43.17,143.9
6679,152.11,45.633,152.11
6680,145.07,43.520999999999994,145.07
6681,155.22,46.565999999999995,155.22
6682,147.37,44.211,147.37
6683,157.94,47.382,157.94
6684,158.08,47.424,158.08
6685,160.29,48.086999999999996,160.29
6686,151.33,45.399,151.33
6687,160.49,48.147,160.49
6688,145.42,43.626,145.42
6689,131.65,39.495,131.65
6690,138.38,41.513999999999996,138.38
6691,139.58,41.874,139.58
6692,161.69,48.507,161.69
6693,150.79,45.236999999999995,150.79
6694,217.23,65.169,217.23
6695,173.71,52.113,173.71
6696,153.57,46.071,153.57
6697,160.88,48.263999999999996,160.88
6698,159.88,47.964,159.88
6699,153.55,46.065000000000005,153.55
6700,144.97,43.491,144.97
6701,146.34,43.902,146.34
6702,172.98,51.894,172.98
6703,127.53,38.259,127.53
6704,164.54,49.361999999999995,164.54
6705,139.97,41.991,139.97
6706,139.83,41.949000000000005,139.83
6707,136.7,41.01,136.7
6708,138.71,41.613,138.71
6709,123.88,37.163999999999994,123.88
6710,136.57,40.971,136.57
6711,136.11,40.833000000000006,136.11
6712,144.69,43.407,144.69
6713,162.93,48.879,162.93
6714,180.95,54.285,180.95
6715,181.53,54.458999999999996,181.53
6716,175.09,52.527,175.09
6717,214.12,64.236,214.12
6718,173.93,52.179,173.93
6719,147.47,44.241,147.47
6720,136.58,40.974000000000004,136.58
6721,165.73,49.718999999999994,165.73
6722,156.06,46.818,156.06
6723,139.22,41.766,139.22
6724,143.72,43.116,143.72
6725,185.87,55.761,185.87
6726,134.49,40.347,134.49
6727,182.11,54.633,182.11
6728,151.07,45.321,151.07
6729,162.78,48.833999999999996,162.78
6730,169.54,50.861999999999995,169.54
6731,224.24,67.272,224.24
6732,156.33,46.899,156.33
6733,149.69,44.907,149.69
6734,146.66,43.998,146.66
6735,133.26,39.977999999999994,133.26
6736,137.65,41.295,137.65
6737,166.94,50.082,166.94
6738,181.83,54.549,181.83
6739,205.58,61.674,205.58
6740,147.86,44.358000000000004,147.86
6741,158.98,47.693999999999996,158.98
6742,192.76,57.827999999999996,192.76
6743,149.86,44.958000000000006,149.86
6744,149.94,44.982,149.94
6745,150.26,45.077999999999996,150.26
6746,152.51,45.75299999999999,152.51
6747,156.65,46.995,156.65
6748,172.82,51.846,172.82
6749,135.14,40.541999999999994,135.14
6750,133.75,40.125,133.75
6751,141.12,42.336,141.12
6752,132.76,39.827999999999996,132.76
6753,153.99,46.197,153.99
6754,147.8,44.34,147.8
6755,152.75,45.824999999999996,152.75
6756,126.42,37.926,126.42
6757,168.74,50.622,168.74
6758,134.38,40.314,134.38
6759,146.63,43.989,146.63
6760,137.02,41.106,137.02
6761,144.11,43.233000000000004,144.11
6762,158.61,47.583000000000006,158.61
6763,152.35,45.705,152.35
6764,150.84,45.252,150.84
6765,134.22,40.266,134.22
6766,133.49,40.047000000000004,133.49
6767,203.78,61.134,203.78
6768,118.45,35.535,118.45
6769,172.22,51.666,172.22
6770,180.05,54.015,180.05
6771,158.25,47.475,158.25
6772,169.92,50.97599999999999,169.92
6773,174.17,52.251,174.17
6774,138.57,41.571,138.57
6775,154.97,46.491,154.97
6776,182.95,54.885,182.95
6777,132.65,39.795,132.65
6778,139.4,41.82,139.4
6779,173.04,51.912,173.04
6780,128.28,38.484,128.28
6781,130.05,39.015,130.05
6782,143.28,42.984,143.28
6783,139.57,41.870999999999995,139.57
6784,162.34,48.702,162.34
6785,144.57,43.370999999999995,144.57
6786,180.51,54.153,180.51
6787,149.73,44.919,149.73
6788,144.73,43.419,144.73
6789,165.49,49.647,165.49
6790,144.39,43.31699999999999,144.39
6791,166.76,50.028,166.76
6792,158.13,47.439,158.13
6793,161.94,48.582,161.94
6794,156.66,46.998,156.66
6795,159.09,47.727,159.09
6796,170.5,51.15,170.5
6797,136.12,40.836,136.12
6798,160.21,48.063,160.21
6799,119.01,35.703,119.01
6800,131.66,39.498,131.66
6801,128.16,38.448,128.16
6802,153.51,46.053,153.51
6803,130.57,39.171,130.57
6804,144.22,43.266,144.22
6805,144.17,43.251,144.17
6806,164.43,49.329,164.43
6807,147.33,44.199000000000005,147.33
6808,139.17,41.751,139.17
6809,146.81,44.043,146.81
6810,149.33,44.799,149.33
6811,169.93,50.979,169.93
6812,145.82,43.745999999999995,145.82
6813,145.46,43.638,145.46
6814,171.52,51.456,171.52
6815,140.58,42.174,140.58
6816,158.66,47.598,158.66
6817,140.1,42.029999999999994,140.1
6818,143.4,43.02,143.4
6819,151.64,45.492,151.64
6820,154.22,46.266,154.22
6821,142.5,42.75,142.5
6822,112.98,33.894,112.98
6823,121.06,36.318,121.06
6824,163.69,49.107,163.69
6825,130.12,39.036,130.12
6826,145.6,43.68,145.6
6827,170.68,51.204,170.68
6828,137.28,41.184,137.28
6829,165.45,49.635,165.45
6830,140.83,42.249,140.83
6831,148.19,44.457,148.19
6832,126.95,38.085,126.95
6833,156.66,46.998,156.66
6834,208.89,62.666999999999994,208.89
6835,154.57,46.370999999999995,154.57
6836,179.15,53.745,179.15
6837,163.36,49.008,163.36
6838,151.51,45.452999999999996,151.51
6839,150.87,45.261,150.87
6840,142.76,42.827999999999996,142.76
6841,184.5,55.35,184.5
6842,146.05,43.815000000000005,146.05
6843,135.97,40.791,135.97
6844,150.11,45.033,150.11
6845,132.2,39.66,132.2
6846,158.74,47.622,158.74
6847,210.03,63.009,210.03
6848,143.17,42.95099999999999,143.17
6849,112.98,33.894,112.98
6850,126.33,37.899,126.33
6851,110.62,33.186,110.62
6852,140.99,42.297000000000004,140.99
6853,150.43,45.129,150.43
6854,181.14,54.34199999999999,181.14
6855,149.38,44.814,149.38
6856,144.14,43.242,144.14
6857,119.36,35.808,119.36
6858,112.05,33.614999999999995,112.05
6859,146.51,43.952999999999996,146.51
6860,153.08,45.924,153.08
6861,161.3,48.39,161.3
6862,136.87,41.061,136.87
6863,158.67,47.60099999999999,158.67
6864,158.2,47.459999999999994,158.2
6865,172.05,51.615,172.05
6866,163.03,48.909,163.03
6867,161.11,48.333000000000006,161.11
6868,143.62,43.086,143.62
6869,134.32,40.296,134.32
6870,138.86,41.658,138.86
6871,125.5,37.65,125.5
6872,161.04,48.312,161.04
6873,172.53,51.759,172.53
6874,153.62,46.086,153.62
6875,159.08,47.724000000000004,159.08
6876,136.72,41.016,136.72
6877,131.31,39.393,131.31
6878,136.91,41.073,136.91
6879,137.79,41.336999999999996,137.79
6880,136.11,40.833000000000006,136.11
6881,172.45,51.73499999999999,172.45
6882,122.7,36.81,122.7
6883,154.62,46.386,154.62
6884,172.74,51.822,172.74
6885,151.97,45.591,151.97
6886,143.92,43.175999999999995,143.92
6887,147.0,44.1,147.0
6888,152.97,45.891,152.97
6889,157.26,47.178,157.26
6890,168.47,50.541,168.47
6891,145.29,43.586999999999996,145.29
6892,159.33,47.799,159.33
6893,125.42,37.626,125.42
6894,131.21,39.363,131.21
6895,139.66,41.897999999999996,139.66
6896,128.01,38.403,128.01
6897,145.36,43.608000000000004,145.36
6898,137.02,41.106,137.02
6899,148.94,44.681999999999995,148.94
6900,131.44,39.431999999999995,131.44
6901,116.94,35.082,116.94
6902,144.33,43.299,144.33
6903,144.75,43.425,144.75
6904,127.55,38.265,127.55
6905,119.65,35.895,119.65
6906,155.94,46.782,155.94
6907,158.7,47.60999999999999,158.7
6908,151.64,45.492,151.64
6909,135.03,40.509,135.03
6910,175.54,52.662,175.54
6911,189.98,56.99399999999999,189.98
6912,157.7,47.309999999999995,157.7
6913,116.47,34.940999999999995,116.47
6914,155.77,46.731,155.77
6915,150.1,45.029999999999994,150.1
6916,151.61,45.483000000000004,151.61
6917,140.35,42.105,140.35
6918,131.29,39.38699999999999,131.29
6919,149.8,44.940000000000005,149.8
6920,149.9,44.97,149.9
6921,147.21,44.163000000000004,147.21
6922,140.87,42.261,140.87
6923,125.3,37.589999999999996,125.3
6924,136.19,40.857,136.19
6925,138.09,41.427,138.09
6926,138.34,41.502,138.34
6927,132.25,39.675,132.25
6928,157.96,47.388,157.96
6929,134.05,40.215,134.05
6930,154.8,46.440000000000005,154.8
6931,153.67,46.10099999999999,153.67
6932,157.66,47.297999999999995,157.66
6933,126.26,37.878,126.26
6934,128.07,38.421,128.07
6935,163.09,48.927,163.09
6936,156.46,46.938,156.46
6937,170.7,51.209999999999994,170.7
6938,135.53,40.659,135.53
6939,145.08,43.524,145.08
6940,154.94,46.482,154.94
6941,153.41,46.022999999999996,153.41
6942,164.4,49.32,164.4
6943,142.73,42.818999999999996,142.73
6944,128.21,38.463,128.21
6945,123.48,37.044,123.48
6946,126.05,37.815,126.05
6947,133.36,40.008,133.36
6948,119.43,35.829,119.43
6949,120.51,36.153,120.51
6950,117.53,35.259,117.53
6951,117.64,35.292,117.64
6952,135.28,40.583999999999996,135.28
6953,127.48,38.244,127.48
6954,120.48,36.144,120.48
6955,138.85,41.654999999999994,138.85
6956,169.16,50.748,169.16
6957,196.03,58.809,196.03
6958,151.79,45.537,151.79
6959,143.16,42.948,143.16
6960,156.84,47.052,156.84
6961,116.92,35.076,116.92
6962,171.22,51.366,171.22
6963,145.13,43.538999999999994,145.13
6964,129.59,38.877,129.59
6965,140.91,42.272999999999996,140.91
6966,114.72,34.416,114.72
6967,165.43,49.629,165.43
6968,102.83,30.848999999999997,102.83
6969,128.05,38.415,128.05
6970,113.35,34.004999999999995,113.35
6971,114.31,34.293,114.31
6972,155.93,46.779,155.93
6973,125.78,37.734,125.78
6974,126.48,37.944,126.48
6975,141.64,42.492,141.64
6976,125.82,37.745999999999995,125.82
6977,146.98,44.093999999999994,146.98
6978,128.58,38.574000000000005,128.58
6979,179.7,53.91,179.7
6980,123.95,37.185,123.95
6981,154.42,46.32599999999999,154.42
6982,152.88,45.864,152.88
6983,218.51,65.553,218.51
6984,176.87,53.061,176.87
6985,140.88,42.263999999999996,140.88
6986,163.19,48.957,163.19
6987,153.45,46.035,153.45
6988,141.95,42.584999999999994,141.95
6989,159.67,47.900999999999996,159.67
6990,125.49,37.647,125.49
6991,136.66,40.998,136.66
6992,129.96,38.988,129.96
6993,112.42,33.726,112.42
6994,135.62,40.686,135.62
6995,120.03,36.009,120.03
6996,127.49,38.247,127.49
6997,128.51,38.553,128.51
6998,152.55,45.765,152.55
6999,132.56,39.768,132.56
7000,148.26,44.477999999999994,148.26
7001,131.25,39.375,131.25
7002,132.51,39.75299999999999,132.51
7003,154.64,46.391999999999996,154.64
7004,150.93,45.279,150.93
7005,155.15,46.545,155.15
7006,165.67,49.70099999999999,165.67
7007,173.38,52.013999999999996,173.38
7008,181.66,54.498,181.66
7009,136.35,40.904999999999994,136.35
7010,151.0,45.3,151.0
7011,138.03,41.409,138.03
7012,152.99,45.897,152.99
7013,128.76,38.62799999999999,128.76
7014,118.72,35.616,118.72
7015,145.7,43.709999999999994,145.7
7016,132.91,39.873,132.91
7017,129.89,38.96699999999999,129.89
7018,153.28,45.984,153.28
7019,153.12,45.936,153.12
7020,134.35,40.305,134.35
7021,114.53,34.359,114.53
7022,133.59,40.077,133.59
7023,106.59,31.977,106.59
7024,145.79,43.736999999999995,145.79
7025,113.67,34.101,113.67
7026,108.71,32.613,108.71
7027,131.53,39.458999999999996,131.53
7028,146.46,43.938,146.46
7029,143.12,42.936,143.12
7030,158.88,47.663999999999994,158.88
7031,128.56,38.568,128.56
7032,125.84,37.752,125.84
7033,140.11,42.033,140.11
7034,146.22,43.866,146.22
7035,145.28,43.583999999999996,145.28
7036,136.2,40.85999999999999,136.2
7037,124.75,37.425,124.75
7038,127.61,38.283,127.61
7039,164.09,49.227,164.09
7040,150.94,45.282,150.94
7041,128.59,38.577,128.59
7042,141.97,42.591,141.97
7043,110.95,33.285,110.95
7044,115.46,34.638,115.46
7045,131.35,39.404999999999994,131.35
7046,142.29,42.687,142.29
7047,117.39,35.217,117.39
7048,125.46,37.638,125.46
7049,130.44,39.132,130.44
7050,126.57,37.971,126.57
7051,138.65,41.595,138.65
7052,163.26,48.977999999999994,163.26
7053,133.62,40.086,133.62
7054,159.19,47.757,159.19
7055,146.83,44.049,146.83
7056,126.3,37.89,126.3
7057,125.46,37.638,125.46
7058,125.29,37.587,125.29
7059,182.45,54.73499999999999,182.45
7060,170.91,51.272999999999996,170.91
7061,133.57,40.071,133.57
7062,130.34,39.102,130.34
7063,131.04,39.312,131.04
7064,116.46,34.937999999999995,116.46
7065,127.85,38.355,127.85
7066,122.3,36.69,122.3
7067,134.5,40.35,134.5
7068,120.78,36.234,120.78
7069,150.28,45.083999999999996,150.28
7070,127.44,38.232,127.44
7071,134.12,40.236,134.12
7072,154.35,46.305,154.35
7073,168.64,50.59199999999999,168.64
7074,154.24,46.272,154.24
7075,180.16,54.047999999999995,180.16
7076,124.86,37.458,124.86
7077,139.6,41.879999999999995,139.6
7078,132.89,39.867,132.89
7079,116.89,35.067,116.89
7080,134.13,40.239,134.13
7081,119.34,35.802,119.34
7082,152.02,45.606,152.02
7083,112.87,33.861,112.87
7084,126.74,38.022,126.74
7085,138.8,41.64,138.8
7086,143.47,43.041,143.47
7087,132.29,39.687,132.29
7088,112.95,33.885,112.95
7089,121.42,36.426,121.42
7090,130.57,39.171,130.57
7091,137.34,41.202,137.34
7092,123.8,37.14,123.8
7093,143.61,43.083000000000006,143.61
7094,112.57,33.770999999999994,112.57
7095,124.45,37.335,124.45
7096,134.75,40.425,134.75
7097,119.33,35.799,119.33
7098,130.85,39.254999999999995,130.85
7099,147.73,44.318999999999996,147.73
7100,113.63,34.089,113.63
7101,136.55,40.965,136.55
7102,163.43,49.029,163.43
7103,117.62,35.286,117.62
7104,138.06,41.418,138.06
7105,137.44,41.232,137.44
7106,159.68,47.904,159.68
7107,153.82,46.145999999999994,153.82
7108,112.38,33.714,112.38
7109,129.25,38.775,129.25
7110,146.71,44.013,146.71
7111,131.55,39.465,131.55
7112,110.96,33.288,110.96
7113,107.6,32.279999999999994,107.6
7114,143.8,43.14,143.8
7115,109.19,32.757,109.19
7116,127.42,38.226,127.42
7117,117.05,35.114999999999995,117.05
7118,119.1,35.73,119.1
7119,131.81,39.543,131.81
7120,122.92,36.876,122.92
7121,121.96,36.587999999999994,121.96
7122,148.02,44.406,148.02
7123,143.2,42.959999999999994,143.2
7124,121.8,36.54,121.8
7125,141.08,42.324000000000005,141.08
7126,141.84,42.552,141.84
7127,152.21,45.663000000000004,152.21
7128,188.41,56.522999999999996,188.41
7129,151.5,45.449999999999996,151.5
7130,181.21,54.363,181.21
7131,130.38,39.114,130.38
7132,134.74,40.422000000000004,134.74
7133,125.75,37.725,125.75
7134,136.16,40.848,136.16
7135,109.86,32.958,109.86
7136,127.56,38.268,127.56
7137,133.76,40.12799999999999,133.76
7138,86.93,26.079,86.93
7139,128.58,38.574000000000005,128.58
7140,127.24,38.172,127.24
7141,127.41,38.223,127.41
7142,144.48,43.343999999999994,144.48
7143,133.32,39.995999999999995,133.32
7144,127.26,38.178,127.26
7145,140.95,42.285,140.95
7146,138.43,41.529,138.43
7147,114.37,34.311,114.37
7148,138.23,41.468999999999994,138.23
7149,137.79,41.336999999999996,137.79
7150,178.17,53.45099999999999,178.17
7151,130.29,39.086999999999996,130.29
7152,159.83,47.949000000000005,159.83
7153,155.12,46.536,155.12
7154,127.12,38.136,127.12
7155,128.72,38.616,128.72
7156,111.93,33.579,111.93
7157,113.25,33.975,113.25
7158,128.63,38.589,128.63
7159,130.59,39.177,130.59
7160,142.56,42.768,142.56
7161,110.6,33.18,110.6
7162,115.21,34.562999999999995,115.21
7163,124.27,37.281,124.27
7164,116.79,35.037,116.79
7165,117.99,35.397,117.99
7166,131.06,39.318,131.06
7167,107.79,32.337,107.79
7168,153.77,46.131,153.77
7169,109.79,32.937,109.79
7170,125.5,37.65,125.5
7171,126.35,37.904999999999994,126.35
7172,124.57,37.370999999999995,124.57
7173,141.8,42.54,141.8
7174,143.19,42.957,143.19
7175,116.26,34.878,116.26
7176,116.18,34.854,116.18
7177,135.55,40.665,135.55
7178,156.0,46.8,156.0
7179,130.89,39.266999999999996,130.89
7180,125.84,37.752,125.84
7181,126.21,37.863,126.21
7182,138.65,41.595,138.65
7183,166.74,50.022,166.74
7184,117.15,35.145,117.15
7185,122.02,36.605999999999995,122.02
7186,124.97,37.491,124.97
7187,118.97,35.690999999999995,118.97
7188,146.82,44.046,146.82
7189,147.36,44.208000000000006,147.36
7190,125.07,37.520999999999994,125.07
7191,139.41,41.823,139.41
7192,137.82,41.346,137.82
7193,132.94,39.882,132.94
7194,144.4,43.32,144.4
7195,114.79,34.437,114.79
7196,122.06,36.618,122.06
7197,164.32,49.296,164.32
7198,177.01,53.102999999999994,177.01
7199,133.41,40.022999999999996,133.41
7200,122.37,36.711,122.37
7201,124.65,37.395,124.65
7202,119.71,35.913,119.71
7203,117.26,35.178,117.26
7204,141.18,42.354,141.18
7205,142.97,42.891,142.97
7206,115.21,34.562999999999995,115.21
7207,138.04,41.412,138.04
7208,127.73,38.319,127.73
7209,123.56,37.068,123.56
7210,148.59,44.577,148.59
7211,134.34,40.302,134.34
7212,118.29,35.487,118.29
7213,117.23,35.169,117.23
7214,126.52,37.955999999999996,126.52
7215,149.19,44.757,149.19
7216,192.23,57.669,192.23
7217,118.85,35.654999999999994,118.85
7218,136.35,40.904999999999994,136.35
7219,213.86,64.158,213.86
7220,110.46,33.138,110.46
7221,145.2,43.559999999999995,145.2
7222,127.1,38.129999999999995,127.1
7223,127.41,38.223,127.41
7224,142.51,42.75299999999999,142.51
7225,129.01,38.702999999999996,129.01
7226,146.01,43.803,146.01
7227,135.79,40.736999999999995,135.79
7228,142.31,42.693,142.31
7229,125.06,37.518,125.06
7230,166.41,49.922999999999995,166.41
7231,108.56,32.568,108.56
7232,116.92,35.076,116.92
7233,133.82,40.145999999999994,133.82
7234,120.13,36.038999999999994,120.13
7235,96.69,29.006999999999998,96.69
7236,98.67,29.601,98.67
7237,135.64,40.69199999999999,135.64
7238,92.51,27.753,92.51
7239,121.23,36.369,121.23
7240,111.34,33.402,111.34
7241,132.0,39.6,132.0
7242,118.03,35.409,118.03
7243,160.92,48.275999999999996,160.92
7244,147.72,44.315999999999995,147.72
7245,124.05,37.214999999999996,124.05
7246,141.55,42.465,141.55
7247,136.16,40.848,136.16
7248,131.8,39.54,131.8
7249,173.03,51.909,173.03
7250,131.22,39.366,131.22
7251,131.6,39.48,131.6
7252,129.33,38.799,129.33
7253,109.05,32.714999999999996,109.05
7254,133.69,40.107,133.69
7255,122.26,36.678,122.26
7256,99.11,29.732999999999997,99.11
7257,136.17,40.85099999999999,136.17
7258,114.25,34.275,114.25
7259,133.6,40.08,133.6
7260,107.27,32.181,107.27
7261,98.2,29.46,98.2
7262,103.77,31.130999999999997,103.77
7263,136.21,40.863,136.21
7264,105.56,31.668,105.56
7265,130.67,39.20099999999999,130.67
7266,137.12,41.136,137.12
7267,115.54,34.662,115.54
7268,127.21,38.163,127.21
7269,144.37,43.311,144.37
7270,137.57,41.270999999999994,137.57
7271,140.22,42.065999999999995,140.22
7272,146.91,44.073,146.91
7273,129.82,38.946,129.82
7274,142.64,42.791999999999994,142.64
7275,122.63,36.788999999999994,122.63
7276,151.99,45.597,151.99
7277,114.42,34.326,114.42
7278,124.72,37.416,124.72
7279,102.78,30.834,102.78
7280,130.12,39.036,130.12
7281,136.79,41.037,136.79
7282,97.27,29.180999999999997,97.27
7283,143.07,42.921,143.07
7284,139.16,41.748,139.16
7285,114.99,34.497,114.99
7286,107.19,32.157,107.19
7287,142.54,42.76199999999999,142.54
7288,170.85,51.254999999999995,170.85
7289,119.45,35.835,119.45
7290,105.19,31.557,105.19
7291,148.15,44.445,148.15
7292,135.09,40.527,135.09
7293,133.35,40.004999999999995,133.35
7294,131.65,39.495,131.65
7295,147.52,44.256,147.52
7296,128.96,38.688,128.96
7297,139.34,41.802,139.34
7298,117.02,35.105999999999995,117.02
7299,137.88,41.364,137.88
7300,159.34,47.802,159.34
7301,130.05,39.015,130.05
7302,117.79,35.337,117.79
7303,151.18,45.354,151.18
7304,115.59,34.677,115.59
7305,131.28,39.384,131.28
7306,100.51,30.153,100.51
7307,138.74,41.622,138.74
7308,136.74,41.022,136.74
7309,106.21,31.862999999999996,106.21
7310,131.85,39.555,131.85
7311,99.53,29.858999999999998,99.53
7312,104.4,31.32,104.4
7313,126.28,37.884,126.28
7314,126.55,37.964999999999996,126.55
7315,123.02,36.906,123.02
7316,146.95,44.084999999999994,146.95
7317,121.36,36.408,121.36
7318,132.75,39.824999999999996,132.75
7319,134.79,40.437,134.79
7320,155.18,46.554,155.18
7321,149.14,44.742,149.14
7322,142.28,42.684,142.28
7323,116.79,35.037,116.79
7324,113.32,33.995999999999995,113.32
7325,115.41,34.623,115.41
7326,139.75,41.925,139.75
7327,123.81,37.143,123.81
7328,119.01,35.703,119.01
7329,105.64,31.692,105.64
7330,103.94,31.182,103.94
7331,100.35,30.104999999999997,100.35
7332,118.4,35.52,118.4
7333,96.32,28.895999999999997,96.32
7334,104.66,31.397999999999996,104.66
7335,99.53,29.858999999999998,99.53
7336,102.12,30.636,102.12
7337,122.63,36.788999999999994,122.63
7338,164.6,49.379999999999995,164.6
7339,150.88,45.263999999999996,150.88
7340,135.37,40.611,135.37
7341,112.75,33.824999999999996,112.75
7342,179.32,53.796,179.32
7343,124.21,37.263,124.21
7344,131.46,39.438,131.46
7345,133.4,40.02,133.4
7346,137.17,41.150999999999996,137.17
7347,124.17,37.251,124.17
7348,102.73,30.819,102.73
7349,109.06,32.717999999999996,109.06
7350,107.66,32.297999999999995,107.66
7351,114.26,34.278,114.26
7352,115.31,34.592999999999996,115.31
7353,108.66,32.598,108.66
7354,112.02,33.605999999999995,112.02
7355,124.31,37.293,124.31
7356,105.85,31.754999999999995,105.85
7357,133.33,39.999,133.33
7358,129.58,38.874,129.58
7359,109.9,32.97,109.9
7360,168.71,50.613,168.71
7361,109.79,32.937,109.79
7362,112.9,33.87,112.9
7363,115.76,34.728,115.76
7364,154.01,46.202999999999996,154.01
7365,133.35,40.004999999999995,133.35
7366,129.1,38.73,129.1
7367,117.28,35.184,117.28
7368,123.17,36.951,123.17
7369,118.91,35.672999999999995,118.91
7370,115.56,34.668,115.56
7371,138.98,41.693999999999996,138.98
7372,118.41,35.522999999999996,118.41
7373,134.78,40.434,134.78
7374,114.39,34.317,114.39
7375,115.29,34.587,115.29
7376,116.52,34.955999999999996,116.52
7377,133.48,40.044,133.48
7378,163.79,49.13699999999999,163.79
7379,124.39,37.317,124.39
7380,119.58,35.873999999999995,119.58
7381,155.45,46.635,155.45
7382,106.11,31.833,106.11
7383,121.69,36.507,121.69
7384,114.62,34.386,114.62
7385,130.41,39.123,130.41
7386,141.0,42.3,141.0
7387,119.72,35.916,119.72
7388,157.81,47.342999999999996,157.81
7389,158.33,47.499,158.33
7390,150.89,45.266999999999996,150.89
7391,129.63,38.888999999999996,129.63
7392,142.7,42.809999999999995,142.7
7393,109.59,32.877,109.59
7394,169.86,50.958000000000006,169.86
7395,136.11,40.833000000000006,136.11
7396,107.91,32.373,107.91
7397,148.1,44.43,148.1
7398,105.7,31.71,105.7
7399,137.4,41.22,137.4
7400,114.41,34.323,114.41
7401,120.96,36.288,120.96
7402,109.64,32.891999999999996,109.64
7403,106.89,32.067,106.89
7404,80.87,24.261,80.87
7405,99.33,29.799,99.33
7406,133.27,39.981,133.27
7407,109.6,32.879999999999995,109.6
7408,131.99,39.597,131.99
7409,108.8,32.64,108.8
7410,104.92,31.476,104.92
7411,144.68,43.404,144.68
7412,133.22,39.966,133.22
7413,116.61,34.983,116.61
7414,143.4,43.02,143.4
7415,139.03,41.708999999999996,139.03
7416,129.69,38.907,129.69
7417,135.82,40.745999999999995,135.82
7418,153.48,46.044,153.48
7419,134.94,40.482,134.94
7420,133.0,39.9,133.0
7421,113.88,34.163999999999994,113.88
7422,123.48,37.044,123.48
7423,130.88,39.263999999999996,130.88
7424,109.43,32.829,109.43
7425,116.55,34.964999999999996,116.55
7426,112.51,33.753,112.51
7427,131.45,39.434999999999995,131.45
7428,124.05,37.214999999999996,124.05
7429,119.13,35.739,119.13
7430,122.65,36.795,122.65
7431,104.69,31.406999999999996,104.69
7432,88.38,26.514,88.38
7433,109.11,32.733,109.11
7434,123.84,37.152,123.84
7435,144.26,43.278,144.26
7436,121.63,36.489,121.63
7437,118.61,35.583,118.61
7438,130.15,39.045,130.15
7439,143.05,42.915,143.05
7440,116.85,35.055,116.85
7441,114.82,34.446,114.82
7442,111.97,33.591,111.97
7443,117.63,35.288999999999994,117.63
7444,104.64,31.392,104.64
7445,109.31,32.793,109.31
7446,114.07,34.221,114.07
7447,103.72,31.116,103.72
7448,108.22,32.466,108.22
7449,121.99,36.596999999999994,121.99
7450,130.3,39.09,130.3
7451,134.1,40.23,134.1
7452,99.22,29.766,99.22
7453,118.4,35.52,118.4
7454,96.57,28.970999999999997,96.57
7455,122.13,36.638999999999996,122.13
7456,99.75,29.924999999999997,99.75
7457,127.08,38.123999999999995,127.08
7458,107.62,32.286,107.62
7459,113.95,34.185,113.95
7460,114.16,34.248,114.16
7461,160.19,48.056999999999995,160.19
7462,116.53,34.958999999999996,116.53
7463,176.53,52.958999999999996,176.53
7464,126.37,37.911,126.37
7465,126.29,37.887,126.29
7466,126.18,37.854,126.18
7467,133.88,40.163999999999994,133.88
7468,114.97,34.491,114.97
7469,144.49,43.347,144.49
7470,112.9,33.87,112.9
7471,93.53,28.059,93.53
7472,121.79,36.537,121.79
7473,111.53,33.458999999999996,111.53
7474,96.92,29.076,96.92
7475,97.34,29.201999999999998,97.34
7476,110.86,33.257999999999996,110.86
7477,127.69,38.306999999999995,127.69
7478,122.38,36.714,122.38
7479,105.46,31.637999999999998,105.46
7480,106.33,31.898999999999997,106.33
7481,109.95,32.985,109.95
7482,111.79,33.537,111.79
7483,157.71,47.313,157.71
7484,124.63,37.388999999999996,124.63
7485,134.8,40.440000000000005,134.8
7486,136.16,40.848,136.16
7487,111.7,33.51,111.7
7488,132.12,39.636,132.12
7489,152.06,45.618,152.06
7490,154.46,46.338,154.46
7491,119.07,35.721,119.07
7492,146.23,43.86899999999999,146.23
7493,117.35,35.205,117.35
7494,136.45,40.934999999999995,136.45
7495,97.02,29.105999999999998,97.02
7496,113.33,33.998999999999995,113.33
7497,131.32,39.395999999999994,131.32
7498,123.7,37.11,123.7
7499,110.55,33.165,110.55
7500,92.81,27.843,92.81
7501,141.44,42.431999999999995,141.44
7502,122.97,36.891,122.97
7503,124.46,37.337999999999994,124.46
7504,117.59,35.277,117.59
7505,133.71,40.113,133.71
7506,128.74,38.622,128.74
7507,113.78,34.134,113.78
7508,132.53,39.759,132.53
7509,124.98,37.494,124.98
7510,106.73,32.019,106.73
7511,140.04,42.01199999999999,140.04
7512,130.7,39.209999999999994,130.7
7513,110.88,33.263999999999996,110.88
7514,112.22,33.666,112.22
7515,122.49,36.747,122.49
7516,111.88,33.564,111.88
7517,121.01,36.303,121.01
7518,99.09,29.727,99.09
7519,164.11,49.233000000000004,164.11
7520,130.3,39.09,130.3
7521,104.44,31.331999999999997,104.44
7522,99.92,29.976,99.92
7523,99.81,29.942999999999998,99.81
7524,105.92,31.776,105.92
7525,91.5,27.45,91.5
7526,111.97,33.591,111.97
7527,116.26,34.878,116.26
7528,94.66,28.398,94.66
7529,96.68,29.004,96.68
7530,119.22,35.766,119.22
7531,137.04,41.111999999999995,137.04
7532,120.79,36.237,120.79
7533,110.65,33.195,110.65
7534,126.45,37.935,126.45
7535,122.54,36.762,122.54
7536,117.34,35.202,117.34
7537,115.08,34.524,115.08
7538,139.69,41.907,139.69
7539,148.77,44.631,148.77
7540,141.42,42.425999999999995,141.42
7541,116.72,35.016,116.72
7542,116.0,34.8,116.0
7543,120.05,36.015,120.05
7544,119.03,35.708999999999996,119.03
7545,84.91,25.473,84.91
7546,98.12,29.436,98.12
7547,113.54,34.062,113.54
7548,99.55,29.865,99.55
7549,102.38,30.714,102.38
7550,114.06,34.217999999999996,114.06
7551,104.37,31.311,104.37
7552,109.24,32.772,109.24
7553,109.31,32.793,109.31
7554,108.27,32.480999999999995,108.27
7555,121.1,36.33,121.1
7556,110.47,33.141,110.47
7557,101.09,30.326999999999998,101.09
7558,124.85,37.455,124.85
7559,123.42,37.025999999999996,123.42
7560,142.42,42.72599999999999,142.42
7561,162.98,48.894,162.98
7562,129.08,38.724000000000004,129.08
7563,112.31,33.693,112.31
7564,123.03,36.909,123.03
7565,139.02,41.706,139.02
7566,112.33,33.699,112.33
7567,98.93,29.679000000000002,98.93
7568,98.36,29.508,98.36
7569,102.88,30.863999999999997,102.88
7570,123.07,36.921,123.07
7571,111.05,33.315,111.05
7572,139.05,41.715,139.05
7573,98.41,29.522999999999996,98.41
7574,103.41,31.022999999999996,103.41
7575,113.19,33.957,113.19
7576,122.6,36.779999999999994,122.6
7577,109.19,32.757,109.19
7578,103.51,31.053,103.51
7579,112.86,33.858,112.86
7580,116.28,34.884,116.28
7581,106.41,31.923,106.41
7582,131.08,39.324000000000005,131.08
7583,140.36,42.108000000000004,140.36
7584,117.87,35.361,117.87
7585,109.46,32.837999999999994,109.46
7586,107.23,32.169,107.23
7587,128.13,38.439,128.13
7588,132.62,39.786,132.62
7589,95.58,28.674,95.58
7590,131.14,39.34199999999999,131.14
7591,96.59,28.977,96.59
7592,104.92,31.476,104.92
7593,111.77,33.531,111.77
7594,96.32,28.895999999999997,96.32
7595,102.16,30.647999999999996,102.16
7596,100.68,30.204,100.68
7597,124.55,37.364999999999995,124.55
7598,111.61,33.483,111.61
7599,108.41,32.522999999999996,108.41
7600,109.42,32.826,109.42
7601,115.05,34.515,115.05
7602,110.36,33.108,110.36
7603,106.74,32.022,106.74
7604,109.43,32.829,109.43
7605,105.19,31.557,105.19
7606,115.76,34.728,115.76
7607,183.97,55.190999999999995,183.97
7608,90.75,27.224999999999998,90.75
7609,107.51,32.253,107.51
7610,120.82,36.245999999999995,120.82
7611,114.8,34.44,114.8
7612,105.3,31.589999999999996,105.3
7613,123.72,37.116,123.72
7614,117.2,35.16,117.2
7615,112.44,33.732,112.44
7616,96.01,28.803,96.01
7617,93.57,28.070999999999998,93.57
7618,116.07,34.821,116.07
7619,92.13,27.639,92.13
7620,96.8,29.04,96.8
7621,119.68,35.904,119.68
7622,135.92,40.775999999999996,135.92
7623,92.35,27.705,92.35
7624,118.46,35.538,118.46
7625,114.16,34.248,114.16
7626,114.03,34.208999999999996,114.03
7627,119.91,35.973,119.91
7628,134.44,40.332,134.44
7629,111.79,33.537,111.79
7630,109.14,32.742,109.14
7631,125.56,37.668,125.56
7632,118.18,35.454,118.18
7633,142.38,42.714,142.38
7634,121.79,36.537,121.79
7635,108.34,32.502,108.34
7636,109.75,32.925,109.75
7637,113.04,33.912,113.04
7638,102.71,30.812999999999995,102.71
7639,110.07,33.020999999999994,110.07
7640,99.7,29.91,99.7
7641,121.99,36.596999999999994,121.99
7642,104.79,31.437,104.79
7643,117.46,35.238,117.46
7644,103.98,31.194,103.98
7645,91.11,27.333,91.11
7646,125.71,37.712999999999994,125.71
7647,89.69,26.907,89.69
7648,123.23,36.969,123.23
7649,144.81,43.443,144.81
7650,131.51,39.452999999999996,131.51
7651,124.31,37.293,124.31
7652,104.44,31.331999999999997,104.44
7653,122.82,36.846,122.82
7654,110.08,33.024,110.08
7655,119.2,35.76,119.2
7656,136.69,41.007,136.69
7657,138.67,41.60099999999999,138.67
7658,103.55,31.064999999999998,103.55
7659,121.86,36.558,121.86
7660,141.34,42.402,141.34
7661,107.62,32.286,107.62
7662,112.89,33.867,112.89
7663,132.99,39.897,132.99
7664,117.97,35.391,117.97
7665,98.54,29.562,98.54
7666,108.93,32.679,108.93
7667,149.46,44.838,149.46
7668,118.28,35.484,118.28
7669,75.78,22.733999999999998,75.78
7670,96.99,29.096999999999998,96.99
7671,89.7,26.91,89.7
7672,80.58,24.174,80.58
7673,142.95,42.885,142.95
7674,102.74,30.821999999999996,102.74
7675,114.35,34.305,114.35
7676,110.61,33.183,110.61
7677,115.26,34.578,115.26
7678,125.64,37.692,125.64
7679,125.36,37.608,125.36
7680,111.07,33.321,111.07
7681,116.41,34.922999999999995,116.41
7682,120.32,36.096,120.32
7683,149.01,44.702999999999996,149.01
7684,119.22,35.766,119.22
7685,114.95,34.485,114.95
7686,115.69,34.707,115.69
7687,90.63,27.188999999999997,90.63
7688,93.47,28.041,93.47
7689,140.68,42.204,140.68
7690,108.64,32.592,108.64
7691,98.33,29.499,98.33
7692,121.95,36.585,121.95
7693,93.39,28.017,93.39
7694,96.6,28.979999999999997,96.6
7695,97.45,29.235,97.45
7696,122.34,36.702,122.34
7697,103.88,31.163999999999998,103.88
7698,114.78,34.434,114.78
7699,101.17,30.351,101.17
7700,112.0,33.6,112.0
7701,142.12,42.636,142.12
7702,148.58,44.574000000000005,148.58
7703,129.51,38.852999999999994,129.51
7704,113.82,34.145999999999994,113.82
7705,118.73,35.619,118.73
7706,93.17,27.951,93.17
7707,101.22,30.366,101.22
7708,118.83,35.649,118.83
7709,112.84,33.852,112.84
7710,149.71,44.913000000000004,149.71
7711,94.15,28.245,94.15
7712,82.53,24.759,82.53
7713,103.34,31.002,103.34
7714,114.88,34.464,114.88
7715,112.57,33.770999999999994,112.57
7716,82.57,24.770999999999997,82.57
7717,89.95,26.985,89.95
7718,108.29,32.487,108.29
7719,124.36,37.308,124.36
7720,108.03,32.409,108.03
7721,118.15,35.445,118.15
7722,109.27,32.781,109.27
7723,175.07,52.520999999999994,175.07
7724,110.26,33.078,110.26
7725,103.92,31.176,103.92
7726,122.97,36.891,122.97
7727,125.13,37.538999999999994,125.13
7728,113.97,34.190999999999995,113.97
7729,116.91,35.073,116.91
7730,110.38,33.114,110.38
7731,123.12,36.936,123.12
7732,114.42,34.326,114.42
7733,126.98,38.094,126.98
7734,88.88,26.663999999999998,88.88
7735,117.61,35.283,117.61
7736,92.18,27.654,92.18
7737,94.81,28.443,94.81
7738,92.5,27.75,92.5
7739,106.55,31.964999999999996,106.55
7740,98.67,29.601,98.67
7741,101.7,30.509999999999998,101.7
7742,136.94,41.082,136.94
7743,100.32,30.095999999999997,100.32
7744,109.68,32.904,109.68
7745,99.61,29.883,99.61
7746,96.55,28.964999999999996,96.55
7747,95.15,28.545,95.15
7748,120.87,36.261,120.87
7749,114.28,34.284,114.28
7750,121.1,36.33,121.1
7751,104.45,31.335,104.45
7752,137.48,41.24399999999999,137.48
7753,118.75,35.625,118.75
7754,117.61,35.283,117.61
7755,112.08,33.623999999999995,112.08
7756,111.64,33.492,111.64
7757,105.29,31.587,105.29
7758,113.38,34.013999999999996,113.38
7759,167.37,50.211,167.37
7760,95.21,28.563,95.21
7761,120.38,36.114,120.38
7762,134.96,40.488,134.96
7763,94.8,28.439999999999998,94.8
7764,80.93,24.279,80.93
7765,93.92,28.176,93.92
7766,82.09,24.627,82.09
7767,119.95,35.985,119.95
7768,103.71,31.112999999999996,103.71
7769,116.73,35.019,116.73
7770,118.47,35.541,118.47
7771,108.4,32.52,108.4
7772,109.45,32.835,109.45
7773,98.87,29.661,98.87
7774,122.63,36.788999999999994,122.63
7775,118.71,35.613,118.71
7776,91.64,27.492,91.64
7777,121.39,36.417,121.39
7778,117.78,35.333999999999996,117.78
7779,125.3,37.589999999999996,125.3
7780,109.93,32.979,109.93
7781,109.05,32.714999999999996,109.05
7782,112.52,33.756,112.52
7783,122.86,36.858,122.86
7784,103.17,30.951,103.17
7785,78.69,23.607,78.69
7786,88.9,26.67,88.9
7787,97.17,29.151,97.17
7788,105.78,31.733999999999998,105.78
7789,130.08,39.024,130.08
7790,129.75,38.925,129.75
7791,103.18,30.954,103.18
7792,118.46,35.538,118.46
7793,104.05,31.214999999999996,104.05
7794,94.5,28.349999999999998,94.5
7795,122.74,36.821999999999996,122.74
7796,104.82,31.445999999999998,104.82
7797,129.9,38.97,129.9
7798,106.32,31.895999999999997,106.32
7799,113.02,33.906,113.02
7800,124.08,37.224,124.08
7801,98.24,29.471999999999998,98.24
7802,104.58,31.374,104.58
7803,125.97,37.791,125.97
7804,128.97,38.690999999999995,128.97
7805,101.49,30.446999999999996,101.49
7806,127.75,38.324999999999996,127.75
7807,127.73,38.319,127.73
7808,84.57,25.371,84.57
7809,95.25,28.575,95.25
7810,87.25,26.175,87.25
7811,93.02,27.906,93.02
7812,101.46,30.437999999999995,101.46
7813,109.79,32.937,109.79
7814,109.32,32.796,109.32
7815,123.85,37.154999999999994,123.85
7816,101.9,30.57,101.9
7817,120.98,36.294,120.98
7818,90.06,27.018,90.06
7819,105.19,31.557,105.19
7820,128.3,38.49,128.3
7821,106.23,31.869,106.23
7822,105.82,31.745999999999995,105.82
7823,97.65,29.295,97.65
7824,144.35,43.305,144.35
7825,130.83,39.249,130.83
7826,97.7,29.31,97.7
7827,117.23,35.169,117.23
7828,112.43,33.729,112.43
7829,116.7,35.01,116.7
7830,103.99,31.196999999999996,103.99
7831,87.33,26.198999999999998,87.33
7832,104.56,31.368,104.56
7833,82.93,24.879,82.93
7834,94.73,28.419,94.73
7835,106.88,32.064,106.88
7836,104.63,31.388999999999996,104.63
7837,84.62,25.386,84.62
7838,93.0,27.9,93.0
7839,101.56,30.468,101.56
7840,96.77,29.031,96.77
7841,126.78,38.034,126.78
7842,110.86,33.257999999999996,110.86
7843,125.47,37.641,125.47
7844,99.8,29.939999999999998,99.8
7845,109.22,32.766,109.22
7846,104.54,31.362000000000002,104.54
7847,107.44,32.232,107.44
7848,151.01,45.303,151.01
7849,110.92,33.275999999999996,110.92
7850,105.14,31.541999999999998,105.14
7851,100.93,30.279,100.93
7852,83.21,24.962999999999997,83.21
7853,114.12,34.236,114.12
7854,119.74,35.922,119.74
7855,116.9,35.07,116.9
7856,93.45,28.035,93.45
7857,95.75,28.724999999999998,95.75
7858,101.56,30.468,101.56
7859,81.67,24.501,81.67
7860,105.94,31.781999999999996,105.94
7861,97.34,29.201999999999998,97.34
7862,106.71,32.013,106.71
7863,94.08,28.224,94.08
7864,113.44,34.032,113.44
7865,110.37,33.111,110.37
7866,109.2,32.76,109.2
7867,120.75,36.225,120.75
7868,118.02,35.406,118.02
7869,115.8,34.739999999999995,115.8
7870,113.62,34.086,113.62
7871,133.96,40.188,133.96
7872,98.4,29.52,98.4
7873,126.93,38.079,126.93
7874,118.19,35.457,118.19
7875,114.81,34.443,114.81
7876,148.0,44.4,148.0
7877,93.49,28.046999999999997,93.49
7878,134.48,40.343999999999994,134.48
7879,93.66,28.098,93.66
7880,107.55,32.265,107.55
7881,78.94,23.682,78.94
7882,110.63,33.189,110.63
7883,89.97,26.991,89.97
7884,97.9,29.37,97.9
7885,93.66,28.098,93.66
7886,100.54,30.162,100.54
7887,100.9,30.27,100.9
7888,126.76,38.028,126.76
7889,94.14,28.242,94.14
7890,101.41,30.423,101.41
7891,106.21,31.862999999999996,106.21
7892,103.06,30.918,103.06
7893,119.01,35.703,119.01
7894,93.84,28.152,93.84
7895,166.68,50.004,166.68
7896,117.22,35.166,117.22
7897,95.53,28.659,95.53
7898,154.97,46.491,154.97
7899,90.82,27.246,90.82
7900,108.2,32.46,108.2
7901,96.9,29.07,96.9
7902,116.52,34.955999999999996,116.52
7903,104.91,31.473,104.91
7904,108.3,32.489999999999995,108.3
7905,92.82,27.845999999999997,92.82
7906,94.9,28.470000000000002,94.9
7907,108.34,32.502,108.34
7908,113.12,33.936,113.12
7909,136.41,40.922999999999995,136.41
7910,84.82,25.445999999999998,84.82
7911,110.62,33.186,110.62
7912,103.81,31.143,103.81
7913,104.71,31.412999999999997,104.71
7914,125.58,37.674,125.58
7915,103.8,31.139999999999997,103.8
7916,116.45,34.935,116.45
7917,98.45,29.535,98.45
7918,95.01,28.503,95.01
7919,95.77,28.730999999999998,95.77
7920,116.43,34.929,116.43
7921,99.88,29.964,99.88
7922,135.44,40.632,135.44
7923,129.11,38.733000000000004,129.11
7924,119.44,35.832,119.44
7925,109.38,32.814,109.38
7926,100.34,30.102,100.34
7927,97.48,29.244,97.48
7928,111.34,33.402,111.34
7929,74.8,22.439999999999998,74.8
7930,98.12,29.436,98.12
7931,94.71,28.412999999999997,94.71
7932,108.82,32.645999999999994,108.82
7933,96.41,28.923,96.41
7934,91.05,27.314999999999998,91.05
7935,97.54,29.262,97.54
7936,102.83,30.848999999999997,102.83
7937,96.94,29.081999999999997,96.94
7938,97.4,29.22,97.4
7939,105.27,31.580999999999996,105.27
7940,113.08,33.924,113.08
7941,102.81,30.843,102.81
7942,94.4,28.32,94.4
7943,123.52,37.056,123.52
7944,125.21,37.562999999999995,125.21
7945,121.84,36.552,121.84
7946,116.88,35.064,116.88
7947,119.29,35.787,119.29
7948,116.96,35.087999999999994,116.96
7949,115.81,34.743,115.81
7950,121.98,36.594,121.98
7951,97.79,29.337,97.79
7952,102.76,30.828,102.76
7953,99.07,29.720999999999997,99.07
7954,96.98,29.094,96.98
7955,124.64,37.391999999999996,124.64
7956,97.92,29.375999999999998,97.92
7957,90.06,27.018,90.06
7958,93.43,28.029,93.43
7959,107.54,32.262,107.54
7960,121.34,36.402,121.34
7961,125.08,37.524,125.08
7962,91.4,27.42,91.4
7963,113.84,34.152,113.84
7964,112.6,33.779999999999994,112.6
7965,114.38,34.314,114.38
7966,99.19,29.756999999999998,99.19
7967,112.36,33.708,112.36
7968,112.91,33.873,112.91
7969,113.38,34.013999999999996,113.38
7970,135.77,40.731,135.77
7971,133.33,39.999,133.33
7972,102.74,30.821999999999996,102.74
7973,95.21,28.563,95.21
7974,85.83,25.749,85.83
7975,97.4,29.22,97.4
7976,93.1,27.929999999999996,93.1
7977,106.79,32.037,106.79
7978,88.86,26.657999999999998,88.86
7979,90.24,27.072,90.24
7980,126.18,37.854,126.18
7981,90.4,27.12,90.4
7982,94.64,28.392,94.64
7983,108.45,32.535,108.45
7984,97.6,29.279999999999998,97.6
7985,89.97,26.991,89.97
7986,99.29,29.787,99.29
7987,116.0,34.8,116.0
7988,110.69,33.207,110.69
7989,92.18,27.654,92.18
7990,97.52,29.255999999999997,97.52
7991,141.43,42.429,141.43
7992,96.49,28.946999999999996,96.49
7993,123.87,37.161,123.87
7994,107.29,32.187,107.29
7995,106.67,32.001,106.67
7996,86.25,25.875,86.25
7997,124.87,37.461,124.87
7998,102.81,30.843,102.81
7999,99.14,29.741999999999997,99.14
8000,92.13,27.639,92.13
8001,92.75,27.825,92.75
8002,79.73,23.919,79.73
8003,102.06,30.618,102.06
8004,99.58,29.874,99.58
8005,103.26,30.978,103.26
8006,95.16,28.548,95.16
8007,95.21,28.563,95.21
8008,101.03,30.308999999999997,101.03
8009,97.9,29.37,97.9
8010,92.11,27.633,92.11
8011,142.24,42.672000000000004,142.24
8012,96.99,29.096999999999998,96.99
8013,109.68,32.904,109.68
8014,123.91,37.172999999999995,123.91
8015,97.42,29.226,97.42
8016,115.09,34.527,115.09
8017,120.8,36.239999999999995,120.8
8018,88.75,26.625,88.75
8019,113.24,33.971999999999994,113.24
8020,100.93,30.279,100.93
8021,105.39,31.616999999999997,105.39
8022,86.51,25.953,86.51
8023,118.56,35.568,118.56
8024,109.91,32.973,109.91
8025,84.95,25.485,84.95
8026,89.29,26.787000000000003,89.29
8027,78.86,23.657999999999998,78.86
8028,85.49,25.647,85.49
8029,84.21,25.262999999999998,84.21
8030,79.32,23.795999999999996,79.32
8031,82.81,24.843,82.81
8032,79.75,23.925,79.75
8033,88.62,26.586000000000002,88.62
8034,94.62,28.386,94.62
8035,168.54,50.562,168.54
8036,112.06,33.618,112.06
8037,127.03,38.109,127.03
8038,103.61,31.083,103.61
8039,97.76,29.328,97.76
8040,108.56,32.568,108.56
8041,102.46,30.737999999999996,102.46
8042,104.58,31.374,104.58
8043,114.08,34.224,114.08
8044,109.88,32.964,109.88
8045,102.87,30.861,102.87
8046,121.99,36.596999999999994,121.99
8047,101.07,30.320999999999998,101.07
8048,86.96,26.087999999999997,86.96
8049,88.19,26.456999999999997,88.19
8050,84.75,25.425,84.75
8051,88.88,26.663999999999998,88.88
8052,92.5,27.75,92.5
8053,81.06,24.318,81.06
8054,103.01,30.903,103.01
8055,94.16,28.247999999999998,94.16
8056,109.81,32.943,109.81
8057,78.48,23.544,78.48
8058,91.3,27.389999999999997,91.3
8059,90.81,27.243,90.81
8060,110.05,33.015,110.05
8061,117.11,35.132999999999996,117.11
8062,89.82,26.945999999999998,89.82
8063,99.61,29.883,99.61
8064,110.78,33.234,110.78
8065,130.75,39.225,130.75
8066,104.81,31.442999999999998,104.81
8067,112.27,33.681,112.27
8068,107.01,32.103,107.01
8069,93.97,28.191,93.97
8070,83.31,24.993,83.31
8071,92.37,27.711000000000002,92.37
8072,126.05,37.815,126.05
8073,118.28,35.484,118.28
8074,80.78,24.233999999999998,80.78
8075,94.89,28.467,94.89
8076,85.66,25.697999999999997,85.66
8077,81.72,24.516,81.72
8078,96.21,28.862999999999996,96.21
8079,72.37,21.711000000000002,72.37
8080,108.82,32.645999999999994,108.82
8081,112.72,33.815999999999995,112.72
8082,89.96,26.987999999999996,89.96
8083,117.51,35.253,117.51
8084,100.55,30.165,100.55
8085,104.63,31.388999999999996,104.63
8086,98.63,29.589,98.63
8087,100.79,30.237000000000002,100.79
8088,96.05,28.814999999999998,96.05
8089,119.67,35.900999999999996,119.67
8090,100.51,30.153,100.51
8091,71.1,21.33,71.1
8092,105.83,31.749,105.83
8093,114.32,34.296,114.32
8094,101.35,30.404999999999998,101.35
8095,105.09,31.527,105.09
8096,102.27,30.680999999999997,102.27
8097,97.45,29.235,97.45
8098,82.75,24.825,82.75
8099,73.83,22.148999999999997,73.83
8100,83.98,25.194,83.98
8101,115.91,34.772999999999996,115.91
8102,136.98,41.093999999999994,136.98
8103,83.42,25.026,83.42
8104,92.56,27.768,92.56
8105,109.13,32.739,109.13
8106,92.99,27.897,92.99
8107,94.33,28.299,94.33
8108,132.63,39.788999999999994,132.63
8109,112.48,33.744,112.48
8110,144.13,43.239,144.13
8111,112.53,33.759,112.53
8112,132.33,39.699000000000005,132.33
8113,112.51,33.753,112.51
8114,112.65,33.795,112.65
8115,126.37,37.911,126.37
8116,96.68,29.004,96.68
8117,120.95,36.285,120.95
8118,106.28,31.884,106.28
8119,94.1,28.229999999999997,94.1
8120,83.42,25.026,83.42
8121,82.76,24.828,82.76
8122,96.89,29.067,96.89
8123,102.89,30.866999999999997,102.89
8124,82.5,24.75,82.5
8125,94.65,28.395,94.65
8126,81.15,24.345000000000002,81.15
8127,75.8,22.74,75.8
8128,84.19,25.256999999999998,84.19
8129,107.03,32.109,107.03
8130,108.15,32.445,108.15
8131,121.46,36.437999999999995,121.46
8132,110.72,33.216,110.72
8133,121.72,36.516,121.72
8134,98.4,29.52,98.4
8135,102.74,30.821999999999996,102.74
8136,122.25,36.675,122.25
8137,100.6,30.179999999999996,100.6
8138,100.03,30.009,100.03
8139,88.23,26.469,88.23
8140,103.64,31.092,103.64
8141,88.03,26.409,88.03
8142,94.72,28.416,94.72
8143,92.2,27.66,92.2
8144,121.74,36.522,121.74
8145,91.13,27.339,91.13
8146,102.26,30.678,102.26
8147,82.9,24.87,82.9
8148,99.39,29.817,99.39
8149,87.38,26.214,87.38
8150,82.68,24.804000000000002,82.68
8151,89.12,26.736,89.12
8152,103.92,31.176,103.92
8153,86.72,26.016,86.72
8154,104.18,31.254,104.18
8155,101.3,30.389999999999997,101.3
8156,106.28,31.884,106.28
8157,108.43,32.529,108.43
8158,97.97,29.391,97.97
8159,118.02,35.406,118.02
8160,105.98,31.794,105.98
8161,92.68,27.804000000000002,92.68
8162,122.61,36.783,122.61
8163,92.87,27.861,92.87
8164,90.41,27.122999999999998,90.41
8165,81.92,24.576,81.92
8166,96.34,28.902,96.34
8167,107.42,32.226,107.42
8168,110.41,33.123,110.41
8169,93.65,28.095000000000002,93.65
8170,94.28,28.284,94.28
8171,107.22,32.166,107.22
8172,90.59,27.177,90.59
8173,88.75,26.625,88.75
8174,82.94,24.881999999999998,82.94
8175,104.93,31.479,104.93
8176,86.12,25.836000000000002,86.12
8177,97.65,29.295,97.65
8178,103.71,31.112999999999996,103.71
8179,92.74,27.822,92.74
8180,94.67,28.401,94.67
8181,113.05,33.915,113.05
8182,96.81,29.043,96.81
8183,99.62,29.886,99.62
8184,111.07,33.321,111.07
8185,112.66,33.797999999999995,112.66
8186,94.09,28.227,94.09
8187,104.89,31.467,104.89
8188,86.91,26.072999999999997,86.91
8189,107.66,32.297999999999995,107.66
8190,88.71,26.612999999999996,88.71
8191,84.13,25.238999999999997,84.13
8192,89.95,26.985,89.95
8193,111.38,33.413999999999994,111.38
8194,89.11,26.733,89.11
8195,81.19,24.357,81.19
8196,97.94,29.381999999999998,97.94
8197,108.62,32.586,108.62
8198,94.43,28.329,94.43
8199,90.13,27.038999999999998,90.13
8200,94.86,28.458,94.86
8201,112.35,33.705,112.35
8202,86.22,25.866,86.22
8203,113.3,33.989999999999995,113.3
8204,96.31,28.893,96.31
8205,106.61,31.982999999999997,106.61
8206,117.85,35.355,117.85
8207,106.04,31.812,106.04
8208,113.47,34.041,113.47
8209,105.29,31.587,105.29
8210,105.53,31.659,105.53
8211,104.77,31.430999999999997,104.77
8212,86.56,25.968,86.56
8213,107.68,32.304,107.68
8214,103.11,30.933,103.11
8215,91.59,27.477,91.59
8216,104.24,31.272,104.24
8217,101.4,30.42,101.4
8218,84.89,25.467,84.89
8219,89.97,26.991,89.97
8220,120.0,36.0,120.0
8221,108.68,32.604,108.68
8222,103.11,30.933,103.11
8223,84.42,25.326,84.42
8224,82.62,24.786,82.62
8225,99.21,29.762999999999998,99.21
8226,86.83,26.049,86.83
8227,118.05,35.415,118.05
8228,105.3,31.589999999999996,105.3
8229,100.01,30.003,100.01
8230,101.65,30.495,101.65
8231,98.91,29.673,98.91
8232,112.27,33.681,112.27
8233,103.89,31.166999999999998,103.89
8234,104.42,31.326,104.42
8235,111.95,33.585,111.95
8236,101.24,30.371999999999996,101.24
8237,92.75,27.825,92.75
8238,93.86,28.157999999999998,93.86
8239,113.25,33.975,113.25
8240,95.5,28.65,95.5
8241,98.26,29.478,98.26
8242,99.42,29.826,99.42
8243,80.57,24.170999999999996,80.57
8244,83.2,24.96,83.2
8245,107.61,32.283,107.61
8246,83.82,25.145999999999997,83.82
8247,103.71,31.112999999999996,103.71
8248,88.33,26.499,88.33
8249,86.74,26.022,86.74
8250,103.64,31.092,103.64
8251,114.21,34.263,114.21
8252,98.56,29.567999999999998,98.56
8253,84.18,25.254,84.18
8254,112.32,33.696,112.32
8255,109.25,32.775,109.25
8256,98.94,29.682,98.94
8257,113.28,33.984,113.28
8258,109.45,32.835,109.45
8259,132.9,39.87,132.9
8260,120.73,36.219,120.73
8261,97.44,29.232,97.44
8262,85.3,25.59,85.3
8263,89.17,26.751,89.17
8264,92.34,27.702,92.34
8265,102.92,30.875999999999998,102.92
8266,79.93,23.979000000000003,79.93
8267,102.69,30.807,102.69
8268,90.65,27.195,90.65
8269,82.87,24.861,82.87
8270,89.71,26.912999999999997,89.71
8271,97.6,29.279999999999998,97.6
8272,62.03,18.608999999999998,62.03
8273,85.16,25.548,85.16
8274,94.38,28.313999999999997,94.38
8275,96.72,29.016,96.72
8276,98.88,29.663999999999998,98.88
8277,125.67,37.701,125.67
8278,111.85,33.555,111.85
8279,92.88,27.863999999999997,92.88
8280,102.86,30.857999999999997,102.86
8281,108.35,32.504999999999995,108.35
8282,106.82,32.046,106.82
8283,107.52,32.256,107.52
8284,87.24,26.171999999999997,87.24
8285,84.8,25.439999999999998,84.8
8286,100.41,30.122999999999998,100.41
8287,79.0,23.7,79.0
8288,89.93,26.979000000000003,89.93
8289,90.32,27.095999999999997,90.32
8290,98.23,29.469,98.23
8291,80.73,24.219,80.73
8292,82.67,24.801,82.67
8293,81.97,24.590999999999998,81.97
8294,86.05,25.814999999999998,86.05
8295,109.14,32.742,109.14
8296,82.12,24.636,82.12
8297,84.9,25.470000000000002,84.9
8298,99.34,29.802,99.34
8299,99.89,29.967,99.89
8300,96.1,28.83,96.1
8301,98.16,29.447999999999997,98.16
8302,93.83,28.148999999999997,93.83
8303,118.88,35.663999999999994,118.88
8304,101.94,30.581999999999997,101.94
8305,101.19,30.357,101.19
8306,112.09,33.627,112.09
8307,97.95,29.384999999999998,97.95
8308,97.95,29.384999999999998,97.95
8309,107.37,32.211,107.37
8310,112.98,33.894,112.98
8311,99.57,29.870999999999995,99.57
8312,77.5,23.25,77.5
8313,95.17,28.551,95.17
8314,93.27,27.980999999999998,93.27
8315,85.85,25.755,85.85
8316,105.93,31.779,105.93
8317,113.0,33.9,113.0
8318,66.52,19.956,66.52
8319,87.15,26.145,87.15
8320,82.04,24.612000000000002,82.04
8321,149.37,44.811,149.37
8322,129.86,38.958000000000006,129.86
8323,115.55,34.665,115.55
8324,105.11,31.532999999999998,105.11
8325,97.04,29.112000000000002,97.04
8326,122.8,36.839999999999996,122.8
8327,103.88,31.163999999999998,103.88
8328,121.14,36.342,121.14
8329,105.13,31.538999999999998,105.13
8330,105.93,31.779,105.93
8331,85.69,25.706999999999997,85.69
8332,79.79,23.937,79.79
8333,83.15,24.945,83.15
8334,77.27,23.180999999999997,77.27
8335,106.15,31.845,106.15
8336,98.79,29.637,98.79
8337,93.52,28.055999999999997,93.52
8338,132.66,39.797999999999995,132.66
8339,75.27,22.581,75.27
8340,70.07,21.020999999999997,70.07
8341,88.02,26.406,88.02
8342,91.5,27.45,91.5
8343,102.37,30.711,102.37
8344,108.24,32.471999999999994,108.24
8345,85.72,25.715999999999998,85.72
8346,134.42,40.32599999999999,134.42
8347,100.08,30.023999999999997,100.08
8348,108.78,32.634,108.78
8349,115.68,34.704,115.68
8350,115.1,34.529999999999994,115.1
8351,119.62,35.886,119.62
8352,93.46,28.037999999999997,93.46
8353,116.4,34.92,116.4
8354,118.7,35.61,118.7
8355,111.96,33.587999999999994,111.96
8356,129.19,38.757,129.19
8357,84.66,25.398,84.66
8358,78.22,23.465999999999998,78.22
8359,89.57,26.871,89.57
8360,89.28,26.784,89.28
8361,91.24,27.371999999999996,91.24
8362,78.42,23.526,78.42
8363,96.4,28.92,96.4
8364,83.48,25.044,83.48
8365,92.86,27.858,92.86
8366,92.31,27.693,92.31
8367,100.19,30.057,100.19
8368,92.21,27.662999999999997,92.21
8369,106.3,31.889999999999997,106.3
8370,96.77,29.031,96.77
8371,116.35,34.904999999999994,116.35
8372,100.63,30.188999999999997,100.63
8373,98.07,29.420999999999996,98.07
8374,140.11,42.033,140.11
8375,90.37,27.111,90.37
8376,147.38,44.214,147.38
8377,100.12,30.036,100.12
8378,115.98,34.794,115.98
8379,83.28,24.983999999999998,83.28
8380,120.11,36.033,120.11
8381,94.79,28.437,94.79
8382,82.29,24.687,82.29
8383,106.19,31.857,106.19
8384,90.9,27.27,90.9
8385,107.96,32.388,107.96
8386,108.12,32.436,108.12
8387,85.31,25.593,85.31
8388,80.31,24.093,80.31
8389,89.94,26.982,89.94
8390,101.96,30.587999999999997,101.96
8391,93.21,27.962999999999997,93.21
8392,96.37,28.911,96.37
8393,119.98,35.994,119.98
8394,95.86,28.758,95.86
8395,108.93,32.679,108.93
8396,100.45,30.134999999999998,100.45
8397,97.68,29.304000000000002,97.68
8398,125.02,37.506,125.02
8399,107.84,32.352,107.84
8400,113.43,34.029,113.43
8401,89.19,26.756999999999998,89.19
8402,137.35,41.205,137.35
8403,111.28,33.384,111.28
8404,103.92,31.176,103.92
8405,100.06,30.018,100.06
8406,96.61,28.982999999999997,96.61
8407,105.35,31.604999999999997,105.35
8408,78.22,23.465999999999998,78.22
8409,100.66,30.197999999999997,100.66
8410,69.84,20.952,69.84
8411,89.08,26.724,89.08
8412,89.75,26.925,89.75
8413,98.97,29.691,98.97
8414,80.19,24.057,80.19
8415,98.61,29.583,98.61
8416,91.34,27.402,91.34
8417,102.57,30.770999999999997,102.57
8418,80.92,24.276,80.92
8419,99.58,29.874,99.58
8420,106.53,31.959,106.53
8421,96.68,29.004,96.68
8422,105.59,31.677,105.59
8423,85.49,25.647,85.49
8424,125.57,37.671,125.57
8425,88.24,26.471999999999998,88.24
8426,105.58,31.674,105.58
8427,94.4,28.32,94.4
8428,82.4,24.720000000000002,82.4
8429,88.9,26.67,88.9
8430,97.42,29.226,97.42
8431,104.31,31.293,104.31
8432,100.95,30.285,100.95
8433,92.09,27.627,92.09
8434,102.28,30.683999999999997,102.28
8435,66.17,19.851,66.17
8436,83.76,25.128,83.76
8437,104.3,31.29,104.3
8438,75.01,22.503,75.01
8439,102.81,30.843,102.81
8440,96.45,28.935,96.45
8441,86.1,25.83,86.1
8442,89.02,26.706,89.02
8443,89.6,26.88,89.6
8444,91.39,27.416999999999998,91.39
8445,102.94,30.881999999999998,102.94
8446,100.73,30.219,100.73
8447,97.55,29.264999999999997,97.55
8448,106.85,32.055,106.85
8449,88.49,26.546999999999997,88.49
8450,93.28,27.983999999999998,93.28
8451,112.08,33.623999999999995,112.08
8452,116.38,34.913999999999994,116.38
8453,101.11,30.333,101.11
8454,104.41,31.322999999999997,104.41
8455,94.79,28.437,94.79
8456,84.48,25.344,84.48
8457,85.25,25.575,85.25
8458,100.74,30.221999999999998,100.74
8459,91.14,27.342,91.14
8460,92.56,27.768,92.56
8461,95.82,28.746,95.82
8462,111.59,33.477,111.59
8463,103.16,30.947999999999997,103.16
8464,83.76,25.128,83.76
8465,90.49,27.147,90.49
8466,93.72,28.116,93.72
8467,106.15,31.845,106.15
8468,105.67,31.701,105.67
8469,94.56,28.368,94.56
8470,94.68,28.404,94.68
8471,107.79,32.337,107.79
8472,95.27,28.581,95.27
8473,91.34,27.402,91.34
8474,109.09,32.727,109.09
8475,135.87,40.761,135.87
8476,110.51,33.153,110.51
8477,80.64,24.192,80.64
8478,105.07,31.520999999999997,105.07
8479,87.95,26.385,87.95
8480,96.44,28.932,96.44
8481,84.19,25.256999999999998,84.19
8482,99.6,29.879999999999995,99.6
8483,92.09,27.627,92.09
8484,88.39,26.517,88.39
8485,77.24,23.171999999999997,77.24
8486,94.07,28.220999999999997,94.07
8487,83.19,24.956999999999997,83.19
8488,95.14,28.541999999999998,95.14
8489,108.0,32.4,108.0
8490,88.26,26.478,88.26
8491,78.15,23.445,78.15
8492,93.05,27.915,93.05
8493,105.38,31.613999999999997,105.38
8494,123.96,37.187999999999995,123.96
8495,117.32,35.196,117.32
8496,100.96,30.287999999999997,100.96
8497,94.47,28.340999999999998,94.47
8498,99.29,29.787,99.29
8499,116.7,35.01,116.7
8500,91.22,27.366,91.22
8501,96.45,28.935,96.45
8502,97.02,29.105999999999998,97.02
8503,92.21,27.662999999999997,92.21
8504,92.96,27.887999999999998,92.96
8505,109.02,32.705999999999996,109.02
8506,90.77,27.230999999999998,90.77
8507,129.14,38.742,129.14
8508,96.49,28.946999999999996,96.49
8509,99.74,29.921999999999997,99.74
8510,112.2,33.66,112.2
8511,94.01,28.203,94.01
8512,91.82,27.545999999999996,91.82
8513,91.6,27.479999999999997,91.6
8514,74.42,22.326,74.42
8515,122.46,36.738,122.46
8516,114.38,34.314,114.38
8517,87.0,26.099999999999998,87.0
8518,108.18,32.454,108.18
8519,104.67,31.401,104.67
8520,118.76,35.628,118.76
8521,108.25,32.475,108.25
8522,102.0,30.599999999999998,102.0
8523,97.1,29.129999999999995,97.1
8524,80.34,24.102,80.34
8525,110.22,33.065999999999995,110.22
8526,114.29,34.287,114.29
8527,75.69,22.706999999999997,75.69
8528,92.83,27.849,92.83
8529,92.82,27.845999999999997,92.82
8530,89.92,26.976,89.92
8531,80.53,24.159,80.53
8532,92.53,27.759,92.53
8533,91.65,27.495,91.65
8534,98.1,29.429999999999996,98.1
8535,98.14,29.442,98.14
8536,79.04,23.712,79.04
8537,70.28,21.084,70.28
8538,94.3,28.29,94.3
8539,92.15,27.645,92.15
8540,110.16,33.047999999999995,110.16
8541,116.85,35.055,116.85
8542,100.44,30.131999999999998,100.44
8543,108.74,32.622,108.74
8544,94.89,28.467,94.89
8545,110.37,33.111,110.37
8546,117.21,35.163,117.21
8547,77.64,23.291999999999998,77.64
8548,100.56,30.168,100.56
8549,98.93,29.679000000000002,98.93
8550,91.89,27.567,91.89
8551,86.29,25.887,86.29
8552,115.36,34.608,115.36
8553,76.75,23.025,76.75
8554,70.4,21.12,70.4
8555,93.73,28.119,93.73
8556,95.54,28.662000000000003,95.54
8557,71.04,21.312,71.04
8558,91.28,27.384,91.28
8559,92.11,27.633,92.11
8560,78.85,23.654999999999998,78.85
8561,97.44,29.232,97.44
8562,95.66,28.697999999999997,95.66
8563,95.48,28.644000000000002,95.48
8564,101.68,30.504,101.68
8565,101.42,30.426,101.42
8566,108.02,32.406,108.02
8567,108.6,32.58,108.6
8568,118.23,35.469,118.23
8569,127.12,38.136,127.12
8570,126.28,37.884,126.28
8571,90.84,27.252,90.84
8572,117.67,35.301,117.67
8573,95.48,28.644000000000002,95.48
8574,106.35,31.904999999999998,106.35
8575,100.36,30.107999999999997,100.36
8576,111.22,33.366,111.22
8577,99.59,29.877,99.59
8578,81.06,24.318,81.06
8579,76.54,22.962,76.54
8580,107.57,32.270999999999994,107.57
8581,117.76,35.328,117.76
8582,97.55,29.264999999999997,97.55
8583,99.85,29.955,99.85
8584,119.39,35.817,119.39
8585,81.71,24.512999999999998,81.71
8586,93.06,27.918,93.06
8587,100.77,30.230999999999998,100.77
8588,93.86,28.157999999999998,93.86
8589,117.07,35.120999999999995,117.07
8590,104.89,31.467,104.89
8591,111.37,33.411,111.37
8592,109.47,32.841,109.47
8593,105.93,31.779,105.93
8594,90.41,27.122999999999998,90.41
8595,106.18,31.854,106.18
8596,92.34,27.702,92.34
8597,92.52,27.755999999999997,92.52
8598,96.06,28.817999999999998,96.06
8599,105.49,31.647,105.49
8600,88.49,26.546999999999997,88.49
8601,81.25,24.375,81.25
8602,96.22,28.866,96.22
8603,83.6,25.08,83.6
8604,64.07,19.220999999999997,64.07
8605,97.64,29.291999999999998,97.64
8606,61.15,18.345,61.15
8607,118.59,35.577,118.59
8608,89.02,26.706,89.02
8609,109.62,32.886,109.62
8610,76.3,22.889999999999997,76.3
8611,103.5,31.049999999999997,103.5
8612,116.54,34.962,116.54
8613,108.89,32.667,108.89
8614,106.83,32.049,106.83
8615,144.26,43.278,144.26
8616,104.83,31.448999999999998,104.83
8617,125.83,37.748999999999995,125.83
8618,120.41,36.123,120.41
8619,128.88,38.663999999999994,128.88
8620,95.17,28.551,95.17
8621,88.86,26.657999999999998,88.86
8622,103.19,30.956999999999997,103.19
8623,91.74,27.522,91.74
8624,98.45,29.535,98.45
8625,90.35,27.104999999999997,90.35
8626,89.86,26.958,89.86
8627,111.96,33.587999999999994,111.96
8628,94.76,28.428,94.76
8629,78.39,23.517,78.39
8630,86.48,25.944,86.48
8631,89.91,26.973,89.91
8632,114.56,34.368,114.56
8633,89.29,26.787000000000003,89.29
8634,108.3,32.489999999999995,108.3
8635,90.66,27.197999999999997,90.66
8636,96.03,28.808999999999997,96.03
8637,103.9,31.17,103.9
8638,116.55,34.964999999999996,116.55
8639,100.38,30.113999999999997,100.38
8640,109.06,32.717999999999996,109.06
8641,89.07,26.720999999999997,89.07
8642,109.05,32.714999999999996,109.05
8643,120.58,36.174,120.58
8644,94.6,28.38,94.6
8645,104.38,31.313999999999997,104.38
8646,87.68,26.304000000000002,87.68
8647,87.43,26.229000000000003,87.43
8648,92.34,27.702,92.34
8649,92.86,27.858,92.86
8650,81.36,24.407999999999998,81.36
8651,78.11,23.433,78.11
8652,83.85,25.154999999999998,83.85
8653,94.81,28.443,94.81
8654,93.28,27.983999999999998,93.28
8655,100.21,30.062999999999995,100.21
8656,100.68,30.204,100.68
8657,95.08,28.523999999999997,95.08
8658,92.19,27.657,92.19
8659,92.77,27.831,92.77
8660,107.07,32.120999999999995,107.07
8661,104.28,31.284,104.28
8662,97.37,29.211,97.37
8663,98.71,29.612999999999996,98.71
8664,106.14,31.842,106.14
8665,119.56,35.868,119.56
8666,123.76,37.128,123.76
8667,92.43,27.729000000000003,92.43
8668,118.71,35.613,118.71
8669,110.19,33.056999999999995,110.19
8670,90.62,27.186,90.62
8671,95.94,28.782,95.94
8672,87.0,26.099999999999998,87.0
8673,77.45,23.235,77.45
8674,86.93,26.079,86.93
8675,96.02,28.805999999999997,96.02
8676,126.25,37.875,126.25
8677,92.82,27.845999999999997,92.82
8678,99.77,29.930999999999997,99.77
8679,87.91,26.372999999999998,87.91
8680,91.44,27.432,91.44
8681,92.99,27.897,92.99
8682,76.41,22.923,76.41
8683,100.96,30.287999999999997,100.96
8684,74.55,22.365,74.55
8685,112.4,33.72,112.4
8686,105.26,31.578,105.26
8687,108.06,32.418,108.06
8688,99.66,29.897999999999996,99.66
8689,132.38,39.714,132.38
8690,105.79,31.737000000000002,105.79
8691,104.7,31.41,104.7
8692,91.96,27.587999999999997,91.96
8693,104.69,31.406999999999996,104.69
8694,87.5,26.25,87.5
8695,85.06,25.518,85.06
8696,94.78,28.434,94.78
8697,94.63,28.389,94.63
8698,78.45,23.535,78.45
8699,115.9,34.77,115.9
8700,103.63,31.089,103.63
8701,89.0,26.7,89.0
8702,95.44,28.631999999999998,95.44
8703,90.15,27.045,90.15
8704,108.5,32.55,108.5
8705,94.19,28.256999999999998,94.19
8706,99.08,29.723999999999997,99.08
8707,86.93,26.079,86.93
8708,104.74,31.421999999999997,104.74
8709,103.7,31.11,103.7
8710,132.57,39.770999999999994,132.57
8711,112.22,33.666,112.22
8712,96.75,29.025,96.75
8713,110.52,33.156,110.52
8714,101.88,30.563999999999997,101.88
8715,120.91,36.272999999999996,120.91
8716,104.18,31.254,104.18
8717,92.76,27.828,92.76
8718,86.68,26.004,86.68
8719,97.49,29.246999999999996,97.49
8720,117.28,35.184,117.28
8721,71.85,21.554999999999996,71.85
8722,87.42,26.226,87.42
8723,101.63,30.488999999999997,101.63
8724,89.06,26.718,89.06
8725,86.68,26.004,86.68
8726,81.6,24.479999999999997,81.6
8727,100.21,30.062999999999995,100.21
8728,92.19,27.657,92.19
8729,110.07,33.020999999999994,110.07
8730,85.13,25.538999999999998,85.13
8731,99.0,29.7,99.0
8732,99.49,29.846999999999998,99.49
8733,102.04,30.612000000000002,102.04
8734,106.0,31.799999999999997,106.0
8735,130.15,39.045,130.15
8736,93.49,28.046999999999997,93.49
8737,101.86,30.558,101.86
8738,149.89,44.96699999999999,149.89
8739,84.74,25.421999999999997,84.74
8740,91.81,27.543,91.81
8741,111.73,33.519,111.73
8742,99.03,29.709,99.03
8743,120.17,36.051,120.17
8744,96.43,28.929000000000002,96.43
8745,104.3,31.29,104.3
8746,78.98,23.694,78.98
8747,83.09,24.927,83.09
8748,94.49,28.346999999999998,94.49
8749,97.39,29.217,97.39
8750,109.26,32.778,109.26
8751,95.32,28.595999999999997,95.32
8752,91.45,27.435,91.45
8753,106.48,31.944,106.48
8754,87.81,26.343,87.81
8755,95.98,28.794,95.98
8756,91.37,27.411,91.37
8757,101.93,30.579,101.93
8758,123.97,37.190999999999995,123.97
8759,100.16,30.048,100.16
