hour_index,diesel_kw,fuel_l,load_kw,cumulative_fuel_l,fuel_remaining_l,rolling_burn_rate_lph,projected_fuel_at_resupply_l,resupply_risk_alert
0,118.28,35.484,118.28,35.484,405496.86716396495,,,False
1,128.88,38.664,128.88,74.148,405458.20316396496,,,False
2,110.86,33.258,110.86,107.406,405424.94516396493,,,False
3,122.45,36.735,122.45,144.14100000000002,405388.21016396495,,,False
4,112.77,33.831,112.77,177.97200000000004,405354.37916396494,,,False
5,103.93,31.179,103.93,209.15100000000004,405323.20016396494,,,False
6,95.9,28.77,95.9,237.92100000000005,405294.430163965,,,False
7,95.13,28.539,95.13,266.46000000000004,405265.89116396493,,,False
8,96.5,28.95,96.5,295.41,405236.941163965,,,False
9,99.16,29.748,99.16,325.158,405207.19316396496,,,False
10,84.73,25.419,84.73,350.577,405181.77416396496,,,False
11,85.36,25.608,85.36,376.185,405156.16616396495,,,False
12,87.57,26.271,87.57,402.456,405129.89516396495,,,False
13,86.52,25.956,86.52,428.41200000000003,405103.93916396494,,,False
14,80.58,24.174,80.58,452.586,405079.76516396494,,,False
15,93.65,28.095,93.65,480.68100000000004,405051.67016396497,,,False
16,92.58,27.774,92.58,508.45500000000004,405023.89616396494,,,False
17,103.65,31.095,103.65,539.5500000000001,404992.80116396496,,,False
18,91.97,27.591,91.97,567.1410000000001,404965.21016396495,,,False
19,99.3,29.79,99.3,596.931,404935.42016396497,,,False
20,103.52,31.056,103.52,627.9870000000001,404904.3641639649,,,False
21,107.52,32.256,107.52,660.243,404872.10816396493,,,False
22,99.16,29.748,99.16,689.9910000000001,404842.360163965,,,False
23,103.32,30.995999999999995,103.32,720.9870000000001,404811.3641639649,30.041124999999997,142342.05503896496,False
24,114.56,34.368,114.56,755.3550000000001,404776.99616396497,30.2142,140825.74496396497,False
25,104.85,31.455,104.85,786.8100000000002,404745.54116396495,30.261923076923075,140407.6430870419,False
26,94.58,28.374,94.58,815.1840000000002,404717.16716396494,30.192,141020.23916396493,False
27,116.87,35.061,116.87,850.2450000000002,404682.10616396496,30.365892857142857,139496.76384253637,False
28,98.31,29.493,98.31,879.7380000000003,404652.61316396494,30.335793103448278,139760.46778465458,False
29,96.19,28.857,96.19,908.5950000000003,404623.756163965,30.2865,140192.32466396497,False
30,77.81,23.343,77.81,931.9380000000002,404600.4131639649,30.062516129032257,142154.6473575133,False
31,95.81,28.743,95.81,960.6810000000003,404571.67016396497,30.02128125,142515.90613271497,False
32,100.77,30.231,100.77,990.9120000000003,404541.43916396494,30.027636363636365,142460.22898214674,False
33,97.6,29.28,97.6,1020.1920000000002,404512.15916396497,30.00564705882353,142652.87728161202,False
34,82.9,24.87,82.9,1045.0620000000001,404487.289163965,29.85891428571428,143938.40310682217,False
35,71.33,21.399,71.33,1066.4610000000002,404465.89016396494,29.623916666666666,145997.21724729828,False
36,84.86,25.458,84.86,1091.9190000000003,404440.43216396496,29.511324324324328,146983.63875855954,False
37,94.25,28.275,94.25,1120.1940000000004,404412.15716396493,29.47878947368421,147268.6765850176,False
38,96.66,28.998,96.66,1149.1920000000005,404383.15916396497,29.466461538461537,147376.68162550344,False
39,79.89,23.967,79.89,1173.1590000000006,404359.19216396497,29.328975000000003,148581.20118896494,False
40,80.26,24.078,80.26,1197.2370000000005,404335.1141639649,29.200902439024393,149703.24489567222,False
41,88.51,26.553,88.51,1223.7900000000006,404308.561163965,29.137857142857143,150255.58473539355,False
42,111.94,33.582,111.94,1257.3720000000008,404274.979163965,29.241209302325583,149350.11646629055,False
43,97.85,29.355,97.85,1286.7270000000008,404245.62416396494,29.243795454545456,149327.4591866922,False
44,110.27,33.081,110.27,1319.8080000000007,404212.54316396493,29.329066666666666,148580.39809729828,False
45,108.07,32.421,108.07,1352.2290000000007,404180.12216396496,29.396282608695653,147991.51922918233,False
46,94.93,28.479000000000003,94.93,1380.7080000000008,404151.64316396497,29.37676595744681,148162.50461077347,False
47,126.47,37.941,126.47,1418.6490000000008,404113.702163965,29.555187500000002,146599.35347646495,False
48,91.86,27.558,91.86,1446.2070000000008,404086.14416396496,29.514428571428574,146956.44244967922,False
49,143.25,42.975,143.25,1489.1820000000007,404043.1691639649,29.783640000000002,144597.8811239649,False
50,122.14,36.642,122.14,1525.8240000000008,404006.5271639649,29.918117647058825,143419.72245808257,False
51,91.97,27.591,91.97,1553.4150000000006,403978.936163965,29.873365384615383,143811.7970293496,False
52,142.8,42.84,142.8,1596.2550000000006,403936.09616396495,30.11801886792453,141668.38786207815,False
53,119.78,35.934,119.78,1632.1890000000005,403900.16216396494,30.225722222222224,140724.79877507605,False
54,98.28,29.484,98.28,1661.6730000000005,403870.67816396494,30.212236363636364,140842.94838214677,False
55,118.66,35.598,118.66,1697.2710000000004,403835.08016396494,30.308410714285714,140000.3648961078,False
56,87.27,26.181,87.27,1723.4520000000005,403808.89916396496,30.236,140634.75516396493,False
57,81.86,24.558,81.86,1748.0100000000004,403784.34116396494,30.138103448275864,141492.4268536201,False
58,106.38,31.914,106.38,1779.9240000000004,403752.42716396495,30.16820338983051,141228.72126565984,False
59,77.24,23.172,77.24,1803.0960000000005,403729.25516396493,30.0516,142250.2835639649,False
60,101.73,30.519,101.73,1833.6150000000005,403698.73616396496,30.059262295081968,142183.15419675183,False
61,92.58,27.774,92.58,1861.3890000000006,403670.9621639649,30.022403225806453,142506.07650267458,False
62,102.6,30.78,102.6,1892.1690000000006,403640.18216396496,30.034428571428574,142400.72244967922,False
63,96.55,28.965,96.55,1921.1340000000005,403611.21716396493,30.01771875,142547.11719521493,False
64,83.07,24.921,83.07,1946.0550000000005,403586.29616396496,29.939307692307693,143234.07647165726,False
65,85.73,25.719,85.73,1971.7740000000006,403560.577163965,29.875363636363637,143794.29034578314,False
66,111.43,33.429,111.43,2005.2030000000007,403527.148163965,29.928402985074626,143329.61261172616,False
67,147.25,44.175,147.25,2049.3780000000006,403482.9731639649,30.137911764705883,141494.10619337668,False
68,100.94,30.282,100.94,2079.6600000000008,403452.691163965,30.139999999999997,141475.811163965,False
69,116.48,34.944,116.48,2114.6040000000007,403417.74716396496,30.20862857142857,140874.55624967924,False
70,112.57,33.770999999999994,112.57,2148.375000000001,403383.97616396495,30.258802816901408,140434.9796850917,False
71,97.66,29.298,97.66,2177.6730000000007,403354.67816396494,30.245458333333335,140551.89070563158,False
72,119.54,35.862,119.54,2213.5350000000008,403318.816163965,30.32239726027397,139877.8287667047,False
73,104.17,31.251,104.17,2244.786000000001,403287.56516396493,30.334945945945947,139767.8897315325,False
74,99.15,29.745,99.15,2274.531000000001,403257.82016396493,30.32708,139836.80328396492,False
75,93.45,28.035,93.45,2302.5660000000007,403229.78516396496,30.296921052631575,140101.02582185972,False
76,110.29,33.087,110.29,2335.6530000000007,403196.69816396496,30.333155844155847,139783.5728133156,False
77,97.26,29.178,97.26,2364.8310000000006,403167.52016396495,30.318346153846157,139913.32051011873,False
78,96.46,28.937999999999995,96.46,2393.7690000000007,403138.5821639649,30.300873417721522,140066.39915130666,False
79,98.99,29.697,98.99,2423.466000000001,403108.88516396494,30.293325,140132.5308389649,False
80,93.2,27.96,93.2,2451.426000000001,403080.925163965,30.264518518518518,140384.90442322422,False
81,99.76,29.928,99.76,2481.3540000000007,403050.99716396496,30.26041463414634,140420.85855420888,False
82,101.23,30.369,101.23,2511.723000000001,403020.62816396495,30.261722891566265,140409.39691095293,False
83,90.6,27.18,90.6,2538.9030000000007,402993.44816396496,30.225035714285717,140730.8132711078,False
84,95.34,28.602,95.34,2567.5050000000006,402964.84616396495,30.20594117647059,140898.10051690612,False
85,75.95,22.785,75.95,2590.2900000000004,402942.061163965,30.119651162790696,141654.0873267557,False
86,93.42,28.026,93.42,2618.3160000000003,402914.03516396496,30.09558620689655,141864.9204053443,False
87,99.09,29.727,99.09,2648.043,402884.30816396495,30.091397727272728,141901.6156753286,False
88,105.56,31.668,105.56,2679.7110000000002,402852.64016396494,30.109112359550565,141746.41778194244,False
89,89.46,26.838,89.46,2706.5490000000004,402825.80216396495,30.072766666666666,142064.8423972983,False
90,92.73,27.819,92.73,2734.3680000000004,402797.98316396493,30.048,142281.82316396496,False
91,120.53,36.159,120.53,2770.5270000000005,402761.82416396495,30.114423913043478,141699.88326179105,False
92,124.93,37.479,124.93,2808.0060000000003,402724.34516396496,30.193612903225805,141006.10851880367,False
93,107.16,32.148,107.16,2840.1540000000005,402692.197163965,30.21440425531915,140823.9554831139,False
94,135.11,40.533,135.11,2880.6870000000004,402651.664163965,30.323021052631578,139872.3637218597,False
95,133.27,39.981,133.27,2920.6680000000006,402611.68316396495,30.423625,138990.97253896494,False
96,124.06,37.218,124.06,2957.8860000000004,402574.46516396495,30.493670103092782,138377.30739076907,False
97,143.12,42.936,143.12,3000.8220000000006,402531.52916396497,30.620632653061225,137264.9884904956,False
98,92.36,27.708,92.36,3028.5300000000007,402503.8211639649,30.591212121212124,137522.74177002552,False
99,103.48,31.044,103.48,3059.5740000000005,402472.7771639649,30.59574,137483.07302396494,False
100,103.99,31.197,103.99,3090.7710000000006,402441.58016396494,30.601693069306933,137430.9181837669,False
101,86.31,25.893,86.31,3116.6640000000007,402415.68716396496,30.55552941176471,137835.35798749432,False
102,122.78,36.834,122.78,3153.4980000000005,402378.85316396493,30.616485436893203,137301.32225134358,False
103,97.79,29.337,97.79,3182.8350000000005,402349.51616396493,30.604182692307692,137409.10659665725,False
104,102.69,30.807,102.69,3213.6420000000003,402318.70916396496,30.606114285714284,137392.18390682212,False
105,94.79,28.437,94.79,3242.079,402290.2721639649,30.585650943396228,137571.46324887057,False
106,100.36,30.108,100.36,3272.1870000000004,402260.164163965,30.581186915887848,137610.57259387156,False
107,89.93,26.979000000000003,89.93,3299.166,402233.1851639649,30.547833333333333,137902.78333063162,False
108,83.13,24.939,83.13,3324.105,402208.24616396497,30.49637614678899,138353.59974194661,False
109,93.76,28.128,93.76,3352.233,402180.11816396494,30.474845454545456,138542.23013669223,False
110,93.87,28.161,93.87,3380.3940000000002,402151.957163965,30.454,138724.857163965,False
111,84.37,25.311,84.37,3405.7050000000004,402126.64616396494,30.408080357142858,139127.15915503638,False
112,98.91,29.673,98.91,3435.378,402096.9731639649,30.40157522123894,139184.1506506906,False
113,104.2,31.26,104.2,3466.6380000000004,402065.713163965,30.409105263157894,139118.17995343864,False
114,92.87,27.861,92.87,3494.4990000000003,402037.85216396494,30.38694782608696,139312.3012596171,False
115,108.7,32.61,108.7,3527.1090000000004,402005.24216396495,30.406112068965516,139144.40332775807,False
116,99.54,29.862,99.54,3556.9710000000005,401975.38016396493,30.40146153846154,139185.14662550337,False
117,101.87,30.561,101.87,3587.5320000000006,401944.81916396494,30.402813559322034,139173.3015707446,False
118,89.11,26.733,89.11,3614.265000000001,401918.08616396494,30.371974789915964,139443.4800295112,False
119,126.28,37.884,126.28,3652.149000000001,401880.202163965,30.434575,138895.039588965,False
120,118.49,35.547,118.49,3687.696000000001,401844.65516396496,30.47682644628099,138524.87466809718,False
121,104.93,31.479,104.93,3719.1750000000006,401813.17616396496,30.48504098360656,138452.9071065879,False
122,116.42,34.926,116.42,3754.1010000000006,401778.2501639649,30.521146341463414,138136.588066404,False
123,89.57,26.871,89.57,3780.9720000000007,401751.37916396494,30.491709677419358,138394.48268009396,False
124,81.35,24.405,81.35,3805.377000000001,401726.974163965,30.443016,138821.08798796497,False
125,114.83,34.449,114.83,3839.826000000001,401692.52516396495,30.474809523809522,138542.54492586973,False
126,76.62,22.986,76.62,3862.812000000001,401669.539163965,30.41584251968504,139059.15484900435,False
127,126.97,38.091,126.97,3900.9030000000007,401631.44816396496,30.475804687500002,138533.82629677746,False
128,91.1,27.33,91.1,3928.2330000000006,401604.11816396494,30.451418604651163,138747.4727686161,False
129,100.36,30.108,100.36,3958.341000000001,401574.01016396494,30.448776923076924,138770.61654088803,False
130,95.22,28.566,95.22,3986.9070000000006,401545.44416396494,30.434404580152673,138896.53263724735,False
131,129.83,38.949000000000005,129.83,4025.8560000000007,401506.4951639649,30.49890909090909,138331.40861851035,False
132,93.74,28.122,93.74,4053.9780000000005,401478.37316396495,30.48103759398496,138487.98080306267,False
133,90.84,27.252,90.84,4081.2300000000005,401451.12116396497,30.45694029850746,138699.09720874112,False
134,113.27,33.980999999999995,113.27,4115.211,401417.14016396494,30.483044444444445,138470.39878618717,False
135,108.52,32.556,108.52,4147.767,401384.58416396496,30.49828676470588,138336.8608183767,False
136,103.96,31.187999999999995,103.96,4178.955,401353.39616396494,30.50332116788321,138292.75441214012,False
137,94.45,28.335,94.45,4207.29,401325.061163965,30.487608695652174,138430.4113813563,False
138,95.99,28.797,95.99,4236.0869999999995,401296.26416396495,30.47544604316547,138536.9683797923,False
139,69.42,20.826,69.42,4256.913,401275.43816396495,30.40652142857143,139140.81692825066,False
140,109.4,32.82,109.4,4289.732999999999,401242.61816396494,30.42363829787234,138990.85603630537,False
141,103.42,31.026,103.42,4320.758999999999,401211.59216396493,30.42788028169014,138953.69201607764,False
142,126.35,37.905,126.35,4358.663999999999,401173.68716396496,30.48016783216783,138495.60078634263,False
143,110.54,33.162,110.54,4391.825999999999,401140.52516396495,30.498791666666666,138332.43737229827,False
144,117.45,35.235,117.45,4427.060999999999,401105.29016396496,30.53145517241379,138046.27239844773,False
145,97.65,29.295,97.65,4456.355999999999,401075.995163965,30.522986301369862,138120.46817766363,False
146,110.64,33.192,110.64,4489.547999999999,401042.80316396494,30.541142857142855,137961.3985925364,False
147,110.84,33.252,110.84,4522.799999999999,401009.55116396496,30.55945945945946,137800.9268396406,False
148,117.53,35.259,117.53,4558.058999999999,400974.29216396494,30.591,137524.60016396496,False
149,100.13,30.039,100.13,4588.097999999999,400944.25316396495,30.58732,137556.84064396494,False
150,136.06,40.818,136.06,4628.915999999999,400903.4351639649,30.65507284768212,136963.25794542185,False
151,109.25,32.775,109.25,4661.690999999999,400870.66016396496,30.669019736842102,136841.06924949132,False
152,102.8,30.84,102.8,4692.530999999999,400839.82016396493,30.67013725490196,136831.27867376886,False
153,105.71,31.713,105.71,4724.243999999999,400808.10716396495,30.67690909090909,136771.95061851043,False
154,83.7,25.11,83.7,4749.353999999998,400782.99716396496,30.640993548387097,137086.6066865456,False
155,79.36,23.808,79.36,4773.161999999998,400759.18916396494,30.59719230769231,137470.3493562726,False
156,88.09,26.427,88.09,4799.588999999998,400732.762163965,30.57063057324841,137703.05671173567,False
157,77.42,23.226,77.42,4822.814999999998,400709.53616396495,30.524145569620252,138110.3118285219,False
158,97.41,29.223,97.41,4852.037999999998,400680.31316396495,30.515962264150946,138182.0057677385,False
159,97.95,29.385,97.95,4881.422999999998,400650.92816396494,30.50889375,138243.93302021496,False
160,94.77,28.431,94.77,4909.8539999999975,400622.49716396496,30.495987577639752,138357.00399626308,False
161,103.3,30.99,103.3,4940.843999999997,400591.50716396497,30.499037037037038,138330.2876824835,False
162,85.58,25.674,85.58,4966.517999999997,400565.83316396497,30.469435582822086,138589.62602286067,False
163,99.08,29.724,99.08,4996.2419999999975,400536.109163965,30.464890243902442,138629.4477371357,False
164,87.62,26.286,87.62,5022.5279999999975,400509.82316396496,30.439563636363637,138851.33414578313,False
165,102.45,30.735,102.45,5053.262999999997,400479.088163965,30.441343373493975,138835.74186878424,False
166,101.89,30.567,101.89,5083.829999999997,400448.52116396494,30.442095808383232,138829.14978671944,False
167,104.02,31.206,104.02,5115.035999999997,400417.31516396493,30.44664285714286,138789.31309253635,False
168,108.15,32.445,108.15,5147.480999999997,400384.870163965,30.4584674556213,138685.71778526678,False
169,105.9,31.77,105.9,5179.2509999999975,400353.10016396496,30.46618235294118,138618.1275698473,False
170,127.58,38.274,127.58,5217.524999999998,400314.8261639649,30.511842105263156,138218.10247975442,False
171,99.44,29.832,99.44,5247.356999999998,400284.99416396493,30.50788953488372,138252.73094884865,False
172,100.49,30.147,100.49,5277.503999999998,400254.84716396494,30.505803468208093,138271.00697899383,False
173,117.8,35.34,117.8,5312.843999999998,400219.50716396497,30.53358620689655,138027.6024053443,False
174,108.64,32.592,108.64,5345.435999999998,400186.91516396496,30.54534857142857,137924.55232967925,False
175,96.04,28.812,96.04,5374.247999999998,400158.10316396493,30.5355,138010.8356639649,False
176,90.57,27.171,90.57,5401.418999999998,400130.93216396496,30.516491525423728,138177.36890972767,False
177,98.02,29.406,98.02,5430.824999999998,400101.52616396494,30.510252808988763,138232.02630441438,False
178,88.41,26.523,88.41,5457.347999999998,400075.00316396495,30.487977653631283,138427.17894050127,False
179,92.23,27.669,92.23,5485.016999999998,400047.33416396496,30.472316666666664,138564.38484729832,False
180,75.51,22.653,75.51,5507.669999999998,400024.68116396497,30.429116022099446,138942.86569435173,False
181,79.95,23.985,79.95,5531.654999999998,400000.696163965,30.39370879120879,139253.06844418476,False
182,102.6,30.78,102.6,5562.434999999998,399969.91616396495,30.39581967213115,139234.57501642394,False
183,86.03,25.809,86.03,5588.243999999998,399944.10716396495,30.370891304347825,139452.97244657364,False
184,91.7,27.51,91.7,5615.753999999998,399916.59716396494,30.355427027027027,139588.45498018115,False
185,91.16,27.348,91.16,5643.101999999998,399889.24916396494,30.339258064516127,139730.11126073916,False
186,98.56,29.568,98.56,5672.669999999998,399859.68116396497,30.335133689839573,139766.24490728046,False
187,122.43,36.729,122.43,5709.3989999999985,399822.952163965,30.36914361702128,139468.28393524155,False
188,116.43,34.929,116.43,5744.327999999999,399788.023163965,30.393269841269845,139256.91408459985,False
189,89.48,26.844,89.48,5771.171999999999,399761.17916396493,30.374589473684214,139420.57278501755,False
190,79.11,23.733,79.11,5794.904999999999,399737.4461639649,30.3398167539267,139725.2165828131,False
191,124.07,37.221,124.07,5832.125999999998,399700.22516396496,30.375656250000002,139411.22675771493,False
192,120.24,36.072,120.24,5868.1979999999985,399664.153163965,30.40517098445596,139152.6481691463,False
193,100.63,30.189,100.63,5898.386999999999,399633.96416396496,30.404056701030925,139162.41040623304,False
194,112.29,33.687,112.29,5932.073999999999,399600.2771639649,30.420892307692306,139014.91365627263,False
195,120.23,36.069,120.23,5968.142999999999,399564.20816396497,30.44970918367347,138762.4490058017,False
196,101.74,30.522,101.74,5998.664999999999,399533.686163965,30.45007614213198,138759.2340827467,False
197,113.95,34.185,113.95,6032.849999999999,399499.501163965,30.468939393939397,138593.97313366193,False
198,100.68,30.204,100.68,6063.053999999999,399469.29716396495,30.467608040201007,138605.6371237639,False
199,122.47,36.741,122.47,6099.794999999999,399432.55616396497,30.498975,138330.83118896495,False
200,99.08,29.724,99.08,6129.518999999999,399402.832163965,30.495119402985075,138364.61007441275,False
201,84.8,25.44,84.8,6154.958999999999,399377.392163965,30.47009405940594,138583.85710950952,False
202,97.9,29.37,97.9,6184.328999999999,399348.0221639649,30.46467487684729,138631.3345679058,False
203,88.58,26.574,88.58,6210.902999999998,399321.44816396496,30.44560294117647,138798.4237963179,False
204,126.82,38.046,126.82,6248.948999999999,399283.4021639649,30.482678048780485,138473.6087785991,False
205,98.09,29.427,98.09,6278.375999999998,399253.97516396496,30.477553398058255,138518.5058435766,False
206,92.7,27.81,92.7,6306.185999999999,399226.16516396496,30.464666666666666,138631.4064972983,False
207,100.55,30.165,100.55,6336.350999999999,399196.0001639649,30.46322596153846,138644.0285149265,False
208,118.93,35.679,118.93,6372.029999999999,399160.3211639649,30.48818181818182,138425.39025487402,False
209,106.56,31.968,106.56,6403.997999999999,399128.35316396493,30.49522857142857,138363.65364967924,False
210,90.29,27.087,90.29,6431.084999999999,399101.26616396493,30.479075829383888,138505.16782273268,False
211,136.88,41.064,136.88,6472.148999999999,399060.202163965,30.529004716981134,138067.74083849325,False
212,92.3,27.69,92.3,6499.838999999999,399032.512163965,30.515676056338027,138184.51323438753,False
213,97.81,29.343,97.81,6529.181999999999,399003.169163965,30.510196261682243,138232.52171536686,False
214,121.21,36.363,121.21,6565.544999999999,398966.80616396497,30.53741860465116,137994.02676861614,False
215,90.61,27.183,90.61,6592.727999999999,398939.62316396495,30.52188888888889,138130.0826084094,False
216,104.42,31.326,104.42,6624.053999999999,398908.29716396495,30.525594470046084,138097.6180118912,False
217,96.34,28.902,96.34,6652.955999999999,398879.39516396495,30.518146788990826,138162.86714561633,False
218,125.44,37.632,125.44,6690.587999999999,398841.76316396496,30.5506301369863,137878.280533828,False
219,99.39,29.817,99.39,6720.404999999999,398811.9461639649,30.547295454545452,137907.49568669221,False
220,100.19,30.057,100.19,6750.461999999999,398781.88916396495,30.545076923076927,137926.932240888,False
221,115.96,34.788,115.96,6785.249999999998,398747.10116396495,30.56418918918919,137759.48967747847,False
222,91.3,27.39,91.3,6812.6399999999985,398719.71116396494,30.549955156950674,137884.1940339201,False
223,122.28,36.684,122.28,6849.323999999999,398683.0271639649,30.577339285714285,137644.2816818221,False
224,93.24,27.972,93.24,6877.2959999999985,398655.055163965,30.56576,137745.72780396498,False
225,91.16,27.348,91.16,6904.643999999998,398627.707163965,30.551522123893808,137870.46583653134,False
226,87.93,26.379,87.93,6931.022999999998,398601.32816396496,30.533140969162996,138031.50313312796,False
227,86.85,26.055,86.85,6957.077999999999,398575.273163965,30.5135,138203.57766396497,False
228,107.91,32.373,107.91,6989.450999999998,398542.90016396495,30.521620087336245,138132.4375788121,False
229,88.87,26.661,88.87,7016.111999999998,398516.2391639649,30.504834782608697,138279.49363353013,False
230,107.01,32.103,107.01,7048.214999999998,398484.1361639649,30.511753246753248,138218.8809691597,False
231,91.47,27.441,91.47,7075.655999999998,398456.69516396493,30.49851724137931,138334.8416122408,False
232,91.36,27.408,91.36,7103.0639999999985,398429.28716396494,30.48525321888412,138451.04771332114,False
233,86.01,25.803,86.01,7128.866999999998,398403.484163965,30.46524358974359,138626.3520742214,False
234,112.49,33.747,112.49,7162.613999999999,398369.73716396495,30.479208510638298,138504.00540226282,False
235,104.74,31.422,104.74,7194.035999999998,398338.31516396493,30.483203389830507,138469.00626565985,False
236,127.75,38.325,127.75,7232.360999999998,398299.990163965,30.516291139240504,138179.1244930789,False
237,115.39,34.617,115.39,7266.977999999998,398265.37316396495,30.533521008403362,138028.1736093431,False
238,119.64,35.892,119.64,7302.869999999998,398229.48116396496,30.55594142259414,137831.74836061767,False
239,114.73,34.419,114.73,7337.288999999998,398195.06216396496,30.5720375,137690.73062646497,False
240,124.78,37.434,124.78,7374.722999999998,398157.62816396495,30.600510373443985,137441.2797822222,False
241,109.99,32.997,109.99,7407.719999999998,398124.631163965,30.610413223140498,137354.5209160311,False
242,122.45,36.735,122.45,7444.454999999998,398087.89616396494,30.635617283950616,137133.7081392736,False
243,175.32,52.596,175.32,7497.050999999998,398035.300163965,30.725618852459018,136345.2043975715,False
244,83.73,25.119,83.73,7522.169999999997,398010.18116396497,30.702734693877552,136545.69251090373,False
245,126.84,38.052,126.84,7560.221999999997,397972.12916396494,30.73260975609756,136283.95709079423,False
246,102.29,30.687,102.29,7590.908999999997,397941.44216396497,30.732425101214574,136285.5748522241,False
247,79.83,23.949,79.83,7614.8579999999965,397917.49316396494,30.70507258064516,136525.2102849327,False
248,67.46,20.238,67.46,7635.095999999997,397897.25516396493,30.663036144578314,136893.49150131433,False
249,98.3,29.49,98.3,7664.585999999997,397867.76516396494,30.658344,136934.59937996496,False
250,76.87,23.061,76.87,7687.646999999996,397844.70416396495,30.628075697211155,137199.77998069802,False
251,88.1,26.43,88.1,7714.076999999997,397818.27416396496,30.611416666666667,137345.7297472983,False
252,83.54,25.062,83.54,7739.1389999999965,397793.2121639649,30.589482213438735,137537.89749202816,False
253,100.77,30.231,100.77,7769.369999999996,397762.98116396496,30.58807086614173,137550.26230569725,False
254,95.03,28.509,95.03,7797.878999999996,397734.47216396494,30.579917647058824,137621.69265808258,False
255,93.13,27.939,93.13,7825.817999999997,397706.533163965,30.5696015625,137712.07187490247,False
256,93.03,27.909,93.03,7853.726999999996,397678.62416396494,30.559249027237353,137802.7704363385,False
257,102.17,30.651,102.17,7884.377999999996,397647.973163965,30.55960465116279,137799.65481512778,False
258,125.35,37.605,125.35,7921.982999999996,397610.36816396494,30.58680694980695,137561.33547670627,False
259,103.52,31.056,103.52,7953.038999999995,397579.31216396496,30.58861153846154,137545.5254755034,False
260,109.75,32.925,109.75,7985.963999999995,397546.387163965,30.597563218390803,137467.09980764316,False
261,105.96,31.788,105.96,8017.751999999995,397514.599163965,30.602106870229008,137427.29287388863,False
262,109.49,32.846999999999994,109.49,8050.598999999995,397481.75216396496,30.610642585551332,137352.51147194975,False
263,117.72,35.315999999999995,117.72,8085.9149999999945,397446.436163965,30.62846590909091,137196.36133441952,False
264,92.66,27.798,92.66,8113.712999999994,397418.63816396496,30.617784905660375,137289.9376054744,False
265,106.81,32.043,106.81,8145.755999999994,397386.59516396496,30.62314285714286,137242.99659253636,False
266,116.3,34.89,116.3,8180.645999999994,397351.70516396494,30.639123595505616,137102.98934374025,False
267,114.86,34.458,114.86,8215.103999999994,397317.24716396496,30.653373134328355,136978.14913411424,False
268,94.59,28.377,94.59,8243.480999999994,397288.870163965,30.644910780669143,137052.28781452263,False
269,103.48,31.044,103.48,8274.524999999994,397257.8261639649,30.646388888888886,137039.3381084094,False
270,108.89,32.667,108.89,8307.191999999994,397225.15916396497,30.65384501845018,136974.01495732294,False
271,91.03,27.309,91.03,8334.500999999993,397197.85016396496,30.64154779411765,137081.75093970023,False
272,98.36,29.508,98.36,8364.008999999993,397168.34216396493,30.637395604395603,137118.12827385505,False
273,80.99,24.297,80.99,8388.305999999993,397144.04516396497,30.614255474452555,137320.85895228613,False
274,78.36,23.508,78.36,8411.813999999993,397120.53716396494,30.588414545454548,137547.25133123764,False
275,94.97,28.491,94.97,8440.304999999993,397092.04616396496,30.580815217391304,137613.82904439975,False
276,98.01,29.403,98.01,8469.707999999993,397062.64316396497,30.57656317689531,137651.08117118516,False
277,81.13,24.339,81.13,8494.046999999993,397038.30416396493,30.554125899280578,137847.6541603678,False
278,78.6,23.58,78.6,8517.626999999993,397014.724163965,30.529129032258066,138066.65171235206,False
279,90.65,27.195,90.65,8544.821999999993,396987.52916396497,30.51722142857143,138170.97422825068,False
280,108.7,32.61,108.7,8577.431999999993,396954.919163965,30.52466903914591,138105.72571200767,False
281,114.34,34.302,114.34,8611.733999999993,396920.61716396495,30.538063829787234,137988.373951199,False
282,94.35,28.305,94.35,8640.038999999993,396892.31216396496,30.53017314487633,138057.50424170346,False
283,94.68,28.404,94.68,8668.442999999994,396863.908163965,30.522686619718307,138123.0936886129,False
284,116.79,35.037,116.79,8703.479999999994,396828.87116396497,30.538526315789472,137984.3221113334,False
285,101.58,30.474,101.58,8733.953999999994,396798.397163965,30.5383006993007,137986.29873739157,False
286,101.23,30.369,101.23,8764.322999999995,396768.028163965,30.53771080139373,137991.46683295452,False
287,119.09,35.727,119.09,8800.049999999996,396732.30116396496,30.555729166666666,137833.60793479832,False
288,113.31,33.993,113.31,8834.042999999996,396698.30816396495,30.56762283737024,137729.40748576427,False
289,105.21,31.562999999999995,105.21,8865.605999999996,396666.745163965,30.571055172413793,137699.33679844774,False
290,103.85,31.155,103.85,8896.760999999997,396635.59016396495,30.573061855670105,137681.75624643918,False
291,113.94,34.181999999999995,113.94,8930.942999999997,396601.408163965,30.58542123287671,137573.47574273215,False
292,94.72,28.416,94.72,8959.358999999997,396572.99216396495,30.578017064846417,137638.3436588455,False
293,135.69,40.707,135.69,9000.065999999997,396532.28516396496,30.612469387755105,137336.50685784247,False
294,108.78,32.634,108.78,9032.699999999997,396499.65116396494,30.619322033898307,137276.47082498187,False
295,96.6,28.98,96.6,9061.679999999997,396470.67116396496,30.613783783783784,137324.9914342352,False
296,90.08,27.024,90.08,9088.703999999996,396443.647163965,30.60169696969697,137430.88401244982,False
297,95.55,28.665,95.55,9117.368999999997,396414.98216396495,30.595197986577183,137487.82160356225,False
298,105.17,31.551,105.17,9148.919999999996,396383.43116396497,30.59839464882943,137459.81564557034,False
299,88.28,26.484,88.28,9175.403999999997,396356.947163965,30.584680000000002,137579.96968396494,False
300,79.95,23.985,79.95,9199.388999999997,396332.9621639649,30.562754152823917,137772.0620310746,False
301,123.96,37.188,123.96,9236.576999999997,396295.77416396496,30.58469205298013,137579.86408780603,False
302,96.81,29.043,96.81,9265.619999999997,396266.73116396496,30.579603960396042,137624.44086693524,False
303,95.95,28.785,95.95,9294.404999999997,396237.946163965,30.57370065789474,137676.15970014918,False
304,97.91,29.373,97.91,9323.777999999997,396208.57316396496,30.56976393442623,137710.64933445674,False
305,119.75,35.925,119.75,9359.702999999996,396172.648163965,30.58726470588235,137557.3250757297,False
306,106.38,31.914,106.38,9391.616999999997,396140.734163965,30.59158631921824,137519.46342129397,False
307,95.88,28.764,95.88,9420.380999999996,396111.97016396496,30.585652597402596,137571.44875812082,False
308,105.28,31.584,105.28,9451.964999999997,396080.386163965,30.58888349514563,137543.1428629941,False
309,90.31,27.093,90.31,9479.057999999997,396053.29316396493,30.5776064516129,137641.9410413843,False
310,105.88,31.764,105.88,9510.821999999996,396021.52916396497,30.581421221864954,137608.5198392061,False
311,105.77,31.731,105.77,9542.552999999996,395989.79816396494,30.58510576923077,137576.23951973417,False
312,94.96,28.488,94.96,9571.040999999996,395961.310163965,30.57840575079872,137634.9383812174,False
313,141.64,42.492,141.64,9613.532999999996,395918.81816396496,30.61634713375796,137302.5339251115,False
314,111.65,33.495,111.65,9647.027999999997,395885.32316396496,30.625485714285716,137222.4708211078,False
315,113.64,34.092,113.64,9681.119999999997,395851.23116396496,30.636455696202535,137126.36280953453,False
316,94.0,28.2,94.0,9709.319999999998,395823.03116396494,30.62876971608833,137193.6996813151,False
317,110.52,33.156,110.52,9742.475999999999,395789.8751639649,30.63671698113208,137124.0736922668,False
318,98.31,29.493,98.31,9771.969,395760.38216396497,30.633131661442004,137155.48467807157,False
319,121.31,36.393,121.31,9808.362,395723.9891639649,30.65113125,136997.79028271494,False
320,81.05,24.315,81.05,9832.677,395699.6741639649,30.631392523364486,137170.72126676867,False
321,92.74,27.822,92.74,9860.499,395671.85216396494,30.622667701863353,137247.15942794012,False
322,85.63,25.689,85.63,9886.188,395646.1631639649,30.60739318885449,137380.97943641074,False
323,89.93,26.979000000000003,89.93,9913.167,395619.18416396494,30.596194444444443,137479.09163618716,False
324,71.48,21.444,71.48,9934.610999999999,395597.740163965,30.56803384615385,137725.8066378111,False
325,84.65,25.395,84.65,9960.006,395572.34516396496,30.552165644171776,137864.82795537604,False
326,107.71,32.312999999999995,107.71,9992.319,395540.03216396493,30.557550458715596,137817.6515951576,False
327,102.88,30.864,102.88,10023.182999999999,395509.16816396493,30.55848475609756,137809.4662157942,False
328,115.29,34.587,115.29,10057.769999999999,395474.58116396493,30.570729483282676,137702.1901609254,False
329,111.19,33.357,111.19,10091.126999999999,395441.224163965,30.579172727272727,137628.21890032862,False
330,94.49,28.347,94.49,10119.473999999998,395412.87716396496,30.57242900302115,137687.30066849667,False
331,120.02,36.006,120.02,10155.479999999998,395376.87116396497,30.58879518072289,137543.91658565172,False
332,109.45,32.835,109.45,10188.314999999997,395344.03616396495,30.595540540540544,137484.82048828926,False
333,109.42,32.826,109.42,10221.140999999996,395311.21016396495,30.60221856287425,137426.31433462366,False
334,98.4,29.52,98.4,10250.660999999996,395281.69016396493,30.598988059701494,137454.61677292016,False
335,109.26,32.778,109.26,10283.438999999997,395248.91216396494,30.605473214285716,137397.80033360777,False
336,116.75,35.025,116.75,10318.463999999996,395213.887163965,30.618587537091987,137282.90575150208,False
337,102.76,30.828,102.76,10349.291999999996,395183.05916396494,30.619207100591716,137277.4777556809,False
338,107.47,32.241,107.47,10381.532999999996,395150.81816396496,30.623991150442475,137235.56469493842,False
339,102.04,30.612,102.04,10412.144999999995,395120.20616396493,30.62395588235294,137235.87367867082,False
340,117.75,35.325,117.75,10447.469999999996,395084.881163965,30.63774193548387,137115.0940671908,False
341,110.33,33.099,110.33,10480.568999999996,395051.78216396493,30.644938596491226,137052.0441201053,False
342,107.14,32.142,107.14,10512.710999999996,395019.64016396494,30.649303206997082,137013.8057674635,False
343,92.0,27.6,92.0,10540.310999999996,394992.04016396496,30.64043895348837,137091.46549245334,False
344,103.17,30.951,103.17,10571.261999999995,394961.08916396496,30.641339130434783,137083.5790422258,False
345,124.74,37.422,124.74,10608.683999999996,394923.66716396494,30.66093641618497,136911.8872217684,False
346,107.45,32.235,107.45,10640.918999999996,394891.43216396496,30.665472622478386,136872.14551843182,False
347,100.48,30.144,100.48,10671.062999999996,394861.2881639649,30.663974137931035,136885.27374155112,False
348,131.04,39.312,131.04,10710.374999999996,394821.97616396495,30.688753581661892,136668.1810350251,False
349,80.54,24.162000000000003,80.54,10734.536999999997,394797.81416396494,30.670105714285715,136831.5550011078,False
350,130.18,39.054,130.18,10773.590999999997,394758.76016396494,30.693991452991455,136622.2920443068,False
351,103.73,31.119,103.73,10804.709999999997,394727.64116396493,30.69519886363636,136611.71391964678,False
352,97.05,29.115,97.05,10833.824999999997,394698.52616396494,30.6907223796034,136650.93239625954,False
353,85.77,25.731,85.77,10859.555999999997,394672.79516396497,30.67671186440678,136773.67851989716,False
354,89.88,26.964,89.88,10886.519999999997,394645.83116396493,30.666253521126762,136865.30406537338,False
355,116.2,34.86,116.2,10921.379999999997,394610.97116396495,30.678033707865165,136762.09784935822,False
356,102.94,30.882,102.94,10952.261999999997,394580.08916396496,30.67860504201681,136757.09239085572,False
357,104.49,31.347,104.49,10983.608999999997,394548.74216396495,30.68047206703911,136740.73538463534,False
358,128.41,38.523,128.41,11022.131999999996,394510.21916396497,30.702317548746517,136549.34711939673,False
359,108.14,32.442,108.14,11054.573999999995,394477.7771639649,30.707150000000002,136507.0100139649,False
360,117.69,35.306999999999995,117.69,11089.880999999996,394442.47016396496,30.719891966759,136395.37764318936,False
361,122.04,36.612,122.04,11126.492999999995,394405.85816396493,30.736168508287292,136252.77886285997,False
362,99.42,29.826,99.42,11156.318999999994,394376.03216396493,30.73366115702479,136274.74576727074,False
363,110.47,33.141,110.47,11189.459999999994,394342.89116396493,30.740274725274723,136216.80429583308,False
364,103.02,30.906,103.02,11220.365999999995,394311.985163965,30.740728767123287,136212.82643519787,False
365,96.3,28.89,96.3,11249.255999999994,394283.09516396496,30.73567213114754,136257.12762298138,False
366,110.0,33.0,110.0,11282.255999999994,394250.09516396496,30.74184196185286,136203.07373617205,False
367,96.2,28.86,96.2,11311.115999999995,394221.235163965,30.736728260869565,136247.8748704867,False
368,97.18,29.154,97.18,11340.269999999995,394192.08116396493,30.732439024390246,136285.452871282,False
369,109.23,32.769,109.23,11373.038999999995,394159.31216396496,30.737943243243244,136237.2304099109,False
370,103.98,31.194,103.98,11404.232999999995,394128.11816396494,30.739172506738544,136226.46083242857,False
371,77.01,23.103,77.01,11427.335999999994,394105.01516396494,30.718645161290322,136406.30090590043,False
372,94.83,28.449,94.83,11455.784999999994,394076.566163965,30.712560321715817,136459.61018541272,False
373,81.13,24.339,81.13,11480.123999999994,394052.22716396494,30.69551871657754,136608.91168802913,False
374,93.09,27.927,93.09,11508.050999999994,394024.300163965,30.688136,136673.59166796497,False
375,80.01,24.003,80.01,11532.053999999995,394000.29716396495,30.670356382978724,136829.35889268835,False
376,103.63,31.089,103.63,11563.142999999995,393969.20816396497,30.671466843501328,136819.63014804982,False
377,112.68,33.804,112.68,11596.946999999995,393935.40416396497,30.67975396825397,136747.02664809194,False
378,83.92,25.176,83.92,11622.122999999994,393910.22816396493,30.665232189973615,136874.2519476061,False
379,116.68,35.004,116.68,11657.126999999995,393875.224163965,30.676650000000002,136774.22051396494,False
380,116.52,34.956,116.52,11692.082999999995,393840.26816396497,30.68788188976378,136675.8179277445,False
381,91.4,27.42,91.4,11719.502999999995,393812.848163965,30.67932722513089,136750.76534459324,False
382,114.74,34.422,114.74,11753.924999999996,393778.42616396496,30.68909921671018,136665.15292636707,False
383,106.76,32.028,106.76,11785.952999999996,393746.398163965,30.6925859375,136634.6057655275,False
384,116.58,34.974,116.58,11820.926999999996,393711.4241639649,30.70370649350649,136537.17857435456,False
385,145.65,43.695,145.65,11864.621999999996,393667.729163965,30.737362694300515,136242.31659919815,False
386,119.22,35.766,119.22,11900.387999999995,393631.963163965,30.750356589147287,136128.47708644558,False
387,108.37,32.511,108.37,11932.898999999996,393599.452163965,30.754894329896906,136088.72193973817,False
388,104.45,31.335,104.45,11964.233999999995,393568.11716396495,30.756385604113113,136075.65688632996,False
389,113.33,33.998999999999995,113.33,11998.232999999995,393534.11816396494,30.7647,136002.81446396493,False
390,177.71,53.313,177.71,12051.545999999995,393480.805163965,30.822368286445013,135497.5826064202,False
391,91.69,27.507,91.69,12079.052999999994,393453.29816396494,30.813910714285715,135571.6793961078,False
392,96.25,28.875,96.25,12107.927999999994,393424.42316396494,30.808977099236643,135614.9027975527,False
393,98.59,29.577,98.59,12137.504999999994,393394.84616396495,30.805850253807105,135642.2970903609,False
394,92.12,27.636,92.12,12165.140999999994,393367.21016396495,30.797825316455697,135712.60356649657,False
395,99.25,29.775,99.25,12194.915999999994,393337.435163965,30.79524242424242,135735.23228517713,False
396,90.02,27.006,90.02,12221.921999999993,393310.42916396493,30.785697732997484,135818.853325174,False
397,88.15,26.445,88.15,12248.366999999993,393283.984163965,30.774791457286433,135914.40320667854,False
398,85.05,25.515,85.05,12273.881999999992,393258.46916396497,30.76160902255639,136029.89451734844,False
399,101.97,30.591,101.97,12304.472999999993,393227.87816396495,30.7611825,136033.63128146494,False
400,101.18,30.354,101.18,12334.826999999992,393197.52416396496,30.760167082294263,136042.52735598493,False
401,95.45,28.635,95.45,12363.461999999992,393168.88916396495,30.754880597014925,136088.84225351718,False
402,94.88,28.464,94.88,12391.925999999992,393140.425163965,30.749196029776673,136138.64474709154,False
403,102.8,30.84,102.8,12422.765999999992,393109.58516396495,30.749420792079206,136136.67560455902,False
404,102.28,30.684,102.28,12453.449999999992,393078.90116396494,30.74925925925926,136138.09079359454,False
405,115.54,34.662,115.54,12488.111999999992,393044.239163965,30.758896551724135,136053.65847430984,False
406,128.11,38.433,128.11,12526.544999999993,393005.80616396497,30.777751842751844,135888.46726961606,False
407,155.23,46.569,155.23,12573.113999999992,392959.23716396495,30.81645588235294,135549.38117867082,False
408,123.03,36.909,123.03,12610.022999999992,392922.32816396496,30.831352078239608,135418.87560650776,False
409,105.34,31.602,105.34,12641.624999999993,392890.72616396495,30.833231707317072,135402.40817616007,False
410,132.44,39.732,132.44,12681.356999999993,392850.99416396493,30.854883211678832,135212.71934644668,False
411,133.58,40.074000000000005,133.58,12721.430999999993,392810.92016396497,30.877259708737864,135016.67885571255,False
412,126.49,37.947,126.49,12759.377999999993,392772.973163965,30.894377723970944,134866.70792425555,False
413,95.27,28.581,95.27,12787.958999999993,392744.392163965,30.888789855072467,134915.66324367508,False
414,106.73,32.019,106.73,12819.977999999994,392712.37316396495,30.891513253012047,134891.8035543264,False
415,96.68,29.004,96.68,12848.981999999995,392683.36916396493,30.88697596153846,134931.55476492646,False
416,99.61,29.883,99.61,12878.864999999994,392653.48616396496,30.88456834532374,134952.64789058367,False
417,80.3,24.09,80.3,12902.954999999994,392629.39616396494,30.868313397129185,135095.05749171614,False
418,110.52,33.156,110.52,12936.110999999995,392596.240163965,30.87377326968974,135047.22354821317,False
419,83.78,25.134,83.78,12961.244999999995,392571.10616396496,30.860107142857146,135166.9524853935,False
420,102.69,30.807,102.69,12992.051999999996,392540.2991639649,30.859980997624703,135168.0576437749,False
421,107.23,32.169,107.23,13024.220999999996,392508.13016396493,30.863082938388626,135140.88154074218,False
422,100.57,30.171,100.57,13054.391999999996,392477.95916396496,30.86144680851064,135155.21567460324,False
423,123.01,36.903,123.01,13091.294999999996,392441.05616396497,30.875695754716983,135030.3806568895,False
424,121.51,36.453,121.51,13127.747999999996,392404.60316396493,30.888818823529412,134915.40945102376,False
425,132.9,39.87,132.9,13167.617999999997,392364.73316396493,30.909901408450704,134730.7049245283,False
426,101.89,30.567,101.89,13198.184999999996,392334.16616396495,30.909098360655737,134737.74042626005,False
427,91.08,27.324,91.08,13225.508999999996,392306.84216396493,30.90072196261682,134811.12604947897,False
428,122.17,36.651,122.17,13262.159999999996,392270.191163965,30.914125874125872,134693.6943807482,False
429,110.92,33.276,110.92,13295.435999999996,392236.91516396496,30.919618604651163,134645.57256861613,False
430,133.24,39.972,133.24,13335.407999999996,392196.94316396496,30.94062180974478,134461.56348879094,False
431,109.54,32.862,109.54,13368.269999999995,392164.08116396493,30.945069444444446,134422.59776118715,False
432,136.94,41.082,136.94,13409.351999999995,392122.99916396494,30.968480369515014,134217.4946466439,False
433,154.64,46.392,154.64,13455.743999999995,392076.60716396495,31.004018433179724,133906.1456708774,False
434,101.75,30.525,101.75,13486.268999999995,392046.082163965,31.00291724137931,133915.79321224082,False
435,112.48,33.744,112.48,13520.012999999995,392012.338163965,31.00920412844037,133860.71379469888,False
436,110.65,33.195,110.65,13553.207999999995,391979.14316396497,31.014205949656752,133816.89283902216,False
437,165.05,49.515,165.05,13602.722999999994,391929.62816396495,31.056445205479452,133446.83471875946,False
438,102.85,30.855,102.85,13633.577999999994,391898.773163965,31.05598633257403,133450.8549042839,False
439,96.72,29.016,96.72,13662.593999999994,391869.75716396497,31.05135,133491.47381396499,False
440,105.41,31.623,105.41,13694.216999999993,391838.13416396495,31.0526462585034,133480.11729321664,False
441,87.09,26.127,87.09,13720.343999999994,391812.00716396497,31.041502262443437,133577.74984269802,False
442,106.86,32.058,106.86,13752.401999999995,391779.94916396495,31.04379683972912,133557.64705109815,False
443,87.99,26.397,87.99,13778.798999999995,391753.55216396495,31.03333108108108,133649.3375626136,False
444,122.5,36.75,122.5,13815.548999999995,391716.80216396495,31.046177528089885,133536.78984036946,False
445,109.89,32.967,109.89,13848.515999999996,391683.83516396495,31.050484304932734,133499.05816844926,False
446,96.05,28.815,96.05,13877.330999999996,391655.02016396495,31.04548322147651,133542.87266060925,False
447,90.46,27.138,90.46,13904.468999999997,391627.88216396497,31.036761160714285,133619.28663494712,False
448,95.68,28.704,95.68,13933.172999999997,391599.17816396494,31.03156570155902,133664.80405260637,False
449,114.6,34.379999999999995,114.6,13967.552999999996,391564.79816396494,31.039006666666666,133599.61375729827,False
450,107.99,32.397,107.99,13999.949999999997,391532.40116396494,31.042017738359203,133573.23375819996,False
451,104.15,31.245,104.15,14031.194999999998,391501.15616396494,31.04246681415929,133569.2994051154,False
452,95.56,28.668,95.56,14059.862999999998,391472.48816396494,31.037225165562912,133615.22148846826,False
453,97.65,29.295,97.65,14089.157999999998,391443.19316396496,31.033387665198237,133648.8418291632,False
454,124.84,37.452,124.84,14126.609999999997,391405.74116396497,31.047494505494505,133525.2518013276,False
455,102.12,30.636,102.12,14157.245999999997,391375.10516396497,31.046592105263155,133533.15772975446,False
456,147.97,44.391,147.97,14201.636999999997,391330.71416396496,31.075792122538296,133277.33637840697,False
457,113.78,34.134,113.78,14235.770999999997,391296.58016396494,31.08246943231441,133218.83646745837,False
458,118.78,35.634,118.78,14271.404999999997,391260.946163965,31.092385620915035,133131.96073912835,False
459,122.16,36.648,122.16,14308.052999999996,391224.29816396494,31.104463043478262,133026.1504400519,False
460,110.48,33.144,110.48,14341.196999999996,391191.15416396497,31.108887201735357,132987.3903895615,False
461,125.34,37.602,125.34,14378.798999999997,391153.55216396495,31.122941558441557,132864.26017045847,False
462,100.83,30.249,100.83,14409.047999999997,391123.30316396494,31.12105399568035,132880.7971078094,False
463,107.83,32.349,107.83,14441.396999999997,391090.95416396495,31.123700431034486,132857.61168767183,False
464,129.79,38.937,129.79,14480.333999999997,391052.017163965,31.14050322580645,132710.40240267466,False
465,108.74,32.622,108.74,14512.955999999996,391019.39516396495,31.143682403433477,132682.54962748426,False
466,101.01,30.303,101.01,14543.258999999996,390989.09216396493,31.141882226980727,132698.32097338678,False
467,84.66,25.398,84.66,14568.656999999996,390963.69416396494,31.129608974358973,132805.84693960598,False
468,97.78,29.334,97.78,14597.990999999996,390934.360163965,31.12578038379531,132839.38922153428,False
469,123.27,36.981,123.27,14634.971999999996,390897.37916396494,31.13823829787234,132730.24543630535,False
470,93.15,27.945,93.15,14662.916999999996,390869.43416396494,31.131458598726113,132789.64238052547,False
471,103.71,31.113,103.71,14694.029999999995,390838.321163965,31.131419491525424,132789.98499871074,False
472,105.89,31.767,105.89,14725.796999999995,390806.55416396493,31.132763213530655,132778.21265022285,False
473,97.74,29.322,97.74,14755.118999999995,390777.23216396495,31.128943037974686,132811.6812082687,False
474,110.8,33.239999999999995,110.8,14788.358999999995,390743.99216396495,31.133387368421054,132772.7444292281,False
475,106.4,31.92,106.4,14820.278999999995,390712.072163965,31.135039915966388,132758.26646018345,False
476,104.74,31.422,104.74,14851.700999999995,390680.65016396495,31.13564150943396,132752.99589981404,False
477,155.41,46.623,155.41,14898.323999999995,390634.0271639649,31.168041841004186,132469.13659492726,False
478,122.32,36.696,122.32,14935.019999999995,390597.33116396493,31.179582463465554,132368.02920154322,False
479,87.15,26.145,87.15,14961.164999999995,390571.186163965,31.16909375,132459.920820215,False
480,123.99,37.197,123.99,14998.361999999996,390533.9891639649,31.18162577962578,132350.12770866347,False
481,124.28,37.284,124.28,15035.645999999995,390496.70516396494,31.194286307053943,132239.20882786534,False
482,129.02,38.706,129.02,15074.351999999995,390457.99916396494,31.20983850931677,132102.95598384071,False
483,138.06,41.418,138.06,15115.769999999995,390416.58116396493,31.230929752066118,131918.17560611368,False
484,120.94,36.282,120.94,15152.051999999994,390380.299163965,31.241344329896908,131826.93348973818,False
485,107.6,32.279999999999994,107.6,15184.331999999995,390348.01916396496,31.24348148148148,131808.2099047057,False
486,97.63,29.289,97.63,15213.620999999996,390318.73016396497,31.2394681724846,131843.37050482738,False
487,94.28,28.284,94.28,15241.904999999995,390290.446163965,31.233411885245904,131896.4296373256,False
488,115.45,34.635,115.45,15276.539999999995,390255.811163965,31.240368098159507,131835.48625598953,False
489,108.16,32.448,108.16,15308.987999999996,390223.36316396494,31.242832653061225,131813.89429049555,False
490,95.56,28.668,95.56,15337.655999999995,390194.69516396493,31.237588594704683,131859.83748575722,False
491,99.61,29.883,99.61,15367.538999999995,390164.81216396496,31.23483536585366,131883.95852372106,False
492,90.73,27.219,90.73,15394.757999999994,390137.593163965,31.226689655172414,131955.32309499945,False
493,97.3,29.19,97.3,15423.947999999995,390108.403163965,31.222566801619433,131991.44341497714,False
494,123.61,37.083,123.61,15461.030999999995,390071.32016396493,31.23440606060606,131887.71966699525,False
495,86.98,26.094,86.98,15487.124999999995,390045.22616396495,31.224042338709676,131978.51623452947,False
496,143.55,43.065000000000005,143.55,15530.189999999995,390002.16116396495,31.247867203219318,131769.7865965605,False
497,123.68,37.104,123.68,15567.293999999994,389965.05716396496,31.259626506024095,131666.76334468788,False
498,134.95,40.48499999999999,134.95,15607.778999999995,389924.572163965,31.278114228456914,131504.79240845394,False
499,100.56,30.168,100.56,15637.946999999995,389894.40416396497,31.275894,131524.24382996495,False
500,108.92,32.676,108.92,15670.622999999994,389861.72816396493,31.27868862275449,131499.76014001283,False
501,92.08,27.624,92.08,15698.246999999994,389834.104163965,31.271408366533862,131563.54246476182,False
502,101.3,30.39,101.3,15728.636999999993,389803.71416396496,31.269656063618292,131578.8943906051,False
503,119.54,35.862,119.54,15764.498999999993,389767.85216396494,31.278767857142856,131499.0659675364,False
504,164.56,49.368,164.56,15813.866999999993,389718.484163965,31.31458811881188,131185.2446550541,False
505,125.59,37.677,125.59,15851.543999999993,389680.80716396496,31.327162055335968,131075.08439716653,False
506,93.26,27.978,93.26,15879.521999999992,389652.82916396495,31.320556213017753,131132.9581817164,False
507,109.24,32.772,109.24,15912.293999999993,389620.05716396496,31.323413385826772,131107.9264907366,False
508,103.24,30.972,103.24,15943.265999999992,389589.08516396495,31.322722986247545,131113.97508145022,False
509,104.81,31.443,104.81,15974.708999999992,389557.642163965,31.32295882352941,131111.9089110238,False
510,115.57,34.671,115.57,16009.379999999992,389522.97116396495,31.32951076320939,131054.50736748747,False
511,109.77,32.931,109.77,16042.310999999992,389490.04016396496,31.332638671875,131027.1037596681,False
512,100.36,30.108,100.36,16072.418999999993,389459.93216396496,31.330251461988304,131048.01810548542,False
513,107.72,32.315999999999995,107.72,16104.734999999993,389427.61616396497,31.33216926070039,131031.21627096884,False
514,99.47,29.841,99.47,16134.575999999994,389397.77516396495,31.329273786407764,131056.58352124653,False
515,93.31,27.993,93.31,16162.568999999994,389369.78216396493,31.32280813953488,131113.22905349985,False
516,100.27,30.081,100.27,16192.649999999994,389339.7011639649,31.320406189555126,131134.27253727248,False
517,105.63,31.689,105.63,16224.338999999994,389308.012163965,31.32111776061776,131128.0384631928,False
518,83.76,25.128,83.76,16249.466999999995,389282.88416396495,31.30918497109827,131232.581632173,False
519,81.95,24.585,81.95,16274.051999999994,389258.299163965,31.296253846153846,131345.87121781113,False
520,98.01,29.403,98.01,16303.454999999994,389228.89616396494,31.292619961612285,131377.7076802797,False
521,100.48,30.144,100.48,16333.598999999995,389198.75216396496,31.290419540229884,131396.98557201095,False
522,103.88,31.164,103.88,16364.762999999995,389167.588163965,31.290177820267687,131399.10328059978,False
523,97.12,29.136,97.12,16393.898999999994,389138.452163965,31.28606679389313,131435.11998266727,False
524,94.58,28.374,94.58,16422.272999999994,389110.07816396496,31.280520000000003,131483.71544396493,False
525,119.02,35.706,119.02,16457.978999999992,389074.37216396496,31.288933460076045,131410.00512023873,False
526,108.05,32.415,108.05,16490.393999999993,389041.957163965,31.29107020872865,131391.28506529325,False
527,114.72,34.416,114.72,16524.809999999994,389007.54116396495,31.29698863636364,131339.4337207831,False
528,104.23,31.269,104.23,16556.078999999994,388976.272163965,31.296935727788284,131339.89725281182,False
529,91.97,27.591,91.97,16583.669999999995,388948.68116396497,31.289943396226413,131401.15706962536,False
530,119.65,35.895,119.65,16619.564999999995,388912.78616396495,31.298615819209036,131325.17797187457,False
531,119.82,35.946,119.82,16655.510999999995,388876.84016396495,31.307351503759396,131248.64463952888,False
532,114.73,34.419,114.73,16689.929999999997,388842.42116396496,31.313189493433395,131197.498011995,False
533,115.56,34.668,115.56,16724.597999999998,388807.75316396495,31.319471910112355,131142.4577594706,False
534,115.19,34.556999999999995,115.19,16759.155,388773.1961639649,31.325523364485978,131089.44096770327,False
535,93.49,28.047,93.49,16787.201999999997,388745.14916396496,31.319406716417912,131143.02892142764,False
536,101.02,30.306,101.02,16817.507999999998,388714.843163965,31.31751955307263,131159.56235949567,False
537,94.65,28.395,94.65,16845.903,388686.44816396496,31.31208736059479,131207.153797794,False
538,118.6,35.58,118.6,16881.483,388650.86816396494,31.320005565862708,131137.78240144177,False
539,104.21,31.263,104.21,16912.746,388619.60516396497,31.319899999999997,131138.70726396499,False
540,123.3,36.99,123.3,16949.736,388582.615163965,31.330380776340114,131046.88518244924,False
541,106.99,32.096999999999994,106.99,16981.833000000002,388550.51816396497,31.331795202952026,131034.49339090227,False
542,98.77,29.631,98.77,17011.464000000004,388520.887163965,31.328662983425414,131061.93476617493,False
543,100.52,30.156,100.52,17041.620000000003,388490.73116396496,31.326507352941174,131080.82024484733,False
544,110.65,33.195,110.65,17074.815000000002,388457.53616396495,31.329935779816513,131050.78379699247,False
545,101.6,30.48,101.6,17105.295000000002,388427.05616396497,31.328379120879116,131064.42168594303,False
546,110.37,33.111,110.37,17138.406000000003,388393.94516396493,31.33163802559415,131035.87042173461,False
547,120.07,36.020999999999994,120.07,17174.427000000003,388357.9241639649,31.340195255474452,130960.90053075325,False
548,96.6,28.98,96.6,17203.407000000003,388328.94416396494,31.335896174863386,130998.56477598683,False
549,109.54,32.862,109.54,17236.269000000004,388296.0821639649,31.338670909090908,130974.25532941948,False
550,115.27,34.581,115.27,17270.850000000002,388261.501163965,31.344555353901995,130922.70170842958,False
551,127.5,38.25,127.5,17309.100000000002,388223.251163965,31.357065217391302,130813.10279439978,False
552,106.16,31.848,106.16,17340.948000000004,388191.403163965,31.357952983725138,130805.32507354906,False
553,100.66,30.198,100.66,17371.146000000004,388161.20516396494,31.355859205776174,130823.66866215988,False
554,115.9,34.77,115.9,17405.916000000005,388126.4351639649,31.362010810810812,130769.7744504514,False
555,99.23,29.769,99.23,17435.685000000005,388096.66616396495,31.35914568345324,130794.87583123113,False
556,108.22,32.466,108.22,17468.151000000005,388064.20016396494,31.3611328545781,130777.46622500621,False
557,141.58,42.474,141.58,17510.625000000004,388021.72616396495,31.381048387096776,130602.9862446101,False
558,124.15,37.245,124.15,17547.870000000003,387984.48116396496,31.39153846153846,130511.0827024265,False
559,114.8,34.44,114.8,17582.31,387950.04116396495,31.396982142857144,130463.39061039352,False
560,93.93,28.179,93.93,17610.489,387921.86216396495,31.391245989304814,130513.64505166549,False
561,113.49,34.047,113.49,17644.536,387887.81516396493,31.39597153024911,130472.24458745247,False
562,99.53,29.859,99.53,17674.395,387857.95616396493,31.393241563055064,130496.16183003952,False
563,112.35,33.705,112.35,17708.100000000002,387824.251163965,31.39734042553191,130460.25169587988,False
564,94.83,28.449,94.83,17736.549000000003,387795.80216396495,31.392122123893802,130505.96923653135,False
565,107.27,32.181,107.27,17768.730000000003,387763.62116396497,31.39351590106007,130493.7583547777,False
566,105.62,31.686,105.62,17800.416000000005,387731.9351639649,31.394031746031747,130489.23903698078,False
567,109.75,32.925,109.75,17833.341000000004,387699.01016396494,31.396727112676057,130465.62492981,False
568,106.84,32.052,106.84,17865.393000000004,387666.95816396497,31.397878734622143,130455.53556994037,False
569,110.07,33.020999999999994,110.07,17898.414000000004,387633.93716396496,31.400726315789473,130430.5879113334,False
570,160.66,48.198,160.66,17946.612000000005,387585.7391639649,31.43014360770578,130172.8630168546,False
571,115.92,34.776,115.92,17981.388000000006,387550.9631639649,31.435993006993005,130121.6164296992,False
572,102.49,30.747,102.49,18012.135000000006,387520.21616396494,31.434790575916228,130132.15092836285,False
573,109.76,32.928,109.76,18045.063000000006,387487.2881639649,31.437391986062714,130109.35997406949,False
574,119.59,35.877,119.59,18080.940000000006,387451.41116396495,31.44511304347826,130041.71579005194,False
575,130.03,39.009,130.03,18119.949000000004,387412.4021639649,31.45824479166667,129926.66854417324,False
576,92.32,27.696,92.32,18147.645000000004,387384.70616396493,31.451724436741767,129983.79337367031,False
577,101.72,30.516,101.72,18178.161000000004,387354.19016396493,31.45010553633218,129997.97656015868,False
578,151.13,45.339,151.13,18223.500000000004,387308.85116396495,31.474093264248705,129787.82007588205,False
579,104.82,31.446,104.82,18254.946000000004,387277.40516396496,31.474044827586205,129788.2444294822,False
580,148.95,44.685,148.95,18299.631000000005,387232.72016396496,31.496783132530123,129589.03413986854,False
581,126.32,37.896,126.32,18337.527000000006,387194.82416396495,31.507778350515462,129492.70503509897,False
582,119.55,35.864999999999995,119.55,18373.392000000007,387158.95916396496,31.515252144082332,129427.22712965964,False
583,105.89,31.767,105.89,18405.159000000007,387127.19216396497,31.515683219178083,129423.45048074579,False
584,97.37,29.211,97.37,18434.370000000006,387097.98116396496,31.51174358974359,129457.96557422137,False
585,83.7,25.11,83.7,18459.480000000007,387072.87116396497,31.500819112627987,129553.67491823118,False
586,110.09,33.027,110.09,18492.507000000005,387039.84416396497,31.503419080068145,129530.89660348796,False
587,109.55,32.864999999999995,109.55,18525.372000000007,387006.9791639649,31.50573469387755,129510.60951090371,False
588,106.2,31.86,106.2,18557.232000000007,386975.11916396493,31.506336162988116,129505.34004002606,False
589,82.82,24.846,82.82,18582.07800000001,386950.273163965,31.49504745762712,129604.24038769378,False
590,120.37,36.111,120.37,18618.18900000001,386914.16216396494,31.502857868020303,129535.81338223905,False
591,88.28,26.484,88.28,18644.67300000001,386887.67816396494,31.494380067567565,129610.08739200549,False
592,99.12,29.736,99.12,18674.40900000001,386857.94216396497,31.49141483979764,129636.06575249785,False
593,123.84,37.152,123.84,18711.56100000001,386820.79016396496,31.500944444444446,129552.57688618716,False
594,133.28,39.984,133.28,18751.54500000001,386780.80616396497,31.515201680672266,129427.66923959524,False
595,105.01,31.503,105.01,18783.04800000001,386749.30316396494,31.51518120805369,129427.84860020658,False
596,128.03,38.409,128.03,18821.45700000001,386710.89416396496,31.526728643216078,129326.68152074888,False
597,102.6,30.78,102.6,18852.23700000001,386680.1141639649,31.52547993311037,129337.621469985,False
598,117.51,35.253,117.51,18887.49000000001,386644.86116396496,31.531702838063442,129283.10259969113,False
599,138.87,41.661,138.87,18929.15100000001,386603.20016396494,31.548585000000003,129135.19797896492,False
600,108.18,32.454,108.18,18961.60500000001,386570.74616396497,31.550091514143094,129121.99940855731,False
601,133.03,39.909,133.03,19001.51400000001,386530.8371639649,31.563976744186046,129000.35090815098,False
602,104.96,31.488,104.96,19033.00200000001,386499.3491639649,31.563850746268656,129001.45477590521,False
603,140.29,42.087,140.29,19075.08900000001,386457.2621639649,31.581273178807947,128848.81684442848,False
604,112.71,33.812999999999995,112.71,19108.90200000001,386423.44916396495,31.58496198347107,128816.4992267749,False
605,106.25,31.875,106.25,19140.77700000001,386391.57416396495,31.585440594059403,128812.30611941052,False
606,101.41,30.423,101.41,19171.200000000008,386361.15116396494,31.5835255354201,128829.08394814943,False
607,101.65,30.495,101.65,19201.695000000007,386330.65616396494,31.58173519736842,128844.7690998202,False
608,102.16,30.648,102.16,19232.343000000008,386300.00816396496,31.58020197044335,128858.20170091075,False
609,93.28,27.984,93.28,19260.32700000001,386272.02416396496,31.57430655737705,128909.85141478464,False
610,126.56,37.968,126.56,19298.29500000001,386234.05616396497,31.58477086743044,128818.1735944069,False
611,109.42,32.826,109.42,19331.12100000001,386201.23016396497,31.58679901960784,128800.40495318067,False
612,120.31,36.093,120.31,19367.21400000001,386165.1371639649,31.594150081566067,128736.0022993646,False
613,102.47,30.741,102.47,19397.955000000013,386134.39616396494,31.592760586319216,128748.1756672223,False
614,109.67,32.901,109.67,19430.856000000014,386101.4951639649,31.59488780487805,128729.53910542832,False
615,99.94,29.982,99.94,19460.838000000014,386071.51316396496,31.59226948051948,128752.4782451338,False
616,99.97,29.991,99.97,19490.829000000016,386041.5221639649,31.58967423014587,128775.21523365696,False
617,120.54,36.162,120.54,19526.991000000016,386005.3601639649,31.597072815533977,128710.39622707173,False
618,121.15,36.345,121.15,19563.336000000018,385969.01516396494,31.604743134087236,128643.19656622666,False
619,101.57,30.471,101.57,19593.80700000002,385938.5441639649,31.602914516129033,128659.21708815848,False
620,112.81,33.843,112.81,19627.65000000002,385904.7011639649,31.606521739130436,128627.61420744317,False
621,127.66,38.298,127.66,19665.94800000002,385866.4031639649,31.617279742765273,128533.36333759836,False
622,135.62,40.686,135.62,19706.63400000002,385825.71716396493,31.631836276083465,128405.8335491977,False
623,114.9,34.47,114.9,19741.10400000002,385791.2471639649,31.636384615384614,128365.9855485803,False
624,124.17,37.251,124.17,19778.35500000002,385753.9961639649,31.645367999999998,128287.28211596492,False
625,129.5,38.85,129.5,19817.20500000002,385715.14616396494,31.65687699680511,128186.45179495536,False
626,119.45,35.835,119.45,19853.04000000002,385679.3111639649,31.66354066985646,128128.07135535247,False
627,115.97,34.791,115.97,19887.83100000002,385644.52016396495,31.66852070063694,128084.44130568471,False
628,114.61,34.383,114.61,19922.21400000002,385610.1371639649,31.672836248012718,128046.63279512548,False
629,132.17,39.651,132.17,19961.865000000023,385570.4861639649,31.6855,127935.68566396489,False
630,99.05,29.715,99.05,19991.580000000024,385540.77116396494,31.68237717908082,127963.04469803788,False
631,102.27,30.681,102.27,20022.261000000024,385510.09016396495,31.680792721518984,127976.92613073715,False
632,108.77,32.631,108.77,20054.892000000025,385477.4591639649,31.68229383886256,127963.77484169003,False
633,122.1,36.63,122.1,20091.522000000026,385440.82916396495,31.69009779179811,127895.40441002173,False
634,106.35,31.905,106.35,20123.427000000025,385408.9241639649,31.690436220472442,127892.43943640587,False
635,110.53,33.159,110.53,20156.586000000025,385375.76516396494,31.692745283018866,127872.20973943666,False
636,99.15,29.745,99.15,20186.331000000024,385346.02016396495,31.689687598116166,127898.99811686922,False
637,108.64,32.592,108.64,20218.923000000024,385313.42816396494,31.691101880877742,127886.60758559505,False
638,97.94,29.382,97.94,20248.305000000026,385284.0461639649,31.687488262910797,127918.2664926034,False
639,107.23,32.169,107.23,20280.474000000027,385251.8771639649,31.688240625,127911.67504833991,False
640,122.63,36.789,122.63,20317.263000000028,385215.0881639649,31.696198127925115,127841.95936521297,False
641,102.66,30.798,102.66,20348.061000000027,385184.2901639649,31.694799065420565,127854.21655181533,False
642,100.22,30.066,100.22,20378.127000000026,385154.2241639649,31.692265940902022,127876.4092557223,False
643,100.87,30.261,100.87,20408.388000000024,385123.9631639649,31.69004347826087,127895.88025092144,False
644,122.55,36.765,122.55,20445.153000000024,385087.1981639649,31.697911627906976,127826.94739187189,False
645,111.96,33.587999999999994,111.96,20478.741000000024,385053.6101639649,31.700837461300306,127801.31416551291,False
646,127.31,38.193,127.31,20516.934000000023,385015.41716396494,31.710871715610512,127713.40406350125,False
647,124.83,37.449,124.83,20554.383000000023,384977.9681639649,31.719726851851853,127635.82421489083,False
648,117.24,35.172,117.24,20589.555000000022,384942.7961639649,31.72504622496148,127589.22118707738,False
649,127.56,38.268,127.56,20627.823000000022,384904.5281639649,31.735112307692308,127501.03223627261,False
650,97.26,29.178,97.26,20657.001000000022,384875.3501639649,31.731184331797234,127535.44523308933,False
651,106.04,31.812,106.04,20688.813000000024,384843.5381639649,31.731308282208587,127534.35930353549,False
652,135.81,40.743,135.81,20729.556000000022,384802.7951639649,31.74510872894334,127413.4535896923,False
653,116.72,35.016,116.72,20764.572000000022,384767.7791639649,31.75011009174312,127369.63665020344,False
654,134.23,40.269,134.23,20804.841000000022,384727.51016396494,31.763116030534352,127255.69162045346,False
655,111.88,33.564,111.88,20838.40500000002,384693.9461639649,31.765861280487805,127231.64048561128,False
656,105.11,31.533,105.11,20869.93800000002,384662.4131639649,31.765506849315067,127234.74565711562,False
657,88.99,26.697,88.99,20896.63500000002,384635.71616396494,31.75780395136778,127302.23074603183,False
658,108.57,32.571,108.57,20929.20600000002,384603.14516396495,31.75903793626707,127291.41980432914,False
659,107.22,32.166,107.22,20961.37200000002,384570.9791639649,31.759654545454545,127286.01769123765,False
660,120.51,36.153,120.51,20997.52500000002,384534.8261639649,31.766301059001513,127227.78758605267,False
661,103.36,31.008,103.36,21028.53300000002,384503.81816396496,31.765155589123868,127237.82304765075,False
662,99.9,29.97,99.9,21058.503000000022,384473.8481639649,31.762447963800906,127261.5445531052,False
663,114.09,34.227,114.09,21092.73000000002,384439.6211639649,31.766159638554218,127229.0265705914,False
664,111.58,33.474,111.58,21126.20400000002,384406.1471639649,31.768727819548875,127206.52673689724,False
665,132.02,39.606,132.02,21165.81000000002,384366.54116396495,31.780495495495497,127103.4301279289,False
666,122.09,36.627,122.09,21202.43700000002,384329.9141639649,31.7877616191904,127039.7716182378,False
667,112.63,33.788999999999994,112.63,21236.22600000002,384296.1251639649,31.79075748502994,127013.52483761762,False
668,124.49,37.347,124.49,21273.573000000022,384258.7781639649,31.799062780269058,126940.7621460277,False
669,134.06,40.218,134.06,21313.791000000023,384218.5601639649,31.811628358208957,126830.67511769626,False
670,101.92,30.576,101.92,21344.367000000024,384187.9841639649,31.8097868852459,126846.80826232559,False
671,107.01,32.103,107.01,21376.470000000023,384155.8811639649,31.810223214285717,126842.98558360775,False
672,115.36,34.608,115.36,21411.078000000023,384121.2731639649,31.81438038632987,126806.56459932894,False
673,117.63,35.288999999999994,117.63,21446.367000000024,384085.9841639649,31.819535608308602,126761.39969957326,False
674,113.66,34.098,113.66,21480.465000000026,384051.8861639649,31.82291111111111,126731.82691952048,False
675,102.61,30.783,102.61,21511.248000000025,384021.10316396493,31.821372781065087,126745.3042290537,False
676,95.83,28.749,95.83,21539.997000000025,383992.3541639649,31.816834564254062,126785.0635465351,False
677,103.71,31.113,103.71,21571.110000000026,383961.2411639649,31.81579646017699,126794.15837635429,False
678,106.01,31.803,106.01,21602.913000000026,383929.43816396495,31.81577761413844,126794.32348649806,False
679,117.93,35.379,117.93,21638.292000000027,383894.05916396494,31.821017647058824,126748.41555808258,False
680,102.33,30.699,102.33,21668.991000000027,383863.3601639649,31.81937004405286,126762.8502080178,False
681,108.04,32.412,108.04,21701.403000000028,383830.9481639649,31.82023900293255,126755.23725927284,False
682,90.49,27.147,90.49,21728.55000000003,383803.8011639649,31.813396778916545,126815.18198387706,False
683,113.07,33.921,113.07,21762.471000000027,383769.88016396493,31.81647807017544,126788.1867911579,False
684,122.34,36.702,122.34,21799.173000000028,383733.17816396494,31.8236102189781,126725.70203549782,False
685,104.82,31.446,104.82,21830.619000000028,383701.73216396495,31.823059766763848,126730.52454734687,False
686,97.31,29.193,97.31,21859.812000000027,383672.5391639649,31.819231441048032,126764.06450894312,False
687,97.87,29.361,97.87,21889.173000000028,383643.17816396494,31.815658430232556,126795.36765669752,False
688,109.92,32.976,109.92,21922.149000000027,383610.2021639649,31.81734252539913,126780.61329894315,False
689,116.3,34.89,116.3,21957.039000000026,383575.3121639649,31.821795652173915,126741.59945526923,False
690,118.71,35.613,118.71,21992.652000000027,383539.69916396495,31.827282199710563,126693.5318123007,False
691,116.96,35.087999999999994,116.96,22027.740000000027,383504.6111639649,31.831994219653183,126652.24980558339,False
692,98.9,29.67,98.9,22057.410000000025,383474.9411639649,31.82887445887446,126679.58202976579,False
693,185.37,55.611,185.37,22113.021000000026,383419.33016396494,31.86314265129683,126379.35839595343,False
694,132.29,39.687,132.29,22152.708000000028,383379.6431639649,31.874399999999998,126280.73276396492,False
695,152.54,45.76199999999999,152.54,22198.470000000027,383333.8811639649,31.894353448275865,126105.92060362006,False
696,158.5,47.55,158.5,22246.020000000026,383286.33116396493,31.91681492109039,125909.13564029205,False
697,145.0,43.5,145.0,22289.520000000026,383242.83116396493,31.933409742120343,125763.7484132486,False
698,180.65,54.195,180.65,22343.715000000026,383188.6361639649,31.965257510729614,125484.73011246277,False
699,141.49,42.447,141.49,22386.162000000026,383146.18916396494,31.98023142857143,125353.54361825064,False
700,102.99,30.897,102.99,22417.059000000027,383115.29216396494,31.97868616262482,125367.0816932089,False
701,143.73,43.11899999999999,143.73,22460.178000000025,383072.17316396494,31.994555555555554,125228.04994174273,False
702,119.87,35.961,119.87,22496.139000000025,383036.2121639649,32.00019772403983,125178.61890365198,False
703,113.06,33.918,113.06,22530.057000000026,383002.2941639649,32.002921875,125154.75261708992,False
704,101.57,30.471,101.57,22560.528000000028,382971.8231639649,32.00074893617021,125173.78973417767,False
705,114.39,34.317,114.39,22594.845000000027,382937.5061639649,32.004029745042494,125145.04656764763,False
706,116.43,34.929,116.43,22629.774000000027,382902.5771639649,32.008166902404525,125108.80093199888,False
707,97.61,29.283,97.61,22659.057000000026,382873.2941639649,32.004317796610174,125142.52294786318,False
708,106.59,31.977,106.59,22691.034000000025,382841.3171639649,32.00427926657264,125142.86050952203,False
709,95.17,28.551,95.17,22719.585000000025,382812.76616396493,31.999415492957745,125185.47203016211,False
710,98.41,29.523,98.41,22749.108000000026,382783.24316396494,31.995932489451476,125215.98662388057,False
711,107.79,32.337,107.79,22781.445000000025,382750.90616396494,31.996411516853932,125211.78986480765,False
712,114.05,34.215,114.05,22815.660000000025,382716.6911639649,31.99952314165498,125184.52891992565,False
713,105.56,31.668,105.56,22847.328000000027,382685.0231639649,31.999058823529413,125188.59681102372,False
714,119.11,35.733,119.11,22883.061000000027,382649.2901639649,32.004281118881124,125142.84428144738,False
715,171.73,51.519,171.73,22934.580000000027,382597.77116396494,32.03153631284916,124904.06152709344,False
716,131.32,39.396,131.32,22973.976000000028,382558.3751639649,32.041807531380755,124814.07538153813,False
717,121.7,36.51,121.7,23010.486000000026,382521.8651639649,32.04803064066852,124759.55472106801,False
718,116.46,34.937999999999995,116.46,23045.424000000025,382486.92716396495,32.052050069541025,124724.34050471603,False
719,121.6,36.48,121.6,23081.904000000024,382450.4471639649,32.0582,124670.46096396493,False
720,177.53,53.259,177.53,23135.163000000022,382397.18816396495,32.0828875,124450.77266396498,False
721,98.54,29.562,98.54,23164.725000000024,382367.6261639649,32.07024583333333,124554.91990979828,False
722,124.26,37.278,124.26,23202.003000000022,382330.3481639649,32.07582916666667,124504.83332229822,False
723,165.09,49.527,165.09,23251.53000000002,382280.8211639649,32.09359583333333,124344.59145146495,False
724,127.05,38.115,127.05,23289.645000000022,382242.70616396493,32.09954583333333,124290.75584729828,False
725,99.89,29.967,99.89,23319.612000000023,382212.7391639649,32.0978625,124306.41397646494,False
726,124.54,37.362,124.54,23356.974000000024,382175.3771639649,32.10979583333334,124205.27743896487,False
727,103.15,30.945,103.15,23387.919000000024,382144.43216396496,32.1131375,124179.59862646495,False
728,100.49,30.147,100.49,23418.066000000024,382114.2851639649,32.114799999999995,124168.21156396493,False
729,117.16,35.148,117.16,23453.214000000025,382079.1371639649,32.1223,124104.94586396488,False
730,99.44,29.832,99.44,23483.046000000024,382049.3051639649,32.12842916666666,124058.01895563162,False
731,104.28,31.284,104.28,23514.330000000024,382018.02116396494,32.136312499999995,123995.56810146497,False
732,106.09,31.827,106.09,23546.157000000025,381986.19416396494,32.14402916666667,123933.92801396493,False
733,92.25,27.675,92.25,23573.832000000024,381958.5191639649,32.14641666666667,123919.23258063156,False
734,109.28,32.784,109.28,23606.616000000024,381925.7351639649,32.158375,123822.61741396491,False
735,102.71,30.812999999999995,102.71,23637.429000000022,381894.92216396495,32.16215,123793.66841396497,False
736,115.31,34.593,115.31,23672.022000000023,381860.32916396495,32.171620833333336,123715.24359729828,False
737,132.27,39.681,132.27,23711.703000000023,381820.6481639649,32.18354583333333,123612.05994313158,False
738,144.89,43.46699999999999,144.89,23755.170000000024,381777.1811639649,32.205595833333334,123423.8913889649,False
739,147.23,44.169,147.23,23799.339000000025,381733.0121639649,32.225566666666666,123251.7419306316,False
740,107.34,32.202,107.34,23831.541000000027,381700.8101639649,32.227158333333335,123239.00033063156,False
741,108.49,32.547,108.49,23864.088000000025,381668.2631639649,32.227562500000005,123235.43947646488,False
742,107.41,32.223,107.41,23896.311000000027,381636.0401639649,32.231,123207.88216396488,False
743,138.69,41.607,138.69,23937.918000000027,381594.43316396495,32.245737500000004,123080.35562646491,False
744,139.52,41.856,139.52,23979.774000000027,381552.5771639649,32.2561375,122987.3789639649,False
745,121.44,36.432,121.44,24016.206000000027,381516.14516396495,32.26304999999999,122927.799413965,False
746,123.81,37.143,123.81,24053.349000000027,381479.0021639649,32.27522916666666,122825.31562229828,False
747,124.85,37.455,124.85,24090.80400000003,381441.54716396495,32.278554166666666,122793.49262646495,False
748,150.45,45.135,150.45,24135.939000000028,381396.41216396494,32.30027916666666,122606.57548063164,False
749,124.95,37.485,124.95,24173.424000000028,381358.92716396495,32.312262499999996,122505.39227646499,False
750,122.03,36.609,122.03,24210.03300000003,381322.3181639649,32.3306875,122353.51128896486,False
751,105.92,31.776,105.92,24241.80900000003,381290.54216396494,32.3349,122320.32806396496,False
752,117.09,35.127,117.09,24276.93600000003,381255.4151639649,32.3417,122263.0815639649,False
753,96.09,28.827,96.09,24305.76300000003,381226.5881639649,32.34107083333333,122271.6340014649,False
754,96.42,28.926,96.42,24334.68900000003,381197.66216396494,32.34670416666666,122229.94860563165,False
755,95.13,28.539,95.13,24363.228000000032,381169.12316396495,32.35662083333333,122154.37339313162,False
756,124.32,37.296,124.32,24400.52400000003,381131.8271639649,32.373062499999996,122017.83491396494,False
757,112.1,33.629999999999995,112.1,24434.15400000003,381098.1971639649,32.3805,121957.05566396494,False
758,107.5,32.25,107.5,24466.40400000003,381065.9471639649,32.385016666666665,121921.04379729825,False
759,104.38,31.314,104.38,24497.71800000003,381034.6331639649,32.39522083333333,121840.4712764649,False
760,97.99,29.397,97.99,24527.11500000003,381005.2361639649,32.40260833333333,121784.36949729823,False
761,106.34,31.902,106.34,24559.01700000003,380973.3341639649,32.4100375,121725.44420146488,False
762,126.91,38.073,126.91,24597.09000000003,380935.2611639649,32.416275,121669.89371396494,False
763,123.19,36.957,123.19,24634.047000000028,380898.30416396493,32.426833333333335,121580.91799729827,False
764,114.08,34.224,114.08,24668.271000000026,380864.08016396494,32.428420833333334,121566.42718063161,False
765,149.17,44.751,149.17,24713.022000000026,380819.32916396495,32.445545833333334,121417.19022646494,False
766,136.52,40.956,136.52,24753.978000000025,380778.37316396495,32.462875000000004,121270.1504139649,False
767,132.01,39.603,132.01,24793.581000000024,380738.77016396495,32.46518333333333,121244.55978063165,False
768,138.7,41.60999999999999,138.7,24835.191000000024,380697.1601639649,32.484700000000004,121079.43776396487,False
769,102.26,30.678,102.26,24865.869000000024,380666.48216396495,32.46762083333333,121217.72408479833,False
770,116.64,34.992,116.64,24900.861000000023,380631.4901639649,32.46532916666667,121233.51012229823,False
771,100.16,30.048,100.16,24930.90900000002,380601.4421639649,32.468741666666666,121208.66498896491,False
772,122.02,36.606,122.02,24967.51500000002,380564.83616396494,32.46008333333333,121273.69049729829,False
773,96.06,28.818,96.06,24996.33300000002,380536.0181639649,32.4502,121356.27076396489,False
774,103.98,31.194,103.98,25027.52700000002,380504.82416396495,32.452574999999996,121338.56021396499,False
775,145.52,43.656,145.52,25071.18300000002,380461.16816396493,32.463766666666665,121237.9913306316,False
776,122.48,36.744,122.48,25107.927000000018,380424.4241639649,32.4784375,121116.57916396495,False
777,103.21,30.963,103.21,25138.890000000018,380393.46116396494,32.48733333333333,121047.07916396495,False
778,128.19,38.457,128.19,25177.347000000016,380355.00416396494,32.49642083333334,120968.57307229823,False
779,121.46,36.438,121.46,25213.785000000014,380318.5661639649,32.51484583333333,120817.5815681316,False
780,111.86,33.558,111.86,25247.343000000015,380285.00816396496,32.51906666666667,120782.85616396496,False
781,116.77,35.031,116.77,25282.374000000014,380249.97716396494,32.52914583333333,120699.92255979829,False
782,100.34,30.102,100.34,25312.476000000013,380219.8751639649,32.52820416666666,120709.86232229832,False
783,118.37,35.511,118.37,25347.987000000012,380184.3641639649,32.53729583333333,120634.35530146494,False
784,103.24,30.972,103.24,25378.959000000013,380153.3921639649,32.5457,120568.88896396494,False
785,113.32,33.995999999999995,113.32,25412.955000000013,380119.39616396494,32.55719583333333,120475.75939313162,False
786,113.12,33.936,113.12,25446.891000000014,380085.46016396495,32.5579,120468.76556396499,False
787,116.75,35.025,116.75,25481.916000000016,380050.4351639649,32.54519166666667,120567.6220056316,False
788,121.15,36.345,121.15,25518.261000000017,380014.09016396495,32.5536125,120496.69131396496,False
789,125.29,37.587,125.29,25555.848000000016,379976.50316396495,32.55728333333333,120462.39771396498,False
790,143.68,43.104,143.68,25598.952000000016,379933.39916396496,32.57024583333334,120348.53987229825,False
791,168.05,50.415,168.05,25649.367000000017,379882.9841639649,32.599575,120096.97098896492,False
792,119.83,35.949,119.83,25685.316000000017,379847.03516396496,32.599695833333335,120092.65876396495,False
793,108.5,32.55,108.5,25717.866000000016,379814.4851639649,32.601499999999994,120078.33466396495,False
794,168.43,50.529,168.43,25768.395000000015,379763.95616396493,32.63036666666667,119830.45529729826,False
795,114.31,34.293,114.31,25802.688000000016,379729.6631639649,32.63905833333333,119759.56353896495,False
796,97.52,29.256,97.52,25831.944000000018,379700.40716396493,32.6337375,119805.32171396492,False
797,108.06,32.418,108.06,25864.36200000002,379667.9891639649,32.6382375,119769.70395146491,False
798,94.0,28.2,94.0,25892.56200000002,379639.7891639649,32.6372125,119782.30323896493,False
799,119.29,35.787,119.29,25928.34900000002,379604.0021639649,32.645670833333334,119711.81665979823,False
800,110.37,33.111,110.37,25961.46000000002,379570.89116396493,32.652825,119654.40416396494,False
801,113.51,34.053,113.51,25995.51300000002,379536.8381639649,32.65855416666667,119607.40555146491,False
802,101.02,30.306,101.02,26025.81900000002,379506.53216396493,32.65846666666666,119610.45443063162,False
803,107.44,32.232,107.44,26058.05100000002,379474.3001639649,32.665483333333334,119555.04928063159,False
804,115.9,34.77,115.9,26092.82100000002,379439.53016396496,32.67405,119484.78836396494,False
805,103.81,31.143,103.81,26123.96400000002,379408.3871639649,32.68565833333333,119393.97512229829,False
806,107.3,32.19,107.3,26156.15400000002,379376.1971639649,32.69144166666667,119348.47014729821,False
807,157.02,47.106,157.02,26203.26000000002,379329.09116396494,32.715579166666664,119142.09005146497,False
808,121.02,36.306,121.02,26239.56600000002,379292.78516396496,32.72202083333333,119087.27549729831,False
809,125.62,37.686,125.62,26277.252000000022,379255.0991639649,32.7370875,118962.51645146491,False
810,102.32,30.696,102.32,26307.948000000022,379224.4031639649,32.741083333333336,118932.7906639649,False
811,153.69,46.107,153.69,26354.055000000022,379178.2961639649,32.754900000000006,118809.59606396485,False
812,115.11,34.533,115.11,26388.58800000002,379143.7631639649,32.75080833333333,118840.33853063159,False
813,115.86,34.758,115.86,26423.346000000023,379109.00516396493,32.75443333333334,118809.5234639649,False
814,127.56,38.268,127.56,26461.614000000023,379070.73716396495,32.7512875,118829.00668896499,False
815,141.59,42.477,141.59,26504.091000000022,379028.26016396494,32.754754166666665,118791.7383097983,False
816,138.69,41.607,138.69,26545.698000000022,378986.6531639649,32.760850000000005,118734.46076396489,False
817,126.85,38.055,126.85,26583.753000000022,378948.5981639649,32.75407083333334,118783.01353479823,False
818,122.68,36.804,122.68,26620.557000000023,378911.7941639649,32.76670416666667,118678.62967229824,False
819,134.75,40.425,134.75,26660.98200000002,378871.36916396493,32.77973333333333,118567.50676396495,False
820,114.21,34.263,114.21,26695.24500000002,378837.10616396496,32.783991666666665,118532.21233063162,False
821,103.96,31.187999999999995,103.96,26726.43300000002,378805.91816396493,32.79134583333333,118475.42359313162,False
822,125.25,37.575,125.25,26764.00800000002,378768.3431639649,32.792375,118462.47041396491,False
823,152.2,45.66,152.2,26809.66800000002,378722.68316396495,32.815045833333336,118269.66438479826,False
824,147.12,44.136,147.12,26853.80400000002,378678.54716396495,32.833558333333336,118111.4282306316,False
825,105.51,31.653,105.51,26885.457000000017,378646.89416396496,32.838024999999995,118077.16578896501,False
826,118.62,35.586,118.62,26921.043000000016,378611.30816396495,32.84563333333333,118014.05329729829,False
827,114.63,34.389,114.63,26955.432000000015,378576.9191639649,32.855925,117930.86613896492,False
828,101.18,30.354,101.18,26985.786000000015,378546.56516396493,32.86344583333334,117873.7128139649,False
829,111.82,33.546,111.82,27019.332000000013,378513.01916396496,32.87097083333333,117813.3494847983,False
830,112.04,33.612,112.04,27052.944000000014,378479.40716396493,32.87854166666666,117752.5717472983,False
831,89.65,26.895,89.65,27079.839000000014,378452.5121639649,32.880741666666665,117741.11148896493,False
832,117.99,35.397,117.99,27115.236000000015,378417.1151639649,32.888691666666666,117675.56763063159,False
833,108.89,32.667,108.89,27147.903000000017,378384.44816396496,32.89064583333333,117660.29864313165,False
834,131.13,39.339,131.13,27187.242000000017,378345.1091639649,32.9065875,117527.49663896492,False
835,142.95,42.885,142.95,27230.127000000015,378302.2241639649,32.920858333333335,117404.42187229823,False
836,135.53,40.659,135.53,27270.786000000015,378261.56516396493,32.935854166666665,117277.85674729827,False
837,97.28,29.184,97.28,27299.970000000016,378232.3811639649,32.93394166666667,117296.76133896489,False
838,102.75,30.825,102.75,27330.795000000016,378201.5561639649,32.939625,117253.84691396492,False
839,112.74,33.822,112.74,27364.617000000017,378167.7341639649,32.93398333333333,117297.65218063162,False
840,112.75,33.825,112.75,27398.442000000017,378133.9091639649,32.93159166666666,117315.70316396494,False
841,118.83,35.649,118.83,27434.09100000002,378098.26016396494,32.93738333333334,117267.12154729824,False
842,111.29,33.387,111.29,27467.478000000017,378064.87316396495,32.93524583333333,117283.59665563161,False
843,135.12,40.536,135.12,27508.014000000017,378024.3371639649,32.954224999999994,117125.73783896497,False
844,115.96,34.788,115.96,27542.802000000018,377989.5491639649,32.96864583333333,117009.74874729826,False
845,120.13,36.039,120.13,27578.84100000002,377953.51016396494,32.97085416666667,116989.19943479824,False
846,94.49,28.347,94.49,27607.18800000002,377925.1631639649,32.9783,116934.89696396494,False
847,122.28,36.684,122.28,27643.87200000002,377888.4791639649,32.97634583333333,116946.65458479826,False
848,134.25,40.275,134.25,27684.147000000023,377848.20416396495,32.994325,116797.10476396492,False
849,106.16,31.848,106.16,27715.995000000024,377816.35616396496,32.996741666666665,116779.13283896496,False
850,167.06,50.118,167.06,27766.113000000023,377766.23816396494,33.026675000000004,116525.23891396492,False
851,151.24,45.372,151.24,27811.485000000022,377720.8661639649,33.03559583333333,116442.33871813159,False
852,105.17,31.551,105.17,27843.036000000022,377689.31516396493,33.04035833333334,116406.1614639649,False
853,107.45,32.235,107.45,27875.271000000022,377657.08016396494,33.04727916666667,116352.24379313158,False
854,118.77,35.631,118.77,27910.902000000024,377621.44916396495,33.049570833333334,116331.54215563161,False
855,127.66,38.298,127.66,27949.200000000023,377583.15116396494,33.057545833333336,116263.25135146492,False
856,113.67,34.101,113.67,27983.30100000002,377549.0501639649,33.061591666666665,116230.2296306316,False
857,107.76,32.328,107.76,28015.629000000023,377516.72216396494,33.0671375,116187.13450146493,False
858,144.06,43.218,144.06,28058.847000000023,377473.50416396494,33.08716666666667,116018.71316396492,False
859,113.08,33.924,113.08,28092.771000000022,377439.58016396494,33.105358333333335,115874.14397229828,False
860,122.65,36.795,122.65,28129.56600000002,377402.78516396496,33.11087916666666,115826.8397472983,False
861,149.97,44.991,149.97,28174.557000000023,377357.7941639649,33.130275,115661.75193896494,False
862,150.47,45.141,150.47,28219.698000000022,377312.6531639649,33.140325,115570.36631396494,False
863,130.72,39.216,130.72,28258.914000000022,377273.4371639649,33.14873333333333,115497.89003063156,False
864,123.91,37.173,123.91,28296.08700000002,377236.26416396495,33.151424999999996,115472.61236396499,False
865,130.23,39.069,130.23,28335.15600000002,377197.19516396493,33.165,115359.52016396495,False
866,141.02,42.306,141.02,28377.46200000002,377154.88916396495,33.17765833333333,115250.45428063162,False
867,162.84,48.852,162.84,28426.31400000002,377106.03716396494,33.199325,115063.76493896492,False
868,129.68,38.904,129.68,28465.21800000002,377067.13316396496,33.2043875,115018.10701396494,False
869,116.55,34.965,116.55,28500.18300000002,377032.16816396493,33.21122916666666,114962.35880979832,False
870,126.09,37.827,126.09,28538.01000000002,376994.34116396494,33.207074999999996,114990.51941396497,False
871,130.08,39.024,130.08,28577.03400000002,376955.3171639649,33.21575416666667,114916.23254313154,False
872,129.53,38.859,129.53,28615.893000000022,376916.4581639649,33.22689166666667,114822.73669729824,False
873,111.1,33.33,111.1,28649.223000000024,376883.12816396495,33.2291375,114804.92070146496,False
874,139.31,41.793,139.31,28691.016000000025,376841.33516396495,33.25230833333333,114613.63164729829,False
875,111.86,33.558,111.86,28724.574000000026,376807.7771639649,33.26585,114506.54991396493,False
876,116.65,34.995,116.65,28759.569000000025,376772.78216396493,33.27775,114411.00116396497,False
877,114.14,34.242,114.14,28793.811000000023,376738.5401639649,33.29305,114289.42701396492,False
878,119.03,35.709,119.03,28829.520000000022,376702.83116396493,33.302058333333335,114216.00738063158,False
879,119.95,35.985,119.95,28865.505000000023,376666.84616396495,33.311225,114141.08193896496,False
880,120.07,36.020999999999994,120.07,28901.526000000023,376630.82516396494,33.32176666666666,114055.30383063166,False
881,113.49,34.047,113.49,28935.573000000022,376596.7781639649,33.3260125,114021.12567646493,False
882,128.06,38.418,128.06,28973.991000000024,376558.3601639649,33.343712499999995,113876.59308896493,False
883,148.91,44.673,148.91,29018.664000000022,376513.6871639649,33.364475000000006,113701.71758896485,False
884,164.14,49.242,164.14,29067.90600000002,376464.44516396493,33.39635833333333,113434.72693063162,False
885,129.12,38.736,129.12,29106.64200000002,376425.70916396496,33.407470833333335,113341.87635146495,False
886,129.65,38.895,129.65,29145.537000000022,376386.81416396494,33.419037499999995,113245.31288896501,False
887,125.34,37.602,125.34,29183.13900000002,376349.2121639649,33.42792083333333,113171.1914431316,False
888,145.69,43.707,145.69,29226.84600000002,376305.50516396493,33.4435625,113037.78116396494,False
889,148.91,44.673,148.91,29271.51900000002,376260.8321639649,33.461483333333334,112885.49684729823,False
890,134.83,40.449000000000005,134.83,29311.96800000002,376220.38316396496,33.464504166666664,112854.73537229834,False
891,125.94,37.782,125.94,29349.75000000002,376182.60116396495,33.475545833333335,112763.53100146493,False
892,188.05,56.415,188.05,29406.16500000002,376126.1861639649,33.512029166666665,112453.54068063159,False
893,118.33,35.498999999999995,118.33,29441.66400000002,376090.68716396496,33.51225,112449.81641396496,False
894,112.31,33.693,112.31,29475.357000000018,376056.99416396493,33.513779166666666,112437.60723896493,False
895,100.66,30.198,100.66,29505.55500000002,376026.79616396496,33.515704166666666,112425.7828931316,False
896,129.25,38.775,129.25,29544.33000000002,375988.02116396494,33.53182083333333,112293.78213063168,False
897,115.87,34.761,115.87,29579.09100000002,375953.26016396494,33.539258333333336,112234.07188896491,False
898,120.62,36.186,120.62,29615.27700000002,375917.07416396495,33.552679166666664,112125.91055563162,False
899,124.82,37.446,124.82,29652.72300000002,375879.62816396495,33.56625833333333,112015.27140563162,False
900,110.16,33.047999999999995,110.16,29685.77100000002,375846.58016396494,33.58069583333334,111902.31091396493,False
901,116.39,34.917,116.39,29720.68800000002,375811.6631639649,33.59587916666666,111781.64879313164,False
902,109.63,32.889,109.63,29753.57700000002,375778.7741639649,33.59880833333333,111759.33828063158,False
903,100.18,30.054,100.18,29783.63100000002,375748.72016396496,33.60470416666667,111716.5595264649,False
904,116.18,34.854,116.18,29818.48500000002,375713.8661639649,33.61490416666667,111635.17903063155,False
905,112.22,33.666,112.22,29852.15100000002,375680.20016396494,33.62367916666666,111566.2003097983,False
906,120.7,36.21,120.7,29888.36100000002,375643.9901639649,33.63290416666667,111491.16083896492,False
907,127.8,38.34,127.8,29926.70100000002,375605.65016396495,33.63514166666667,111468.88265563158,False
908,137.54,41.26199999999999,137.54,29967.963000000018,375564.38816396496,33.6439375,111392.19091396494,False
909,139.71,41.913,139.71,30009.87600000002,375522.4751639649,33.66486666666667,111219.60696396488,False
910,143.54,43.062,143.54,30052.93800000002,375479.4131639649,33.6917125,110999.47003896494,False
911,127.06,38.118,127.06,30091.05600000002,375441.2951639649,33.69295833333334,110985.26520563156,False
912,145.58,43.674,145.58,30134.730000000018,375397.6211639649,33.703516666666665,110892.4223639649,False
913,125.12,37.536,125.12,30172.266000000018,375360.08516396495,33.71372083333333,110808.51778479828,False
914,119.94,35.982,119.94,30208.248000000018,375324.10316396493,33.71690833333333,110781.24038063164,False
915,109.43,32.829,109.43,30241.07700000002,375291.2741639649,33.712408333333336,110817.4307889649,False
916,130.08,39.024,130.08,30280.10100000002,375252.2501639649,33.72421666666666,110719.49463063164,False
917,116.62,34.986,116.62,30315.08700000002,375217.26416396495,33.72532916666667,110709.50750979828,False
918,112.01,33.603,112.01,30348.69000000002,375183.66116396495,33.73005,110672.60906396498,False
919,134.3,40.29,134.3,30388.98000000002,375143.3711639649,33.73497916666667,110627.39951813157,False
920,138.46,41.538,138.46,30430.518000000022,375101.8331639649,33.7513875,110490.95516396489,False
921,129.67,38.901,129.67,30469.419000000024,375062.93216396496,33.77008333333333,110339.24891396496,False
922,114.26,34.278,114.26,30503.697000000022,375028.6541639649,33.7769,110285.31196396495,False
923,131.37,39.411,131.37,30543.108000000022,374989.24316396494,33.79472916666667,110139.95068479824,False
924,124.35,37.305,124.35,30580.413000000022,374951.93816396495,33.7937,110144.50496396492,False
925,94.98,28.494,94.98,30608.90700000002,374923.44416396494,33.792404166666664,110159.95751813165,False
926,130.37,39.111,130.37,30648.018000000022,374884.3331639649,33.808099999999996,110031.67776396492,False
927,117.71,35.312999999999995,117.71,30683.33100000002,374849.02016396495,33.81525,109974.16691396496,False
928,115.41,34.623,115.41,30717.95400000002,374814.3971639649,33.81378333333334,109984.8460972982,False
929,134.72,40.416,134.72,30758.37000000002,374773.98116396496,33.825516666666665,109886.36014729831,False
930,122.32,36.696,122.32,30795.06600000002,374737.28516396496,33.8388625,109778.99178896495,False
931,132.17,39.651,132.17,30834.717000000022,374697.63416396495,33.8369,109788.54406396498,False
932,102.07,30.620999999999995,102.07,30865.33800000002,374667.0131639649,33.84097083333333,109759.89348063158,False
933,130.63,39.189,130.63,30904.52700000002,374627.82416396495,33.85464583333333,109647.511226465,False
934,116.79,35.037,116.79,30939.56400000002,374592.78716396494,33.852804166666665,109660.74175563164,False
935,123.24,36.972,123.24,30976.536000000022,374555.81516396493,33.8664,109551.23516396491,False
936,147.86,44.358,147.86,31020.894000000022,374511.4571639649,33.8845,109399.12916396488,False
937,134.21,40.263,134.21,31061.15700000002,374471.19416396494,33.90027916666667,109269.3102431316,False
938,128.38,38.514,128.38,31099.67100000002,374432.6801639649,33.90150416666666,109255.1145722983,False
939,112.26,33.678,112.26,31133.34900000002,374399.0021639649,33.906866666666666,109213.3979639649,False
940,138.81,41.643,138.81,31174.99200000002,374357.3591639649,33.922958333333334,109079.82499729824,False
941,162.62,48.786,162.62,31223.77800000002,374308.5731639649,33.9424,108912.94756396493,False
942,109.95,32.985,109.95,31256.76300000002,374275.5881639649,33.95017083333333,108853.1525889649,False
943,115.63,34.689,115.63,31291.45200000002,374240.8991639649,33.9474,108874.07336396491,False
944,120.4,36.12,120.4,31327.57200000002,374204.7791639649,33.95871666666667,108783.44969729823,False
945,119.53,35.859,119.53,31363.43100000002,374168.9201639649,33.9705375,108689.16960146494,False
946,97.88,29.364,97.88,31392.79500000002,374139.5561639649,33.97468333333333,108661.38059729827,False
947,136.71,41.013,136.71,31433.80800000002,374098.54316396493,33.99545833333333,108492.0272056316,False
948,120.88,36.264,120.88,31470.07200000002,374062.2791639649,34.0008625,108447.54131396493,False
949,152.87,45.861,152.87,31515.93300000002,374016.41816396493,34.02752916666667,108227.38784313161,False
950,136.05,40.815000000000005,136.05,31556.748000000018,373975.60316396493,34.039629166666664,108126.09937229828,False
951,120.86,36.258,120.86,31593.00600000002,373939.34516396496,34.051875,108028.25328896492,False
952,127.12,38.136,127.12,31631.142000000018,373901.20916396496,34.066775,107907.82996396493,False
953,129.23,38.769,129.23,31669.91100000002,373862.44016396493,34.084783333333334,107762.53668063157,False
954,127.2,38.16,127.2,31708.071000000018,373824.28016396496,34.090912499999995,107710.61718896497,False
955,139.96,41.988,139.96,31750.05900000002,373782.29216396494,34.1055875,107588.18172646494,False
956,134.5,40.35,134.5,31790.409000000018,373741.9421639649,34.108399999999996,107559.98856396496,False
957,98.61,29.583,98.61,31819.992000000017,373712.3591639649,34.10140833333333,107619.06993896491,False
958,131.99,39.597,131.99,31859.589000000018,373672.7621639649,34.10655416666667,107573.42655563157,False
959,128.74,38.622,128.74,31898.211000000018,373634.14016396494,34.11239166666667,107523.37277229829,False
960,138.51,41.553,138.51,31939.764000000017,373592.5871639649,34.118112499999995,107471.30966396496,False
961,134.99,40.497,134.99,31980.261000000017,373552.09016396495,34.12852916666667,107383.69119313161,False
962,128.76,38.62799999999999,128.76,32018.889000000017,373513.4621639649,34.13115833333333,107358.68948063161,False
963,128.32,38.496,128.32,32057.385000000017,373474.96616396494,34.111575,107507.01588896493,False
964,126.79,38.037,126.79,32095.422000000017,373436.92916396493,34.12951666666667,107363.21723063162,False
965,128.15,38.445,128.15,32133.867000000017,373398.4841639649,34.130062499999994,107354.64697646495,False
966,119.52,35.855999999999995,119.52,32169.723000000016,373362.62816396495,34.13724166666667,107296.96661396493,False
967,146.31,43.893,146.31,32213.616000000016,373318.7351639649,34.164941666666664,107071.34475563158,False
968,121.98,36.594,121.98,32250.210000000017,373282.14116396493,34.18765833333333,106891.90743063163,False
969,121.05,36.315,121.05,32286.525000000016,373245.8261639649,34.197137500000004,106815.92790146492,False
970,125.6,37.68,125.6,32324.205000000016,373208.14616396494,34.217441666666666,106654.27558063163,False
971,130.06,39.018,130.06,32363.223000000016,373169.12816396495,34.234925,106513.297338965,False
972,100.24,30.072,100.24,32393.295000000016,373139.0561639649,34.241883333333334,106463.26876396488,False
973,106.47,31.941,106.47,32425.236000000015,373107.1151639649,34.244258333333335,106447.07552229823,False
974,136.9,41.07,136.9,32466.306000000015,373066.0451639649,34.26170416666667,106304.41652229824,False
975,115.83,34.748999999999995,115.83,32501.055000000015,373031.29616396496,34.2711625,106230.29610146495,False
976,115.68,34.704,115.68,32535.759000000016,372996.59216396493,34.2806,106156.40176396491,False
977,124.88,37.464,124.88,32573.223000000016,372959.12816396495,34.2900625,106079.57172646496,False
978,153.6,46.08,153.6,32619.303000000018,372913.04816396494,34.301833333333335,105976.18116396491,False
979,126.64,37.992,126.64,32657.295000000016,372875.0561639649,34.31146666666666,105897.53403063165,False
980,127.92,38.376,127.92,32695.671000000017,372836.6801639649,34.3190375,105834.56841396494,False
981,127.62,38.286,127.62,32733.957000000017,372798.39416396496,34.328062499999994,105760.39597646502,False
982,140.81,42.243,140.81,32776.20000000002,372756.15116396494,34.3411125,105650.97813896491,False
983,133.94,40.182,133.94,32816.38200000002,372715.9691639649,34.34787083333333,105592.57769313158,False
984,127.48,38.244,127.48,32854.62600000002,372677.7251639649,34.36237916666667,105475.8647639649,False
985,130.6,39.18,130.6,32893.80600000002,372638.5451639649,34.37229166666667,105393.97745563154,False
986,137.48,41.24399999999999,137.48,32935.05000000002,372597.3011639649,34.381116666666664,105318.50019729824,False
987,171.75,51.525,171.75,32986.57500000002,372545.77616396494,34.40482083333333,105117.10382646497,False
988,172.43,51.729,172.43,33038.30400000002,372494.04716396495,34.43725416666667,104847.70778063161,False
989,125.2,37.56,125.2,33075.864000000016,372456.48716396495,34.446304166666664,104774.25748479832,False
990,111.8,33.54,111.8,33109.40400000002,372422.9471639649,34.447516666666665,104765.74266396492,False
991,101.29,30.387,101.29,33139.79100000002,372392.5601639649,34.451791666666665,104736.59070563159,False
992,103.99,31.197,103.99,33170.98800000002,372361.36316396494,34.4541375,104721.62306396494,False
993,114.41,34.323,114.41,33205.311000000016,372327.04016396496,34.4680625,104613.59872646496,False
994,120.29,36.087,120.29,33241.398000000016,372290.9531639649,34.485533333333336,104476.30129729823,False
995,101.37,30.411,101.37,33271.809000000016,372260.54216396494,34.4882,104459.66916396492,False
996,121.42,36.426,121.42,33308.235000000015,372224.11616396497,34.497954166666666,104382.00001396495,False
997,102.44,30.732,102.44,33338.96700000002,372193.38416396495,34.50683333333333,104316.83699729829,False
998,109.74,32.922,109.74,33371.88900000002,372160.4621639649,34.51980833333333,104217.70988063159,False
999,104.89,31.467,104.89,33403.356000000014,372128.9951639649,34.52574166666667,104174.71408896492,False
1000,137.25,41.175,137.25,33444.53100000002,372087.82016396493,34.537637499999995,104075.75316396495,False
1001,132.59,39.777,132.59,33484.30800000002,372048.04316396493,34.54524166666667,104011.51307229826,False
1002,129.3,38.79,129.3,33523.09800000002,372009.25316396495,34.559804166666666,103894.29243896494,False
1003,120.08,36.024,120.08,33559.12200000002,371973.2291639649,34.5703875,103810.73332646489,False
1004,126.78,38.034,126.78,33597.15600000002,371935.19516396493,34.57455,103774.98536396492,False
1005,148.49,44.547,148.49,33641.703000000016,371890.6481639649,34.594095833333334,103613.4349764649,False
1006,135.75,40.725,135.75,33682.428000000014,371849.92316396494,34.60847916666667,103495.77570563159,False
1007,144.61,43.383,144.61,33725.811000000016,371806.54016396496,34.6191125,103404.56095146498,False
1008,127.36,38.208,127.36,33764.019000000015,371768.3321639649,34.624966666666666,103355.59056396491,False
1009,146.65,43.995,146.65,33808.01400000002,371724.3371639649,34.64223333333333,103212.38659729826,False
1010,131.45,39.435,131.45,33847.449000000015,371684.9021639649,34.653733333333335,103118.46883063158,False
1011,119.03,35.709,119.03,33883.15800000002,371649.19316396496,34.655854166666664,103100.97922646499,False
1012,141.24,42.372,141.24,33925.53000000002,371606.8211639649,34.675237499999994,102943.08101396495,False
1013,120.46,36.138,120.46,33961.66800000002,371570.68316396495,34.66889166666667,102990.77942229825,False
1014,116.01,34.803,116.01,33996.47100000002,371535.88016396493,34.671904166666664,102967.31048896495,False
1015,154.38,46.314,154.38,34042.78500000002,371489.5661639649,34.69597916666667,102769.20751813159,False
1016,124.82,37.446,124.82,34080.23100000002,371452.1201639649,34.710454166666665,102654.36309729825,False
1017,107.39,32.217,107.39,34112.44800000002,371419.9031639649,34.715387500000006,102618.65775146487,False
1018,120.42,36.126,120.42,34148.574000000015,371383.7771639649,34.72174166666667,102568.0531806316,False
1019,103.62,31.086,103.62,34179.66000000002,371352.6911639649,34.72813333333333,102522.21103063162,False
1020,109.31,32.793,109.31,34212.453000000016,371319.8981639649,34.74036666666667,102429.46016396489,False
1021,123.39,37.017,123.39,34249.470000000016,371282.8811639649,34.74012916666667,102429.02154313156,False
1022,104.41,31.323,104.41,34280.79300000001,371251.55816396495,34.743295833333335,102407.93500563159,False
1023,106.69,32.007,106.69,34312.80000000001,371219.55116396496,34.747770833333334,102376.04822646495,False
1024,119.91,35.973,119.91,34348.77300000001,371183.57816396496,34.75693750000001,102303.90966396494,False
1025,120.46,36.138,120.46,34384.91100000001,371147.44016396493,34.75723333333333,102300.24033063161,False
1026,154.42,46.32599999999999,154.42,34431.23700000001,371101.1141639649,34.77725,102133.86266396492,False
1027,119.17,35.751,119.17,34466.988000000005,371065.36316396494,34.78695416666667,102057.8465931316,False
1028,169.63,50.889,169.63,34517.87700000001,371014.474163965,34.813766666666666,101834.4302972983,False
1029,109.52,32.855999999999995,109.52,34550.73300000001,370981.61816396494,34.82177083333333,101774.50785146496,False
1030,116.33,34.899,116.33,34585.632000000005,370946.71916396497,34.826125000000005,101740.77291396493,False
1031,128.07,38.421,128.07,34624.05300000001,370908.29816396494,34.83541666666667,101665.36274729826,False
1032,176.52,52.956,176.52,34677.009000000005,370855.34216396493,34.8694,101384.61896396492,False
1033,143.94,43.182,143.94,34720.191000000006,370812.16016396496,34.870358333333336,101368.90132229828,False
1034,140.51,42.153,140.51,34762.344000000005,370770.00716396497,34.88238333333334,101268.71353063162,False
1035,128.79,38.63699999999999,128.79,34800.98100000001,370731.3701639649,34.88869583333334,101216.19485146488,False
1036,115.1,34.529999999999994,115.1,34835.511000000006,370696.84016396495,34.8974875,101148.64671396499,False
1037,126.6,37.98,126.6,34873.49100000001,370658.8601639649,34.9041875,101093.82010146492,False
1038,121.39,36.417,121.39,34909.90800000001,370622.44316396496,34.913804166666665,101018.04738896497,False
1039,126.54,37.962,126.54,34947.87000000001,370584.48116396496,34.91598333333333,100998.17384729831,False
1040,140.8,42.24,140.8,34990.11000000001,370542.24116396497,34.94087916666667,100798.65399729827,False
1041,109.73,32.919,109.73,35023.02900000001,370509.322163965,34.94795833333333,100746.03178896499,False
1042,139.49,41.847,139.49,35064.87600000001,370467.47516396496,34.970400000000005,100565.92796396493,False
1043,104.85,31.455,104.85,35096.33100000001,370436.02016396495,34.976616666666665,100521.46934729832,False
1044,112.73,33.819,112.73,35130.150000000016,370402.2011639649,34.99380416666667,100390.00821396487,False
1045,133.14,39.94199999999999,133.14,35170.09200000002,370362.25916396495,35.01400833333333,100229.18487229833,False
1046,137.35,41.205,137.35,35211.29700000002,370321.05416396493,35.026358333333334,100127.7259806316,False
1047,113.61,34.083,113.61,35245.38000000002,370286.97116396495,35.03082916666666,100094.18580146495,False
1048,119.14,35.742,119.14,35281.12200000002,370251.2291639649,35.03243333333333,100081.10329729825,False
1049,117.97,35.391,117.97,35316.51300000002,370215.8381639649,35.03525833333333,100058.96115563158,False
1050,142.59,42.777,142.59,35359.29000000002,370173.0611639649,35.0553,99896.6981639649,False
1051,146.31,43.893,146.31,35403.18300000002,370129.16816396493,35.06625416666667,99803.41479313158,False
1052,137.83,41.349,137.83,35444.53200000002,370087.81916396494,35.07807916666667,99705.98494729825,False
1053,122.11,36.633,122.11,35481.16500000002,370051.1861639649,35.08336666666667,99663.67926396488,False
1054,131.56,39.468,131.56,35520.63300000002,370011.7181639649,35.097183333333334,99552.82339729823,False
1055,104.61,31.383,104.61,35552.016000000025,369980.33516396495,35.09524583333334,99571.46601813158,False
1056,124.4,37.32,124.4,35589.336000000025,369943.01516396494,35.09843333333333,99544.68476396496,False
1057,118.49,35.547,118.49,35624.88300000002,369907.4681639649,35.10498749999999,99493.74945146497,False
1058,144.7,43.41,144.7,35668.29300000003,369864.05816396495,35.1205,99365.96716396493,False
1059,131.19,39.357,131.19,35707.65000000003,369824.7011639649,35.132645833333335,99268.19560146489,False
1060,163.13,48.939,163.13,35756.58900000003,369775.7621639649,35.15155416666666,99108.79508063162,False
1061,108.14,32.442,108.14,35789.03100000003,369743.32016396493,35.150641666666665,99118.5299722983,False
1062,152.52,45.756,152.52,35834.78700000003,369697.56416396494,35.16955,98962.36826396495,False
1063,103.64,31.092,103.64,35865.87900000003,369666.47216396494,35.1744,98929.11536396493,False
1064,125.2,37.56,125.2,35903.43900000003,369628.91216396494,35.18357916666667,98856.08689729829,False
1065,101.68,30.504,101.68,35933.94300000003,369598.4081639649,35.17397083333333,98934.70260146499,False
1066,154.23,46.269,154.23,35980.21200000003,369552.1391639649,35.193462499999995,98773.63868896494,False
1067,113.6,34.08,113.6,36014.29200000003,369518.05916396494,35.19892916666667,98732.69708479824,False
1068,137.15,41.145,137.15,36055.43700000003,369476.9141639649,35.201474999999995,98707.16846396495,False
1069,142.61,42.783,142.61,36098.22000000003,369434.1311639649,35.227337500000004,98500.67845146486,False
1070,125.64,37.692,125.64,36135.91200000003,369396.43916396494,35.22544583333333,98512.76070563163,False
1071,120.29,36.087,120.29,36171.99900000003,369360.35216396494,35.23234583333333,98458.84505146492,False
1072,141.8,42.54,141.8,36214.53900000003,369317.8121639649,35.250991666666664,98308.18823063158,False
1073,145.42,43.626,145.42,36258.16500000003,369274.1861639649,35.275845833333335,98108.75924313156,False
1074,125.41,37.623,125.41,36295.78800000003,369236.5631639649,35.29065,97992.62726396491,False
1075,126.61,37.983,126.61,36333.77100000003,369198.58016396494,35.2949875,97956.60122646496,False
1076,107.51,32.253,107.51,36366.02400000003,369166.3271639649,35.29689166666667,97945.01159729826,False
1077,108.32,32.495999999999995,108.32,36398.520000000026,369133.83116396493,35.2984875,97935.55170146492,False
1078,155.77,46.731,155.77,36445.251000000026,369087.1001639649,35.309887499999995,97836.54438896495,False
1079,105.23,31.569,105.23,36476.82000000003,369055.53116396494,35.308675,97849.59848896496,False
1080,150.9,45.27,150.9,36522.090000000026,369010.2611639649,35.3225125,97733.36516396492,False
1081,153.39,46.017,153.39,36568.107000000025,368964.24416396493,35.335575,97622.36373896495,False
1082,136.67,41.001,136.67,36609.10800000002,368923.24316396494,35.35109583333333,97497.52935563162,False
1083,126.57,37.971,126.57,36647.07900000002,368885.2721639649,35.35780416666667,97443.40957646491,False
1084,143.19,42.957,143.19,36690.03600000002,368842.31516396493,35.37454166666667,97307.33333063155,False
1085,130.62,39.186,130.62,36729.22200000002,368803.12916396494,35.388841666666664,97193.76937229827,False
1086,149.18,44.754,149.18,36773.976000000024,368758.3751639649,35.405166666666666,97059.12616396492,False
1087,143.61,43.083000000000006,143.61,36817.05900000002,368715.29216396494,35.42492083333334,96899.87460979825,False
1088,109.17,32.751,109.17,36849.81000000002,368682.54116396495,35.42991666666667,96864.22049729823,False
1089,109.98,32.994,109.98,36882.80400000002,368649.54716396495,35.43022916666666,96864.25922646496,False
1090,123.44,37.032,123.44,36919.83600000002,368612.51516396494,35.438337499999996,96800.46653896495,False
1091,151.15,45.345,151.15,36965.18100000002,368567.1701639649,35.469229166666665,96553.65168479824,False
1092,142.1,42.63,142.1,37007.811000000016,368524.54016396496,35.488924999999995,96395.46326396498,False
1093,121.72,36.516,121.72,37044.32700000002,368488.0241639649,35.5058375,96264.76805146493,False
1094,144.93,43.479,144.93,37087.80600000002,368444.5451639649,35.527437500000005,96091.20928896486,False
1095,114.64,34.392,114.64,37122.19800000002,368410.1531639649,35.541866666666664,95981.74516396492,False
1096,110.46,33.138,110.46,37155.33600000002,368377.01516396494,35.544712499999996,95962.338563965,False
1097,129.73,38.919,129.73,37194.25500000002,368338.09616396495,35.55181666666667,95904.52504729829,False
1098,145.4,43.62,145.4,37237.87500000002,368294.47616396495,35.57743333333333,95700.18196396495,False
1099,137.51,41.25299999999999,137.51,37279.12800000002,368253.2231639649,35.5861125,95628.01530146494,False
1100,126.74,38.022,126.74,37317.150000000016,368215.2011639649,35.59037083333334,95592.96058063157,False
1101,142.05,42.615,142.05,37359.765000000014,368172.58616396494,35.611475,95424.29913896497,False
1102,133.76,40.12799999999999,133.76,37399.89300000001,368132.4581639649,35.6194,95359.09296396491,False
1103,160.55,48.165,160.55,37448.05800000001,368084.29316396493,35.6418125,95174.93485146493,False
1104,162.48,48.74399999999999,162.48,37496.80200000001,368035.5491639649,35.6609375,95015.41166396491,False
1105,121.65,36.495,121.65,37533.29700000001,367999.05416396493,35.6509375,95091.12760146492,False
1106,187.47,56.241,187.47,37589.538000000015,367942.81316396495,35.679375,94852.87691396492,False
1107,122.02,36.606,122.02,37626.144000000015,367906.2071639649,35.6850625,94808.42385146493,False
1108,148.05,44.415,148.05,37670.559000000016,367861.79216396494,35.70322916666667,94660.68258063163,False
1109,138.41,41.523,138.41,37712.08200000002,367820.26916396496,35.713679166666665,94574.90985979832,False
1110,117.51,35.253,117.51,37747.335000000014,367785.01616396493,35.68859583333334,94767.25803896488,False
1111,127.16,38.148,127.16,37785.483000000015,367746.86816396494,35.703375,94651.75278896495,False
1112,135.33,40.599,135.33,37826.08200000002,367706.26916396496,35.71965833333333,94522.32223063166,False
1113,115.01,34.503,115.01,37860.585000000014,367671.76616396493,35.726499999999994,94471.22066396498,False
1114,148.46,44.538,148.46,37905.123000000014,367627.22816396493,35.749975,94282.91931396496,False
1115,126.66,37.998,126.66,37943.121000000014,367589.2301639649,35.76139583333333,94193.35901813157,False
1116,107.12,32.136,107.12,37975.25700000001,367557.09416396497,35.76852083333334,94142.5209139649,False
1117,153.91,46.173,153.91,38021.430000000015,367510.92116396496,35.795920833333334,93922.69823479827,False
1118,127.56,38.268,127.56,38059.69800000001,367472.6531639649,35.81363333333333,93784.86723063164,False
1119,141.04,42.312,141.04,38102.01000000001,367430.34116396494,35.8299125,93653.97975146497,False
1120,152.59,45.777,152.59,38147.78700000001,367384.56416396494,35.85133333333333,93480.3774972983,False
1121,136.56,40.968,136.56,38188.75500000001,367343.59616396495,35.8684625,93344.41112646495,False
1122,133.99,40.197,133.99,38228.95200000001,367303.39916396496,35.88475833333334,93215.61501396494,False
1123,140.58,42.174,140.58,38271.12600000001,367261.22516396496,35.9005,93089.10666396498,False
1124,133.48,40.044,133.48,38311.17000000001,367221.1811639649,35.9135,92985.69516396493,False
1125,134.74,40.422,134.74,38351.59200000001,367180.75916396495,35.9215,92920.10666396492,False
1126,124.22,37.266,124.22,38388.858000000015,367143.49316396494,35.91987916666667,92931.13560563163,False
1127,153.49,46.047,153.49,38434.90500000001,367097.4461639649,35.919154166666665,92926.54240979825,False
1128,133.79,40.13699999999999,133.79,38475.042000000016,367057.30916396494,35.9236375,92888.10776396497,False
1129,157.19,47.157,157.19,38522.199000000015,367010.1521639649,35.94524166666667,92712.01300563157,False
1130,142.56,42.768,142.56,38564.96700000001,366967.38416396495,35.94945833333333,92673.01708063163,False
1131,163.85,49.155,163.85,38614.12200000001,366918.2291639649,35.96207083333333,92563.59077646496,False
1132,140.06,42.018,140.06,38656.14000000001,366876.21116396494,35.967725,92514.40486396494,False
1133,141.44,42.432,141.44,38698.57200000001,366833.77916396497,35.986962500000004,92361.21617646492,False
1134,126.12,37.836,126.12,38736.40800000001,366795.94316396496,35.995041666666665,92297.75541396497,False
1135,106.48,31.944,106.48,38768.35200000001,366763.99916396494,35.999125,92270.67103896494,False
1136,148.59,44.577,148.59,38812.92900000001,366719.42216396495,36.01953333333333,92106.50003063167,False
1137,137.42,41.22599999999999,137.42,38854.15500000001,366678.1961639649,36.04333333333333,91919.86616396497,False
1138,171.68,51.504,171.68,38905.659000000014,366626.69216396497,36.06881666666666,91710.17153063166,False
1139,138.21,41.463,138.21,38947.12200000002,366585.2291639649,36.09149583333333,91531.9394181316,False
1140,97.67,29.301,97.67,38976.42300000002,366555.92816396494,36.08940416666667,91554.66841396492,False
1141,151.42,45.426,151.42,39021.84900000002,366510.5021639649,36.107816666666665,91405.0469806316,False
1142,147.97,44.391,147.97,39066.24000000002,366466.11116396496,36.12756666666667,91246.30829729827,False
1143,179.19,53.757,179.19,39119.99700000002,366412.3541639649,36.150975,91050.37758896488,False
1144,130.82,39.246,130.82,39159.24300000002,366373.10816396493,36.15485416666667,91017.7388306316,False
1145,136.68,41.004,136.68,39200.24700000002,366332.1041639649,36.15642916666667,91000.89605979825,False
1146,136.95,41.085,136.95,39241.33200000002,366291.01916396496,36.1710375,90884.739638965,False
1147,132.39,39.71699999999999,132.39,39281.04900000001,366251.30216396495,36.188250000000004,90750.15491396491,False
1148,144.69,43.407,144.69,39324.45600000001,366207.89516396495,36.19763333333333,90671.51023063163,False
1149,159.34,47.802,159.34,39372.258000000016,366160.0931639649,36.21780833333333,90506.35393896495,False
1150,146.93,44.079,146.93,39416.337000000014,366116.01416396495,36.2235125,90455.08403896494,False
1151,133.88,40.164,133.88,39456.50100000001,366075.85016396496,36.23365416666667,90373.97560979828,False
1152,139.47,41.841,139.47,39498.34200000001,366034.00916396495,36.23470833333334,90360.34816396493,False
1153,147.48,44.24399999999999,147.48,39542.58600000001,365989.76516396494,36.231725,90375.03308896493,False
1154,140.24,42.072,140.24,39584.65800000001,365947.69316396496,36.2477625,90247.21158896497,False
1155,129.16,38.748,129.16,39623.40600000001,365908.94516396493,36.2547125,90191.85660146497,False
1156,163.28,48.984,163.28,39672.39000000001,365859.96116396494,36.27664166666667,90012.37793063157,False
1157,116.11,34.833,116.11,39707.223000000005,365825.12816396495,36.256249999999994,90168.85941396502,False
1158,183.65,55.095,183.65,39762.31800000001,365770.0331639649,36.28991666666666,89894.08666396496,False
1159,120.33,36.099,120.33,39798.41700000001,365733.93416396494,36.299754166666666,89819.5027431316,False
1160,143.84,43.152,143.84,39841.56900000001,365690.78216396493,36.31576666666667,89690.95549729827,False
1161,149.97,44.991,149.97,39886.56000000001,365645.79116396495,36.341966666666664,89483.18646396499,False
1162,136.0,40.8,136.0,39927.360000000015,365604.99116396497,36.354108333333336,89386.47604729829,False
1163,122.85,36.855,122.85,39964.21500000002,365568.1361639649,36.368633333333335,89275.62873063155,False
1164,148.6,44.58,148.6,40008.79500000002,365523.5561639649,36.379508333333334,89184.8108639649,False
1165,121.63,36.489,121.63,40045.28400000002,365487.0671639649,36.3844,89147.54916396493,False
1166,103.96,31.187999999999995,103.96,40076.47200000002,365455.87916396494,36.38769583333333,89127.7170056316,False
1167,109.27,32.781,109.27,40109.253000000026,365423.0981639649,36.39553333333333,89071.81356396491,False
1168,115.07,34.520999999999994,115.07,40143.77400000003,365388.5771639649,36.4036125,89012.35106396489,False
1169,136.03,40.809,136.03,40184.58300000003,365347.7681639649,36.41254166666666,88940.16437229828,False
1170,162.3,48.690000000000005,162.3,40233.27300000003,365299.0781639649,36.43517083333333,88756.13153896492,False
1171,182.33,54.699000000000005,182.33,40287.97200000003,365244.37916396494,36.46774583333333,88490.6560347983,False
1172,134.89,40.46699999999999,134.89,40328.43900000003,365203.91216396494,36.48413333333333,88362.30843063159,False
1173,147.65,44.295,147.65,40372.734000000026,365159.6171639649,36.50496666666667,88196.43506396486,False
1174,146.92,44.07599999999999,146.92,40416.81000000003,365115.5411639649,36.51416666666667,88119.07283063157,False
1175,149.5,44.85,149.5,40461.660000000025,365070.6911639649,36.533908333333336,87960.99645563157,False
1176,178.38,53.514,178.38,40515.17400000003,365017.17716396495,36.54657916666667,87847.92076396494,False
1177,132.8,39.84,132.8,40555.014000000025,364977.3371639649,36.55450416666667,87784.53206813161,False
1178,128.58,38.574000000000005,128.58,40593.588000000025,364938.7631639649,36.5585875,87751.5527389649,False
1179,141.59,42.477,141.59,40636.065000000024,364896.28616396495,36.56668333333333,87684.25981396495,False
1180,133.63,40.089,133.63,40676.154000000024,364856.1971639649,36.57632916666667,87607.62208063155,False
1181,129.45,38.835,129.45,40714.98900000002,364817.36216396495,36.57804166666667,87592.38437229826,False
1182,147.58,44.274,147.58,40759.26300000002,364773.0881639649,36.597520833333334,87437.0752889649,False
1183,120.26,36.078,120.26,40795.34100000002,364737.01016396494,36.6027,87398.35226396495,False
1184,135.17,40.551,135.17,40835.89200000002,364696.45916396496,36.60494166666667,87377.42109729827,False
1185,130.18,39.054,130.18,40874.94600000002,364657.40516396496,36.613875,87307.30203896493,False
1186,122.01,36.603,122.01,40911.54900000002,364620.80216396495,36.622625,87241.04041396495,False
1187,107.86,32.358,107.86,40943.90700000002,364588.44416396494,36.63229166666667,87172.09937229828,False
1188,148.05,44.415,148.05,40988.32200000002,364544.0291639649,36.6532375,87005.7148139649,False
1189,153.01,45.903,153.01,41034.22500000002,364498.1261639649,36.66562916666666,86902.64774313162,False
1190,114.38,34.314,114.38,41068.53900000002,364463.81216396496,36.674475,86838.03641396493,False
1191,128.15,38.445,128.15,41106.98400000002,364425.36716396495,36.68465833333334,86759.18823896494,False
1192,174.98,52.49399999999999,174.98,41159.47800000002,364372.87316396495,36.71344583333333,86525.51509729831,False
1193,154.28,46.284,154.28,41205.76200000002,364326.58916396496,36.737004166666665,86337.67863479833,False
1194,116.49,34.947,116.49,41240.70900000002,364291.6421639649,36.739374999999995,86321.53091396496,False
1195,125.91,37.773,125.91,41278.48200000002,364253.86916396493,36.747504166666666,86259.00014313159,False
1196,149.38,44.814,149.38,41323.29600000002,364209.0551639649,36.766104166666665,86110.24324729829,False
1197,166.26,49.87799999999999,166.26,41373.17400000001,364159.17716396495,36.770624999999995,86062.94028896501,False
1198,133.68,40.104,133.68,41413.27800000001,364119.07316396496,36.77535833333333,86023.81344729831,False
1199,156.59,46.977,156.59,41460.25500000001,364072.09616396495,36.804291666666664,85794.84687229828,False
1200,136.18,40.854,136.18,41501.10900000001,364031.24216396495,36.80937083333333,85752.39866396494,False
1201,193.26,57.978,193.26,41559.087000000014,363973.26416396495,36.8381125,85513.97177646495,False
1202,136.18,40.854,136.18,41599.94100000001,363932.41016396496,36.841095833333334,85487.40785563161,False
1203,131.4,39.42,131.4,41639.36100000001,363892.9901639649,36.838320833333334,85505.7996264649,False
1204,123.35,37.005,123.35,41676.36600000001,363855.9851639649,36.839324999999995,85498.04546396493,False
1205,126.57,37.971,126.57,41714.33700000001,363818.01416396495,36.847229166666665,85437.1978097983,False
1206,142.83,42.849,142.83,41757.18600000001,363775.16516396496,36.8660625,85288.92903896497,False
1207,161.86,48.558,161.86,41805.744000000006,363726.60716396495,36.894220833333335,85064.55720979825,False
1208,119.23,35.769,119.23,41841.513000000006,363690.8381639649,36.89579583333333,85053.78803063161,False
1209,114.62,34.386,114.62,41875.899000000005,363656.452163965,36.8984875,85035.97305146494,False
1210,120.77,36.231,120.77,41912.130000000005,363620.22116396495,36.90899166666667,84957.33408063155,False
1211,149.59,44.877,149.59,41957.007000000005,363575.34416396497,36.92981666666666,84792.15814729832,False
1212,127.32,38.196,127.32,41995.20300000001,363537.148163965,36.9450625,84675.81641396496,False
1213,137.04,41.112,137.04,42036.31500000001,363496.03616396495,36.96162083333333,84546.68373479834,False
1214,150.12,45.036,150.12,42081.35100000001,363451.0001639649,36.97266666666667,84455.25749729824,False
1215,156.7,47.01,156.7,42128.36100000001,363403.9901639649,37.00171666666667,84226.03791396494,False
1216,138.02,41.406,138.02,42169.767000000014,363362.58416396496,36.9994125,84239.016263965,False
1217,122.47,36.741,122.47,42206.508000000016,363325.8431639649,36.998908333333326,84243.07760563167,False
1218,130.24,39.072,130.24,42245.580000000016,363286.77116396494,36.996945833333335,84255.8056889649,False
1219,116.62,34.986,116.62,42280.56600000001,363251.78516396496,37.003637499999996,84207.35477646498,False
1220,135.36,40.608,135.36,42321.17400000001,363211.17716396495,37.014654166666666,84120.6847472983,False
1221,131.96,39.588,131.96,42360.76200000002,363171.58916396496,37.03127083333333,83992.838351465,False
1222,135.91,40.773,135.91,42401.53500000002,363130.8161639649,37.04569166666667,83880.39238063159,False
1223,147.99,44.397,147.99,42445.932000000015,363086.4191639649,37.057545833333336,83783.69621813158,False
1224,143.98,43.194,143.98,42489.12600000002,363043.2251639649,37.048970833333335,83842.1809639649,False
1225,146.85,44.055,146.85,42533.18100000002,362999.1701639649,37.057829166666664,83768.4273931316,False
1226,123.23,36.969,123.23,42570.150000000016,362962.2011639649,37.07031666666666,83674.43539729831,False
1227,157.6,47.28,157.6,42617.430000000015,362914.92116396496,37.090466666666664,83512.43576396495,False
1228,139.23,41.769,139.23,42659.199000000015,362873.1521639649,37.1054625,83394.80861396494,False
1229,173.13,51.939,173.13,42711.13800000001,362821.2131639649,37.13392916666667,83165.59260979824,False
1230,133.28,39.984,133.28,42751.12200000001,362781.2291639649,37.14130833333333,83107.17741396494,False
1231,180.65,54.195,180.65,42805.31700000001,362727.0341639649,37.17084166666666,82867.76725563162,False
1232,137.7,41.31,137.7,42846.62700000001,362685.724163965,37.1864,82746.50496396498,False
1233,131.64,39.492,131.64,42886.119000000006,362646.23216396495,37.19636666666666,82669.18026396498,False
1234,121.25,36.375,121.25,42922.494000000006,362609.85716396495,37.205441666666665,82601.70318063162,False
1235,175.81,52.743,175.81,42975.23700000001,362557.1141639649,37.23981666666667,82327.49374729826,False
1236,127.76,38.328,127.76,43013.56500000001,362518.78616396495,37.25127083333333,82240.22441396496,False
1237,128.85,38.655,128.85,43052.22000000001,362480.1311639649,37.26094583333334,82166.03565979825,False
1238,118.03,35.409,118.03,43087.62900000001,362444.72216396494,37.275225,82060.47971396492,False
1239,101.76,30.528,101.76,43118.15700000001,362414.19416396494,37.283479166666666,82005.14735146496,False
1240,122.12,36.636,122.12,43154.793000000005,362377.55816396495,37.293524999999995,81930.25016396499,False
1241,135.62,40.686,135.62,43195.47900000001,362336.87216396496,37.308166666666665,81816.76699729828,False
1242,105.47,31.641,105.47,43227.12000000001,362305.23116396496,37.30882916666667,81817.45348896494,False
1243,146.03,43.809,146.03,43270.92900000001,362261.42216396495,37.329208333333334,81657.76312229829,False
1244,135.97,40.791,135.97,43311.72000000001,362220.6311639649,37.34645416666667,81524.68164729828,False
1245,151.14,45.34199999999999,151.14,43357.062000000005,362175.2891639649,37.3598375,81416.11035146494,False
1246,131.99,39.597,131.99,43396.65900000001,362135.69216396497,37.3698125,81338.92103896494,False
1247,150.03,45.009,150.03,43441.668000000005,362090.68316396495,37.384525,81220.74683896499,False
1248,140.18,42.054,140.18,43483.722,362048.62916396494,37.39950416666666,81103.55386396497,False
1249,171.84,51.552,171.84,43535.274000000005,361997.077163965,37.43278333333334,80839.44154729828,False
1250,151.74,45.522,151.74,43580.796,361951.555163965,37.446154166666666,80730.93737229833,False
1251,134.55,40.365,134.55,43621.161,361911.19016396493,37.45229166666667,80681.93203896494,False
1252,141.43,42.429,141.43,43663.59,361868.761163965,37.46341666666667,80593.42883063166,False
1253,157.53,47.259,157.53,43710.848999999995,361821.50216396496,37.48090416666667,80452.35458479828,False
1254,153.15,45.945,153.15,43756.793999999994,361775.55716396496,37.496720833333335,80325.17058896495,False
1255,157.79,47.337,157.79,43804.130999999994,361728.22016396496,37.5235125,80114.25885146495,False
1256,128.22,38.466,128.22,43842.596999999994,361689.75416396494,37.53484583333333,80028.27103063167,False
1257,126.16,37.848,126.16,43880.44499999999,361651.90616396494,37.547975,79929.44973896496,False
1258,99.99,29.997,99.99,43910.441999999995,361621.90916396497,37.54022083333333,79995.17247229832,False
1259,124.72,37.416,124.72,43947.85799999999,361584.49316396494,37.548766666666666,79931.19439729827,False
1260,132.82,39.846,132.82,43987.70399999999,361544.647163965,37.55273333333333,79899.14716396504,False
1261,125.24,37.572,125.24,44025.27599999999,361507.07516396494,37.560337499999996,79842.10425146495,False
1262,140.72,42.216,140.72,44067.49199999999,361464.859163965,37.57781666666666,79706.38979729835,False
1263,150.38,45.114,150.38,44112.60599999999,361419.745163965,37.59859166666667,79543.10343896493,False
1264,152.55,45.765,152.55,44158.37099999999,361373.98016396497,37.61605,79404.06936396495,False
1265,129.02,38.706,129.02,44197.07699999999,361335.27416396496,37.627475000000004,79317.34903896495,False
1266,135.3,40.59,135.3,44237.66699999999,361294.68416396494,37.637862500000004,79236.54258896492,False
1267,127.05,38.115,127.05,44275.781999999985,361256.56916396494,37.640770833333335,79214.27330979827,False
1268,141.92,42.57599999999999,141.92,44318.357999999986,361213.99316396494,37.65965416666667,79067.86414729827,False
1269,125.45,37.635,125.45,44355.99299999999,361176.35816396493,37.66628333333333,79018.22971396492,False
1270,118.43,35.529,118.43,44391.52199999999,361140.82916396495,37.6676,79010.50516396493,False
1271,138.92,41.676,138.92,44433.19799999999,361099.153163965,37.672358333333335,78970.86160563165,False
1272,151.92,45.57599999999999,151.92,44478.77399999999,361053.577163965,37.691425,78820.18676396494,False
1273,141.09,42.327,141.09,44521.10099999999,361011.250163965,37.70827083333333,78689.42643479834,False
1274,171.86,51.558,171.86,44572.658999999985,360959.69216396497,37.731587499999996,78501.02813896502,False
1275,167.76,50.328,167.76,44622.98699999999,360909.364163965,37.76014166666667,78274.70378896495,False
1276,129.54,38.862,129.54,44661.84899999999,360870.50216396496,37.76902499999999,78207.11906396504,False
1277,137.05,41.115,137.05,44702.963999999985,360829.387163965,37.7671375,78217.89725146501,False
1278,135.33,40.599,135.33,44743.56299999999,360788.788163965,37.771795833333336,78180.21173896495,False
1279,154.57,46.371,154.57,44789.93399999999,360742.41716396494,37.78836666666667,78047.64613063162,False
1280,128.47,38.541,128.47,44828.474999999984,360703.876163965,37.80275833333333,77939.24383063166,False
1281,152.65,45.795,152.65,44874.26999999998,360658.081163965,37.819075,77809.21923896502,False
1282,204.44,61.332,204.44,44935.601999999984,360596.749163965,37.862787499999996,77458.824238965,False
1283,114.28,34.284,114.28,44969.885999999984,360562.46516396495,37.863591666666665,77456.3902722983,False
1284,175.97,52.791,175.97,45022.67699999998,360509.674163965,37.8974,77188.71176396502,False
1285,119.66,35.898,119.66,45058.57499999998,360473.776163965,37.9025625,77152.12147646496,False
1286,179.0,53.7,179.0,45112.27499999998,360420.076163965,37.933137499999994,76907.80648896506,False
1287,149.14,44.742,149.14,45157.01699999998,360375.33416396496,37.94955,76778.34701396496,False
1288,114.17,34.251,114.17,45191.267999999975,360341.08316396497,37.95260416666667,76759.22483063163,False
1289,117.69,35.306999999999995,117.69,45226.574999999975,360305.776163965,37.955779166666666,76738.15000979835,False
1290,118.5,35.55,118.5,45262.12499999998,360270.22616396495,37.9382125,76871.77878896496,False
1291,140.38,42.114,140.38,45304.23899999998,360228.11216396495,37.94840416666666,76791.48144313163,False
1292,137.02,41.106,137.02,45345.34499999998,360187.006163965,37.96279166666667,76680.87799729832,False
1293,183.9,55.17,183.9,45400.51499999998,360131.836163965,37.99368333333334,76433.00271396496,False
1294,153.66,46.098,153.66,45446.612999999976,360085.738163965,38.00787916666667,76318.91230563167,False
1295,142.6,42.78,142.6,45489.392999999975,360042.95816396497,38.01311666666667,76275.04224729829,False
1296,171.4,51.42,171.4,45540.81299999997,359991.538163965,38.04606666666666,76015.696563965,False
1297,163.76,49.12799999999999,163.76,45589.94099999997,359942.41016396496,38.07191666666667,75811.69608063163,False
1298,152.94,45.882,152.94,45635.82299999997,359896.528163965,38.07267083333333,75798.25840563164,False
1299,151.36,45.408,151.36,45681.23099999997,359851.120163965,38.0920625,75646.24185146502,False
1300,179.65,53.895,179.65,45735.12599999997,359797.22516396496,38.10485416666666,75535.01308063167,False
1301,181.76,54.528,181.76,45789.653999999966,359742.697163965,38.12795416666667,75346.2870347983,False
1302,142.25,42.675,142.25,45832.32899999997,359700.022163965,38.137412499999996,75271.19973896502,False
1303,126.53,37.959,126.53,45870.28799999997,359662.063163965,38.1460125,75207.24795146502,False
1304,127.93,38.379,127.93,45908.66699999997,359623.684163965,38.158745833333334,75112.07523063163,False
1305,157.81,47.343,157.81,45956.00999999997,359576.341163965,38.189625,74872.68678896502,False
1306,144.23,43.269,144.23,45999.27899999997,359533.072163965,38.203849999999996,74761.57426396501,False
1307,115.94,34.782,115.94,46034.06099999997,359498.29016396496,38.206512499999995,74745.152501465,False
1308,155.72,46.716,155.72,46080.77699999997,359451.57416396495,38.22714583333333,74582.88341396494,False
1309,127.21,38.163,127.21,46118.93999999997,359413.411163965,38.245641666666664,74445.13510563172,False
1310,132.89,39.867,132.89,46158.80699999997,359373.544163965,38.25085833333333,74404.64958063164,False
1311,145.29,43.587,145.29,46202.39399999997,359329.957163965,38.2746125,74222.36865146493,False
1312,116.9,35.07,116.9,46237.46399999997,359294.887163965,38.282020833333334,74170.3959972983,False
1313,152.36,45.708000000000006,152.36,46283.17199999997,359249.179163965,38.293904166666664,74074.47483479837,False
1314,156.87,47.061,156.87,46330.23299999997,359202.118163965,38.303733333333334,73992.51976396499,False
1315,135.79,40.737,135.79,46370.96999999997,359161.381163965,38.31655833333333,73894.60437229829,False
1316,154.23,46.269,154.23,46417.23899999997,359115.112163965,38.327475,73805.38826396503,False
1317,122.79,36.837,122.79,46454.07599999997,359078.27516396495,38.3358875,73744.26450146496,False
1318,147.17,44.151,147.17,46498.22699999997,359034.124163965,38.34824583333333,73646.47867229837,False
1319,134.76,40.428,134.76,46538.65499999997,358993.696163965,38.346533333333326,73657.1416306317,False
1320,147.19,44.157,147.19,46582.81199999997,358949.539163965,38.362787499999996,73530.40016396501,False
1321,145.27,43.581,145.27,46626.39299999997,358905.95816396497,38.3678875,73487.24305146496,False
1322,152.03,45.609,152.03,46672.001999999964,358860.349163965,38.3875,73334.12416396494,False
1323,148.87,44.661,148.87,46716.662999999964,358815.688163965,38.391075,73301.26338896499,False
1324,152.57,45.771,152.57,46762.433999999965,358769.917163965,38.40768333333334,73170.3838972983,False
1325,158.85,47.655,158.85,46810.08899999996,358722.262163965,38.4296,72998.18616396497,False
1326,141.89,42.56699999999999,141.89,46852.655999999966,358679.695163965,38.446466666666666,72868.66196396499,False
1327,159.82,47.946,159.82,46900.60199999997,358631.749163965,38.470704166666664,72679.00509313168,False
1328,116.95,35.085,116.95,46935.68699999997,358596.664163965,38.476866666666666,72636.59109729831,False
1329,147.36,44.208000000000006,147.36,46979.89499999997,358552.456163965,38.4994,72463.414763965,False
1330,144.01,43.203,144.01,47023.09799999997,358509.25316396495,38.50667083333333,72404.68887229828,False
1331,139.18,41.754,139.18,47064.85199999997,358467.499163965,38.51907083333333,72309.32194313168,False
1332,120.86,36.258,120.86,47101.10999999997,358431.24116396497,38.5193,72309.88076396496,False
1333,117.75,35.325,117.75,47136.43499999997,358395.916163965,38.52566666666667,72265.78983063163,False
1334,128.46,38.538,128.46,47174.97299999997,358357.37816396495,38.53349583333333,72207.63810563163,False
1335,131.4,39.42,131.4,47214.39299999997,358317.95816396497,38.54660416666667,72109.42222646496,False
1336,152.1,45.63,152.1,47260.022999999965,358272.32816396496,38.568325,71941.08336396498,False
1337,136.61,40.983,136.61,47301.005999999965,358231.345163965,38.57502083333334,71888.96551813162,False
1338,112.4,33.72,112.4,47334.725999999966,358197.625163965,38.571374999999996,71920.87991396501,False
1339,143.3,42.99,143.3,47377.715999999964,358154.635163965,38.5887625,71787.42865146499,False
1340,135.86,40.758,135.86,47418.473999999966,358113.87716396496,38.598366666666664,71713.9964972983,False
1341,140.89,42.267,140.89,47460.740999999965,358071.610163965,38.603879166666665,71669.43062646501,False
1342,142.09,42.627,142.09,47503.367999999966,358028.983163965,38.606575,71645.40981396497,False
1343,157.82,47.346,157.82,47550.71399999996,357981.637163965,38.62445833333334,71504.0297056316,False
1344,235.42,70.62599999999999,235.42,47621.33999999996,357911.011163965,38.670812500000004,71128.26566396496,False
1345,180.12,54.036,180.12,47675.37599999996,357856.975163965,38.69190416666667,70956.5057681317,False
1346,131.31,39.393,131.31,47714.76899999996,357817.582163965,38.696845833333334,70919.16715563164,False
1347,135.74,40.722,135.74,47755.49099999996,357776.860163965,38.705083333333334,70856.07741396496,False
1348,147.77,44.331,147.77,47799.82199999996,357732.529163965,38.7189,70748.04236396501,False
1349,120.26,36.078,120.26,47835.89999999996,357696.451163965,38.71393749999999,70787.46035146504,False
1350,179.2,53.76,179.2,47889.65999999996,357642.691163965,38.74733333333334,70524.95116396493,False
1351,121.21,36.363,121.21,47926.02299999996,357606.328163965,38.755225,70468.86613896501,False
1352,171.69,51.507,171.69,47977.529999999955,357554.821163965,38.781441666666666,70261.90129729832,False
1353,129.07,38.721,129.07,48016.25099999995,357516.100163965,38.78434583333333,70240.450576465,False
1354,133.72,40.116,133.72,48056.366999999955,357475.984163965,38.79575,70154.659663965,False
1355,113.65,34.095,113.65,48090.461999999956,357441.889163965,38.79705,70149.733913965,False
1356,135.38,40.614,135.38,48131.07599999996,357401.275163965,38.81214583333334,70036.14741396497,False
1357,126.72,38.016,126.72,48169.09199999996,357363.259163965,38.81967916666667,69981.17429313168,False
1358,142.7,42.81,142.7,48211.90199999996,357320.449163965,38.83832916666666,69839.13667229837,False
1359,125.55,37.665,125.55,48249.56699999996,357282.78416396497,38.8459625,69783.815701465,False
1360,137.31,41.193,137.31,48290.75999999996,357241.591163965,38.85207916666666,69736.2053306317,False
1361,126.73,38.019,126.73,48328.77899999996,357203.572163965,38.86210833333333,69662.83260563167,False
1362,149.67,44.901,149.67,48373.67999999996,357158.671163965,38.8827125,69504.36408896506,False
1363,139.69,41.907,139.69,48415.586999999956,357116.764163965,38.8988875,69381.69332646503,False
1364,158.2,47.46,158.2,48463.046999999955,357069.304163965,38.91374166666667,69263.27079729835,False
1365,148.95,44.685,148.95,48507.73199999995,357024.619163965,38.92915416666667,69143.52410146495,False
1366,171.29,51.38699999999999,171.29,48559.118999999955,356973.232163965,38.94747916666666,68995.57120563171,False
1367,141.17,42.35099999999999,141.17,48601.46999999996,356930.881163965,38.9542875,68941.83367646497,False
1368,150.76,45.228,150.76,48646.69799999996,356885.653163965,38.96825416666667,68832.31836396497,False
1369,134.76,40.428,134.76,48687.12599999996,356845.225163965,38.97125416666667,68808.68561813165,False
1370,181.29,54.38699999999999,181.29,48741.51299999996,356790.838163965,39.00626666666666,68534.52749729832,False
1371,158.88,47.664,158.88,48789.17699999996,356743.174163965,39.028283333333334,68363.188613965,False
1372,149.93,44.979,149.93,48834.15599999996,356698.195163965,39.034166666666664,68313.77183063165,False
1373,167.78,50.334,167.78,48884.48999999996,356647.86116396496,39.05544166666667,68145.31357229827,False
1374,142.58,42.774,142.58,48927.26399999996,356605.087163965,39.05892083333333,68115.89788896497,False
1375,166.79,50.037,166.79,48977.300999999956,356555.050163965,39.0818,67935.95716396498,False
1376,134.03,40.209,134.03,49017.50999999996,356514.841163965,39.09385,67845.85276396497,False
1377,127.13,38.139,127.13,49055.64899999996,356476.702163965,39.10974166666667,67729.47943896492,False
1378,138.22,41.466,138.22,49097.11499999996,356435.23616396496,39.12209583333333,67635.92472229828,False
1379,152.64,45.792,152.64,49142.90699999996,356389.444163965,39.141020833333336,67489.56939313165,False
1380,125.89,37.767,125.89,49180.67399999996,356351.677163965,39.1432625,67474.39991396503,False
1381,157.07,47.121,157.07,49227.79499999996,356304.55616396497,39.165641666666666,67301.28630563163,False
1382,144.12,43.236,144.12,49271.03099999996,356261.320163965,39.184066666666666,67161.27629729832,False
1383,134.03,40.209,134.03,49311.23999999996,356221.11116396496,39.192375,67098.96078896499,False
1384,147.91,44.373,147.91,49355.61299999996,356176.738163965,39.2075125,66982.12596396502,False
1385,152.12,45.636,152.12,49401.24899999996,356131.102163965,39.2158875,66913.93185146496,False
1386,137.54,41.26199999999999,137.54,49442.51099999996,356089.840163965,39.222325,66864.41561396501,False
1387,170.01,51.00299999999999,170.01,49493.51399999996,356038.837163965,39.246233333333336,66676.35879729828,False
1388,158.78,47.634,158.78,49541.14799999996,355991.203163965,39.26052083333333,66562.6435806317,False
1389,184.47,55.341,184.47,49596.48899999996,355935.862163965,39.281524999999995,66391.74138896505,False
1390,148.11,44.433,148.11,49640.921999999955,355891.429163965,39.30077083333333,66244.74812229833,False
1391,135.14,40.542,135.14,49681.463999999956,355850.887163965,39.312491666666666,66157.13607229834,False
1392,195.65,58.695,195.65,49740.158999999956,355792.19216396497,39.34594583333333,65891.26326396497,False
1393,142.17,42.651,142.17,49782.809999999954,355749.541163965,39.35617083333334,65812.63063479832,False
1394,178.13,53.439,178.13,49836.24899999995,355696.102163965,39.38303333333333,65600.67863063171,False
1395,123.44,37.032,123.44,49873.28099999995,355659.070163965,39.3917125,65539.10760146502,False
1396,183.56,55.068,183.56,49928.34899999995,355604.002163965,39.428266666666666,65254.24643063167,False
1397,178.84,53.652,178.84,49982.00099999995,355550.350163965,39.45957083333333,65009.53011813172,False
1398,154.82,46.446,154.82,50028.44699999996,355503.904163965,39.479908333333334,64852.819013965025,False
1399,164.26,49.278,164.26,50077.724999999955,355454.626163965,39.4992125,64700.92295146501,False
1400,118.91,35.672999999999995,118.91,50113.39799999996,355418.953163965,39.506120833333334,64653.903830631694,False
1401,165.9,49.77,165.9,50163.167999999954,355369.183163965,39.530229166666665,64466.22672646504,False
1402,127.42,38.226,127.42,50201.39399999996,355330.957163965,39.54561666666667,64354.30973063165,False
1403,127.35,38.205,127.35,50239.59899999996,355292.752163965,39.55156666666666,64311.87619729841,False
1404,160.54,48.162,160.54,50287.760999999955,355244.590163965,39.567483333333335,64186.182763964985,False
1405,123.08,36.924,123.08,50324.684999999954,355207.666163965,39.57509166666667,64132.866955631645,False
1406,128.73,38.61899999999999,128.73,50363.30399999995,355169.047163965,39.58818333333333,64037.54693063168,False
1407,145.3,43.59,145.3,50406.89399999995,355125.457163965,39.60794583333333,63888.23145146499,False
1408,136.88,41.064,136.88,50447.95799999995,355084.393163965,39.61917916666666,63804.18793063174,False
1409,152.13,45.639,152.13,50493.59699999995,355038.754163965,39.63410833333333,63688.4238056317,False
1410,150.65,45.195,150.65,50538.79199999995,354993.559163965,39.64741666666667,63585.04666396498,False
1411,143.26,42.978,143.26,50581.76999999995,354950.581163965,39.658375,63501.18328896497,False
1412,168.06,50.418,168.06,50632.18799999995,354900.163163965,39.68719166666666,63278.678797298344,False
1413,189.04,56.712,189.04,50688.89999999995,354843.451163965,39.68872083333333,63250.41920146503,False
1414,147.72,44.316,147.72,50733.21599999995,354799.135163965,39.695150000000005,63198.563263964956,False
1415,150.41,45.123,150.41,50778.33899999995,354754.01216396503,39.6942625,63199.654101465014,False
1416,135.22,40.566,135.22,50818.90499999995,354713.446163965,39.6845625,63270.019163965015,False
1417,147.82,44.346,147.82,50863.250999999946,354669.100163965,39.6857375,63256.729701464996,False
1418,178.13,53.439,178.13,50916.689999999944,354615.661163965,39.684687499999995,63250.685538965045,False
1419,169.54,50.862,169.54,50967.551999999945,354564.799163965,39.696374999999996,63153.71028896503,False
1420,140.16,42.048,140.16,51009.59999999995,354522.751163965,39.711862499999995,63037.68041396502,False
1421,263.31,78.993,263.31,51088.59299999995,354443.758163965,39.7616875,62632.733601465006,False
1422,156.27,46.881,156.27,51135.47399999995,354396.877163965,39.776854166666666,62514.321288965,False
1423,119.54,35.862,119.54,51171.33599999995,354361.015163965,39.779554166666664,62498.42624313169,False
1424,124.51,37.353,124.51,51208.688999999955,354323.662163965,39.7891125,62430.73286396498,False
1425,140.52,42.156,140.52,51250.84499999996,354281.506163965,39.8,62348.50616396498,False
1426,141.22,42.366,141.22,51293.21099999996,354239.140163965,39.81032916666666,62270.186055631726,False
1427,132.44,39.732,132.44,51332.94299999996,354199.408163965,39.824841666666664,62163.84422229836,False
1428,122.87,36.861,122.87,51369.80399999996,354162.547163965,39.831625,62117.072663964995,False
1429,122.33,36.699,122.33,51406.50299999996,354125.848163965,39.84294166666667,62037.24280563166,False
1430,128.97,38.691,128.97,51445.19399999996,354087.157163965,39.855675,61945.059413965035,False
1431,162.33,48.699000000000005,162.33,51493.89299999996,354038.45816396497,39.8784,61769.664563964994,False
1432,147.28,44.184,147.28,51538.07699999996,353994.274163965,39.892245833333334,61663.89669729833,False
1433,147.38,44.214,147.38,51582.29099999996,353950.060163965,39.90967083333333,61531.90196813166,False
1434,148.74,44.622,148.74,51626.912999999964,353905.438163965,39.922016666666664,61436.744063965045,False
1435,151.9,45.57,151.9,51672.482999999964,353859.868163965,39.91375416666667,61491.618893131614,False
1436,159.86,47.958000000000006,159.86,51720.44099999996,353811.91016396496,39.925645833333334,61396.48008063162,False
1437,172.74,51.822,172.74,51772.26299999996,353760.088163965,39.946912499999996,61228.84792646498,False
1438,161.89,48.56699999999999,161.89,51820.829999999965,353711.521163965,39.96584166666666,61081.62848063168,False
1439,160.52,48.156,160.52,51868.98599999997,353663.365163965,39.982058333333335,60954.71610563161,False
1440,148.36,44.508,148.36,51913.49399999997,353618.857163965,39.969904166666666,61039.158663965005,False
1441,146.42,43.926,146.42,51957.41999999997,353574.93116396497,39.98985416666667,60889.18851813162,False
1442,146.3,43.89,146.3,52001.30999999997,353531.041163965,39.9990375,60818.08473896503,False
1443,139.35,41.805,139.35,52043.11499999997,353489.23616396496,39.9883125,60894.75360146497,False
1444,150.71,45.213,150.71,52088.32799999997,353444.023163965,39.99817083333333,60817.40534729831,False
1445,158.04,47.412,158.04,52135.73999999997,353396.61116396496,40.0224,60632.75516396499,False
1446,109.82,32.946,109.82,52168.68599999997,353363.66516396496,40.01626666666667,60684.69076396496,False
1447,137.69,41.307,137.69,52209.99299999997,353322.358163965,40.030658333333335,60578.153772298305,False
1448,189.46,56.838,189.46,52266.83099999998,353265.52016396495,40.067729166666666,60290.2844972983,False
1449,127.71,38.313,127.71,52305.14399999998,353227.207163965,40.072125,60259.90128896496,False
1450,149.13,44.739,149.13,52349.88299999998,353182.468163965,40.09282916666667,60103.886955631664,False
1451,129.56,38.868,129.56,52388.75099999998,353143.60016396496,40.1033625,60028.123651464935,False
1452,130.2,39.06,130.2,52427.81099999998,353104.54016396496,40.11340833333333,59955.75206396496,False
1453,156.76,47.028,156.76,52474.83899999998,353057.512163965,40.1402875,59752.43140146497,False
1454,119.25,35.775,119.25,52510.61399999998,353021.73716396495,40.144441666666665,59726.446347298275,False
1455,135.58,40.674,135.58,52551.28799999998,352981.06316396495,40.1581375,59625.86872646492,False
1456,136.92,41.07599999999999,136.92,52592.36399999998,352939.98716396495,40.167141666666666,59559.184430631634,False
1457,150.55,45.165,150.55,52637.52899999998,352894.822163965,40.17475833333333,59498.56205563166,False
1458,116.58,34.974,116.58,52672.50299999998,352859.848163965,40.162962500000006,59589.89598896494,False
1459,139.26,41.778,139.26,52714.28099999998,352818.070163965,40.159641666666666,59612.52635563165,False
1460,181.74,54.522,181.74,52768.80299999998,352763.548163965,40.190641666666664,59371.86399729835,False
1461,215.33,64.599,215.33,52833.40199999998,352698.94916396495,40.23515833333333,59022.52848896495,False
1462,152.52,45.756,152.52,52879.15799999998,352653.19316396496,40.25395416666667,58879.835655631614,False
1463,145.6,43.68,145.6,52922.83799999998,352609.51316396496,40.25683333333333,58855.400330631644,False
1464,164.48,49.344,164.48,52972.18199999998,352560.169163965,40.26723333333333,58770.43476396502,False
1465,154.63,46.389,154.63,53018.57099999998,352513.78016396496,40.281062500000004,58663.42922646494,False
1466,171.99,51.597,171.99,53070.16799999998,352462.18316396495,40.301137499999996,58505.68623896496,False
1467,170.03,51.009,170.03,53121.17699999998,352411.174163965,40.3199625,58357.68765146495,False
1468,193.16,57.94799999999999,193.16,53179.12499999998,352353.22616396495,40.33775833333333,58210.29239729827,False
1469,163.26,48.978,163.26,53228.10299999998,352304.24816396495,40.353720833333334,58085.269568131596,False
1470,150.39,45.117,150.39,53273.21999999998,352259.131163965,40.3655375,57994.362788964936,False
1471,123.37,37.011,123.37,53310.23099999998,352222.120163965,40.37280833333333,57944.72022229835,False
1472,144.31,43.293,144.31,53353.523999999976,352178.827163965,40.38415,57859.14196396497,False
1473,178.07,53.421,178.07,53406.94499999998,352125.406163965,40.418308333333336,57597.19333896501,False
1474,149.36,44.808,149.36,53451.752999999975,352080.598163965,40.44036666666667,57432.086630631646,False
1475,177.5,53.25,177.5,53505.002999999975,352027.348163965,40.4746875,57169.24972646497,False
1476,115.38,34.614,115.38,53539.61699999998,351992.734163965,40.4709625,57202.24331396498,False
1477,149.43,44.829,149.43,53584.445999999974,351947.90516396496,40.48651666666667,57084.60428063164,False
1478,193.29,57.987,193.29,53642.432999999975,351889.918163965,40.522262500000004,56806.80263896496,False
1479,150.34,45.102,150.34,53687.534999999974,351844.816163965,40.5414125,56662.791751465,False
1480,149.26,44.778,149.26,53732.31299999997,351800.038163965,40.562774999999995,56503.03616396501,False
1481,130.01,39.00299999999999,130.01,53771.31599999997,351761.03516396496,40.5726375,56432.80680146499,False
1482,142.94,42.882,142.94,53814.19799999997,351718.153163965,40.579316666666664,56381.886463965,False
1483,141.78,42.534,141.78,53856.73199999997,351675.619163965,40.5870625,56323.56535146496,False
1484,128.2,38.46,128.2,53895.191999999966,351637.15916396497,40.59294583333333,56282.88528063166,False
1485,164.74,49.422,164.74,53944.613999999965,351587.737163965,40.59943333333333,56226.859663965006,False
1486,142.1,42.63,142.1,53987.24399999996,351545.107163965,40.601758333333336,56207.91704729834,False
1487,217.3,65.19,217.3,54052.433999999965,351479.917163965,40.63729583333334,55924.86456813163,False
1488,171.46,51.438,171.46,54103.87199999997,351428.479163965,40.65094583333333,55814.80106396502,False
1489,155.2,46.56,155.2,54150.431999999964,351381.919163965,40.67300416666667,55648.505868131586,False
1490,150.25,45.075,150.25,54195.50699999996,351336.84416396497,40.68700833333333,55542.29358063167,False
1491,154.94,46.482,154.94,54241.988999999965,351290.362163965,40.70983333333333,55370.58366396505,False
1492,186.95,56.085,186.95,54298.073999999964,351234.277163965,40.7368875,55158.57881396497,False
1493,154.98,46.49399999999999,154.98,54344.56799999996,351187.783163965,40.7614375,54974.41685146501,False
1494,148.58,44.574000000000005,148.58,54389.14199999996,351143.20916396496,40.78002083333334,54835.5777889649,False
1495,212.15,63.645,212.15,54452.78699999996,351079.564163965,40.80778333333333,54611.018247298314,False
1496,159.16,47.748,159.16,54500.53499999996,351031.816163965,40.82306666666667,54493.059897298284,False
1497,161.3,48.39,161.3,54548.92499999996,350983.426163965,40.84727083333333,54309.69810146501,False
1498,146.73,44.019,146.73,54592.94399999996,350939.407163965,40.854995833333334,54250.42742229835,False
1499,157.15,47.145,157.15,54640.088999999956,350892.262163965,40.86986666666667,54136.16029729828,False
1500,146.31,43.893,146.31,54683.98199999995,350848.369163965,40.88422083333333,54028.92591396504,False
1501,137.74,41.322,137.74,54725.30399999995,350807.047163965,40.89295833333333,53965.06262229837,False
1502,123.3,36.99,123.3,54762.29399999995,350770.057163965,40.902525,53899.53071396501,False
1503,150.79,45.237,150.79,54807.53099999995,350724.820163965,40.91603333333333,53797.16626396502,False
1504,140.83,42.249,140.83,54849.779999999955,350682.571163965,40.931695833333336,53682.18619729829,False
1505,149.01,44.703,149.01,54894.48299999996,350637.868163965,40.94656666666667,53570.52699729829,False
1506,151.89,45.56699999999999,151.89,54940.04999999996,350592.301163965,40.962720833333336,53448.72423896502,False
1507,175.29,52.587,175.29,54992.63699999996,350539.71416396496,40.987112499999995,53260.187201465014,False
1508,188.64,56.59199999999999,188.64,55049.228999999956,350483.122163965,41.015233333333335,53040.65003063169,False
1509,138.5,41.55,138.5,55090.77899999996,350441.572163965,41.0207375,53000.204551464936,False
1510,145.93,43.779,145.93,55134.55799999996,350397.793163965,41.021675,52990.649413965,False
1511,171.42,51.426,171.42,55185.98399999996,350346.367163965,41.02307916666667,52970.06628479832,False
1512,153.28,45.984,153.28,55231.96799999996,350300.383163965,41.037016666666666,52864.086363965005,False
1513,202.85,60.855,202.85,55292.82299999996,350239.528163965,41.07632916666667,52559.37069313164,False
1514,170.07,51.021,170.07,55343.84399999996,350188.50716396497,41.0770125,52544.47458896495,False
1515,139.81,41.943,139.81,55385.78699999996,350146.564163965,41.0876375,52466.63047646498,False
1516,162.04,48.612,162.04,55434.39899999996,350097.952163965,41.11452083333334,52264.363247298286,False
1517,160.06,48.018,160.06,55482.41699999996,350049.934163965,41.1361875,52100.528101465025,False
1518,134.05,40.215,134.05,55522.631999999954,350009.71916396497,41.152875,51980.598413964966,False
1519,167.66,50.298,167.66,55572.92999999996,349959.421163965,41.173029166666666,51825.516968131706,False
1520,163.28,48.984,163.28,55621.91399999995,349910.437163965,41.195075,51658.09416396503,False
1521,201.23,60.36899999999999,201.23,55682.28299999995,349850.068163965,41.231625,51374.334788965,False
1522,138.34,41.502,138.34,55723.78499999995,349808.566163965,41.247175,51261.51351396501,False
1523,122.78,36.834,122.78,55760.618999999955,349771.732163965,41.253566666666664,51219.67019729834,False
1524,149.12,44.736,149.12,55805.35499999995,349726.99616396497,41.267408333333336,51116.02946396498,False
1525,149.72,44.916,149.72,55850.27099999995,349682.080163965,41.2865375,50973.98135146499,False
1526,183.57,55.071,183.57,55905.34199999995,349627.009163965,41.31831666666667,50730.30639729835,False
1527,205.91,61.773,205.91,55967.114999999954,349565.236163965,41.3386875,50562.509476465,False
1528,151.27,45.381,151.27,56012.495999999956,349519.855163965,41.35129166666667,50467.31383063167,False
1529,142.98,42.894,142.98,56055.389999999956,349476.961163965,41.358525,50413.46688896499,False
1530,149.03,44.709,149.03,56100.09899999996,349432.252163965,41.377987499999996,50269.40253896505,False
1531,128.23,38.469,128.23,56138.567999999956,349393.783163965,41.367379166666666,50348.999168131675,False
1532,150.95,45.285,150.95,56183.85299999996,349348.498163965,41.3823125,50237.14341396501,False
1533,174.12,52.236,174.12,56236.088999999956,349296.262163965,41.4065875,50050.85430146498,False
1534,192.4,57.72,192.4,56293.80899999996,349238.542163965,41.43360416666667,49839.31845563167,False
1535,171.53,51.459,171.53,56345.26799999996,349187.08316396497,41.446079166666664,49739.161184798344,False
1536,186.01,55.803,186.01,56401.07099999996,349131.280163965,41.46579583333333,49582.37106396502,False
1537,183.68,55.104,183.68,56456.17499999996,349076.176163965,41.489475,49397.69823896501,False
1538,171.3,51.39,171.3,56507.56499999996,349024.786163965,41.50973333333333,49241.49203063169,False
1539,164.2,49.26,164.2,56556.82499999996,348975.526163965,41.52200416666667,49145.13407646498,False
1540,145.49,43.647,145.49,56600.47199999996,348931.879163965,41.5350375,49048.908413964964,False
1541,147.94,44.382,147.94,56644.853999999956,348887.497163965,41.5533625,48913.77327646501,False
1542,164.22,49.266,164.22,56694.11999999996,348838.231163965,41.5696,48788.858363965,False
1543,129.32,38.796,129.32,56732.91599999996,348799.435163965,41.560066666666664,48860.43403063167,False
1544,136.47,40.941,136.47,56773.85699999996,348758.494163965,41.55562916666667,48893.07409729832,False
1545,145.9,43.77,145.9,56817.62699999996,348714.724163965,41.57245833333334,48769.437288964924,False
1546,170.57,51.171,170.57,56868.79799999996,348663.553163965,41.59410416666666,48603.68570563174,False
1547,144.24,43.272,144.24,56912.069999999956,348620.281163965,41.60644166666667,48513.01742229832,False
1548,155.08,46.524,155.08,56958.593999999954,348573.757163965,41.6289,48346.130363965,False
1549,127.29,38.187,127.29,56996.78099999995,348535.570163965,41.63534583333333,48303.09135979833,False
1550,179.02,53.706,179.02,57050.48699999995,348481.864163965,41.66325416666667,48089.80162229831,False
1551,139.8,41.940000000000005,139.8,57092.42699999995,348439.924163965,41.68415,47938.886813964986,False
1552,147.47,44.241,147.47,57136.667999999954,348395.683163965,41.69643333333333,47847.79169729835,False
1553,175.54,52.662,175.54,57189.32999999995,348343.021163965,41.72420416666667,47636.6817347983,False
1554,148.42,44.526,148.42,57233.85599999995,348298.495163965,41.731408333333334,47581.966713965,False
1555,149.67,44.901,149.67,57278.75699999995,348253.594163965,41.73420833333333,47558.62312229839,False
1556,188.66,56.598,188.66,57335.354999999945,348196.996163965,41.756345833333334,47384.2807806317,False
1557,149.91,44.973,149.91,57380.32799999994,348152.02316396503,41.778275,47223.108338965045,False
1558,131.32,39.396,131.32,57419.723999999944,348112.627163965,41.79017916666667,47139.75680563168,False
1559,171.32,51.396,171.32,57471.119999999944,348061.231163965,41.8145875,46954.38657646498,False
1560,177.92,53.376,177.92,57524.49599999994,348007.855163965,41.841741666666664,46747.315163965046,False
1561,187.15,56.145,187.15,57580.64099999994,347951.710163965,41.87020833333333,46528.08037229837,False
1562,174.61,52.383,174.61,57633.02399999994,347899.32716396503,41.89659166666667,46327.66034729831,False
1563,175.28,52.584,175.28,57685.60799999994,347846.743163965,41.913325,46196.543138964975,False
1564,201.97,60.591,201.97,57746.19899999994,347786.152163965,41.9491625,45919.97881396499,False
1565,183.22,54.966,183.22,57801.16499999994,347731.18616396503,41.97545,45717.823413965,False
1566,149.88,44.964,149.88,57846.12899999994,347686.222163965,41.99852916666667,45548.803338964935,False
1567,146.66,43.998,146.66,57890.12699999994,347642.22416396503,42.0086875,45473.734976465,False
1568,141.65,42.495,141.65,57932.621999999945,347599.729163965,42.01177083333333,45451.073330631654,False
1569,183.56,55.068,183.56,57987.689999999944,347544.661163965,42.044020833333335,45206.107351464976,False
1570,166.13,49.839,166.13,58037.528999999944,347494.82216396503,42.04363333333333,45201.09849729837,False
1571,159.33,47.799,159.33,58085.32799999994,347447.02316396503,42.04700416666667,45171.11020979838,False
1572,144.02,43.206,144.02,58128.53399999994,347403.817163965,42.06319166666667,45053.59546396503,False
1573,137.23,41.169,137.23,58169.70299999994,347362.64816396503,42.0756,44965.31096396502,False
1574,178.05,53.415,178.05,58223.117999999944,347309.233163965,42.1003,44776.47736396501,False
1575,151.18,45.354,151.18,58268.47199999994,347263.879163965,42.110099999999996,44702.81066396501,False
1576,146.19,43.857,146.19,58312.32899999995,347220.022163965,42.12365,44603.72056396498,False
1577,160.38,48.114,160.38,58360.44299999995,347171.908163965,42.145575,44440.24293896498,False
1578,193.37,58.011,193.37,58418.45399999995,347113.897163965,42.16612083333333,44276.81733896502,False
1579,203.25,60.975,203.25,58479.428999999946,347052.922163965,42.203691666666664,43988.21230563166,False
1580,140.43,42.129,140.43,58521.557999999946,347010.793163965,42.2111,43935.09516396496,False
1581,151.66,45.498,151.66,58567.055999999946,346965.295163965,42.21180416666667,43926.75305146503,False
1582,157.1,47.13,157.1,58614.18599999994,346918.165163965,42.21456666666666,43902.0056306317,False
1583,147.23,44.169,147.23,58658.354999999945,346873.996163965,42.221445833333334,43850.67941813171,False
1584,144.28,43.284,144.28,58701.638999999945,346830.712163965,42.229933333333335,43788.71056396497,False
1585,187.63,56.289,187.63,58757.92799999994,346774.423163965,42.25385,43603.04941396497,False
1586,179.06,53.718,179.06,58811.64599999994,346720.705163965,42.2697,43477.87736396497,False
1587,144.0,43.2,144.0,58854.84599999994,346677.505163965,42.261849999999995,43533.25511396502,False
1588,178.35,53.505,178.35,58908.35099999994,346624.00016396504,42.282129166666664,43376.56978063175,False
1589,169.14,50.742,169.14,58959.092999999935,346573.258163965,42.30404166666666,43210.97537229839,False
1590,163.68,49.104,163.68,59008.196999999935,346524.154163965,42.31970416666667,43091.875288965006,False
1591,166.55,49.965,166.55,59058.16199999993,346474.189163965,42.3349,42975.29106396501,False
1592,149.07,44.721,149.07,59102.88299999993,346429.46816396504,42.343041666666664,42914.54549729836,False
1593,163.96,49.188,163.96,59152.07099999993,346380.280163965,42.36506666666667,42749.847363965004,False
1594,138.59,41.577,138.59,59193.64799999993,346338.703163965,42.36476666666667,42752.78523063171,False
1595,132.08,39.624,132.08,59233.27199999993,346299.079163965,42.37319166666667,42695.16087229829,False
1596,130.75,39.225,130.75,59272.49699999993,346259.85416396504,42.37906666666667,42656.220563965035,False
1597,147.5,44.25,147.5,59316.74699999993,346215.60416396504,42.392966666666666,42554.783930631704,False
1598,143.9,43.17,143.9,59359.91699999993,346172.43416396505,42.403329166666666,42479.790672298404,False
1599,196.21,58.863,196.21,59418.779999999926,346113.57116396504,42.43510416666666,42235.79022646509,False
1600,146.18,43.854,146.18,59462.633999999925,346069.71716396505,42.44598333333333,42156.4764972984,False
1601,168.82,50.646,168.82,59513.279999999926,346019.07116396504,42.4690375,41983.23170146503,False
1602,137.09,41.127,137.09,59554.40699999993,345977.944163965,42.4728,41957.64176396502,False
1603,158.9,47.67,158.9,59602.076999999925,345930.274163965,42.4769625,41922.65355146502,False
1604,165.16,49.548,165.16,59651.62499999993,345880.726163965,42.4773875,41912.54121396504,False
1605,161.63,48.489,161.63,59700.11399999993,345832.237163965,42.49093333333333,41809.60916396504,False
1606,156.52,46.956,156.52,59747.06999999993,345785.281163965,42.50212916666666,41725.04910563171,False
1607,232.56,69.768,232.56,59816.83799999992,345715.513163965,42.54680416666667,41378.22295979835,False
1608,164.22,49.266,164.22,59866.10399999993,345666.247163965,42.554525,41316.28436396504,False
1609,192.74,57.822,192.74,59923.92599999993,345608.42516396503,42.5727875,41170.421751465066,False
1610,149.27,44.781,149.27,59968.70699999993,345563.644163965,42.578804166666664,41125.19437229837,False
1611,181.48,54.444,181.48,60023.15099999993,345509.200163965,42.60194583333333,40947.889401465014,False
1612,160.56,48.168,160.56,60071.31899999993,345461.03216396505,42.590491666666665,41024.19773063174,False
1613,161.15,48.345,161.15,60119.66399999993,345412.687163965,42.608333333333334,40890.92883063166,False
1614,171.09,51.327,171.09,60170.99099999993,345361.36016396503,42.632825,40707.19271396508,False
1615,155.46,46.638,155.46,60217.62899999993,345314.722163965,42.655658333333335,40540.0433722983,False
1616,160.46,48.138,160.46,60265.76699999993,345266.584163965,42.6686625,40441.659263964975,False
1617,142.06,42.618,142.06,60308.38499999993,345223.966163965,42.679575,40363.761938965006,False
1618,157.37,47.211,157.37,60355.59599999993,345176.75516396505,42.6948875,40249.86863896507,False
1619,136.09,40.827,136.09,60396.42299999993,345135.928163965,42.69958333333334,40218.20358063164,False
1620,135.19,40.557,135.19,60436.97999999993,345095.371163965,42.7100125,40145.881913965044,False
1621,149.47,44.841,149.47,60481.82099999993,345050.530163965,42.723795833333334,40045.35170979833,False
1622,132.51,39.75299999999999,132.51,60521.57399999993,345010.77716396505,42.733329166666664,39980.27357229841,False
1623,135.51,40.653,135.51,60562.226999999926,344970.124163965,42.74805,39877.29131396499,False
1624,164.52,49.356,164.52,60611.582999999926,344920.768163965,42.76819166666667,39726.952430631674,False
1625,141.58,42.474,141.58,60654.05699999993,344878.29416396504,42.780425,39639.96178896504,False
1626,172.09,51.627,172.09,60705.68399999993,344826.667163965,42.8018375,39478.35843896499,False
1627,135.62,40.686,135.62,60746.36999999993,344785.981163965,42.80509583333333,39457.23258479836,False
1628,160.49,48.147,160.49,60794.51699999993,344737.834163965,42.814658333333334,39383.69093063165,False
1629,140.83,42.249,140.83,60836.76599999993,344695.585163965,42.815125,39380.928788964986,False
1630,175.71,52.713,175.71,60889.478999999934,344642.872163965,42.82852916666667,39275.45920563169,False
1631,153.3,45.99,153.3,60935.46899999993,344596.882163965,42.8394625,39194.35400146502,False
1632,216.12,64.836,216.12,61000.304999999935,344532.046163965,42.868854166666665,38962.85366396501,False
1633,168.47,50.541,168.47,61050.84599999993,344481.50516396505,42.886916666666664,38826.45008063171,False
1634,163.76,49.12799999999999,163.76,61099.97399999993,344432.377163965,42.905175,38690.10011396505,False
1635,157.53,47.259,157.53,61147.23299999993,344385.118163965,42.925216666666664,38542.94941396505,False
1636,174.86,52.458000000000006,174.86,61199.690999999926,344332.660163965,42.943875,38400.494663965015,False
1637,138.33,41.499,138.33,61241.18999999993,344291.161163965,42.95292083333333,38337.50606813171,False
1638,142.46,42.738,142.46,61283.92799999993,344248.423163965,42.965608333333336,38247.360613964964,False
1639,158.44,47.532,158.44,61331.45999999993,344200.89116396505,42.97566666666667,38171.16883063171,False
1640,183.4,55.02,183.4,61386.47999999992,344145.871163965,42.994391666666665,38025.8024972984,False
1641,158.4,47.52,158.4,61433.99999999992,344098.351163965,43.0063625,37936.05652646499,False
1642,244.83,73.449,244.83,61507.44899999992,344024.90216396505,43.060766666666666,37518.365030631714,False
1643,146.89,44.06699999999999,146.89,61551.51599999992,343980.835163965,43.067233333333334,37471.33553063165,False
1644,174.51,52.353,174.51,61603.868999999926,343928.482163965,43.08813333333333,37313.32536396501,False
1645,158.2,47.46,158.2,61651.328999999925,343881.02216396504,43.114475,37121.53253896505,False
1646,179.37,53.811,179.37,61705.13999999993,343827.21116396505,43.13489166666667,36965.591847298376,False
1647,161.59,48.477,161.59,61753.616999999926,343778.73416396504,43.153175,36830.20038896508,False
1648,162.27,48.681,162.27,61802.29799999992,343730.053163965,43.1727,36685.81076396501,False
1649,172.81,51.843,172.81,61854.14099999992,343678.210163965,43.18857083333334,36564.28296813165,False
1650,177.2,53.16,177.2,61907.30099999993,343625.05016396503,43.2114375,36391.72953896504,False
1651,149.82,44.946,149.82,61952.24699999993,343580.10416396504,43.21879166666667,36337.714205631695,False
1652,172.08,51.624,172.08,62003.870999999934,343528.480163965,43.2479625,36121.96271396504,False
1653,171.47,51.441,171.47,62055.31199999993,343477.03916396503,43.26497916666666,35992.83222646505,False
1654,172.15,51.645,172.15,62106.95699999993,343425.394163965,43.288045833333335,35820.54047229834,False
1655,213.55,64.065,213.55,62171.02199999993,343361.329163965,43.325675000000004,35532.408288965,False
1656,169.14,50.742,169.14,62221.76399999993,343310.58716396504,43.33454166666667,35462.00316396507,False
1657,184.12,55.236,184.12,62276.99999999993,343255.351163965,43.355337500000005,35302.38890146499,False
1658,157.07,47.121,157.07,62324.12099999993,343208.230163965,43.36729166666667,35213.72474729834,False
1659,152.08,45.624,152.08,62369.74499999993,343162.606163965,43.38388333333334,35093.650613965,False
1660,134.76,40.428,134.76,62410.17299999993,343122.178163965,43.382195833333334,35108.587747298356,False
1661,168.97,50.691,168.97,62460.86399999993,343071.487163965,43.38484166666667,35082.49617229833,False
1662,179.88,53.964,179.88,62514.82799999993,343017.52316396503,43.41397916666667,34865.09903896501,False
1663,134.52,40.356,134.52,62555.18399999993,342977.167163965,43.42185,34812.297713965,False
1664,185.08,55.524,185.08,62610.707999999926,342921.643163965,43.4488,34608.95836396504,False
1665,139.13,41.739,139.13,62652.44699999993,342879.904163965,43.456966666666666,34552.725663965044,False
1666,152.25,45.675,152.25,62698.12199999993,342834.22916396504,43.479620833333335,34389.79897229833,False
1667,150.47,45.141,150.47,62743.26299999993,342789.08816396503,43.48535416666667,34347.47105979838,False
1668,179.35,53.805,179.35,62797.067999999934,342735.28316396504,43.50971666666666,34164.372563965095,False
1669,149.23,44.769,149.23,62841.836999999934,342690.514163965,43.508199999999995,34173.86796396505,False
1670,137.14,41.142,137.14,62882.978999999934,342649.372163965,43.508654166666666,34173.01412229834,False
1671,161.48,48.444,161.48,62931.42299999994,342600.928163965,43.52557916666667,34048.09745146497,False
1672,145.69,43.707,145.69,62975.12999999994,342557.221163965,43.53331666666667,33993.07263063162,False
1673,136.05,40.815000000000005,136.05,63015.94499999994,342516.406163965,43.53615833333333,33975.65205563168,False
1674,167.59,50.277,167.59,63066.22199999994,342466.129163965,43.5529875,33849.65973896498,False
1675,164.11,49.233,164.11,63115.45499999994,342416.896163965,43.56305,33772.68691396504,False
1676,187.55,56.265,187.55,63171.71999999994,342360.631163965,43.58515416666667,33603.3990472983,False
1677,167.49,50.247,167.49,63221.966999999946,342310.384163965,43.61385416666667,33393.45510146499,False
1678,160.01,48.00299999999999,160.01,63269.96999999994,342262.381163965,43.62552916666667,33306.38360563165,False
1679,172.98,51.894,172.98,63321.86399999994,342210.487163965,43.6439625,33167.58870146499,False
1680,179.89,53.96699999999999,179.89,63375.83099999994,342156.520163965,43.661204166666664,33035.19466396503,False
1681,182.15,54.645,182.15,63430.47599999994,342101.87516396504,43.68085416666667,32885.10851813166,False
1682,168.14,50.44199999999999,168.14,63480.91799999994,342051.433163965,43.6972625,32762.209188964975,False
1683,198.45,59.535,198.45,63540.45299999994,341991.89816396503,43.726483333333334,32539.575613965048,False
1684,153.56,46.068,153.56,63586.52099999994,341945.830163965,43.737637500000005,32458.30721396499,False
1685,149.03,44.709,149.03,63631.229999999945,341901.121163965,43.7463375,32395.783351465012,False
1686,155.26,46.578,155.26,63677.807999999946,341854.543163965,43.76122916666667,32287.608038964914,False
1687,143.33,42.999,143.33,63720.80699999995,341811.544163965,43.7599875,32297.152576464985,False
1688,164.54,49.362,164.54,63770.16899999995,341762.182163965,43.77772083333333,32166.140430631698,False
1689,144.85,43.455,144.85,63813.62399999995,341718.727163965,43.787637499999995,32096.34240146505,False
1690,164.33,49.299,164.33,63862.92299999995,341669.428163965,43.803775,31976.738913965004,False
1691,166.03,49.809,166.03,63912.73199999995,341619.619163965,43.818762500000005,31864.787051464955,False
1692,162.06,48.618,162.06,63961.349999999955,341571.001163965,43.844520833333334,31677.92791396496,False
1693,153.39,46.017,153.39,64007.366999999955,341524.984163965,43.86407083333333,31537.59558479837,False
1694,153.92,46.176,153.92,64053.542999999954,341478.808163965,43.8711625,31485.173938965017,False
1695,144.83,43.449000000000005,144.83,64096.991999999955,341435.359163965,43.88324583333333,31400.22735146497,False
1696,152.48,45.74399999999999,152.48,64142.73599999995,341389.615163965,43.89857916666667,31290.051930631627,False
1697,148.77,44.631,148.77,64187.366999999955,341344.984163965,43.90853333333333,31219.013230631652,False
1698,147.76,44.328,147.76,64231.694999999956,341300.656163965,43.9061,31235.777963964967,False
1699,160.26,48.078,160.26,64279.77299999996,341252.578163965,43.92010833333334,31132.693222298345,False
1700,186.71,56.013,186.71,64335.78599999996,341196.565163965,43.94460416666667,30947.659747298283,False
1701,194.23,58.26899999999999,194.23,64394.05499999996,341138.296163965,43.97235833333333,30737.41868896503,False
1702,134.77,40.431,134.77,64434.48599999995,341097.865163965,43.96984166666667,30758.722680631618,False
1703,187.08,56.124,187.08,64490.60999999996,341041.74116396497,43.99198333333333,30590.314780631626,False
1704,156.33,46.899,156.33,64537.508999999955,340994.842163965,44.00400416666666,30502.588763965003,False
1705,144.72,43.416,144.72,64580.92499999995,340951.426163965,44.0098875,30461.669851465034,False
1706,202.17,60.651,202.17,64641.57599999995,340890.775163965,44.03684166666667,30254.894047298352,False
1707,159.93,47.979,159.93,64689.55499999995,340842.796163965,44.03191666666667,30285.687913965026,False
1708,172.5,51.75,172.5,64741.30499999995,340791.046163965,44.03194583333333,30277.764147298352,False
1709,172.44,51.732,172.44,64793.03699999995,340739.314163965,44.051629166666665,30131.276909798326,False
1710,160.09,48.027,160.09,64841.063999999955,340691.287163965,44.07175,29985.449663964973,False
1711,174.61,52.383,174.61,64893.44699999996,340638.904163965,44.1023,29761.791463965026,False
1712,161.08,48.324000000000005,161.08,64941.77099999996,340590.580163965,44.1260875,29589.915463965037,False
1713,155.53,46.659,155.53,64988.42999999996,340543.921163965,44.14322083333333,29466.643951465026,False
1714,149.93,44.979,149.93,65033.408999999956,340498.94216396497,44.15557083333333,29378.790072298318,False
1715,142.06,42.618,142.06,65076.02699999996,340456.324163965,44.17252499999999,29260.885538965056,False
1716,163.32,48.996,163.32,65125.02299999996,340407.328163965,44.18998333333333,29133.085563965025,False
1717,140.09,42.027,140.09,65167.04999999996,340365.301163965,44.20567083333333,29024.761484798393,False
1718,163.59,49.077,163.59,65216.12699999996,340316.224163965,44.22810833333334,28861.8852806316,False
1719,152.4,45.72,152.4,65261.84699999996,340270.504163965,44.247904166666665,28721.01092646504,False
1720,140.06,42.018,140.06,65303.864999999954,340228.486163965,44.249075,28714.998163965007,False
1721,186.45,55.935,186.45,65359.79999999995,340172.551163965,44.27151666666666,28545.345347298367,False
1722,155.45,46.635,155.45,65406.434999999954,340125.916163965,44.28241250000001,28466.296988964954,False
1723,135.22,40.566,135.22,65447.00099999995,340085.350163965,44.288720833333336,28425.621659798315,False
1724,154.93,46.479,154.93,65493.47999999995,340038.87116396497,44.30045,28340.904963965004,False
1725,182.35,54.705,182.35,65548.18499999995,339984.166163965,44.31455833333333,28231.248288965027,False
1726,176.78,53.034,176.78,65601.21899999995,339931.132163965,44.33165416666667,28102.27675563167,False
1727,165.23,49.569,165.23,65650.78799999996,339881.563163965,44.340245833333334,28036.614218131697,False
1728,152.63,45.789,152.63,65696.57699999996,339835.774163965,44.350775,27961.124363965006,False
1729,162.9,48.87,162.9,65745.44699999996,339786.904163965,44.35754583333333,27908.999409798358,False
1730,152.69,45.807,152.69,65791.25399999996,339741.097163965,44.366395833333335,27845.334455631673,False
1731,194.12,58.236,194.12,65849.48999999996,339682.86116396496,44.39768333333333,27611.545013964933,False
1732,170.56,51.168,170.56,65900.65799999997,339631.693163965,44.4099,27518.915963965002,False
1733,156.91,47.073,156.91,65947.73099999997,339584.620163965,44.4250875,27409.530301465013,False
1734,161.67,48.501,161.67,65996.23199999997,339536.119163965,44.444112499999996,27271.78473896504,False
1735,154.4,46.32,154.4,66042.55199999998,339489.799163965,44.444120833333336,27269.85030979832,False
1736,166.98,50.094,166.98,66092.64599999998,339439.705163965,44.461687500000004,27140.81216396496,False
1737,154.82,46.446,154.82,66139.09199999998,339393.259163965,44.48145,27000.03581396496,False
1738,146.94,44.082,146.94,66183.17399999997,339349.17716396495,44.4925,26922.84216396493,False
1739,182.1,54.63,182.1,66237.80399999997,339294.54716396495,44.5252,26683.117963964934,False
1740,146.83,44.049,146.83,66281.85299999997,339250.49816396495,44.54083333333333,26573.848163964984,False
1741,172.65,51.795,172.65,66333.64799999997,339198.70316396496,44.56135833333333,26422.529022298288,False
1742,145.45,43.635,145.45,66377.28299999997,339155.068163965,44.57845833333333,26303.447580631706,False
1743,153.93,46.179,153.93,66423.46199999997,339108.889163965,44.59814166666667,26163.72908896499,False
1744,175.42,52.626,175.42,66476.08799999997,339056.26316396496,44.621270833333334,25993.426997298317,False
1745,162.11,48.633,162.11,66524.72099999998,339007.630163965,44.638625,25867.675788965018,False
1746,158.37,47.511,158.37,66572.23199999997,338960.119163965,44.64027083333333,25853.25953896501,False
1747,158.68,47.604,158.68,66619.83599999998,338912.51516396494,44.65673333333333,25734.84429729829,False
1748,186.9,56.07,186.9,66675.90599999999,338856.445163965,44.66392916666666,25672.97384729836,False
1749,193.3,57.99,193.3,66733.896,338798.45516396494,44.6988375,25414.905451464932,False
1750,168.08,50.424,168.08,66784.31999999999,338748.03116396494,44.7204,25258.027163964987,False
1751,208.79,62.63699999999999,208.79,66846.957,338685.39416396496,44.75403333333333,25004.37453063164,False
1752,195.81,58.743,195.81,66905.7,338626.65116396494,44.76207083333334,24934.058763964917,False
1753,165.63,49.689,165.63,66955.389,338576.962163965,44.77110833333333,24865.80607229832,False
1754,145.71,43.713,145.71,66999.102,338533.24916396494,44.773275,24851.684513964923,False
1755,166.04,49.812,166.04,67048.914,338483.43716396496,44.78879583333333,24737.92235146498,False
1756,157.49,47.247,157.49,67096.16100000001,338436.19016396493,44.80645833333334,24611.755997298227,False
1757,150.16,45.048,150.16,67141.209,338391.1421639649,44.816275000000005,24542.768338964903,False
1758,177.0,53.1,177.0,67194.30900000001,338338.04216396494,44.839445833333336,24372.242438964895,False
1759,162.87,48.861,162.87,67243.17000000001,338289.1811639649,44.85458333333333,24262.24324729829,False
1760,165.61,49.683,165.61,67292.85300000002,338239.49816396495,44.86492083333333,24185.052330631646,False
1761,174.51,52.353,174.51,67345.20600000002,338187.14516396495,44.8919125,23988.64957646496,False
1762,158.08,47.424,158.08,67392.63000000002,338139.72116396495,44.899658333333335,23931.91214729828,False
1763,169.4,50.82,169.4,67443.45000000003,338088.90116396494,44.92655416666667,23737.80165979825,False
1764,187.63,56.289,187.63,67499.73900000003,338032.6121639649,44.957762499999994,23508.105713964906,False
1765,183.23,54.969,183.23,67554.70800000003,337977.6431639649,44.97863333333333,23352.102997298294,False
1766,177.12,53.136,177.12,67607.84400000003,337924.5071639649,44.99520416666667,23228.049222298258,False
1767,138.57,41.571,138.57,67649.41500000002,337882.9361639649,45.005604166666664,23158.746226464922,False
1768,207.17,62.151,207.17,67711.56600000002,337820.78516396496,45.04228333333333,22885.14009729831,False
1769,147.15,44.145,147.15,67755.71100000002,337776.64016396494,45.05444166666667,22801.03847229824,False
1770,272.49,81.747,272.49,67837.45800000003,337694.8931639649,45.10856666666666,22386.012163964973,False
1771,168.76,50.62799999999999,168.76,67888.08600000002,337644.26516396494,45.11792083333333,22315.1164597983,False
1772,151.42,45.426,151.42,67933.51200000003,337598.8391639649,45.123583333333336,22275.23883063154,False
1773,190.75,57.225,190.75,67990.73700000004,337541.6141639649,45.15218333333333,22063.30921396491,False
1774,178.3,53.49,178.3,68044.22700000004,337488.1241639649,45.17165833333333,21918.9190472982,False
1775,170.98,51.294,170.98,68095.52100000004,337436.8301639649,45.199312500000005,21719.632351464825,False
1776,167.4,50.22,167.4,68145.74100000004,337386.6101639649,45.21722916666666,21589.48166396492,False
1777,193.72,58.116,193.72,68203.85700000003,337328.49416396493,45.248575,21357.69493896491,False
1778,184.43,55.329,184.43,68259.18600000003,337273.1651639649,45.26512916666666,21232.03332229826,False
1779,209.59,62.877,209.59,68322.06300000002,337210.2881639649,45.29779583333333,20986.375451464963,False
1780,200.5,60.15,200.5,68382.21300000002,337150.13816396496,45.31336666666667,20862.838830631634,False
1781,206.36,61.908,206.36,68444.12100000001,337088.2301639649,45.35429166666667,20560.628622298245,False
1782,195.01,58.50299999999999,195.01,68502.62400000001,337029.72716396494,45.37199583333333,20423.940238964977,False
1783,172.82,51.846,172.82,68554.47000000002,336977.8811639649,45.400820833333334,20216.35420979827,False
1784,158.35,47.505,158.35,68601.97500000002,336930.3761639649,45.414633333333335,20117.894030631578,False
1785,145.2,43.56,145.2,68645.53500000002,336886.8161639649,45.432766666666666,19993.268663964933,False
1786,145.34,43.602,145.34,68689.13700000002,336843.21416396496,45.4290625,20020.932288964977,False
1787,160.02,48.006,160.02,68737.14300000001,336795.2081639649,45.44840416666666,19883.4859097983,False
1788,180.85,54.255,180.85,68791.39800000002,336740.9531639649,45.466612500000004,19747.73081396491,False
1789,171.63,51.489,171.63,68842.88700000002,336689.46416396496,45.47870416666667,19657.417418131605,False
1790,184.37,55.311,184.37,68898.19800000002,336634.1531639649,45.503175,19477.023413964955,False
1791,143.78,43.134,143.78,68941.33200000002,336591.0191639649,45.5129625,19411.183501464897,False
1792,194.93,58.479,194.93,68999.81100000003,336532.5401639649,45.53509999999999,19243.963363964984,False
1793,179.16,53.748,179.16,69053.55900000004,336478.79216396494,45.54915833333333,19137.806055631605,False
1794,186.78,56.034,186.78,69109.59300000004,336422.7581639649,45.574729166666664,18949.19478896493,False
1795,183.03,54.909,183.03,69164.50200000004,336367.8491639649,45.598237499999996,18776.124976464955,False
1796,146.13,43.839,146.13,69208.34100000004,336324.01016396494,45.61432916666667,18665.82184729824,False
1797,173.64,52.09199999999999,173.64,69260.43300000005,336271.9181639649,45.64154583333333,18469.834526464867,False
1798,202.67,60.801,202.67,69321.23400000005,336211.1171639649,45.6610875,18318.625988964865,False
1799,154.87,46.461,154.87,69367.69500000005,336164.6561639649,45.68177083333333,18173.84939313156,False
1800,160.03,48.009,160.03,69415.70400000006,336116.6471639649,45.685575,18145.04516396491,False
1801,189.89,56.96699999999999,189.89,69472.67100000006,336059.68016396486,45.70078333333334,18027.928947298147,False
1802,180.7,54.21,180.7,69526.88100000007,336005.4701639649,45.71912916666667,17891.76942229824,False
1803,165.62,49.686,165.62,69576.56700000007,335955.7841639649,45.735400000000006,17774.60636396485,False
1804,163.39,49.017,163.39,69625.58400000008,335906.76716396486,45.74381666666667,17712.7784306315,False
1805,193.52,58.056,193.52,69683.64000000007,335848.7111639649,45.770025,17518.187288964924,False
1806,167.44,50.232,167.44,69733.87200000008,335798.47916396486,45.777633333333334,17460.81696396484,False
1807,177.75,53.325,177.75,69787.19700000007,335745.1541639649,45.79185833333333,17354.36317229824,False
1808,156.09,46.827,156.09,69834.02400000008,335698.32716396486,45.81140833333333,17217.416430631536,False
1809,160.89,48.267,160.89,69882.29100000008,335650.06016396487,45.83262083333334,17067.51275146485,False
1810,186.78,56.034,186.78,69938.32500000008,335594.0261639649,45.85901249999999,16873.889288964914,False
1811,191.74,57.522,191.74,69995.84700000008,335536.5041639649,45.87592500000001,16744.701338964805,False
1812,149.21,44.763,149.21,70040.61000000009,335491.74116396485,45.8788875,16725.230813964852,False
1813,170.89,51.267,170.89,70091.8770000001,335440.47416396486,45.899375000000006,16577.516038964794,False
1814,154.4,46.32,154.4,70138.1970000001,335394.15416396485,45.90332083333334,16549.687655631453,False
1815,157.78,47.334,157.78,70185.5310000001,335346.8201639649,45.92129583333334,16423.420601464808,False
1816,174.0,52.2,174.0,70237.7310000001,335294.62016396486,45.94777083333333,16233.299497298198,False
1817,178.68,53.604,178.68,70291.33500000011,335241.0161639649,45.96816666666667,16084.034997298208,False
1818,161.43,48.429,161.43,70339.76400000011,335192.58716396487,45.97484583333334,16035.20738896483,False
1819,159.07,47.721,159.07,70387.48500000012,335144.86616396485,45.98382916666667,15971.107918131456,False
1820,183.73,55.11899999999999,183.73,70442.60400000012,335089.74716396484,46.007574999999996,15797.17666396487,False
1821,173.29,51.987,173.29,70494.59100000012,335037.7601639648,46.02059166666667,15700.874588964798,False
1822,175.97,52.791,175.97,70547.38200000011,334984.96916396485,46.038179166666666,15572.082105631533,False
1823,230.46,69.138,230.46,70616.52000000012,334915.8311639648,46.06730833333333,15346.913255631516,False
1824,197.98,59.39399999999999,197.98,70675.91400000012,334856.43716396485,46.082100000000004,15230.99156396481,False
1825,230.76,69.228,230.76,70745.14200000012,334787.20916396484,46.1275625,14892.563226464845,False
1826,157.07,47.121,157.07,70792.26300000012,334740.0881639648,46.11489583333333,14979.40045563149,False
1827,155.48,46.644,155.48,70838.90700000012,334693.4441639648,46.128837499999996,14882.213776464865,False
1828,178.57,53.571,178.57,70892.47800000012,334639.87316396483,46.141554166666666,14786.619680631498,False
1829,188.45,56.535,188.45,70949.01300000012,334583.3381639648,46.16240416666666,14631.714884798159,False
1830,165.0,49.5,165.0,70998.51300000012,334533.8381639648,46.18219166666667,14491.24991396477,False
1831,163.03,48.909,163.03,71047.42200000012,334484.9291639648,46.1971375,14384.96342646482,False
1832,176.32,52.896,176.32,71100.31800000012,334432.03316396486,46.214216666666665,14259.940097298182,False
1833,155.6,46.68,155.6,71146.99800000011,334385.3531639648,46.23112916666667,14142.321426464769,False
1834,148.54,44.562,148.54,71191.56000000011,334340.79116396484,46.231162499999996,14143.75968896487,False
1835,154.09,46.227,154.09,71237.78700000011,334294.5641639648,46.24259166666666,14064.616872298182,False
1836,141.81,42.543,141.81,71280.33000000012,334252.0211639648,46.257045833333336,13968.235813964799,False
1837,191.25,57.375,191.25,71337.70500000012,334194.6461639648,46.27260416666667,13849.407518131484,False
1838,148.8,44.64,148.8,71382.34500000012,334150.00616396486,46.28145416666667,13789.78042229818,False
1839,173.14,51.94199999999999,173.14,71434.28700000011,334098.0641639648,46.29482916666666,13691.551501464855,False
1840,155.16,46.548,155.16,71480.83500000011,334051.5161639649,46.2959,13683.888163964846,False
1841,170.96,51.288,170.96,71532.12300000011,334000.2281639648,46.310233333333336,13579.723730631464,False
1842,163.06,48.918,163.06,71581.04100000011,333951.31016396487,46.32234583333333,13493.321688964905,False
1843,180.27,54.081,180.27,71635.12200000012,333897.22916396486,46.33888333333334,13371.173147298105,False
1844,185.6,55.68,185.6,71690.80200000011,333841.5491639648,46.3606,13211.639563964796,False
1845,177.37,53.211,177.37,71744.01300000011,333788.33816396486,46.3783625,13081.961476464872,False
1846,225.21,67.563,225.21,71811.5760000001,333720.77516396483,46.42044166666667,12769.841480631498,False
1847,174.35,52.305,174.35,71863.8810000001,333668.47016396484,46.42913333333334,12703.871430631436,False
1848,168.56,50.568,168.56,71914.4490000001,333617.90216396487,46.443620833333334,12599.59496396489,False
1849,210.6,63.17999999999999,210.6,71977.62900000009,333554.7221639649,46.465875,12429.060038964904,False
1850,194.25,58.275,194.25,72035.90400000008,333496.44716396485,46.487412500000005,12268.426788964833,False
1851,192.23,57.669,192.23,72093.57300000008,333438.77816396486,46.49923749999999,12175.546276464884,False
1852,159.31,47.793,159.31,72141.36600000008,333390.98516396486,46.50725833333334,12118.844597298128,False
1853,174.18,52.254,174.18,72193.62000000008,333338.73116396484,46.520900000000005,12018.874863964797,False
1854,153.26,45.978,153.26,72239.59800000009,333292.75316396484,46.53220833333333,11941.322413964837,False
1855,164.78,49.434,164.78,72289.03200000008,333243.3191639649,46.5565,11770.68666396488,False
1856,214.51,64.353,214.51,72353.38500000008,333178.9661639649,46.583966666666676,11563.26029729814,False
1857,144.79,43.437,144.79,72396.82200000009,333135.52916396485,46.5870375,11545.209301464842,False
1858,231.21,69.363,231.21,72466.18500000008,333066.1661639649,46.61184166666666,11351.234980631561,False
1859,161.79,48.537,161.79,72514.72200000008,333017.6291639649,46.62166666666666,11281.50749729824,False
1860,149.87,44.961,149.87,72559.68300000008,332972.6681639649,46.64341666666666,11133.09316396492,False
1861,239.15,71.745,239.15,72631.42800000007,332900.9231639649,46.67997083333333,10855.804384798219,False
1862,156.38,46.914,156.38,72678.34200000008,332854.0091639649,46.683475,10831.398613964906,False
1863,139.5,41.85,139.5,72720.19200000008,332812.15916396485,46.6669375,10950.291226464848,False
1864,179.55,53.865,179.55,72774.05700000009,332758.29416396486,46.687241666666665,10803.07563063153,False
1865,190.61,57.183,190.61,72831.24000000009,332701.11116396484,46.709712499999995,10637.643476464902,False
1866,186.19,55.857,186.19,72887.0970000001,332645.2541639649,46.73022916666667,10487.054288964893,False
1867,172.09,51.627,172.09,72938.72400000009,332593.62716396485,46.746770833333336,10368.135809798143,False
1868,174.07,52.221,174.07,72990.9450000001,332541.4061639649,46.759012500000004,10278.292013964849,False
1869,161.23,48.36899999999999,161.23,73039.3140000001,332493.0371639648,46.7598,10271.255363964825,False
1870,152.53,45.759,152.53,73085.0730000001,332447.27816396486,46.76213333333333,10256.179497298202,False
1871,188.31,56.493,188.31,73141.56600000011,332390.78516396484,46.7848125,10090.211851464817,False
1872,190.15,57.045,190.15,73198.6110000001,332333.74016396486,46.805929166666665,9934.500063964864,False
1873,171.61,51.483,171.61,73250.0940000001,332282.25716396485,46.81598333333333,9860.579947298218,False
1874,190.7,57.21,190.7,73307.3040000001,332225.04716396483,46.83700833333332,9705.407780631562,False
1875,177.65,53.295,177.65,73360.5990000001,332171.75216396485,46.857212499999996,9559.8441014649,False
1876,175.66,52.698,175.66,73413.29700000011,332119.0541639648,46.86237083333333,9518.49334729818,False
1877,163.55,49.065000000000005,163.55,73462.36200000011,332069.98916396487,46.882137500000006,9380.236751464836,False
1878,161.51,48.453,161.51,73510.8150000001,332021.53616396483,46.872912500000005,9442.152338964806,False
1879,180.18,54.054,180.18,73564.86900000011,331967.4821639648,46.89785,9263.376313964836,False
1880,164.48,49.344,164.48,73614.2130000001,331918.13816396485,46.90644999999999,9201.762163964915,False
1881,169.87,50.961,169.87,73665.1740000001,331867.17716396484,46.91474166666667,9140.669238964794,False
1882,163.11,48.933,163.11,73714.1070000001,331818.2441639649,46.92603749999999,9060.9582389649,False
1883,155.38,46.614,155.38,73760.7210000001,331771.6301639648,46.939591666666665,8968.058272298134,False
1884,174.67,52.401,174.67,73813.1220000001,331719.22916396486,46.950454166666674,8887.906313964806,False
1885,187.09,56.127,187.09,73869.2490000001,331663.1021639649,46.97772916666666,8691.214143131569,False
1886,163.02,48.906,163.02,73918.1550000001,331614.19616396487,47.002337499999996,8520.12818896491,False
1887,162.85,48.855,162.85,73967.0100000001,331565.3411639648,47.024662500000005,8364.835801464797,False
1888,175.19,52.557,175.19,74019.5670000001,331512.78416396485,47.049712500000005,8187.159863964829,False
1889,156.59,46.977,156.59,74066.5440000001,331465.80716396484,47.05827916666667,8128.371009798138,False
1890,149.98,44.99399999999999,149.98,74111.5380000001,331420.81316396483,47.05314583333333,8165.701288964832,False
1891,165.16,49.548,165.16,74161.0860000001,331371.2651639648,47.045991666666666,8212.348405631492,False
1892,184.93,55.479,184.93,74216.5650000001,331315.78616396483,47.06684166666667,8060.7175972981495,False
1893,192.14,57.642,192.14,74274.20700000011,331258.14416396484,47.08537916666668,7922.845426464744,False
1894,184.2,55.26,184.2,74329.4670000001,331202.88416396483,47.1009125,7808.018938964815,False
1895,211.88,63.56399999999999,211.88,74393.0310000001,331139.3201639649,47.12690416666668,7613.1230597981485,False
1896,279.48,83.84400000000001,279.48,74476.8750000001,331055.47616396483,47.16902916666667,7287.259963964811,False
1897,178.84,53.652,178.84,74530.5270000001,331001.82416396483,47.1882125,7149.121776464861,False
1898,192.56,57.768,192.56,74588.2950000001,330944.05616396485,47.214870833333336,6955.612505631521,False
1899,191.9,57.57,191.9,74645.8650000001,330886.48616396484,47.235833333333325,6801.433663964912,False
1900,185.95,55.785,185.95,74701.65000000011,330830.7011639648,47.25763333333333,6643.336497298151,False
1901,182.69,54.807,182.69,74756.45700000011,330775.89416396484,47.27981666666667,6483.631647298171,False
1902,139.42,41.82599999999999,139.42,74798.28300000011,330734.06816396484,47.27641666666666,6512.402663964895,False
1903,165.99,49.797,165.99,74848.08000000012,330684.2711639648,47.29547083333333,6379.227659798169,False
1904,150.24,45.072,150.24,74893.15200000012,330639.19916396483,47.301750000000006,6338.401163964823,False
1905,164.36,49.308,164.36,74942.46000000012,330589.8911639648,47.31599166666667,6238.768288964813,False
1906,153.55,46.065000000000005,153.55,74988.52500000013,330543.8261639648,47.32913333333334,6149.946297298127,False
1907,208.02,62.406,208.02,75050.93100000013,330481.42016396485,47.370866666666664,5848.870897298213,False
1908,188.57,56.571,188.57,75107.50200000012,330424.84916396486,47.38775,5723.9861639649025,False
1909,162.1,48.63,162.1,75156.13200000013,330376.21916396485,47.3915375,5696.795751464844,False
1910,159.88,47.964,159.88,75204.09600000014,330328.2551639648,47.410495833333336,5566.358705631457,False
1911,186.06,55.818,186.06,75259.91400000014,330272.43716396485,47.434625,5392.690538964875,False
1912,170.32,51.096,170.32,75311.01000000014,330221.3411639648,47.43268333333333,5402.325697298162,False
1913,192.0,57.6,192.0,75368.61000000015,330163.7411639648,47.4484,5284.546363964793,False
1914,163.78,49.134,163.78,75417.74400000015,330114.60716396477,47.46810416666666,5147.966038964805,False
1915,204.78,61.434,204.78,75479.17800000015,330053.1731639648,47.50096666666667,4909.056330631487,False
1916,192.13,57.639,192.13,75536.81700000014,329995.5341639648,47.51877916666667,4777.009547298134,False
1917,153.73,46.11899999999999,153.73,75582.93600000015,329949.4151639648,47.513558333333336,4814.135488964792,False
1918,192.5,57.75,192.5,75640.68600000015,329891.6651639648,47.53806666666667,4636.213030631421,False
1919,189.97,56.991,189.97,75697.67700000014,329834.6741639648,47.551975,4531.613188964839,False
1920,218.04,65.41199999999999,218.04,75763.08900000014,329769.2621639648,47.586083333333335,4280.452163964801,False
1921,197.74,59.322,197.74,75822.41100000014,329709.9401639648,47.58795,4255.950113964791,False
1922,242.29,72.687,242.29,75895.09800000014,329637.25316396484,47.6321625,3928.5259889648296,False
1923,225.28,67.584,225.28,75962.68200000015,329569.6691639648,47.67127916666667,3641.133501464792,False
1924,235.77,70.731,235.77,76033.41300000015,329498.9381639648,47.71812083333333,3297.8641472981544,False
1925,214.6,64.38,214.6,76097.79300000015,329434.5581639648,47.754799999999996,3030.500163964811,False
1926,204.11,61.233,204.11,76159.02600000014,329373.3251639648,47.78033333333333,2842.5271639648126,False
1927,163.29,48.987,163.29,76208.01300000014,329324.3381639648,47.78092916666667,2837.2491681314423,False
1928,139.71,41.913,139.71,76249.92600000014,329282.4251639648,47.7894625,2784.817363964801,False
1929,183.88,55.164,183.88,76305.09000000014,329227.2611639648,47.81832083333333,2580.311551464838,False
1930,173.79,52.13699999999999,173.79,76357.22700000014,329175.1241639648,47.8404125,2425.1067889648257,False
1931,242.62,72.786,242.62,76430.01300000014,329102.3381639648,47.879175000000004,2135.452088964754,False
1932,152.79,45.837,152.79,76475.85000000014,329056.5011639648,47.8897875,2065.032113964844,False
1933,162.77,48.831,162.77,76524.68100000014,329007.6701639648,47.90050833333333,1990.899772298173,False
1934,182.36,54.708000000000006,182.36,76579.38900000014,328952.9621639648,47.913941666666666,1892.3963472981704,False
1935,138.59,41.577,138.59,76620.96600000015,328911.3851639648,47.906395833333335,1950.2336014648317,False
1936,171.86,51.558,171.86,76672.52400000015,328859.8271639648,47.920495833333334,1850.3635972981574,False
1937,167.9,50.37,167.9,76722.89400000015,328809.4571639648,47.939425,1718.7603889647871,False
1938,176.99,53.097,176.99,76775.99100000014,328756.3601639648,47.95890416666667,1580.7159389648004,False
1939,179.06,53.718,179.06,76829.70900000013,328702.6421639648,47.98492083333334,1397.4971597981057,False
1940,179.85,53.955,179.85,76883.66400000014,328648.68716396485,48.00345833333333,1265.101330631529,False
1941,179.68,53.904,179.68,76937.56800000013,328594.7831639648,48.02334166666666,1123.6163389648427,False
1942,171.26,51.37799999999999,171.26,76988.94600000013,328543.40516396484,48.038070833333336,1019.8382222981309,False
1943,175.0,52.5,175.0,77041.44600000013,328490.90516396484,48.049324999999996,938.6566389648942,False
1944,187.6,56.28,187.6,77097.72600000013,328434.6251639648,48.06750000000001,806.5451639647363,False
1945,235.84,70.752,235.84,77168.47800000012,328363.87316396483,48.104579166666674,531.1661431314424,False
1946,173.39,52.017,173.39,77220.49500000013,328311.85616396484,48.125479166666665,384.8411222982104,False
1947,238.03,71.40899999999999,238.03,77291.90400000013,328240.44716396485,48.15899166666667,133.23693896480836,False
1948,314.88,94.464,314.88,77386.36800000013,328145.9831639648,48.23217916666667,-411.62131936853984,True
1949,157.27,47.181,157.27,77433.54900000013,328098.80216396484,48.225570833333336,-365.5607818685239,True
1950,171.82,51.546,171.82,77485.09500000013,328047.2561639648,48.24162916666666,-478.23846103518736,True
1951,164.2,49.26,164.2,77534.35500000013,327997.99616396485,48.23477499999999,-432.5868110351148,True
1952,171.36,51.408,171.36,77585.76300000012,327946.5881639648,48.248799999999996,-531.2422360351775,True
1953,170.57,51.171,170.57,77636.93400000012,327895.4171639648,48.26502083333334,-644.579648535233,True
1954,155.16,46.548,155.16,77683.48200000012,327848.8691639648,48.279149999999994,-739.0257360351388,True
1955,179.84,53.952,179.84,77737.43400000012,327794.9171639648,48.28082916666666,-756.125315201818,True
1956,162.38,48.714,162.38,77786.14800000013,327746.2031639648,48.295254166666666,-854.7061860351823,True
1957,160.63,48.189,160.63,77834.33700000013,327698.01416396484,48.30849583333333,-944.6829902018071,True
1958,185.36,55.608,185.36,77889.94500000012,327642.4061639648,48.336549999999995,-1142.8069360351656,True
1959,175.71,52.713,175.71,77942.65800000013,327589.69316396484,48.3673625,-1356.739198535157,True
1960,151.84,45.552,151.84,77988.21000000012,327544.1411639648,48.37974583333334,-1438.1305027019116,True
1961,171.51,51.453,171.51,78039.66300000012,327492.68816396483,48.3947,-1542.877136035182,True
1962,187.19,56.157,187.19,78095.82000000012,327436.5311639648,48.428749999999994,-1782.11133603513,True
1963,221.6,66.47999999999999,221.6,78162.30000000012,327370.05116396485,48.46023750000001,-2014.1831235352438,True
1964,215.22,64.566,215.22,78226.86600000013,327305.4851639648,48.49325833333334,-2254.6984693685663,True
1965,164.55,49.365,164.55,78276.23100000013,327256.1201639648,48.498845833333334,-2293.537273535214,True
1966,175.54,52.662,175.54,78328.89300000013,327203.4581639648,48.51699166666666,-2420.9832193684997,True
1967,169.68,50.904,169.68,78379.79700000012,327152.5541639648,48.52517916666667,-2478.9879152018693,True
1968,189.45,56.835,189.45,78436.63200000013,327095.71916396485,48.54570833333333,-2626.731836035149,True
1969,170.99,51.297,170.99,78487.92900000013,327044.42216396483,48.54535416666666,-2627.0779818684678,True
1970,177.73,53.319,177.73,78541.24800000014,326991.1031639648,48.55618333333333,-2705.3816693684785,True
1971,203.76,61.12799999999999,203.76,78602.37600000013,326929.9751639648,48.58502083333333,-2913.7312735351734,True
1972,167.24,50.172,167.24,78652.54800000014,326879.8031639648,48.59577500000001,-2988.3175360352616,True
1973,188.96,56.688,188.96,78709.23600000014,326823.1151639648,48.60887083333333,-3085.291181868466,True
1974,271.95,81.585,271.95,78790.82100000014,326741.53016396484,48.65837083333333,-3454.174311035138,True
1975,197.16,59.148,197.16,78849.96900000014,326682.3821639648,48.674775,-3575.9662110352074,True
1976,208.27,62.481,208.27,78912.45000000014,326619.9011639648,48.70812916666666,-3816.047102701792,True
1977,185.65,55.695,185.65,78968.14500000015,326564.2061639648,48.73291666666666,-3991.1675860351534,True
1978,156.53,46.959,156.53,79015.10400000015,326517.2471639648,48.756474999999995,-4149.166286035208,True
1979,147.84,44.352,147.84,79059.45600000015,326472.89516396483,48.76610833333333,-4210.08544436848,True
1980,165.42,49.626,165.42,79109.08200000015,326423.2691639648,48.77969166666667,-4303.04033603525,True
1981,164.77,49.431,164.77,79158.51300000015,326373.8381639648,48.7961625,-4415.34742353519,True
1982,142.69,42.807,142.69,79201.32000000015,326331.03116396477,48.79698333333334,-4414.921869368583,True
1983,193.92,58.176,193.92,79259.49600000016,326272.8551639648,48.815125,-4547.246961035242,True
1984,180.8,54.24,180.8,79313.73600000016,326218.6151639648,48.82689583333333,-4632.4310027018655,True
1985,166.57,49.971,166.57,79363.70700000017,326168.6441639648,48.842541666666676,-4739.575627701939,True
1986,233.09,69.92699999999999,233.09,79433.63400000017,326098.71716396476,48.883287499999994,-5036.672361035191,True
1987,265.33,79.59899999999999,265.33,79513.23300000017,326019.11816396477,48.94090416666667,-5457.625756868569,True
1988,166.97,50.091,166.97,79563.32400000017,325969.0271639648,48.951341666666664,-5529.458602701838,True
1989,190.16,57.048,190.16,79620.37200000016,325911.9791639648,48.97830416666666,-5720.11834853515,True
1990,171.11,51.333000000000006,171.11,79671.70500000016,325860.64616396476,49.00025416666667,-5871.074544368603,True
1991,167.74,50.322,167.74,79722.02700000016,325810.3241639648,49.012262500000006,-5953.680698535289,True
1992,207.57,62.271,207.57,79784.29800000016,325748.05316396477,49.035450000000004,-6123.87243603525,True
1993,165.47,49.641,165.47,79833.93900000016,325698.4121639648,49.04560833333333,-6193.219427701784,True
1994,228.21,68.463,228.21,79902.40200000016,325629.9491639648,49.0690875,-6371.496861035237,True
1995,173.9,52.17,173.9,79954.57200000016,325577.7791639648,49.071645833333335,-6391.904898535227,True
1996,226.06,67.818,226.06,80022.39000000016,325509.9611639648,49.111862499999994,-6682.676786035125,True
1997,181.5,54.45,181.5,80076.84000000016,325455.5111639648,49.13038333333333,-6813.271319368505,True
1998,172.91,51.873,172.91,80128.71300000016,325403.6381639648,49.14604166666666,-6921.895586035156,True
1999,173.08,51.924,173.08,80180.63700000016,325351.7141639648,49.153754166666666,-6976.81775686855,True
2000,224.14,67.24199999999999,224.14,80247.87900000016,325284.47216396476,49.19361666666667,-7264.376502701954,True
2001,220.45,66.13499999999999,220.45,80314.01400000016,325218.3371639648,49.22186666666668,-7472.259636035247,True
2002,147.27,44.181,147.27,80358.19500000015,325174.15616396477,49.19804583333333,-7306.237577701861,True
2003,193.38,58.014,193.38,80416.20900000015,325116.1421639648,49.23100416666667,-7537.752990201872,True
2004,179.28,53.784,179.28,80469.99300000015,325062.3581639648,49.232383333333345,-7551.623636035249,True
2005,156.39,46.917,156.39,80516.91000000015,325015.4411639648,49.2476875,-7652.687898535165,True
2006,164.1,49.23,164.1,80566.14000000014,324966.2111639648,49.241479166666664,-7610.739127701847,True
2007,166.71,50.013,166.71,80616.15300000015,324916.1981639648,49.248799999999996,-7660.948236035183,True
2008,157.46,47.238,157.46,80663.39100000015,324868.9601639648,49.2668375,-7780.726636035251,True
2009,160.12,48.036,160.12,80711.42700000014,324820.9241639648,49.28451666666667,-7898.847852701845,True
2010,217.1,65.13,217.1,80776.55700000015,324755.7941639648,49.3256,-8192.005836035183,True
2011,178.06,53.418,178.06,80829.97500000015,324702.3761639648,49.3413,-8302.057536035194,True
2012,184.33,55.299,184.33,80885.27400000015,324647.0771639648,49.361012499999994,-8441.035186035151,True
2013,176.84,53.052,176.84,80938.32600000015,324594.02516396483,49.358070833333336,-8424.878748535179,True
2014,164.98,49.49399999999999,164.98,80987.82000000015,324544.53116396477,49.3627875,-8456.83331103524,True
2015,190.08,57.024,190.08,81044.84400000016,324487.5071639648,49.38257083333333,-8597.933106868528,True
2016,199.32,59.79599999999999,199.32,81104.64000000016,324427.7111639648,49.39420416666666,-8686.801736035151,True
2017,226.14,67.842,226.14,81172.48200000016,324359.86916396476,49.42019583333333,-8880.51134020189,True
2018,174.55,52.365,174.55,81224.84700000017,324307.50416396477,49.42920000000001,-8944.162236035278,True
2019,164.89,49.46699999999999,164.89,81274.31400000017,324258.03716396476,49.4348375,-8982.20242353523,True
2020,266.39,79.91699999999999,266.39,81354.23100000017,324178.1201639648,49.47097916666667,-9256.279419368599,True
2021,212.55,63.765,212.55,81417.99600000017,324114.3551639648,49.48380833333333,-9357.029194368515,True
2022,321.53,96.459,321.53,81514.45500000018,324017.89616396476,49.558508333333336,-9907.332986035268,True
2023,157.91,47.373,157.91,81561.82800000018,323970.52316396474,49.571583333333336,-9993.233752701955,True
2024,227.5,68.25,227.5,81630.07800000018,323902.27316396474,49.61307083333333,-10291.3719693686,True
2025,186.91,56.073,186.91,81686.15100000019,323846.20016396476,49.62519583333333,-10379.493773535185,True
2026,159.74,47.922,159.74,81734.0730000002,323798.27816396474,49.63165833333333,-10421.309052701865,True
2027,203.89,61.167,203.89,81795.2400000002,323737.1111639647,49.66830416666666,-10679.5807902019,True
2028,178.75,53.625,178.75,81848.8650000002,323683.4861639647,49.677899999999994,-10748.136636035226,True
2029,162.46,48.738,162.46,81897.60300000019,323634.7481639648,49.6925875,-10846.058298535238,True
2030,146.64,43.992,146.64,81941.59500000019,323590.75616396475,49.69831666666667,-10878.91500270192,True
2031,216.69,65.00699999999999,216.69,82006.60200000019,323525.74916396476,49.72806666666666,-11094.41143603524,True
2032,155.13,46.539,155.13,82053.14100000019,323479.2101639648,49.74399583333333,-11198.393802701845,True
2033,162.61,48.783,162.61,82101.92400000019,323430.4271639648,49.748266666666666,-11226.16270270187,True
2034,170.61,51.183,170.61,82153.1070000002,323379.24416396476,49.753991666666664,-11266.103786035208,True
2035,189.86,56.958000000000006,189.86,82210.06500000019,323322.2861639648,49.776520833333336,-11424.816440201888,True
2036,172.75,51.825,172.75,82261.89000000019,323270.46116396476,49.784237499999996,-11478.751786035195,True
2037,171.32,51.396,171.32,82313.28600000018,323219.06516396475,49.80445833333333,-11616.308211035212,True
2038,204.95,61.48499999999999,204.95,82374.77100000018,323157.58016396477,49.82853333333333,-11789.820902701875,True
2039,188.51,56.553,188.51,82431.32400000018,323101.02716396475,49.85092916666667,-11947.067765201908,True
2040,180.99,54.297,180.99,82485.62100000019,323046.7301639648,49.8650125,-12046.153836035228,True
2041,162.41,48.723,162.41,82534.34400000019,322998.0071639648,49.87215416666667,-12092.996681868564,True
2042,184.8,55.440000000000005,184.8,82589.78400000019,322942.56716396473,49.88580833333333,-12190.293219368556,True
2043,199.74,59.922,199.74,82649.7060000002,322882.6451639648,49.90700416666667,-12342.701823535259,True
2044,245.92,73.776,245.92,82723.4820000002,322808.86916396476,49.945899999999995,-12627.795236035192,True
2045,231.14,69.342,231.14,82792.8240000002,322739.52716396475,49.97602083333334,-12849.452731868601,True
2046,153.73,46.11899999999999,153.73,82838.9430000002,322693.40816396475,49.98095416666666,-12878.71811103524,True
2047,160.95,48.285,160.95,82887.2280000002,322645.1231639647,49.98142500000001,-12880.18286103534,True
2048,163.36,49.008,163.36,82936.23600000021,322596.11516396474,50.0007625,-13009.002736035269,True
2049,182.13,54.639,182.13,82990.8750000002,322541.4761639647,50.01525,-13110.866586035292,True
2050,162.03,48.609,162.03,83039.4840000002,322492.8671639648,50.02275833333333,-13159.84125270188,True
2051,168.85,50.655,168.85,83090.1390000002,322442.21216396475,50.03512083333334,-13243.413506868586,True
2052,167.4,50.22,167.4,83140.3590000002,322391.9921639648,50.054512499999994,-13373.677686035167,True
2053,166.23,49.86899999999999,166.23,83190.2280000002,322342.1231639647,50.074712500000004,-13508.973573535332,True
2054,179.0,53.7,179.0,83243.9280000002,322288.42316396476,50.09577083333333,-13653.816044368548,True
2055,175.57,52.671,175.57,83296.5990000002,322235.75216396473,50.11417500000001,-13779.791211035335,True
2056,183.3,54.99,183.3,83351.58900000021,322180.76216396474,50.127175,-13871.819036035275,True
2057,193.02,57.906,193.02,83409.49500000021,322122.8561639647,50.15067916666667,-14037.146290201985,True
2058,193.31,57.993,193.31,83467.48800000022,322064.8631639647,50.18439166666666,-14270.929786035267,True
2059,203.21,60.963,203.21,83528.45100000022,322003.9001639647,50.20935416666667,-14448.982106868643,True
2060,184.67,55.401,184.67,83583.85200000022,321948.49916396476,50.22969166666666,-14590.43500270188,True
2061,163.02,48.906,163.02,83632.75800000022,321899.59316396475,50.2389125,-14650.881673535216,True
2062,164.8,49.440000000000005,164.8,83682.19800000022,321850.15316396474,50.248374999999996,-14713.462586035253,True
2063,235.23,70.56899999999999,235.23,83752.76700000023,321779.5841639647,50.280629166666664,-14949.789365201897,True
2064,245.29,73.58699999999999,245.29,83826.35400000022,321705.9971639647,50.28474166666667,-15000.633036035288,True
2065,189.67,56.901,189.67,83883.25500000022,321649.0961639647,50.288720833333336,-15033.889815201983,True
2066,178.61,53.583000000000006,178.61,83936.83800000022,321595.51316396473,50.30842916666666,-15169.111677701934,True
2067,297.8,89.34,297.8,84026.17800000022,321506.17316396476,50.375954166666666,-15660.08807353524,True
2068,165.2,49.56,165.2,84075.73800000022,321456.6131639647,50.38321666666666,-15707.87276936858,True
2069,165.47,49.641,165.47,84125.37900000022,321406.97216396476,50.402054166666666,-15833.172265201923,True
2070,225.81,67.743,225.81,84193.12200000022,321339.22916396474,50.421475,-15980.438586035278,True
2071,186.61,55.983,186.61,84249.10500000021,321283.24616396474,50.448724999999996,-16168.275361035252,True
2072,175.95,52.785,175.95,84301.89000000022,321230.4611639647,50.4505,-16182.482836035255,True
2073,183.35,55.005,183.35,84356.89500000022,321175.4561639647,50.47311666666667,-16338.274986035307,True
2074,159.04,47.712,159.04,84404.60700000022,321127.74416396476,50.483666666666664,-16406.051169368555,True
2075,226.13,67.839,226.13,84472.44600000023,321059.9051639647,50.53053333333333,-16736.710169368598,True
2076,170.64,51.19199999999999,170.64,84523.63800000022,321008.71316396474,50.545224999999995,-16835.57073603524,True
2077,170.51,51.153,170.51,84574.79100000023,320957.56016396475,50.563470833333334,-16958.11541520193,True
2078,185.89,55.767,185.89,84630.55800000024,320901.7931639647,50.58146666666666,-17083.567102701927,True
2079,190.88,57.264,190.88,84687.82200000023,320844.52916396473,50.608687499999995,-17272.112023535243,True
2080,166.71,50.013,166.71,84737.83500000024,320794.5161639647,50.6209375,-17353.34633603529,True
2081,175.62,52.686,175.62,84790.52100000024,320741.8301639647,50.64130833333333,-17491.468194368586,True
2082,216.24,64.872,216.24,84855.39300000024,320676.9581639647,50.66904583333333,-17690.929911035288,True
2083,217.19,65.157,217.19,84920.55000000025,320611.8011639647,50.701337499999994,-17921.029323535273,True
2084,188.66,56.598,188.66,84977.14800000025,320555.2031639647,50.71402916666667,-18011.655552702025,True
2085,174.49,52.347,174.49,85029.49500000024,320502.8561639647,50.72467083333334,-18084.32164853532,True
2086,175.27,52.581,175.27,85082.07600000025,320450.2751639647,50.72632916666667,-18097.24569436867,True
2087,218.39,65.517,218.39,85147.59300000026,320384.7581639647,50.75850416666667,-18326.74014020193,True
2088,209.14,62.74199999999999,209.14,85210.33500000025,320322.0161639647,50.78282916666667,-18501.020036035334,True
2089,183.2,54.96,183.2,85265.29500000026,320267.0561639647,50.8030125,-18639.840223535313,True
2090,181.2,54.35999999999999,181.2,85319.65500000026,320212.6961639647,50.802974999999996,-18643.147086035286,True
2091,181.8,54.54,181.8,85374.19500000025,320158.1561639647,50.81252500000001,-18710.573061035364,True
2092,167.9,50.37,167.9,85424.56500000025,320107.7861639647,50.8200125,-18760.057186035265,True
2093,160.59,48.177,160.59,85472.74200000025,320059.6091639647,50.81701666666667,-18737.44095270196,True
2094,154.46,46.338,154.46,85519.08000000025,320013.2711639647,50.82196666666667,-18765.958636035328,True
2095,199.26,59.77799999999999,199.26,85578.85800000025,319953.4931639647,50.83549583333333,-18865.086565201927,True
2096,162.11,48.633,162.11,85627.49100000026,319904.8601639647,50.84719583333333,-18940.852869368624,True
2097,182.59,54.777,182.59,85682.26800000026,319850.0831639647,50.87030416666666,-19098.753498535312,True
2098,164.47,49.341,164.47,85731.60900000026,319800.74216396466,50.88124166666667,-19170.089819368673,True
2099,174.29,52.287,174.29,85783.89600000026,319748.4551639647,50.8902625,-19231.583348535292,True
2100,196.52,58.956,196.52,85842.85200000026,319689.4991639647,50.919691666666665,-19435.64733603527,True
2101,190.98,57.294,190.98,85900.14600000026,319632.2051639647,50.933820833333336,-19536.107765201945,True
2102,184.9,55.47,184.9,85955.61600000026,319576.7351639647,50.9508125,-19653.774461035326,True
2103,163.08,48.924,163.08,86004.54000000026,319527.8111639647,50.96291666666667,-19732.32508603536,True
2104,206.34,61.902,206.34,86066.44200000026,319465.9091639647,50.98726250000001,-19905.31003603537,True
2105,164.8,49.440000000000005,164.8,86115.88200000026,319416.4691639647,50.99254583333334,-19938.923356868676,True
2106,164.71,49.413,164.71,86165.29500000026,319367.0561639647,51.00386666666667,-20012.672636035306,True
2107,177.79,53.337,177.79,86218.63200000026,319313.7191639647,51.00710833333333,-20036.57257770194,True
2108,185.8,55.74,185.8,86274.37200000026,319257.9791639647,51.01836666666666,-20116.195902701933,True
2109,208.5,62.55,208.5,86336.92200000027,319195.4291639647,51.02837916666666,-20194.320673535287,True
2110,189.65,56.895,189.65,86393.81700000027,319138.5341639647,51.04568750000001,-20315.287711035344,True
2111,254.83,76.449,254.83,86470.26600000027,319062.08516396466,51.09555833333333,-20672.282194368658,True
2112,191.44,57.432,191.44,86527.69800000027,319004.6531639647,51.093804166666665,-20666.956936035305,True
2113,192.96,57.888,192.96,86585.58600000027,318946.7651639647,51.11496666666666,-20814.418269368587,True
2114,206.2,61.85999999999999,206.2,86647.44600000027,318884.90516396466,51.1266625,-20902.893811035377,True
2115,203.98,61.194,203.98,86708.64000000028,318823.7111639647,51.16022083333333,-21135.956273535267,True
2116,189.71,56.913,189.71,86765.55300000028,318766.79816396465,51.16278333333333,-21158.73430270201,True
2117,186.7,56.01,186.7,86821.56300000027,318710.7881639647,51.16605833333334,-21185.337344368687,True
2118,165.58,49.674,165.58,86871.23700000027,318661.1141639647,51.170541666666665,-21213.623586035275,True
2119,180.77,54.231,180.77,86925.46800000027,318606.88316396467,51.177420833333336,-21262.368590202008,True
2120,163.3,48.99,163.3,86974.45800000028,318557.8931639647,51.19591666666666,-21382.993502701982,True
2121,175.95,52.785,175.95,87027.24300000028,318505.1081639647,51.20010416666667,-21412.383398535312,True
2122,224.75,67.425,224.75,87094.66800000028,318437.68316396466,51.24065833333333,-21697.806852701993,True
2123,177.71,53.313,177.71,87147.98100000028,318384.3701639647,51.26164166666666,-21839.145577701973,True
2124,168.98,50.694,168.98,87198.67500000028,318333.6761639647,51.26515833333333,-21861.91453603533,True
2125,241.61,72.483,241.61,87271.15800000027,318261.19316396466,51.314545833333334,-22210.818440201983,True
2126,166.54,49.962,166.54,87321.12000000027,318211.23116396467,51.33030000000001,-22313.979036035365,True
2127,174.84,52.452,174.84,87373.57200000028,318158.7791639647,51.34260833333333,-22396.741911035322,True
2128,258.43,77.529,258.43,87451.10100000027,318081.2501639647,51.39325416666667,-22758.811469368695,True
2129,158.32,47.496,158.32,87498.59700000027,318033.75416396465,51.395833333333336,-22772.01666936872,True
2130,184.72,55.416,184.72,87554.01300000027,317978.3381639647,51.41002916666666,-22870.15521103528,True
2131,191.84,57.552,191.84,87611.56500000026,317920.78616396466,51.43027083333334,-23010.479190202022,True
2132,210.46,63.138,210.46,87674.70300000027,317857.6481639647,51.4479375,-23139.28158603533,True
2133,208.2,62.46,208.2,87737.16300000028,317795.18816396466,51.45592083333333,-23203.199198535294,True
2134,213.98,64.19399999999999,213.98,87801.35700000028,317730.99416396464,51.48352916666666,-23398.87009436864,True
2135,213.97,64.191,213.97,87865.54800000029,317666.80316396465,51.5100125,-23587.02964853536,True
2136,199.38,59.81399999999999,199.38,87925.36200000028,317606.98916396464,51.536745833333335,-23772.415236035362,True
2137,172.57,51.771,172.57,87977.13300000028,317555.2181639647,51.54705833333334,-23840.949177702016,True
2138,167.62,50.286,167.62,88027.41900000027,317504.93216396467,51.542679166666666,-23810.68927770201,True
2139,188.56,56.568,188.56,88083.98700000027,317448.3641639647,51.55060416666667,-23868.186023535323,True
2140,189.26,56.778,189.26,88140.76500000028,317391.5861639647,51.571062500000004,-24008.84758603532,True
2141,178.63,53.589,178.63,88194.35400000028,317337.99716396467,51.535779166666664,-23777.32514020201,True
2142,157.16,47.148,157.16,88241.50200000028,317290.8491639647,51.53615,-23775.391536035342,True
2143,181.56,54.468,181.56,88295.97000000028,317236.3811639647,51.561991666666664,-23949.317694368656,True
2144,243.55,73.065,243.55,88369.03500000028,317163.3161639647,51.61159166666666,-24298.974302701943,True
2145,167.78,50.334,167.78,88419.36900000028,317112.98216396465,51.622949999999996,-24372.83208603534,True
2146,177.9,53.37,177.9,88472.73900000028,317059.61216396466,51.63823333333333,-24475.663102702005,True
2147,251.53,75.459,251.53,88548.19800000028,316984.1531639647,51.68785416666666,-24827.626440201944,True
2148,198.63,59.589,198.63,88607.78700000029,316924.56416396465,51.71942083333333,-25044.246386035345,True
2149,176.8,53.04,176.8,88660.82700000028,316871.52416396467,51.74211666666667,-25195.60911936866,True
2150,158.63,47.589,158.63,88708.41600000029,316823.93516396463,51.75447499999999,-25273.14458603534,True
2151,172.16,51.648,172.16,88760.06400000029,316772.28716396465,51.75857083333334,-25300.107473535405,True
2152,238.13,71.439,238.13,88831.50300000029,316700.8481639647,51.796425,-25569.92823603528,True
2153,181.5,54.45,181.5,88885.95300000029,316646.3981639647,51.81064166666667,-25666.51132770203,True
2154,177.15,53.145,177.15,88939.09800000029,316593.25316396466,51.82247916666666,-25746.044211035303,True
2155,220.64,66.192,220.64,89005.29000000028,316527.0611639647,51.85112083333333,-25949.591940201994,True
2156,189.04,56.712,189.04,89062.00200000028,316470.3491639647,51.86327916666667,-26034.746452702035,True
2157,176.26,52.87799999999999,176.26,89114.88000000028,316417.47116396466,51.86474583333333,-26045.44557353534,True
2158,252.62,75.786,252.62,89190.66600000027,316341.6851639647,51.90254999999999,-26318.949936035264,True
2159,182.35,54.705,182.35,89245.37100000028,316286.9801639647,51.91164583333334,-26381.793981868715,True
2160,210.66,63.19799999999999,210.66,89308.56900000028,316223.7821639647,51.93760416666666,-26564.40533603524,True
2161,198.46,59.538,198.46,89368.10700000028,316164.24416396464,51.959287499999995,-26715.094048535335,True
2162,168.9,50.67,168.9,89418.77700000028,316113.57416396466,51.968704166666676,-26775.935927702056,True
2163,180.54,54.162,180.54,89472.93900000027,316059.4121639647,51.985866666666666,-26891.3502360353,True
2164,166.15,49.845,166.15,89522.78400000028,316009.5671639647,51.9923,-26931.643636035325,True
2165,223.13,66.939,223.13,89589.72300000027,315942.62816396466,52.019420833333335,-27125.452231868694,True
2166,145.92,43.776,145.92,89633.49900000027,315898.85216396465,52.03446249999999,-27216.39356103528,True
2167,193.04,57.91199999999999,193.04,89691.41100000027,315840.9401639647,52.057525,-27374.322161035263,True
2168,173.25,51.975,173.25,89743.38600000028,315788.96516396466,52.05077083333333,-27329.71616936865,True
2169,182.48,54.74399999999999,182.48,89798.13000000028,315734.22116396466,52.073591666666665,-27482.82151103532,True
2170,171.98,51.594,171.98,89849.72400000028,315682.6271639647,52.0831125,-27545.08421103534,True
2171,221.47,66.441,221.47,89916.16500000028,315616.1861639647,52.12140833333334,-27811.773344368732,True
2172,238.74,71.622,238.74,89987.78700000029,315544.56416396465,52.16663333333333,-28129.21623603534,True
2173,193.69,58.107,193.69,90045.89400000029,315486.45716396463,52.18202083333333,-28236.514065202035,True
2174,177.48,53.24399999999999,177.48,90099.1380000003,315433.2131639647,52.20628333333333,-28397.368869368627,True
2175,157.98,47.394,157.98,90146.5320000003,315385.81916396465,52.21561666666666,-28454.016586035315,True
2176,210.1,63.03,210.1,90209.5620000003,315322.7891639647,52.24610833333333,-28665.588102701993,True
2177,167.76,50.328,167.76,90259.89000000029,315272.46116396465,52.253279166666665,-28710.87559020199,True
2178,154.67,46.401,154.67,90306.29100000029,315226.06016396463,52.26915,-28809.485136035364,True
2179,203.34,61.002,203.34,90367.29300000028,315165.05816396466,52.295849999999994,-28993.93068603531,True
2180,191.52,57.456,191.52,90424.74900000029,315107.60216396465,52.299924999999995,-29025.90433603531,True
2181,225.7,67.71,225.7,90492.4590000003,315039.8921639647,52.30424583333333,-29069.741173535294,True
2182,209.12,62.736,209.12,90555.1950000003,314977.15616396465,52.32782916666666,-29235.30409436865,True
2183,196.05,58.815,196.05,90614.0100000003,314918.34116396465,52.348850000000006,-29380.045286035398,True
2184,215.24,64.572,215.24,90678.5820000003,314853.76916396467,52.370000000000005,-29531.350836035388,True
2185,186.23,55.86899999999999,186.23,90734.4510000003,314797.90016396466,52.383166666666675,-29621.4206693687,True
2186,204.0,61.2,204.0,90795.6510000003,314736.70016396465,52.396504166666666,-29717.91822770203,True
2187,196.24,58.872,196.24,90854.5230000003,314677.8281639647,52.407425,-29796.176361035323,True
2188,165.77,49.731,165.77,90904.2540000003,314628.09716396465,52.3960125,-29718.496986035316,True
2189,216.65,64.995,216.65,90969.2490000003,314563.10216396465,52.41825833333333,-29877.273344368616,True
2190,194.11,58.233,194.11,91027.4820000003,314504.86916396464,52.436474999999994,-30002.77158603532,True
2191,216.41,64.923,216.41,91092.40500000029,314439.9461639647,52.47524166666666,-30269.916344368597,True
2192,179.05,53.715,179.05,91146.12000000029,314386.23116396467,52.48971666666667,-30366.227902702056,True
2193,198.66,59.598,198.66,91205.71800000028,314326.63316396467,52.49829583333334,-30429.67557353538,True
2194,147.84,44.352,147.84,91250.07000000028,314282.28116396465,52.497662500000004,-30417.37081103539,True
2195,213.76,64.128,213.76,91314.19800000028,314218.1531639647,52.512770833333335,-30528.187356868642,True
2196,181.35,54.405,181.35,91368.60300000028,314163.74816396466,52.54025833333333,-30710.507536035322,True
2197,168.1,50.43,168.1,91419.03300000027,314113.31816396466,52.5480375,-30759.451948535338,True
2198,180.13,54.039,180.13,91473.07200000028,314059.2791639647,52.54255416666667,-30724.96127770201,True
2199,200.48,60.14399999999999,200.48,91533.21600000028,313999.1351639647,52.56344583333334,-30869.63294853532,True
2200,209.06,62.718,209.06,91595.93400000027,313936.4171639647,52.5883625,-31043.240836035286,True
2201,161.31,48.393,161.31,91644.32700000027,313888.02416396467,52.60140416666666,-31124.585765201948,True
2202,192.47,57.741,192.47,91702.06800000026,313830.2831639647,52.62204166666667,-31265.06608603534,True
2203,177.25,53.175,177.25,91755.24300000026,313777.1081639647,52.63682083333334,-31362.526040202007,True
2204,194.77,58.431,194.77,91813.67400000026,313718.6771639647,52.664558333333325,-31550.16726936854,True
2205,224.93,67.479,224.93,91881.15300000027,313651.19816396467,52.689637499999996,-31729.375648535322,True
2206,184.85,55.455,184.85,91936.60800000027,313595.7431639647,52.70745,-31848.88413603528,True
2207,171.09,51.327,171.09,91987.93500000027,313544.41616396466,52.68819583333333,-31721.331131868646,True
2208,181.56,54.468,181.56,92042.40300000027,313489.94816396467,52.69240416666666,-31750.68393603532,True
2209,197.57,59.271,197.57,92101.67400000026,313430.6771639647,52.71005833333333,-31872.914977701905,True
2210,175.51,52.653,175.51,92154.32700000027,313378.02416396467,52.72058333333333,-31941.796669368632,True
2211,213.19,63.957,213.19,92218.28400000026,313314.0671639647,52.74485416666666,-32111.982773535303,True
2212,200.25,60.075,200.25,92278.35900000026,313253.99216396466,52.75039583333333,-32155.599752701994,True
2213,180.17,54.051,180.17,92332.41000000027,313199.9411639647,52.760891666666666,-32225.616577701992,True
2214,186.28,55.884,186.28,92388.29400000027,313144.05716396467,52.7766,-32331.566436035326,True
2215,181.52,54.456,181.52,92442.75000000028,313089.60116396466,52.76383750000001,-32249.715273535403,True
2216,188.03,56.409,188.03,92499.15900000028,313033.1921639647,52.77586666666667,-32332.07930270204,True
2217,183.82,55.146,183.82,92554.30500000027,312978.04616396467,52.78525,-32395.844586035295,True
2218,187.01,56.103,187.01,92610.40800000027,312921.94316396466,52.80203333333332,-32508.95890270191,True
2219,220.3,66.09,220.3,92676.49800000027,312855.8531639647,52.82834583333333,-32694.35693186859,True
2220,171.47,51.441,171.47,92727.93900000027,312804.4121639647,52.83882916666667,-32761.53058603534,True
2221,232.7,69.80999999999999,232.7,92797.74900000027,312734.60216396465,52.878395833333336,-33037.22819020203,True
2222,261.73,78.519,261.73,92876.26800000027,312656.0831639647,52.936074999999995,-33439.97518603527,True
2223,194.29,58.28699999999999,194.29,92934.55500000027,312597.79616396467,52.9542,-33563.80923603533,True
2224,185.59,55.677,185.59,92990.23200000027,312542.1191639647,52.972849999999994,-33688.42843603523,True
2225,178.24,53.472,178.24,93043.70400000026,312488.6471639647,52.98502916666666,-33768.51844020194,True
2226,183.12,54.936,183.12,93098.64000000026,312433.7111639647,52.99804166666666,-33855.49308603525,True
2227,189.06,56.718,189.06,93155.35800000025,312376.9931639647,53.00377916666666,-33896.69613186858,True
2228,166.8,50.04,166.8,93205.39800000025,312326.9531639647,52.99467916666667,-33834.291152702004,True
2229,171.44,51.432,171.44,93256.83000000025,312275.5211639647,53.008404166666665,-33922.36644853529,True
2230,197.17,59.151,197.17,93315.98100000025,312216.3701639647,53.02975416666667,-34067.924544368696,True
2231,191.24,57.372,191.24,93373.35300000025,312158.9981639647,53.0380125,-34126.18544853531,True
2232,183.31,54.993,183.31,93428.34600000025,312104.0051639647,53.05052499999999,-34209.82203603524,True
2233,190.83,57.249,190.83,93485.59500000025,312046.7561639647,53.04551666666667,-34181.33111936867,True
2234,181.0,54.3,181.0,93539.89500000025,311992.4561639647,53.05007083333333,-34212.30609436863,True
2235,199.17,59.75099999999999,199.17,93599.64600000026,311932.7051639647,53.074804166666674,-34380.39202353533,True
2236,190.78,57.234,190.78,93656.88000000025,311875.4711639647,53.086779166666666,-34462.67611936864,True
2237,222.39,66.717,222.39,93723.59700000026,311808.7541639647,53.11275,-34645.71408603527,True
2238,181.89,54.56699999999999,181.89,93778.16400000025,311754.1871639647,53.13268333333333,-34777.17353603529,True
2239,202.51,60.75299999999999,202.51,93838.91700000025,311693.4341639647,53.14720416666667,-34879.48420686863,True
2240,189.94,56.982,189.94,93895.89900000025,311636.4521639647,53.1583125,-34955.745336035325,True
2241,229.56,68.868,229.56,93964.76700000025,311567.5841639647,53.170116666666665,-35048.40638603526,True
2242,226.45,67.93499999999999,226.45,94032.70200000025,311499.64916396467,53.206829166666665,-35302.463344368676,True
2243,181.83,54.549,181.83,94087.25100000025,311445.1001639647,53.23143333333333,-35464.150869368634,True
2244,159.57,47.871,159.57,94135.12200000025,311397.2291639647,53.2357875,-35487.162186035304,True
2245,201.87,60.561,201.87,94195.68300000025,311336.6681639647,53.25751666666666,-35636.05291936861,True
2246,229.04,68.71199999999999,229.04,94264.39500000025,311267.9561639647,53.2764625,-35774.92056103528,True
2247,170.37,51.111,170.37,94315.50600000026,311216.84516396467,53.26165416666667,-35676.308423535374,True
2248,164.7,49.41,164.7,94364.91600000026,311167.4351639647,53.26725,-35708.8968360353,True
2249,188.88,56.664,188.88,94421.58000000026,311110.7711639647,53.28637500000001,-35836.81646103534,True
2250,226.43,67.929,226.43,94489.50900000027,311042.8421639647,53.318625,-36061.40658603527,True
2251,206.83,62.049,206.83,94551.55800000027,310980.7931639647,53.351375,-36283.30671103526,True
2252,274.45,82.335,274.45,94633.89300000027,310898.4581639647,53.40283333333333,-36647.18116936862,True
2253,267.9,80.36999999999999,267.9,94714.26300000027,310818.0881639647,53.44190833333333,-36928.40936103527,True
2254,189.91,56.973,189.91,94771.23600000027,310761.1151639647,53.44087083333333,-36925.19047770195,True
2255,191.67,57.501,191.67,94828.73700000027,310703.6141639647,53.4492625,-36983.83839853533,True
2256,193.4,58.02,193.4,94886.75700000027,310645.5941639647,53.45234166666667,-37008.43603603536,True
2257,202.35,60.705,202.35,94947.46200000028,310584.88916396466,53.46012083333333,-37066.27661520196,True
2258,185.27,55.581,185.27,95003.04300000028,310529.30816396466,53.46594166666666,-37106.244552701944,True
2259,215.64,64.692,215.64,95067.73500000028,310464.6161639647,53.48737500000001,-37256.80871103535,True
2260,202.78,60.834,202.78,95128.56900000028,310403.7821639647,53.51124583333333,-37419.31575270195,True
2261,205.69,61.707,205.69,95190.27600000027,310342.07516396465,53.53530833333333,-37583.89369436866,True
2262,201.85,60.55499999999999,201.85,95250.83100000027,310281.5201639647,53.55098749999999,-37692.79661103524,True
2263,220.39,66.11699999999999,220.39,95316.94800000027,310215.4031639647,53.58893333333333,-37951.89670270198,True
2264,173.03,51.909,173.03,95368.85700000027,310163.4941639647,53.604166666666664,-38049.17250270193,True
2265,178.83,53.649,178.83,95422.50600000027,310109.84516396467,53.6178875,-38138.33414853533,True
2266,179.16,53.748,179.16,95476.25400000028,310056.09716396465,53.62146666666666,-38161.70736936864,True
2267,170.61,51.183,170.61,95527.43700000028,310004.9141639647,53.63245416666666,-38230.610740201955,True
2268,204.25,61.275,204.25,95588.71200000028,309943.63916396466,53.65294166666667,-38371.25813603535,True
2269,193.53,58.059,193.53,95646.77100000027,309885.58016396465,53.68054166666666,-38554.81579436868,True
2270,186.38,55.914,186.38,95702.68500000027,309829.66616396466,53.68360833333333,-38576.95191936864,True
2271,186.75,56.025,186.75,95758.71000000027,309773.6411639647,53.70317083333334,-38706.23437353532,True
2272,205.49,61.647,205.49,95820.35700000027,309711.9941639647,53.72734583333333,-38871.025602701935,True
2273,174.4,52.32,174.4,95872.67700000027,309659.6741639647,53.72687083333332,-38866.536931868584,True
2274,215.5,64.64999999999999,215.5,95937.32700000027,309595.02416396467,53.75482083333333,-39058.74376103532,True
2275,205.48,61.64399999999999,205.48,95998.97100000027,309533.3801639647,53.778075,-39217.436211035296,True
2276,189.2,56.76,189.2,96055.73100000026,309476.6201639647,53.77830000000001,-39221.87703603535,True
2277,179.99,53.997,179.99,96109.72800000026,309422.6231639647,53.790833333333325,-39303.3493360352,True
2278,294.62,88.386,294.62,96198.11400000026,309334.23716396466,53.858875,-39778.9905860353,True
2279,227.24,68.172,227.24,96266.28600000027,309266.0651639647,53.882175,-39944.311011035286,True
2280,162.93,48.879,162.93,96315.16500000027,309217.1861639647,53.875929166666666,-39898.83483603533,True
2281,195.6,58.67999999999999,195.6,96373.84500000026,309158.5061639647,53.879450000000006,-39926.45038603537,True
2282,241.67,72.50099999999999,241.67,96446.34600000027,309086.0051639647,53.90739166666667,-40126.07805270201,True
2283,263.84,79.15199999999999,263.84,96525.49800000027,309006.8531639647,53.944291666666665,-40390.32396103529,True
2284,212.76,63.828,212.76,96589.32600000026,308943.0251639647,53.9487875,-40429.3226860353,True
2285,290.08,87.02399999999999,290.08,96676.35000000027,308856.0011639647,53.993312499999995,-40750.697273535305,True
2286,247.48,74.244,247.48,96750.59400000027,308781.7571639647,54.03397916666666,-41034.22396103531,True
2287,162.89,48.867,162.89,96799.46100000027,308732.8901639647,54.04074166666666,-41072.8306443686,True
2288,190.69,57.207,190.69,96856.66800000027,308675.68316396466,54.06117499999999,-41208.241436035314,True
2289,220.23,66.06899999999999,220.23,96922.73700000027,308609.6141639647,54.076454166666664,-41319.120748535264,True
2290,193.3,57.99,193.3,96980.72700000028,308551.62416396465,54.08777499999999,-41396.280086035316,True
2291,160.02,48.006,160.02,97028.73300000027,308503.6181639647,54.0880625,-41392.05814853526,True
2292,176.52,52.956,176.52,97081.68900000027,308450.6621639647,54.10160416666667,-41478.51358603529,True
2293,190.74,57.222,190.74,97138.91100000027,308393.4401639647,54.1239,-41625.821136035316,True
2294,161.69,48.507,161.69,97187.41800000027,308344.93316396466,54.117083333333326,-41576.12766936864,True
2295,175.39,52.617,175.39,97240.03500000027,308292.3161639647,54.127170833333324,-41639.843273535254,True
2296,166.77,50.031,166.77,97290.06600000027,308242.28516396467,54.13574583333333,-41691.17590270197,True
2297,201.26,60.37799999999999,201.26,97350.44400000027,308181.9071639647,54.15277916666666,-41807.50459020195,True
2298,217.91,65.37299999999999,217.91,97415.81700000027,308116.5341639647,54.16300416666666,-41884.79876103526,True
2299,190.13,57.039,190.13,97472.85600000028,308059.4951639647,54.157537500000004,-41852.35462353536,True
2300,207.5,62.25,207.5,97535.10600000028,307997.2451639647,54.18548333333334,-42040.97716936865,True
2301,228.68,68.604,228.68,97603.71000000028,307928.64116396464,54.217575000000004,-42262.67576103541,True
2302,285.19,85.557,285.19,97689.26700000028,307843.08416396467,54.27094583333333,-42638.684027701966,True
2303,184.55,55.365,184.55,97744.63200000029,307787.7191639647,54.28649583333333,-42740.18443186866,True
2304,212.23,63.669,212.23,97808.30100000028,307724.0501639647,54.31480833333333,-42932.35243603529,True
2305,196.64,58.99199999999999,196.64,97867.29300000028,307665.05816396466,54.3185625,-42961.26277353533,True
2306,190.82,57.246,190.82,97924.53900000028,307607.81216396467,54.3234625,-42995.81481103529,True
2307,181.16,54.348,181.16,97978.88700000028,307553.4641639647,54.33894583333334,-43095.75329853536,True
2308,217.41,65.223,217.41,98044.11000000028,307488.2411639647,54.355220833333334,-43211.64365270198,True
2309,181.66,54.498,181.66,98098.60800000028,307433.74316396465,54.360437499999996,-43245.43914853531,True
2310,207.47,62.241,207.47,98160.84900000028,307371.5021639647,54.378683333333335,-43371.005336035334,True
2311,157.92,47.376,157.92,98208.22500000028,307324.1261639647,54.3750875,-43340.81312353531,True
2312,159.78,47.934,159.78,98256.15900000028,307276.1921639647,54.379549999999995,-43363.146236035274,True
2313,176.83,53.049,176.83,98309.20800000028,307223.1431639647,54.384912500000006,-43396.38772353536,True
2314,188.22,56.466,188.22,98365.67400000028,307166.67716396466,54.405591666666666,-43531.766719368694,True
2315,247.71,74.313,247.71,98439.98700000027,307092.3641639647,54.45377083333334,-43862.188856868655,True
2316,193.56,58.068,193.56,98498.05500000027,307034.29616396467,54.47994166666666,-44034.447936035285,True
2317,166.16,49.848,166.16,98547.90300000027,306984.44816396467,54.48771666666666,-44079.91031936859,True
2318,182.48,54.74399999999999,182.48,98602.64700000027,306929.70416396466,54.50379166666666,-44183.72175270197,True
2319,225.3,67.59,225.3,98670.23700000027,306862.1141639647,54.515912500000006,-44274.87824853533,True
2320,171.48,51.444,171.48,98721.68100000027,306810.6701639647,54.52645416666667,-44339.69466936868,True
2321,199.54,59.862,199.54,98781.54300000027,306750.80816396466,54.539254166666666,-44427.44941520202,True
2322,210.34,63.102,210.34,98844.64500000027,306687.7061639647,54.569775,-44632.5052860353,True
2323,220.78,66.234,220.78,98910.87900000026,306621.4721639647,54.59555833333334,-44810.136827701994,True
2324,206.41,61.923,206.41,98972.80200000026,306559.5491639647,54.61274583333333,-44928.08301936858,True
2325,204.95,61.48499999999999,204.95,99034.28700000026,306498.0641639647,54.63079583333332,-45051.10702353524,True
2326,323.07,96.921,323.07,99131.20800000026,306401.1431639647,54.70019166666667,-45539.89001936867,True
2327,218.96,65.688,218.96,99196.89600000026,306335.4551639647,54.694525000000006,-45514.424161035335,True
2328,191.69,57.507,191.69,99254.40300000025,306277.94816396467,54.70597083333333,-45590.856236035295,True
2329,220.48,66.14399999999999,220.48,99320.54700000025,306211.8041639647,54.717529166666665,-45676.625906868605,True
2330,211.87,63.561,211.87,99384.10800000025,306148.2431639647,54.7436125,-45853.18521103525,True
2331,209.22,62.766,209.22,99446.87400000026,306085.4771639647,54.75517083333333,-45935.516123535286,True
2332,196.76,59.02799999999999,196.76,99505.90200000026,306026.4491639647,54.77025416666667,-46036.744619368634,True
2333,165.63,49.689,165.63,99555.59100000026,305976.7601639647,54.77212083333334,-46043.66043186869,True
2334,178.78,53.634,178.78,99609.22500000027,305923.1261639647,54.775324999999995,-46063.11228603526,True
2335,167.14,50.142,167.14,99659.36700000027,305872.9841639647,54.78019166666666,-46089.74729436857,True
2336,174.94,52.482,174.94,99711.84900000028,305820.5021639647,54.786225,-46126.20723603532,True
2337,184.68,55.404,184.68,99767.25300000027,305765.0981639647,54.80398333333333,-46240.88678603526,True
2338,174.01,52.203,174.01,99819.45600000027,305712.8951639647,54.81091666666667,-46282.811669368646,True
2339,182.31,54.693,182.31,99874.14900000027,305658.2021639647,54.83017499999999,-46406.35151103523,True
2340,193.54,58.062,193.54,99932.21100000027,305600.1401639647,54.8544875,-46565.66958603525,True
2341,173.85,52.155,173.85,99984.36600000027,305547.9851639647,54.86464583333334,-46628.17644020205,True
2342,206.37,61.911,206.37,100046.27700000026,305486.0741639647,54.89542083333333,-46832.73674436862,True
2343,177.21,53.163,177.21,100099.44000000026,305432.91116396466,54.91279583333334,-46942.499698535365,True
2344,252.22,75.666,252.22,100175.10600000026,305357.2451639647,54.9493375,-47197.70423603529,True
2345,197.04,59.112,197.04,100234.21800000026,305298.1331639647,54.97244583333333,-47350.1068568686,True
2346,224.17,67.25099999999999,224.17,100301.46900000026,305230.8821639647,54.99414583333333,-47501.56921103527,True
2347,226.18,67.854,226.18,100369.32300000027,305163.0281639647,55.031879166666656,-47756.412931868574,True
2348,182.04,54.612,182.04,100423.93500000026,305108.41616396466,55.04085833333333,-47813.56746936869,True
2349,241.15,72.345,241.15,100496.28000000026,305036.0711639647,55.082658333333335,-48098.85141103534,True
2350,183.04,54.912,183.04,100551.19200000026,304981.1591639647,55.08571249999999,-48118.2579610353,True
2351,202.91,60.873,202.91,100612.06500000026,304920.28616396466,55.10638333333334,-48256.52461936872,True
2352,211.62,63.486,211.62,100675.55100000027,304856.8001639647,55.104508333333335,-48252.88923603535,True
2353,206.98,62.094,206.98,100737.64500000027,304794.7061639647,55.120554166666665,-48362.68438186863,True
2354,262.84,78.85199999999999,262.84,100816.49700000026,304715.8541639647,55.16183749999999,-48650.87686103524,True
2355,227.95,68.38499999999999,227.95,100884.88200000026,304647.4691639647,55.191179166666664,-48852.033398535335,True
2356,279.55,83.865,279.55,100968.74700000026,304563.6041639647,55.23479999999999,-49160.05503603525,True
2357,284.92,85.476,284.92,101054.22300000026,304478.1281639647,55.29587916666666,-49581.38614020188,True
2358,190.23,57.069,190.23,101111.29200000026,304421.0591639647,55.315783333333336,-49710.58573603531,True
2359,235.18,70.554,235.18,101181.84600000027,304350.5051639647,55.34775833333333,-49930.49592770194,True
2360,191.64,57.492,191.64,101239.33800000027,304293.0131639647,55.351191666666665,-49954.61350270198,True
2361,174.53,52.359,174.53,101291.69700000026,304240.6541639647,55.3579125,-49994.6279235353,True
2362,182.91,54.873,182.91,101346.57000000027,304185.78116396465,55.3321125,-49829.07461103535,True
2363,191.1,57.33,191.1,101403.90000000027,304128.4511639647,55.35053333333334,-49948.91056936869,True
2364,200.76,60.228,200.76,101464.12800000027,304068.2231639647,55.36147083333333,-50023.744286035304,True
2365,215.61,64.683,215.61,101528.81100000028,304003.5401639647,55.38539166666667,-50186.03954436869,True
2366,181.06,54.318,181.06,101583.12900000028,303949.22216396465,55.386095833333336,-50189.474594368716,True
2367,187.36,56.208000000000006,187.36,101639.33700000028,303893.01416396466,55.39683333333333,-50258.94133603532,True
2368,203.45,61.035,203.45,101700.37200000028,303831.9791639647,55.41399166666666,-50374.2555693686,True
2369,187.16,56.148,187.16,101756.52000000028,303775.8311639647,55.41997083333334,-50413.202431868645,True
2370,200.48,60.14399999999999,200.48,101816.66400000028,303715.68716396467,55.42967083333333,-50479.909461035335,True
2371,229.76,68.928,229.76,101885.59200000028,303646.75916396466,55.462979166666656,-50706.21473186859,True
2372,202.98,60.89399999999999,202.98,101946.48600000028,303585.8651639647,55.475854166666664,-50793.891252701986,True
2373,181.58,54.474,181.58,102000.96000000028,303531.39116396464,55.480066666666666,-50819.79463603534,True
2374,207.29,62.187,207.29,102063.14700000029,303469.20416396466,55.49470833333333,-50920.00325270195,True
2375,230.64,69.192,230.64,102132.33900000028,303400.0121639647,55.50182916666667,-50979.16706520197,True
2376,238.18,71.454,238.18,102203.79300000028,303328.55816396466,55.53059583333333,-51178.7656360353,True
2377,195.33,58.599,195.33,102262.39200000028,303269.95916396467,55.535266666666665,-51211.64796936867,True
2378,214.04,64.21199999999999,214.04,102326.60400000028,303205.74716396467,55.55900416666667,-51371.817427702015,True
2379,213.42,64.026,213.42,102390.63000000028,303141.72116396466,55.58456249999999,-51543.37214853527,True
2380,220.78,66.234,220.78,102456.86400000028,303075.48716396466,55.62040416666667,-51782.69141936867,True
2381,186.69,56.007,186.69,102512.87100000028,303019.4801639647,55.6277875,-51830.17629853531,True
2382,228.66,68.598,228.66,102581.46900000027,302950.8821639647,55.648112499999996,-51972.779361035326,True
2383,220.89,66.267,220.89,102647.73600000028,302884.6151639647,55.684099999999994,-52212.890536035295,True
2384,181.54,54.462,181.54,102702.19800000028,302830.1531639647,55.682624999999994,-52202.26383603527,True
2385,202.3,60.69,202.3,102762.88800000028,302769.4631639647,55.70894583333333,-52375.06652353529,True
2386,200.92,60.276,200.92,102823.16400000028,302709.18716396467,55.72922499999999,-52508.892986035265,True
2387,176.64,52.992,176.64,102876.15600000028,302656.19516396464,55.74012916666666,-52575.64801520202,True
2388,161.85,48.555,161.85,102924.71100000027,302607.6401639647,55.732837499999995,-52522.000386035244,True
2389,182.15,54.645,182.15,102979.35600000028,302552.9951639647,55.74655416666667,-52608.30143186863,True
2390,196.75,59.025,196.75,103038.38100000027,302493.97016396467,55.771391666666666,-52769.794752702,True
2391,162.15,48.645,162.15,103087.02600000027,302445.32516396465,55.771670833333324,-52764.44637353532,True
2392,309.57,92.871,309.57,103179.89700000027,302352.45416396466,55.839954166666665,-53236.37396936864,True
2393,209.73,62.919,209.73,103242.81600000027,302289.53516396467,55.87065416666667,-53438.919915202016,True
2394,206.06,61.818,206.06,103304.63400000027,302227.7171639647,55.88668333333333,-53546.908936035295,True
2395,212.51,63.75299999999999,212.51,103368.38700000026,302163.9641639647,55.90685,-53683.136086035345,True
2396,191.52,57.456,191.52,103425.84300000027,302106.50816396467,55.90850416666667,-53695.21235270199,True
2397,201.36,60.408,201.36,103486.25100000027,302046.1001639647,55.92261666666666,-53789.50968603528,True
2398,223.23,66.969,223.23,103553.22000000026,301979.1311639647,55.94895833333333,-53968.14175270195,True
2399,206.48,61.944,206.48,103615.16400000027,301917.18716396467,55.96291666666666,-54062.925752701936,True
2400,206.25,61.875,206.25,103677.03900000027,301855.31216396467,55.9739,-54138.691836035345,True
2401,193.45,58.035,193.45,103735.07400000027,301797.2771639647,55.978608333333334,-54170.693227701995,True
2402,223.14,66.942,223.14,103802.01600000027,301730.33516396466,56.001525,-54327.360786035366,True
2403,205.23,61.569,205.23,103863.58500000027,301668.7661639647,56.004349999999995,-54350.88678603526,True
2404,189.1,56.73,189.1,103920.31500000026,301612.03616396466,56.01915833333334,-54445.734202702006,True
2405,221.45,66.43499999999999,221.45,103986.75000000026,301545.6011639647,56.04933333333334,-54647.91216936865,True
2406,170.12,51.036,170.12,104037.78600000025,301494.5651639647,56.055525,-54682.24068603531,True
2407,207.46,62.238,207.46,104100.02400000025,301432.3271639647,56.08224583333333,-54858.180615202,True
2408,227.63,68.289,227.63,104168.31300000026,301364.0381639647,56.108533333333334,-55037.365569368645,True
2409,188.19,56.457,188.19,104224.77000000025,301307.5811639647,56.12659166666667,-55152.402511035325,True
2410,190.04,57.01199999999999,190.04,104281.78200000025,301250.5691639647,56.13730416666666,-55221.312294368574,True
2411,193.25,57.975,193.25,104339.75700000026,301192.5941639647,56.14864583333333,-55295.15823186864,True
2412,352.94,105.882,352.94,104445.63900000026,301086.7121639647,56.22817916666666,-55849.769186035264,True
2413,206.56,61.968,206.56,104507.60700000025,301024.7441639647,56.25033333333333,-55996.12150270195,True
2414,157.05,47.115,157.05,104554.72200000026,300977.6291639647,56.25163750000001,-55995.262411035364,True
2415,170.08,51.024,170.08,104605.74600000026,300926.6051639647,56.26215833333333,-56056.78946103534,True
2416,213.0,63.9,213.0,104669.64600000026,300862.7051639647,56.287375000000004,-56224.40183603531,True
2417,210.99,63.297,210.99,104732.94300000026,300799.4081639647,56.3133,-56395.85373603529,True
2418,200.32,60.096,200.32,104793.03900000027,300739.31216396467,56.33519999999999,-56538.52623603528,True
2419,227.6,68.28,227.6,104861.31900000027,300671.0321639647,56.36325833333333,-56728.38892770192,True
2420,226.4,67.92,226.4,104929.23900000026,300603.11216396466,56.37979583333333,-56844.79341936868,True
2421,169.18,50.754,169.18,104979.99300000026,300552.3581639647,56.36935833333334,-56773.00431103533,True
2422,186.48,55.944,186.48,105035.93700000027,300496.4141639647,56.390904166666665,-56909.13644436863,True
2423,198.36,59.508,198.36,105095.44500000027,300436.90616396465,56.395604166666665,-56942.037440202024,True
2424,203.65,61.095,203.65,105156.54000000027,300375.8111639647,56.41532083333334,-57071.661636035366,True
2425,213.33,63.999,213.33,105220.53900000027,300311.81216396467,56.443908333333326,-57260.34712770197,True
2426,170.22,51.066,170.22,105271.60500000027,300260.7461639647,56.43059583333333,-57170.64784436859,True
2427,181.77,54.531,181.77,105326.13600000028,300206.21516396466,56.43969583333333,-57226.378548535344,True
2428,195.36,58.608,195.36,105384.74400000027,300147.60716396465,56.44922083333333,-57288.859152701974,True
2429,173.04,51.912,173.04,105436.65600000026,300095.6951639647,56.44947083333333,-57285.90468186862,True
2430,215.36,64.608,215.36,105501.26400000026,300031.0871639647,56.4725,-57439.837836035294,True
2431,171.95,51.585,171.95,105552.84900000026,299979.5021639647,56.47139166666667,-57427.93569436867,True
2432,199.79,59.937,199.79,105612.78600000027,299919.5651639647,56.487520833333335,-57533.466669368674,True
2433,190.34,57.102,190.34,105669.88800000027,299862.4631639647,56.502024999999996,-57625.84901103529,True
2434,234.9,70.47,234.9,105740.35800000027,299791.9931639647,56.53742916666667,-57863.783744368644,True
2435,190.48,57.144,190.48,105797.50200000027,299734.8491639647,56.557604166666664,-57991.997190201946,True
2436,215.26,64.57799999999999,215.26,105862.08000000026,299670.2711639647,56.57924583333333,-58136.879486035265,True
2437,193.97,58.191,193.97,105920.27100000027,299612.08016396465,56.60169583333333,-58280.44259020197,True
2438,210.37,63.111,210.37,105983.38200000027,299548.9691639647,56.6211875,-58410.17821103532,True
2439,244.51,73.353,244.51,106056.73500000028,299475.6161639647,56.65956666666666,-58669.504736035306,True
2440,198.98,59.694,198.98,106116.42900000028,299415.92216396466,56.68411666666667,-58827.6951693687,True
2441,170.07,51.021,170.07,106167.45000000027,299364.90116396465,56.67729166666666,-58778.90487770201,True
2442,191.13,57.339,191.13,106224.78900000028,299307.56216396467,56.69215833333333,-58873.4941860353,True
2443,177.19,53.157,177.19,106277.94600000029,299254.40516396466,56.70964583333333,-58980.427565202,True
2444,191.38,57.414,191.38,106335.36000000029,299196.9911639647,56.724833333333336,-59077.056169368676,True
2445,175.94,52.782,175.94,106388.1420000003,299144.20916396467,56.7221625,-59056.24702353537,True
2446,213.76,64.128,213.76,106452.2700000003,299080.08116396464,56.73757083333333,-59160.94107770198,True
2447,227.73,68.31899999999999,227.73,106520.5890000003,299011.7621639647,56.7636125,-59336.92354853533,True
2448,175.66,52.698,175.66,106573.2870000003,298959.06416396465,56.77320833333333,-59393.42683603533,True
2449,195.67,58.70099999999999,195.67,106631.9880000003,298900.36316396465,56.7868625,-59481.52607353532,True
2450,200.59,60.177,200.59,106692.1650000003,298840.1861639647,56.80682083333333,-59610.85329436866,True
2451,212.83,63.849,212.83,106756.0140000003,298776.33716396464,56.814616666666666,-59667.07938603539,True
2452,186.93,56.079,186.93,106812.0930000003,298720.25816396467,56.821437499999995,-59709.36958603532,True
2453,231.63,69.48899999999999,231.63,106881.5820000003,298650.76916396467,56.85257083333334,-59918.395081868686,True
2454,191.27,57.381,191.27,106938.9630000003,298593.3881639647,56.86490416666667,-59996.69751103537,True
2455,187.81,56.343,187.81,106995.30600000029,298537.0451639647,56.878825,-60083.94646103529,True
2456,193.5,58.05,193.5,107053.35600000029,298478.9951639647,56.889874999999996,-60154.77683603531,True
2457,202.38,60.714,202.38,107114.0700000003,298418.28116396465,56.90969166666667,-60283.50541103532,True
2458,202.65,60.795,202.65,107174.8650000003,298357.48616396467,56.93290416666667,-60433.67589436867,True
2459,189.74,56.922,189.74,107231.7870000003,298300.56416396465,56.9360875,-60453.72317353537,True
2460,244.13,73.23899999999999,244.13,107305.0260000003,298227.32516396465,56.97662916666666,-60725.438586035336,True
2461,197.23,59.169,197.23,107364.1950000003,298168.15616396465,56.986870833333334,-60792.14321520203,True
2462,183.78,55.134,183.78,107419.3290000003,298113.02216396463,57.00284166666666,-60890.87465270201,True
2463,201.01,60.303,201.01,107479.6320000003,298052.7191639646,57.02245833333333,-61017.700961035385,True
2464,202.05,60.615,202.05,107540.24700000031,297992.1041639646,57.03355416666667,-61091.15286936873,True
2465,258.64,77.592,258.64,107617.83900000031,297914.5121639646,57.073775000000005,-61364.90146103542,True
2466,229.86,68.958,229.86,107686.79700000031,297845.55416396464,57.1035625,-61564.26821103535,True
2467,186.26,55.87799999999999,186.26,107742.67500000031,297789.6761639647,57.11505416666666,-61635.35970686859,True
2468,240.25,72.075,240.25,107814.7500000003,297717.60116396466,57.13728333333333,-61790.18556936865,True
2469,242.86,72.858,242.86,107887.6080000003,297644.74316396465,57.15793333333333,-61935.81543603534,True
2470,286.68,86.004,286.68,107973.6120000003,297558.73916396464,57.207350000000005,-62275.492336035415,True
2471,372.28,111.68399999999998,372.28,108085.2960000003,297447.05516396463,57.27547083333333,-62758.38090686867,True
2472,201.16,60.348,201.16,108145.64400000029,297386.70716396463,57.2777,-62775.470436035364,True
2473,202.09,60.627,202.09,108206.27100000028,297326.08016396465,57.29289166666666,-62874.329744368675,True
2474,341.7,102.51,341.7,108308.78100000028,297223.57016396464,57.37455416666666,-63432.87732770201,True
2475,180.28,54.084,180.28,108362.86500000028,297169.48616396467,57.3804875,-63466.87777353532,True
2476,221.89,66.567,221.89,108429.43200000028,297102.9191639647,57.40732083333334,-63644.684952702024,True
2477,291.27,87.38099999999999,291.27,108516.81300000027,297015.5381639647,57.466116666666665,-64044.07285270194,True
2478,224.85,67.455,224.85,108584.26800000027,296948.0831639647,57.48605416666666,-64179.30911103531,True
2479,202.88,60.864,202.88,108645.13200000027,296887.2191639647,57.502725,-64287.396561035304,True
2480,161.26,48.37799999999999,161.26,108693.51000000027,296838.8411639647,57.5009125,-64266.889336035296,True
2481,343.43,103.029,343.43,108796.53900000027,296735.81216396467,57.57129583333333,-64754.354373535316,True
2482,197.2,59.16,197.2,108855.69900000027,296676.6521639647,57.58759583333334,-64858.27447770198,True
2483,200.36,60.108,200.36,108915.80700000026,296616.5441639647,57.60049583333334,-64941.76818186871,True
2484,178.64,53.59199999999999,178.64,108969.39900000027,296562.9521639647,57.59674999999999,-64914.250836035295,True
2485,232.39,69.717,232.39,109039.11600000027,296493.2351639647,57.61723333333334,-65054.90400270204,True
2486,187.19,56.157,187.19,109095.27300000028,296437.0781639647,57.62142916666667,-65079.768427702016,True
2487,178.41,53.523,178.41,109148.79600000028,296383.5551639647,57.63802916666667,-65179.801798535336,True
2488,214.43,64.329,214.43,109213.12500000028,296319.22616396466,57.64105416666667,-65205.46556936868,True
2489,184.04,55.212,184.04,109268.33700000028,296264.01416396466,57.656425,-65299.427011035325,True
2490,207.37,62.211,207.37,109330.54800000027,296201.80316396465,57.62929166666666,-65133.85558603529,True
2491,199.05,59.715,199.05,109390.26300000027,296142.0881639647,57.6419125,-65215.06129853532,True
2492,214.82,64.446,214.82,109454.70900000026,296077.6421639647,57.66832916666666,-65387.44505270192,True
2493,234.8,70.44,234.8,109525.14900000027,296007.2021639647,57.68668333333333,-65515.24228603527,True
2494,197.05,59.115,197.05,109584.26400000027,295948.0871639647,57.69449583333333,-65565.62372770195,True
2495,224.28,67.28399999999999,224.28,109651.54800000027,295880.80316396465,57.71670416666666,-65714.34844020195,True
2496,206.23,61.86899999999999,206.23,109713.41700000028,295818.9341639647,57.732883333333334,-65819.84703603532,True
2497,301.31,90.393,301.31,109803.81000000027,295728.54116396466,57.7777125,-66133.27222353534,True
2498,247.77,74.331,247.77,109878.14100000028,295654.21016396466,57.80410416666666,-66315.09012770199,True
2499,197.97,59.391,197.97,109937.53200000028,295594.81916396465,57.7992625,-66286.36334853532,True
2500,205.83,61.749,205.83,109999.28100000028,295533.07016396464,57.80148333333333,-66304.21550270199,True
2501,180.54,54.162,180.54,110053.44300000028,295478.9081639647,57.790725,-66233.23961103533,True
2502,230.86,69.258,230.86,110122.70100000028,295409.65016396466,57.805662500000004,-66338.18576103536,True
2503,189.51,56.853,189.51,110179.55400000028,295352.79716396466,57.81261666666666,-66380.74531936867,True
2504,188.17,56.45099999999999,188.17,110236.00500000028,295296.34616396466,57.825041666666664,-66457.11450270197,True
2505,242.71,72.813,242.71,110308.81800000028,295223.5331639647,57.86567083333334,-66726.23789853533,True
2506,211.81,63.543,211.81,110372.36100000028,295159.9901639647,57.89336666666666,-66905.12496936857,True
2507,186.1,55.83,186.1,110428.19100000028,295104.16016396467,57.90423333333334,-66971.01086936868,True
2508,259.83,77.949,259.83,110506.14000000028,295026.2111639647,57.93714166666666,-67196.79853603529,True
2509,197.02,59.106,197.02,110565.24600000028,294967.1051639647,57.94772083333333,-67264.09776520194,True
2510,240.09,72.027,240.09,110637.27300000028,294895.0781639647,57.970937500000005,-67423.28121103538,True
2511,210.68,63.204,210.68,110700.47700000028,294831.87416396465,57.99881249999999,-67602.70514853531,True
2512,209.77,62.931,209.77,110763.40800000027,294768.94316396466,58.004995833333325,-67646.27080270194,True
2513,197.25,59.175,197.25,110822.58300000028,294709.7681639647,58.01253333333333,-67694.52756936866,True
2514,205.28,61.584,205.28,110884.16700000028,294648.1841639647,58.02024166666667,-67746.24528603535,True
2515,225.47,67.64099999999999,225.47,110951.80800000028,294580.54316396464,58.037924999999994,-67866.2984610353,True
2516,196.32,58.896,196.32,111010.70400000027,294521.6471639647,58.058837499999996,-67997.73418603529,True
2517,222.11,66.633,222.11,111077.33700000028,294455.01416396466,58.079033333333335,-68132.39093603537,True
2518,217.48,65.244,217.48,111142.58100000028,294389.77016396465,58.08520416666667,-68178.0742443687,True
2519,267.52,80.25599999999999,267.52,111222.83700000028,294309.51416396466,58.13214166666667,-68493.18197770201,True
2520,245.71,73.713,245.71,111296.55000000028,294235.8011639647,58.16784166666666,-68731.53083603526,True
2521,253.12,75.93599999999999,253.12,111372.48600000028,294159.8651639647,58.19418749999999,-68913.67064853525,True
2522,207.53,62.259,207.53,111434.74500000029,294097.60616396467,58.205366666666656,-68987.47110270191,True
2523,195.34,58.602,195.34,111493.34700000029,294039.00416396465,58.217749999999995,-69065.10258603533,True
2524,179.95,53.98499999999999,179.95,111547.33200000029,293985.01916396467,58.22465,-69103.89823603531,True
2525,211.33,63.399,211.33,111610.73100000029,293921.6201639647,58.23207083333333,-69155.34148186864,True
2526,199.65,59.895,199.65,111670.6260000003,293861.7251639647,58.24549166666666,-69240.66988603526,True
2527,194.11,58.233,194.11,111728.85900000029,293803.49216396466,58.25230833333333,-69283.14567770198,True
2528,188.16,56.448,188.16,111785.30700000029,293747.0441639647,58.26567083333334,-69364.61646936869,True
2529,212.75,63.825,212.75,111849.13200000029,293683.2191639647,58.287279166666664,-69504.81732353533,True
2530,163.21,48.963,163.21,111898.09500000029,293634.25616396463,58.27745833333334,-69434.3092527021,True
2531,206.51,61.953,206.51,111960.04800000029,293572.30316396465,58.28361249999999,-69476.31909853528,True
2532,201.84,60.552,201.84,112020.60000000028,293511.7511639647,58.30554166666666,-69615.16233603528,True
2533,215.59,64.67699999999999,215.59,112085.27700000028,293447.07416396466,58.32416666666667,-69737.51166936872,True
2534,304.2,91.26,304.2,112176.53700000027,293355.8141639647,58.38658333333333,-70159.05366936862,True
2535,160.79,48.237,160.79,112224.77400000027,293307.5771639647,58.387837499999996,-70156.71127353527,True
2536,222.13,66.639,222.13,112291.41300000026,293240.93816396466,58.407891666666664,-70289.77956936863,True
2537,241.18,72.354,241.18,112363.76700000027,293168.58416396467,58.433933333333336,-70465.78296936868,True
2538,186.58,55.974,186.58,112419.74100000027,293112.6101639647,58.4444125,-70528.5244110353,True
2539,201.23,60.36899999999999,201.23,112480.11000000028,293052.2411639647,58.461979166666666,-70639.73123186867,True
2540,199.5,59.85,199.5,112539.96000000028,292992.39116396464,58.46855,-70681.98983603535,True
2541,218.62,65.586,218.62,112605.54600000028,292926.8051639647,58.487437500000006,-70806.56864853535,True
2542,248.66,74.598,248.66,112680.14400000028,292852.2071639647,58.517725000000006,-71011.00688603532,True
2543,184.21,55.263,184.21,112735.40700000028,292796.94416396465,58.49845416666667,-70887.94539020205,True
2544,230.97,69.291,230.97,112804.69800000028,292727.6531639647,58.5122,-70984.18203603529,True
2545,261.56,78.468,261.56,112883.16600000027,292649.1851639647,58.52503333333333,-71083.897002702,True
2546,205.02,61.506,205.02,112944.67200000027,292587.6791639647,58.5450125,-71211.02851103531,True
2547,160.15,48.045,160.15,112992.71700000027,292539.63416396466,58.54695833333333,-71212.61796103534,True
2548,209.56,62.868,209.56,113055.58500000027,292476.7661639647,58.55987083333333,-71297.15145270195,True
2549,185.27,55.581,185.27,113111.16600000027,292421.1851639647,58.55854583333333,-71285.94300686865,True
2550,208.48,62.544,208.48,113173.71000000027,292358.6411639647,58.5766625,-71402.43296103529,True
2551,259.42,77.82600000000001,259.42,113251.53600000027,292280.8151639647,58.616825,-71671.05126103532,True
2552,268.6,80.58,268.6,113332.11600000027,292200.2351639647,58.655275,-71931.71203603531,True
2553,268.01,80.40299999999999,268.01,113412.51900000028,292119.8321639647,58.7021125,-72244.18012353528,True
2554,194.36,58.308,194.36,113470.82700000028,292061.52416396467,58.721204166666666,-72362.26889436867,True
2555,242.26,72.678,242.26,113543.50500000028,291988.84616396466,58.75794166666667,-72604.18187770201,True
2556,189.2,56.76,189.2,113600.26500000028,291932.0861639647,58.7776875,-72724.68708603526,True
2557,174.47,52.341,174.47,113652.60600000028,291879.7451639647,58.77069583333333,-72674.88109020196,True
2558,204.43,61.329,204.43,113713.93500000027,291818.41616396466,58.79387499999999,-72821.19658603531,True
2559,179.86,53.958000000000006,179.86,113767.89300000027,291764.4581639647,58.796675,-72833.72351103532,True
2560,178.24,53.472,178.24,113821.36500000027,291710.98616396467,58.80629166666667,-72888.02216936869,True
2561,211.88,63.56399999999999,211.88,113884.92900000027,291647.4221639647,58.823341666666664,-72998.47282770195,True
2562,204.31,61.293,204.31,113946.22200000027,291586.12916396465,58.84052916666667,-73107.47061103536,True
2563,212.57,63.771,212.57,114009.99300000026,291522.3581639647,58.8539875,-73195.80237353529,True
2564,222.7,66.80999999999999,222.7,114076.80300000026,291455.5481639647,58.86944583333334,-73299.53821936867,True
2565,228.96,68.688,228.96,114145.49100000026,291386.8601639647,58.89094166666667,-73442.52346103534,True
2566,217.53,65.259,217.53,114210.75000000026,291321.6011639647,58.88774166666666,-73429.07071936858,True
2567,213.64,64.092,213.64,114274.84200000027,291257.50916396466,58.9041125,-73535.6595485353,True
2568,258.36,77.508,258.36,114352.35000000027,291180.0011639647,58.94152916666666,-73785.94743603526,True
2569,223.46,67.038,223.46,114419.38800000027,291112.9631639647,58.946887499999995,-73827.21734853531,True
2570,189.66,56.898,189.66,114476.28600000027,291056.0651639647,58.944975,-73813.3300860353,True
2571,205.48,61.64399999999999,205.48,114537.93000000027,290994.42116396467,58.950495833333335,-73850.19754853536,True
2572,202.77,60.831,202.77,114598.76100000028,290933.59016396466,58.968604166666665,-73964.13241936866,True
2573,241.65,72.495,241.65,114671.25600000027,290861.09516396467,58.996716666666664,-74151.59085270198,True
2574,230.25,69.075,230.25,114740.33100000027,290792.0201639647,59.028795833333334,-74360.1108610353,True
2575,239.32,71.79599999999999,239.32,114812.12700000027,290720.2241639647,59.05985416666667,-74564.97385686863,True
2576,204.08,61.224,204.08,114873.35100000027,290659.0001639647,59.05550833333332,-74540.26336936856,True
2577,203.96,61.188,203.96,114934.53900000027,290597.81216396467,59.08016249999999,-74694.83257353527,True
2578,201.99,60.597,201.99,114995.13600000026,290537.21516396466,59.0679875,-74621.08356103534,True
2579,211.56,63.468,211.56,115058.60400000025,290473.74716396467,59.088725,-74753.66206103528,True
2580,291.63,87.48899999999999,291.63,115146.09300000026,290386.2581639647,59.14779166666667,-75147.09433603531,True
2581,210.03,63.009,210.03,115209.10200000026,290323.2491639647,59.13565833333333,-75075.98367770197,True
2582,242.13,72.639,242.13,115281.74100000026,290250.6101639647,59.17138750000001,-75310.22181103536,True
2583,198.63,59.589,198.63,115341.33000000026,290191.0211639647,59.196025,-75462.8252610353,True
2584,189.65,56.895,189.65,115398.22500000027,290134.1261639647,59.20023333333333,-75486.51490270195,True
2585,228.62,68.586,228.62,115466.81100000026,290065.5401639647,59.21607083333334,-75593.69723186869,True
2586,224.72,67.416,224.72,115534.22700000026,289998.1241639647,59.232124999999996,-75701.01558603527,True
2587,181.67,54.501,181.67,115588.72800000026,289943.6231639647,59.23611666666666,-75720.92501936859,True
2588,211.43,63.429,211.43,115652.15700000027,289880.1941639647,59.25168333333333,-75821.1953693686,True
2589,261.73,78.519,261.73,115730.67600000027,289801.6751639647,59.29355833333334,-76098.87331103534,True
2590,239.25,71.77499999999999,239.25,115802.45100000026,289729.9001639647,59.329691666666676,-76334.2974193687,True
2591,199.16,59.748,199.16,115862.19900000027,289670.1521639647,59.3342125,-76362.60474853532,True
2592,193.43,58.029,193.43,115920.22800000026,289612.1231639647,59.33557916666666,-76369.72913603525,True
2593,196.27,58.881,196.27,115979.10900000026,289553.24216396466,59.34585416666667,-76432.6404818687,True
2594,252.7,75.80999999999999,252.7,116054.91900000026,289477.4321639647,59.37168750000001,-76608.39296103531,True
2595,292.72,87.816,292.72,116142.73500000026,289389.6161639647,59.41963333333333,-76932.42333603528,True
2596,207.58,62.274,207.58,116205.00900000027,289327.3421639647,59.43293333333333,-77017.25890270196,True
2597,215.74,64.722,215.74,116269.73100000026,289262.6201639647,59.454679166666665,-77156.56754020194,True
2598,228.22,68.466,228.22,116338.19700000026,289194.1541639647,59.482474999999994,-77336.85678603529,True
2599,197.05,59.115,197.05,116397.31200000027,289135.0391639647,59.48950416666666,-77379.79600686865,True
2600,224.87,67.461,224.87,116464.77300000026,289067.5781639647,59.51466666666667,-77542.768502702,True
2601,217.53,65.259,217.53,116530.03200000027,289002.3191639647,59.534525,-77670.82031103532,True
2602,195.92,58.776,195.92,116588.80800000027,288943.5431639647,59.54819583333334,-77754.246777702,True
2603,220.33,66.099,220.33,116654.90700000027,288877.4441639647,59.57525833333334,-77927.42139436863,True
2604,228.12,68.43599999999999,228.12,116723.34300000027,288809.00816396467,59.59752916666666,-78073.3813860353,True
2605,221.05,66.315,221.05,116789.65800000027,288742.69316396466,59.61167916666667,-78167.19210686866,True
2606,228.35,68.505,228.35,116858.16300000028,288674.18816396466,59.6389,-78343.60243603535,True
2607,181.36,54.408,181.36,116912.57100000027,288619.78016396466,59.64661249999999,-78385.82654853526,True
2608,200.61,60.183,200.61,116972.75400000028,288559.59716396465,59.657204166666666,-78451.52286936867,True
2609,198.01,59.40299999999999,198.01,117032.15700000028,288500.19416396465,59.6744625,-78557.42467353534,True
2610,215.65,64.695,215.65,117096.85200000029,288435.49916396465,59.701825,-78730.72458603536,True
2611,200.84,60.252,200.84,117157.10400000028,288375.24716396467,59.71669166666666,-78822.68989436864,True
2612,286.65,85.99499999999999,286.65,117243.09900000028,288289.2521639647,59.759075,-79109.54093603534,True
2613,205.72,61.716,205.72,117304.81500000028,288227.53616396466,59.764733333333325,-79146.27963603527,True
2614,237.19,71.157,237.19,117375.97200000029,288156.37916396465,59.7868125,-79293.37046103535,True
2615,201.59,60.477,201.59,117436.44900000028,288095.9021639647,59.782525,-79267.7139610353,True
2616,216.43,64.929,216.43,117501.37800000029,288030.9731639647,59.756254166666665,-79111.45243603527,True
2617,223.45,67.035,223.45,117568.41300000029,287963.93816396466,59.77484166666667,-79232.9141943687,True
2618,239.22,71.76599999999999,239.22,117640.1790000003,287892.17216396466,59.79428333333333,-79364.31606936868,True
2619,197.87,59.361,197.87,117699.5400000003,287832.8111639647,59.79677083333334,-79379.15852353536,True
2620,209.5,62.85,209.5,117762.3900000003,287769.96116396465,59.80658333333333,-79442.46050270199,True
2621,180.79,54.237,180.79,117816.6270000003,287715.7241639646,59.805791666666664,-79432.03087770205,True
2622,242.47,72.741,242.47,117889.3680000003,287642.98316396464,59.848729166666665,-79708.51646103535,True
2623,278.86,83.658,278.86,117973.02600000029,287559.32516396465,59.895758333333326,-80020.94372770196,True
2624,181.19,54.357,181.19,118027.38300000029,287504.9681639647,59.908654166666665,-80094.53380270198,True
2625,242.46,72.738,242.46,118100.12100000029,287432.2301639647,59.94119583333333,-80307.00627353531,True
2626,168.22,50.466,168.22,118150.58700000029,287381.76416396466,59.94730833333333,-80335.025152702,True
2627,225.51,67.65299999999999,225.51,118218.2400000003,287314.11116396467,59.954595833333336,-80387.42508186866,True
2628,180.81,54.243,180.81,118272.4830000003,287259.86816396465,59.9513625,-80361.88668603537,True
2629,176.2,52.85999999999999,176.2,118325.3430000003,287207.00816396467,59.957237500000005,-80390.81494853535,True
2630,185.85,55.755,185.85,118381.0980000003,287151.25316396466,59.96805833333333,-80452.94441936864,True
2631,206.12,61.836,206.12,118442.9340000003,287089.41716396465,59.97641666666667,-80506.04058603541,True
2632,250.81,75.243,250.81,118518.1770000003,287014.17416396464,60.00995416666666,-80726.82496936864,True
2633,193.1,57.92999999999999,193.1,118576.1070000003,286956.24416396464,60.010412499999994,-80727.5532235353,True
2634,209.64,62.892,209.64,118638.9990000003,286893.35216396465,60.02952083333333,-80847.49246103532,True
2635,212.53,63.759,212.53,118702.7580000003,286829.59316396463,60.03275,-80871.00058603537,True
2636,217.42,65.226,217.42,118767.9840000003,286764.36716396466,60.04328749999999,-80940.72548603528,True
2637,243.17,72.951,243.17,118840.9350000003,286691.41616396466,60.08055416666666,-81181.8169985353,True
2638,227.67,68.30099999999999,227.67,118909.23600000031,286623.1151639646,60.095208333333325,-81279.75025270198,True
2639,232.44,69.732,232.44,118978.96800000031,286553.3831639646,60.112904166666674,-81397.7032402021,True
2640,238.82,71.646,238.82,119050.6140000003,286481.73716396466,60.1215625,-81462.22533603536,True
2641,214.61,64.383,214.61,119114.99700000031,286417.3541639646,60.12859166666666,-81509.49824436865,True
2642,236.05,70.815,236.05,119185.81200000031,286346.5391639646,60.125991666666664,-81504.27785270201,True
2643,236.99,71.097,236.99,119256.9090000003,286275.4421639646,60.13087083333333,-81545.09472353535,True
2644,233.28,69.984,233.28,119326.8930000003,286205.4581639647,60.12983333333333,-81548.60250270198,True
2645,209.52,62.856,209.52,119389.7490000003,286142.60216396465,60.127716666666664,-81538.38525270199,True
2646,192.85,57.855,192.85,119447.6040000003,286084.74716396467,60.123025,-81507.42768603534,True
2647,232.32,69.696,232.32,119517.3000000003,286015.0511639647,60.1517875,-81692.82582353533,True
2648,209.67,62.901,209.67,119580.20100000029,285952.15016396466,60.1809375,-81873.73983603535,True
2649,176.64,52.992,176.64,119633.19300000029,285899.15816396463,60.17792083333334,-81848.11604853539,True
2650,234.7,70.41,234.7,119703.6030000003,285828.74816396466,60.2033,-82013.41483603534,True
2651,225.7,67.71,225.7,119771.3130000003,285761.03816396464,60.196250000000006,-81977.85308603541,True
2652,183.62,55.086,183.62,119826.3990000003,285705.9521639646,60.20909583333333,-82051.20518603537,True
2653,198.31,59.493,198.31,119885.8920000003,285646.45916396467,60.22390416666667,-82140.9235818687,True
2654,180.62,54.186,180.62,119940.0780000003,285592.2731639646,60.22317916666667,-82130.45882770204,True
2655,226.58,67.974,226.58,120008.0520000003,285524.29916396464,60.25984166666666,-82362.0342110353,True
2656,194.2,58.25999999999999,194.2,120066.3120000003,285466.0391639647,60.26915,-82416.85243603535,True
2657,196.55,58.965,196.55,120125.2770000003,285407.07416396466,60.281087500000005,-82488.40284853539,True
2658,200.33,60.099,200.33,120185.3760000003,285346.9751639647,60.290812499999994,-82547.56271103531,True
2659,221.97,66.591,221.97,120251.9670000003,285280.38416396466,60.30869166666666,-82662.94369436865,True
2660,205.79,61.737,205.79,120313.70400000029,285218.6471639647,60.3195,-82730.30283603532,True
2661,236.03,70.809,236.03,120384.51300000028,285147.8381639647,60.342979166666666,-82883.99177353532,True
2662,220.43,66.129,220.43,120450.64200000028,285081.70916396467,60.363466666666675,-83014.71056936873,True
2663,231.31,69.393,231.31,120520.03500000028,285012.3161639647,60.38692916666667,-83166.79096520197,True
2664,227.76,68.32799999999999,227.76,120588.36300000027,284943.9881639647,60.403662499999996,-83276.73843603529,True
2665,243.22,72.966,243.22,120661.32900000027,284871.0221639647,60.40673749999999,-83308.04289853526,True
2666,248.44,74.532,248.44,120735.86100000028,284796.4901639647,60.43800833333333,-83512.73261936865,True
2667,225.66,67.698,225.66,120803.55900000028,284728.79216396465,60.432854166666665,-83488.58827353537,True
2668,193.93,58.179,193.93,120861.73800000029,284670.61316396465,60.382458333333325,-83179.32300270197,True
2669,257.8,77.34,257.8,120939.07800000029,284593.2731639647,60.424345833333334,-83451.41730686865,True
2670,195.47,58.641,195.47,120997.71900000029,284534.6321639647,60.4342,-83509.64583603531,True
2671,165.06,49.518,165.06,121047.23700000028,284485.11416396464,60.43455833333334,-83500.91152770206,True
2672,222.86,66.858,222.86,121114.09500000028,284418.2561639647,60.45601666666667,-83637.97330270201,True
2673,210.06,63.018,210.06,121177.11300000027,284355.2381639647,60.472470833333325,-83740.69179853523,True
2674,204.71,61.413,204.71,121238.52600000027,284293.82516396465,60.493116666666666,-83867.28286936868,True
2675,191.8,57.54,191.8,121296.06600000027,284236.28516396467,60.498099999999994,-83894.65333603532,True
2676,171.31,51.393,171.31,121347.45900000026,284184.8921639647,60.501820833333326,-83908.18578603526,True
2677,198.67,59.60099999999999,198.67,121407.06000000026,284125.29116396466,60.517670833333334,-84003.70051520201,True
2678,198.42,59.526,198.42,121466.58600000026,284065.7651639647,60.523112499999996,-84035.80506103527,True
2679,224.94,67.482,224.94,121534.06800000026,283998.2831639647,60.543625000000006,-84167.50046103535,True
2680,188.7,56.60999999999999,188.7,121590.67800000026,283941.6731639647,60.55898333333334,-84256.94550270197,True
2681,202.5,60.75,202.5,121651.42800000026,283880.9231639647,60.57189583333333,-84335.63160686858,True
2682,255.38,76.61399999999999,255.38,121728.04200000026,283804.3091639647,60.60030833333334,-84524.36488603533,True
2683,184.99,55.497,184.99,121783.53900000027,283748.81216396467,60.58505416666666,-84426.5620068686,True
2684,229.99,68.997,229.99,121852.53600000027,283679.8151639647,60.591208333333334,-84472.36666936864,True
2685,185.31,55.593,185.31,121908.12900000026,283624.2221639647,60.59985833333334,-84519.91721103532,True
2686,272.08,81.624,272.08,121989.75300000026,283542.5981639647,60.64008333333334,-84785.26800270198,True
2687,285.05,85.515,285.05,122075.26800000026,283457.0831639647,60.68815416666666,-85102.07709020196,True
2688,223.45,67.035,223.45,122142.30300000026,283390.0481639647,60.70232083333334,-85194.44393603533,True
2689,246.33,73.899,246.33,122216.20200000027,283316.14916396467,60.7337125,-85398.21942353534,True
2690,205.49,61.647,205.49,122277.84900000026,283254.5021639647,60.74527916666667,-85469.342377702,True
2691,244.5,73.35,244.5,122351.19900000027,283181.1521639647,60.76225416666667,-85584.96837353532,True
2692,207.15,62.145,207.15,122413.34400000027,283119.0071639647,60.778883333333326,-85687.25690270192,True
2693,238.18,71.454,238.18,122484.79800000027,283047.55316396465,60.799391666666665,-85822.35607770202,True
2694,185.92,55.776,185.92,122540.57400000027,282991.7771639647,60.76354583333334,-85599.89186103531,True
2695,222.64,66.79199999999999,222.64,122607.36600000027,282924.9851639647,60.7741625,-85670.31039853534,True
2696,208.99,62.697,208.99,122670.06300000027,282862.2881639647,60.774462500000006,-85674.05243603536,True
2697,215.87,64.761,215.87,122734.82400000027,282797.5271639647,60.78705416666667,-85754.38224853534,True
2698,212.72,63.816,212.72,122798.64000000028,282733.7111639647,60.81046666666667,-85899.33776936866,True
2699,210.99,63.297,210.99,122861.93700000028,282670.4141639647,60.836779166666666,-86061.30436520197,True
2700,184.28,55.284,184.28,122917.22100000028,282615.1301639647,60.84463749999999,-86103.37308603525,True
2701,226.58,67.974,226.58,122985.19500000028,282547.15616396465,60.87039166666667,-86266.54694436869,True
2702,193.54,58.062,193.54,123043.25700000029,282489.0941639647,60.891579166666666,-86392.09242770198,True
2703,195.15,58.545,195.15,123101.80200000029,282430.5491639647,60.892091666666666,-86392.85006103531,True
2704,249.72,74.916,249.72,123176.71800000028,282355.63316396467,60.92080833333334,-86580.78210270207,True
2705,218.21,65.463,218.21,123242.18100000029,282290.1701639647,60.94232499999999,-86715.60771103523,True
2706,225.82,67.746,225.82,123309.92700000029,282222.4241639647,60.93929583333333,-86704.07281103532,True
2707,227.53,68.259,227.53,123378.18600000029,282154.1651639647,60.923545833333336,-86616.05776520201,True
2708,223.98,67.19399999999999,223.98,123445.3800000003,282086.97116396466,60.9473,-86766.08843603532,True
2709,214.87,64.461,214.87,123509.84100000029,282022.51016396465,60.95759583333334,-86831.9022235354,True
2710,216.95,65.085,216.95,123574.9260000003,281957.4251639646,60.97669583333333,-86951.58462770202,True
2711,183.22,54.966,183.22,123629.8920000003,281902.45916396467,60.98314583333333,-86984.58998186863,True
2712,213.09,63.927,213.09,123693.8190000003,281838.53216396464,60.98544583333332,-87001.44423603528,True
2713,197.58,59.274,197.58,123753.0930000003,281779.25816396467,60.998825000000004,-87080.63661103533,True
2714,297.34,89.20199999999998,297.34,123842.2950000003,281690.0561639647,61.027629166666664,-87282.98977770197,True
2715,214.57,64.371,214.57,123906.6660000003,281625.68516396463,61.044574999999995,-87388.77071103535,True
2716,222.19,66.657,222.19,123973.32300000031,281559.0281639646,61.042962499999994,-87384.63718603534,True
2717,236.85,71.05499999999999,236.85,124044.3780000003,281487.97316396463,61.066025,-87534.01591103541,True
2718,208.21,62.463,208.21,124106.8410000003,281425.51016396465,61.08073333333334,-87624.28063603543,True
2719,215.94,64.782,215.94,124171.62300000031,281360.72816396464,61.098591666666664,-87735.8640943687,True
2720,205.84,61.752,205.84,124233.3750000003,281298.97616396466,61.09096666666667,-87690.46250270202,True
2721,256.3,76.89,256.3,124310.2650000003,281222.08616396465,61.10590416666666,-87796.46909853531,True
2722,240.32,72.09599999999999,240.32,124382.36100000031,281149.9901639646,61.144675,-88041.5574860354,True
2723,214.84,64.452,214.84,124446.81300000031,281085.53816396464,61.15361666666666,-88098.84565270197,True
2724,213.62,64.086,213.62,124510.89900000031,281021.4521639646,61.167925,-88188.14313603536,True
2725,209.47,62.841,209.47,124573.74000000031,280958.6111639646,61.190041666666666,-88323.2902943687,True
2726,231.59,69.477,231.59,124643.21700000031,280889.13416396466,61.2181625,-88501.25836103532,True
2727,184.52,55.356,184.52,124698.57300000031,280833.7781639646,61.22558333333333,-88540.16608603537,True
2728,209.62,62.886,209.62,124761.45900000031,280770.8921639646,61.24731666666666,-88672.9219693687,True
2729,276.53,82.95899999999999,276.53,124844.41800000031,280687.93316396466,61.29582083333334,-88987.16228186869,True
2730,210.75,63.225,210.75,124907.64300000032,280624.7081639646,61.29317499999999,-88973.13708603533,True
2731,219.89,65.967,219.89,124973.61000000032,280558.7411639646,61.31060416666667,-89082.89135686873,True
2732,231.78,69.53399999999999,231.78,125043.14400000032,280489.20716396463,61.330375000000004,-89210.29333603539,True
2733,221.4,66.42,221.4,125109.56400000032,280422.78716396465,61.34894166666666,-89327.28426103533,True
2734,248.35,74.505,248.35,125184.06900000032,280348.28216396464,61.38367916666666,-89549.76849436865,True
2735,236.9,71.07,236.9,125255.13900000033,280277.21216396464,61.403187499999994,-89676.99252353533,True
2736,242.59,72.777,242.59,125327.91600000033,280204.43516396463,61.421216666666666,-89796.97403603536,True
2737,210.6,63.17999999999999,210.6,125391.09600000033,280141.25516396464,61.41474166666667,-89759.73389436875,True
2738,196.42,58.926,196.42,125450.02200000033,280082.3291639646,61.42385416666666,-89812.12062770198,True
2739,226.68,68.004,226.68,125518.02600000033,280014.32516396465,61.4496,-89973.71643603535,True
2740,200.54,60.16199999999999,200.54,125578.18800000033,279954.16316396464,61.42216249999999,-89807.2550860353,True
2741,215.07,64.521,215.07,125642.70900000032,279889.6421639646,61.42321249999999,-89816.6738735353,True
2742,239.63,71.889,239.63,125714.59800000032,279817.7531639646,61.389087499999995,-89621.77541103534,True
2743,224.74,67.422,224.74,125782.02000000032,279750.33116396464,61.416933333333326,-89795.356702702,True
2744,198.97,59.691,198.97,125841.71100000033,279690.6401639646,61.405045833333325,-89722.1155693687,True
2745,238.2,71.46,238.2,125913.17100000034,279619.18016396463,61.42641666666666,-89860.71608603536,True
2746,217.04,65.112,217.04,125978.28300000033,279554.0681639646,61.450291666666665,-90007.98591936874,True
2747,250.29,75.08699999999999,250.29,126053.37000000033,279478.9811639646,61.46962499999999,-90137.87396103534,True
2748,374.88,112.464,374.88,126165.83400000034,279366.5171639646,61.55134583333333,-90680.17398603534,True
2749,237.39,71.217,237.39,126237.05100000034,279295.3001639646,61.582566666666665,-90877.50806936872,True
2750,199.74,59.922,199.74,126296.97300000035,279235.3781639646,61.60469166666666,-91008.81875270203,True
2751,198.9,59.67,198.9,126356.64300000035,279175.7081639646,61.59727916666667,-90962.34234853537,True
2752,218.03,65.40899999999999,218.03,126422.05200000035,279110.2991639646,61.6234875,-91123.61373603542,True
2753,223.08,66.924,223.08,126488.97600000034,279043.3751639646,61.64868333333333,-91280.26561936876,True
2754,192.36,57.708,192.36,126546.68400000034,278985.6671639646,61.65774583333334,-91330.75431103545,True
2755,213.35,64.005,213.35,126610.68900000035,278921.6621639646,61.66753333333333,-91391.87550270208,True
2756,257.24,77.172,257.24,126687.86100000035,278844.49016396457,61.7027375,-91618.74578603543,True
2757,209.75,62.925,209.75,126750.78600000036,278781.5651639646,61.71875,-91716.09108603542,True
2758,228.32,68.496,228.32,126819.28200000036,278713.0691639646,61.7284875,-91781.31281103543,True
2759,223.48,67.044,223.48,126886.32600000035,278646.0251639646,61.74305833333334,-91874.06789436878,True
2760,195.89,58.767,195.89,126945.09300000036,278587.2581639646,61.74926666666667,-91908.34183603543,True
2761,288.58,86.574,288.58,127031.66700000035,278500.6841639646,61.801837500000005,-92248.53899853543,True
2762,207.93,62.379,207.93,127094.04600000035,278438.30516396463,61.811474999999994,-92306.92188603536,True
2763,188.73,56.61899999999999,188.73,127150.66500000036,278381.68616396456,61.8068875,-92274.21817353542,True
2764,218.6,65.58,218.6,127216.24500000036,278316.1061639646,61.79550416666667,-92209.73681936873,True
2765,208.23,62.469,208.23,127278.71400000036,278253.63716396457,61.78595833333333,-92153.18304436875,True
2766,269.3,80.79,269.3,127359.50400000035,278172.8471639646,61.8341125,-92460.82316103543,True
2767,206.96,62.088,206.96,127421.59200000035,278110.7591639646,61.85328333333332,-92575.96785270202,True
2768,203.35,61.005,203.35,127482.59700000036,278049.7541639646,61.86994583333334,-92674.96126936877,True
2769,178.76,53.62799999999999,178.76,127536.22500000036,277996.1261639646,61.868541666666665,-92658.30696103536,True
2770,215.81,64.743,215.81,127600.96800000036,277931.3831639646,61.890950000000004,-92795.4073360354,True
2771,204.79,61.437,204.79,127662.40500000036,277869.9461639646,61.905924999999996,-92884.6386610354,True
2772,230.44,69.13199999999999,230.44,127731.53700000036,277800.8141639646,61.93219166666667,-93049.14953603543,True
2773,214.42,64.326,214.42,127795.86300000036,277736.4881639646,61.95227083333332,-93171.75731520203,True
2774,206.82,62.04599999999999,206.82,127857.90900000036,277674.4421639646,61.9638625,-93241.23876103538,True
2775,204.05,61.215,204.05,127919.12400000036,277613.2271639646,61.97572916666666,-93311.51189853536,True
2776,186.49,55.947,186.49,127975.07100000036,277557.2801639646,61.977058333333325,-93313.43690270203,True
2777,303.49,91.047,303.49,128066.11800000037,277466.2331639646,62.02308749999999,-93617.89934853534,True
2778,212.43,63.729,212.43,128129.84700000037,277402.5041639646,62.03105416666667,-93667.26186103543,True
2779,227.81,68.343,227.81,128198.19000000037,277334.1611639646,62.041304166666656,-93734.87905686867,True
2780,186.47,55.941,186.47,128254.13100000037,277278.22016396455,62.04205416666667,-93733.2637527021,True
2781,271.65,81.49499999999999,271.65,128335.62600000037,277196.72516396455,62.08731666666666,-94023.34118603542,True
2782,202.05,60.615,202.05,128396.24100000037,277136.11016396456,62.10283750000001,-94114.6524110355,True
2783,184.88,55.464,184.88,128451.70500000038,277080.6461639646,62.08185833333334,-93982.62109436875,True
2784,235.57,70.67099999999999,235.57,128522.37600000038,277009.97516396455,62.07780833333333,-93967.00743603543,True
2785,294.3,88.29,294.3,128610.66600000038,276921.6851639646,62.121404166666665,-94253.70473186875,True
2786,199.65,59.895,199.65,128670.56100000038,276861.79016396456,62.13017083333334,-94303.85039436881,True
2787,201.54,60.462,201.54,128731.02300000038,276801.32816396456,62.0900625,-94062.61514853546,True
2788,258.2,77.46,258.2,128808.48300000039,276723.8681639646,62.1288125,-94309.40008603543,True
2789,227.46,68.238,227.46,128876.72100000038,276655.6301639646,62.15464166666666,-94469.73522770207,True
2790,192.07,57.621,192.07,128934.34200000038,276598.00916396454,62.14058333333333,-94381.27333603543,True
2791,299.08,89.72399999999999,299.08,129024.06600000038,276508.28516396455,62.187445833333335,-94688.57901520212,True
2792,272.53,81.75899999999999,272.53,129105.82500000039,276426.52616396453,62.227687499999995,-94948.31283603545,True
2793,254.83,76.449,254.83,129182.27400000038,276350.07716396457,62.257470833333336,-95140.25129853544,True
2794,283.0,84.89999999999999,283.0,129267.17400000038,276265.1771639646,62.30912083333334,-95471.03772770212,True
2795,303.07,90.921,303.07,129358.09500000038,276174.2561639646,62.34117916666667,-95690.87756520213,True
2796,200.55,60.165,200.55,129418.26000000037,276114.0911639646,62.35364166666666,-95763.02773603535,True
2797,233.93,70.179,233.93,129488.43900000038,276043.9121639646,62.38006666666667,-95928.42536936875,True
2798,190.56,57.168,190.56,129545.60700000038,275986.7441639646,62.3820125,-95934.81436103542,True
2799,219.52,65.856,219.52,129611.46300000038,275920.88816396456,62.393945833333326,-96009.42294853542,True
2800,206.99,62.097,206.99,129673.56000000038,275858.79116396455,62.41072916666666,-96109.15466936876,True
2801,229.94,68.982,229.94,129742.54200000038,275789.8091639646,62.4333625,-96250.59797353542,True
2802,223.54,67.062,223.54,129809.60400000038,275722.74716396455,62.43640416666667,-96273.34886103548,True
2803,216.04,64.812,216.04,129874.41600000039,275657.9351639646,62.435925000000005,-96272.87006103544,True
2804,268.45,80.535,268.45,129954.9510000004,275577.40016396454,62.46917083333334,-96488.98131936882,True
2805,266.32,79.896,266.32,130034.84700000039,275497.50416396454,62.50743333333333,-96734.26133603544,True
2806,198.87,59.661,198.87,130094.50800000038,275437.8431639646,62.517266666666664,-96789.96256936877,True
2807,258.96,77.68799999999999,258.96,130172.19600000037,275360.1551639646,62.53417083333333,-96905.7638068687,True
2808,280.66,84.19800000000001,280.66,130256.39400000038,275275.9571639646,62.563970833333336,-97104.79723603546,True
2809,244.53,73.359,244.53,130329.75300000038,275202.5981639646,62.589524999999995,-97267.6651110354,True
2810,215.38,64.61399999999999,215.38,130394.36700000038,275137.9841639646,62.603766666666665,-97354.4275027021,True
2811,221.89,66.567,221.89,130460.93400000037,275071.4171639646,62.620470833333336,-97457.76382353541,True
2812,212.97,63.891,212.97,130524.82500000038,275007.5261639646,62.63924999999999,-97570.73283603537,True
2813,260.52,78.15599999999999,260.52,130602.98100000038,274929.3701639646,62.680887500000004,-97833.86779853544,True
2814,250.66,75.198,250.66,130678.17900000038,274854.1721639646,62.720970833333325,-98084.72041103535,True
2815,295.95,88.785,295.95,130766.96400000039,274765.38716396457,62.76125833333333,-98350.2936277021,True
2816,210.18,63.054,210.18,130830.01800000039,274702.33316396456,62.78128749999999,-98469.63973603537,True
2817,197.15,59.145,197.15,130889.1630000004,274643.18816396454,62.787354166666674,-98502.05764853553,True
2818,178.93,53.679,178.93,130942.8420000004,274589.50916396454,62.79337916666667,-98528.74984436878,True
2819,217.3,65.19,217.3,131008.0320000004,274524.31916396454,62.811299999999996,-98637.61413603544,True
2820,200.71,60.213,200.71,131068.2450000004,274464.10616396455,62.81304583333333,-98645.3860860354,True
2821,285.7,85.71,285.7,131153.9550000004,274378.3961639645,62.85251249999999,-98902.67557353538,True
2822,194.9,58.47,194.9,131212.4250000004,274319.92616396456,62.85667916666666,-98923.03472770209,True
2823,294.24,88.272,294.24,131300.6970000004,274231.65416396456,62.91132916666667,-99272.90709853545,True
2824,174.17,52.251,174.17,131352.94800000038,274179.40316396457,62.897924999999994,-99182.6796360354,True
2825,186.69,56.007,186.69,131408.9550000004,274123.3961639645,62.90704583333334,-99229.92085686885,True
2826,178.16,53.448,178.16,131462.4030000004,274069.94816396455,62.91265,-99253.71693603543,True
2827,209.51,62.853,209.51,131525.2560000004,274007.09516396455,62.92586666666667,-99332.07176936883,True
2828,233.65,70.095,233.65,131595.3510000004,273937.0001639646,62.94580416666667,-99457.5101527021,True
2829,192.93,57.879,192.93,131653.2300000004,273879.12116396456,62.93931666666666,-99413.96598603541,True
2830,330.18,99.054,330.18,131752.2840000004,273780.06716396456,62.99787083333333,-99797.30687770207,True
2831,204.47,61.341,204.47,131813.62500000038,273718.7261639646,62.976887500000004,-99671.23982353543,True
2832,229.65,68.895,229.65,131882.52000000037,273649.8311639646,62.992808333333336,-99771.53663603542,True
2833,210.8,63.24,210.8,131945.76000000036,273586.5911639646,63.00024166666667,-99815.84119436872,True
2834,227.66,68.298,227.66,132014.05800000037,273518.2931639646,63.00918333333333,-99874.12726936874,True
2835,232.01,69.603,232.01,132083.66100000037,273448.6901639646,63.0208625,-99949.9201485354,True
2836,224.08,67.224,224.08,132150.88500000036,273381.4661639646,63.03518333333333,-100038.95990270207,True
2837,228.98,68.69399999999999,228.98,132219.57900000035,273312.7721639646,63.0528,-100148.96223603538,True
2838,212.04,63.612,212.04,132283.19100000034,273249.1601639646,63.07215833333333,-100264.16148603533,True
2839,237.55,71.265,237.55,132354.45600000035,273177.8951639646,63.095816666666664,-100412.43531936873,True
2840,217.07,65.121,217.07,132419.57700000037,273112.77416396455,63.11822083333333,-100547.09316936875,True
2841,229.4,68.82,229.4,132488.39700000038,273043.9541639646,63.14049166666666,-100684.6160110354,True
2842,206.71,62.013,206.71,132550.41000000038,272981.94116396457,63.132974999999995,-100639.0048860354,True
2843,239.17,71.75099999999999,239.17,132622.16100000037,272910.1901639646,63.15858333333333,-100799.14741936873,True
2844,211.99,63.597,211.99,132685.75800000038,272846.5931639646,63.176504166666675,-100905.60548603546,True
2845,203.63,61.089,203.63,132746.8470000004,272785.50416396454,63.160679166666675,-100809.91310686886,True
2846,239.66,71.898,239.66,132818.74500000037,272713.6061639646,63.19114583333332,-100998.83029436867,True
2847,217.98,65.39399999999999,217.98,132884.13900000037,272648.2121639646,63.20912083333333,-101107.31932353543,True
2848,177.07,53.121,177.07,132937.2600000004,272595.0911639646,63.17522083333332,-100896.81440270197,True
2849,193.66,58.098,193.66,132995.3580000004,272536.9931639646,63.18994583333333,-100978.77665686875,True
2850,233.81,70.143,233.81,133065.5010000004,272466.85016396455,63.2104,-101106.61383603542,True
2851,209.85,62.955,209.85,133128.45600000038,272403.8951639646,63.21790416666666,-101150.70055686875,True
2852,197.63,59.289,197.63,133187.74500000037,272344.6061639646,63.21255833333333,-101115.18846936867,True
2853,222.81,66.843,222.81,133254.58800000037,272277.7631639646,63.218645833333326,-101154.77777353534,True
2854,240.88,72.264,240.88,133326.85200000036,272205.4991639646,63.22985416666667,-101230.01954436878,True
2855,189.47,56.841,189.47,133383.69300000035,272148.65816396463,63.21964583333333,-101163.35048186866,True
2856,261.04,78.312,261.04,133462.00500000035,272070.3461639646,63.2453375,-101330.12643603538,True
2857,277.96,83.38799999999999,277.96,133545.39300000036,271986.95816396456,63.289249999999996,-101609.48458603543,True
2858,217.41,65.223,217.41,133610.61600000036,271921.73516396456,63.309995833333325,-101733.86024436873,True
2859,302.3,90.69,302.3,133701.30600000036,271831.0451639646,63.357387499999994,-102040.89847353537,True
2860,343.9,103.17,343.9,133804.47600000037,271727.8751639646,63.42182083333333,-102460.86775270203,True
2861,209.9,62.97,209.9,133867.44600000037,271664.9051639646,63.43485,-102537.27498603537,True
2862,310.39,93.117,310.39,133960.56300000037,271571.7881639646,63.49869583333332,-102943.51986103534,True
2863,322.44,96.732,322.44,134057.29500000036,271475.05616396456,63.55739583333333,-103322.90706520207,True
2864,202.02,60.606,202.02,134117.90100000036,271414.4501639646,63.54009166666667,-103217.93030270207,True
2865,227.74,68.322,227.74,134186.22300000035,271346.1281639646,63.565075,-103369.98896103539,True
2866,207.25,62.175,207.25,134248.39800000034,271283.9531639646,63.577304166666664,-103440.6775943687,True
2867,222.04,66.612,222.04,134315.01000000033,271217.3411639646,63.565016666666665,-103371.30205270206,True
2868,206.7,62.00999999999999,206.7,134377.02000000034,271155.3311639646,63.568379166666666,-103389.5588860354,True
2869,261.99,78.597,261.99,134455.61700000035,271076.73416396463,63.603875,-103613.69346103538,True
2870,293.96,88.18799999999999,293.96,134543.80500000034,270988.5461639646,63.6602625,-103970.39996103541,True
2871,261.05,78.315,261.05,134622.12000000034,270910.2311639646,63.6973,-104203.1685360354,True
2872,235.49,70.647,235.49,134692.76700000034,270839.5841639646,63.696200000000005,-104203.6414360354,True
2873,264.51,79.353,264.51,134772.12000000034,270760.2311639646,63.73078749999999,-104422.91484853532,True
2874,216.55,64.965,216.55,134837.08500000034,270695.26616396464,63.74720416666667,-104520.77756103536,True
2875,287.62,86.286,287.62,134923.37100000033,270608.9801639646,63.7751125,-104707.5568985354,True
2876,225.74,67.722,225.74,134991.09300000034,270541.2581639646,63.79040416666667,-104801.47995270207,True
2877,217.33,65.199,217.33,135056.29200000034,270476.0591639646,63.80751666666667,-104903.56138603546,True
2878,214.42,64.326,214.42,135120.61800000034,270411.7331639646,63.791599999999995,-104810.45803603542,True
2879,244.78,73.434,244.78,135194.05200000035,270338.2991639646,63.817612499999996,-104973.07994853542,True
2880,280.01,84.003,280.01,135278.05500000034,270254.2961639646,63.84650833333334,-105163.17283603543,True
2881,274.46,82.338,274.46,135360.39300000033,270171.9581639646,63.878175,-105367.83266103535,True
2882,190.07,57.021,190.07,135417.41400000034,270114.9371639646,63.88699583333333,-105412.82434436871,True
2883,246.2,73.86,246.2,135491.27400000033,270041.0771639646,63.91435416666666,-105583.58227353537,True
2884,208.67,62.60099999999999,208.67,135553.87500000032,269978.4761639646,63.932070833333334,-105686.37205270206,True
2885,309.68,92.904,309.68,135646.77900000033,269885.5721639646,63.96813333333333,-105927.2111693687,True
2886,193.59,58.077,193.59,135704.85600000032,269827.49516396463,63.987995833333336,-106037.99236103537,True
2887,188.64,56.59199999999999,188.64,135761.44800000032,269770.9031639646,63.98616249999999,-106019.8291985353,True
2888,253.45,76.035,253.45,135837.48300000033,269694.8681639646,64.01957916666667,-106228.10070270213,True
2889,204.98,61.49399999999999,204.98,135898.97700000033,269633.37416396465,64.02895416666667,-106280.61574853532,True
2890,210.84,63.252,210.84,135962.22900000034,269570.1221639646,64.04514583333334,-106374.88387770206,True
2891,202.93,60.879,202.93,136023.10800000033,269509.2431639646,64.03742083333333,-106326.37970686873,True
2892,192.32,57.696,192.32,136080.80400000032,269451.5471639646,64.01807916666667,-106206.54138603539,True
2893,247.29,74.187,247.29,136154.99100000033,269377.3601639646,64.04041249999999,-106347.7399735353,True
2894,205.8,61.74,205.8,136216.73100000032,269315.62016396463,64.0522125,-106414.65836103534,True
2895,217.43,65.229,217.43,136281.9600000003,269250.39116396464,64.07698333333333,-106561.11608603533,True
2896,202.19,60.657,202.19,136342.61700000032,269189.73416396463,64.0736875,-106538.3693360354,True
2897,212.3,63.69,212.3,136406.30700000032,269126.04416396463,64.09224583333334,-106646.79315686872,True
2898,226.07,67.821,226.07,136474.12800000032,269058.22316396463,64.12199583333333,-106824.91641103534,True
2899,236.38,70.914,236.38,136545.0420000003,268987.30916396464,64.1357625,-106912.39484853536,True
2900,252.57,75.771,252.57,136620.81300000031,268911.53816396464,64.1612,-107073.09383603535,True
2901,294.86,88.458,294.86,136709.27100000033,268823.08016396465,64.19001666666666,-107266.22748603532,True
2902,303.85,91.155,303.85,136800.42600000033,268731.9251639646,64.2294875,-107524.4126110354,True
2903,217.59,65.277,217.59,136865.70300000033,268666.6481639646,64.2384625,-107578.02669853537,True
2904,360.53,108.159,360.53,136973.86200000034,268558.48916396464,64.29899999999999,-107976.45483603532,True
2905,216.98,65.094,216.98,137038.95600000035,268493.3951639646,64.3118125,-108052.26702353539,True
2906,235.47,70.64099999999999,235.47,137109.59700000036,268422.7541639646,64.32492500000001,-108135.35678603547,True
2907,248.24,74.472,248.24,137184.06900000037,268348.2821639646,64.34659166666665,-108272.31886103534,True
2908,248.12,74.43599999999999,248.12,137258.50500000035,268273.8461639646,64.38090416666667,-108483.20501936873,True
2909,242.0,72.6,242.0,137331.10500000036,268201.2461639646,64.39146666666667,-108553.2253027021,True
2910,233.09,69.92699999999999,233.09,137401.03200000036,268131.3191639646,64.40770833333333,-108653.7745860354,True
2911,192.91,57.873,192.91,137458.90500000035,268073.4461639646,64.39791666666666,-108589.96841936873,True
2912,227.2,68.16,227.2,137527.06500000035,268005.2861639646,64.41797916666665,-108711.05600270198,True
2913,321.1,96.33,321.1,137623.39500000034,267908.9561639646,64.46899583333332,-109041.26247353537,True
2914,196.31,58.893,196.31,137682.28800000035,267850.0631639646,64.48919166666667,-109153.75131936878,True
2915,193.23,57.969,193.23,137740.25700000036,267792.0941639646,64.4806375,-109097.23202353535,True
2916,185.57,55.671,185.57,137795.92800000036,267736.4231639646,64.48239583333334,-109098.69808603544,True
2917,170.87,51.261,170.87,137847.18900000036,267685.1621639646,64.48355000000001,-109092.22048603545,True
2918,224.42,67.326,224.42,137914.51500000036,267617.8361639646,64.50200416666667,-109202.87217770208,True
2919,223.23,66.969,223.23,137981.48400000038,267550.86716396455,64.51148333333333,-109260.70698603545,True
2920,211.8,63.54,211.8,138045.02400000038,267487.32716396457,64.512625,-109266.40283603541,True
2921,258.63,77.589,258.63,138122.6130000004,267409.7381639646,64.553175,-109516.25066103536,True
2922,250.87,75.261,250.87,138197.8740000004,267334.47716396453,64.57750833333333,-109669.01648603543,True
2923,263.57,79.071,263.57,138276.94500000039,267255.40616396454,64.613475,-109893.44741103542,True
2924,246.65,73.995,246.65,138350.94000000038,267181.41116396454,64.63509166666667,-110028.9838027021,True
2925,216.9,65.07,216.9,138416.0100000004,267116.3411639646,64.63174583333333,-110009.89577353536,True
2926,214.86,64.458,214.86,138480.4680000004,267051.88316396455,64.64425,-110082.67133603542,True
2927,233.05,69.915,233.05,138550.3830000004,266981.9681639646,64.67006666666666,-110238.53070270206,True
2928,258.61,77.583,258.61,138627.96600000042,266904.3851639645,64.70217083333334,-110438.67513603554,True
2929,228.48,68.544,228.48,138696.51000000042,266835.84116396453,64.71504999999999,-110517.61538603541,True
2930,243.09,72.92699999999999,243.09,138769.4370000004,266762.91416396457,64.74320833333333,-110689.99041936873,True
2931,293.71,88.11299999999999,293.71,138857.55000000042,266674.80116396456,64.77675833333333,-110908.92316103546,True
2932,223.46,67.038,223.46,138924.58800000043,266607.7631639645,64.78642916666666,-110967.5460193688,True
2933,223.06,66.91799999999999,223.06,138991.50600000043,266540.84516396455,64.80430000000001,-111073.81093603553,True
2934,286.91,86.07300000000001,286.91,139077.57900000043,266454.7721639645,64.84622916666666,-111339.35896103544,True
2935,257.79,77.337,257.79,139154.91600000043,266377.4351639645,64.87800833333333,-111536.96337770211,True
2936,241.98,72.594,241.98,139227.51000000045,266304.8411639645,64.9004875,-111675.59803603549,True
2937,237.21,71.163,237.21,139298.67300000045,266233.67816396453,64.92273333333333,-111811.39803603542,True
2938,238.54,71.562,238.54,139370.23500000045,266162.1161639645,64.94420416666668,-111943.04049436894,True
2939,226.96,68.088,226.96,139438.32300000044,266094.0281639645,64.94697916666667,-111962.33756520215,True
2940,215.6,64.67999999999999,215.6,139503.00300000043,266029.3481639645,64.96536666666667,-112069.08583603549,True
2941,201.82,60.54599999999999,201.82,139563.54900000044,265968.8021639645,64.9525,-111989.79533603549,True
2942,196.19,58.857,196.19,139622.40600000042,265909.9451639645,64.92519166666666,-111824.81995270209,True
2943,242.42,72.726,242.42,139695.13200000042,265837.2191639645,64.94524583333333,-111949.27584853547,True
2944,194.31,58.293,194.31,139753.42500000042,265778.92616396456,64.94887916666667,-111963.75506936881,True
2945,199.62,59.886,199.62,139813.31100000042,265719.0401639645,64.9577875,-112010.49414853548,True
2946,205.6,61.67999999999999,205.6,139874.99100000042,265657.36016396456,64.96715416666666,-112061.6741610354,True
2947,209.44,62.832,209.44,139937.8230000004,265594.5281639645,64.97564583333333,-112108.90106520214,True
2948,246.22,73.866,246.22,140011.68900000042,265520.66216396453,65.0087375,-112310.12018603546,True
2949,336.35,100.905,336.35,140112.59400000042,265419.75716396456,65.07745,-112745.30478603544,True
2950,320.65,96.195,320.65,140208.78900000043,265323.5621639645,65.1289,-113075.34683603549,True
2951,195.35,58.605,195.35,140267.39400000044,265264.9571639645,65.13061250000001,-113078.77084853558,True
2952,253.72,76.116,253.72,140343.51000000045,265188.8411639645,65.15995,-113260.1484360355,True
2953,269.21,80.76299999999999,269.21,140424.27300000045,265108.0781639645,65.19260833333334,-113465.3984277022,True
2954,261.0,78.3,261.0,140502.57300000044,265029.7781639645,65.22594166666667,-113672.0391527022,True
2955,252.02,75.606,252.02,140578.17900000044,264954.1721639645,65.2479625,-113810.25014853553,True
2956,248.54,74.562,248.54,140652.74100000045,264879.6101639645,65.27202916666667,-113959.24711936887,True
2957,266.08,79.824,266.08,140732.56500000044,264799.78616396454,65.29023333333332,-114079.4378693687,True
2958,234.48,70.344,234.48,140802.90900000045,264729.4421639645,65.31214583333333,-114211.62796103547,True
2959,260.47,78.141,260.47,140881.05000000045,264651.3011639645,65.33629583333332,-114364.5509652021,True
2960,242.04,72.612,242.04,140953.66200000045,264578.6891639645,65.35800416666666,-114497.73500270216,True
2961,219.39,65.817,219.39,141019.47900000046,264512.8721639645,65.35376666666667,-114473.62073603552,True
2962,224.35,67.30499999999999,224.35,141086.78400000045,264445.5671639645,65.35289166666666,-114470.49871936883,True
2963,209.94,62.982,209.94,141149.76600000044,264382.58516396454,65.36460416666667,-114536.02519020211,True
2964,202.68,60.804,202.68,141210.57000000044,264321.78116396454,65.38256666666668,-114635.57523603551,True
2965,228.26,68.478,228.26,141279.04800000045,264253.30316396453,65.3935625,-114702.39152353548,True
2966,205.37,61.611,205.37,141340.65900000045,264191.6921639645,65.3837,-114641.46563603554,True
2967,273.31,81.993,273.31,141422.65200000044,264109.6991639645,65.42659166666665,-114906.54636103543,True
2968,196.71,59.013,196.71,141481.66500000044,264050.6861639645,65.43992916666667,-114977.38356936886,True
2969,209.52,62.856,209.52,141544.52100000044,263987.83016396454,65.44852916666666,-115024.60224020208,True
2970,220.84,66.252,220.84,141610.77300000045,263921.5781639645,65.4462,-115011.91983603552,True
2971,241.49,72.447,241.49,141683.22000000044,263849.1311639645,65.46064166666667,-115102.52344436885,True
2972,236.88,71.064,236.88,141754.28400000045,263778.0671639645,65.44498750000001,-115017.52048603556,True
2973,211.19,63.357,211.19,141817.64100000044,263714.71016396454,65.42135833333333,-114878.69051103544,True
2974,277.37,83.211,277.37,141900.85200000045,263631.49916396453,65.4578,-115107.33163603552,True
2975,208.43,62.529,208.43,141963.38100000046,263568.9701639645,65.46478333333333,-115144.80141936883,True
2976,247.61,74.283,247.61,142037.66400000046,263494.6871639645,65.48737083333333,-115284.26573603548,True
2977,209.38,62.81399999999999,209.38,142100.47800000047,263431.8731639645,65.49029999999999,-115298.53173603548,True
2978,275.54,82.662,275.54,142183.14000000048,263349.2111639645,65.5279125,-115533.17891103553,True
2979,223.98,67.19399999999999,223.98,142250.33400000047,263282.01716396445,65.5313875,-115554.93397353549,True
2980,233.78,70.134,233.78,142320.46800000046,263211.8831639645,65.54430416666668,-115634.19491936889,True
2981,202.63,60.789,202.63,142381.25700000045,263151.0941639645,65.54302916666667,-115622.07139020221,True
2982,266.7,80.00999999999999,266.7,142461.26700000046,263071.0841639645,65.57005000000001,-115792.66473603557,True
2983,219.26,65.77799999999999,219.26,142527.04500000045,263005.3061639645,65.56957916666667,-115790.15268186887,True
2984,299.27,89.78099999999999,299.27,142616.82600000044,262915.5251639645,65.62217916666667,-116118.18170270219,True
2985,207.56,62.268,207.56,142679.09400000045,262853.2571639645,65.63414999999999,-116183.95908603544,True
2986,220.67,66.201,220.67,142745.29500000045,262787.0561639645,65.65144583333333,-116284.3920777021,True
2987,227.23,68.169,227.23,142813.46400000044,262718.8871639645,65.6750375,-116423.10432353552,True
2988,222.4,66.72,222.4,142880.18400000044,262652.1671639645,65.68260000000001,-116467.8000360356,True
2989,205.58,61.674,205.58,142941.85800000044,262590.4931639645,65.68762083333333,-116492.76666520216,True
2990,184.41,55.323,184.41,142997.18100000045,262535.1701639645,65.6868,-116477.6658360355,True
2991,207.07,62.121,207.07,143059.30200000046,262473.04916396446,65.69526666666667,-116522.94423603558,True
2992,214.06,64.218,214.06,143123.52000000046,262408.83116396447,65.6988375,-116542.06353603554,True
2993,193.4,58.02,193.4,143181.54000000044,262350.8111639645,65.70675416666667,-116580.0401152022,True
2994,255.03,76.509,255.03,143258.04900000044,262274.3021639645,65.723225,-116685.81318603549,True
2995,298.02,89.40599999999999,298.02,143347.45500000042,262184.8961639645,65.76178333333333,-116931.78475270211,True
2996,240.57,72.17099999999999,240.57,143419.62600000043,262112.72516396453,65.7831875,-117061.56758603544,True
2997,186.49,55.947,186.49,143475.5730000004,262056.77816396454,65.78589583333334,-117067.33952353548,True
2998,238.65,71.595,238.65,143547.1680000004,261985.18316396454,65.762575,-116938.77398603543,True
2999,257.68,77.304,257.68,143624.47200000042,261907.87916396454,65.77525833333333,-117023.38409436878,True
3000,232.19,69.657,232.19,143694.12900000042,261838.22216396453,65.80411666666667,-117193.48983603553,True
3001,223.53,67.059,223.53,143761.18800000043,261771.16316396452,65.81575416666666,-117261.7650818688,True
3002,261.79,78.537,261.79,143839.72500000044,261692.6261639645,65.8241375,-117322.75756103551,True
3003,294.5,88.35,294.5,143928.07500000045,261604.2761639645,65.8369125,-117418.8290985355,True
3004,249.28,74.78399999999999,249.28,144002.85900000046,261529.4921639645,65.85212916666666,-117515.3633193688,True
3005,286.51,85.95299999999999,286.51,144088.81200000047,261443.53916396448,65.85064166666666,-117526.90362770218,True
3006,222.25,66.675,222.25,144155.48700000046,261376.8641639645,65.84012916666667,-117467.23906103554,True
3007,212.73,63.819,212.73,144219.30600000045,261313.0451639645,65.86089583333333,-117584.68856520217,True
3008,190.84,57.252,190.84,144276.55800000046,261255.7931639645,65.86095833333333,-117576.4391693688,True
3009,198.43,59.529,198.43,144336.08700000047,261196.2641639645,65.85187499999999,-117517.86896103545,True
3010,183.5,55.05,183.5,144391.13700000045,261141.2141639645,65.84779166666667,-117483.58791936882,True
3011,237.47,71.241,237.47,144462.37800000046,261069.9731639645,65.8800625,-117674.5061485355,True
3012,206.83,62.049,206.83,144524.42700000046,261007.9241639645,65.89269166666666,-117743.26753603548,True
3013,189.25,56.775,189.25,144581.20200000046,260951.1491639645,65.89207083333334,-117730.5819152022,True
3014,203.39,61.017,203.39,144642.21900000045,260890.1321639645,65.90944583333334,-117825.54359436885,True
3015,210.07,63.021,210.07,144705.24000000046,260827.1111639645,65.92389583333333,-117905.6703985355,True
3016,198.48,59.544,198.48,144764.78400000045,260767.5671639645,65.93710833333333,-117975.18310270214,True
3017,222.89,66.86699999999999,222.89,144831.65100000045,260700.7001639645,65.94612083333334,-118027.87178186889,True
3018,321.28,96.384,321.28,144928.03500000044,260604.3161639645,65.98919166666667,-118305.62238603551,True
3019,216.26,64.878,216.26,144992.91300000044,260539.4381639645,66.00007916666667,-118367.0163318688,True
3020,264.11,79.233,264.11,145072.14600000044,260460.2051639645,66.02366666666667,-118515.64150270217,True
3021,202.16,60.648,202.16,145132.79400000043,260399.55716396452,66.01261666666666,-118446.84988603546,True
3022,218.42,65.526,218.42,145198.32000000044,260334.0311639645,65.98479583333334,-118286.72732770219,True
3023,262.81,78.843,262.81,145277.16300000044,260255.1881639645,66.01740416666667,-118486.65954020215,True
3024,216.88,65.064,216.88,145342.22700000045,260190.1241639645,66.01934166666666,-118496.81963603545,True
3025,218.33,65.499,218.33,145407.72600000046,260124.6251639645,66.02837916666667,-118548.12935686883,True
3026,241.0,72.3,241.0,145480.02600000045,260052.3251639645,66.0492875,-118674.28936103554,True
3027,282.86,84.858,282.86,145564.88400000046,259967.4671639645,66.0916625,-118936.03394853548,True
3028,270.28,81.08399999999999,270.28,145645.96800000046,259886.3831639645,66.11369166666667,-119077.29746936884,True
3029,218.6,65.58,218.6,145711.54800000045,259820.8031639645,66.12908333333333,-119164.97341936876,True
3030,314.96,94.488,314.96,145806.03600000046,259726.3151639645,66.17387083333332,-119449.96471103546,True
3031,201.88,60.56399999999999,201.88,145866.60000000047,259665.75116396448,66.1921875,-119549.29102353551,True
3032,265.02,79.50599999999999,265.02,145946.10600000047,259586.2451639645,66.2360375,-119813.77763603549,True
3033,203.83,61.149,203.83,146007.25500000047,259525.09616396448,66.2472875,-119873.11934853549,True
3034,261.09,78.32699999999998,261.09,146085.58200000046,259446.7691639645,66.27765,-120059.05473603547,True
3035,229.25,68.77499999999999,229.25,146154.35700000045,259377.9941639645,66.26995833333332,-120017.5172943688,True
3036,220.82,66.246,220.82,146220.60300000047,259311.74816396448,66.28131666666665,-120082.50843603542,True
3037,206.85,62.05499999999999,206.85,146282.65800000046,259249.6931639645,66.29827083333333,-120175.31081520219,True
3038,231.01,69.303,231.01,146351.96100000048,259180.39016396448,66.31849166666666,-120294.01915270212,True
3039,199.99,59.997,199.99,146411.95800000048,259120.39316396447,66.30794583333333,-120227.36494853554,True
3040,186.29,55.88699999999999,186.29,146467.84500000047,259064.50616396448,66.31411666666668,-120252.24116936894,True
3041,240.41,72.12299999999999,240.41,146539.96800000046,258992.3831639645,66.33114583333334,-120355.43985686888,True
3042,234.75,70.425,234.75,146610.39300000045,258921.9581639645,66.34131666666667,-120417.69053603552,True
3043,252.84,75.852,252.84,146686.24500000046,258846.1061639645,66.35467499999999,-120503.5708110354,True
3044,244.98,73.494,244.98,146759.73900000047,258772.61216396448,66.37074583333333,-120602.57101936883,True
3045,223.27,66.981,223.27,146826.72000000047,258705.63116396448,66.37837916666668,-120646.80577353554,True
3046,255.26,76.57799999999999,255.26,146903.29800000048,258629.05316396448,66.35012499999999,-120495.56108603545,True
3047,225.3,67.59,225.3,146970.88800000047,258561.46316396448,66.35276666666667,-120511.89280270218,True
3048,266.82,80.04599999999999,266.82,147050.93400000047,258481.41716396448,66.38407083333334,-120704.39543603559,True
3049,215.97,64.791,215.97,147115.72500000047,258416.62616396448,66.38219166666667,-120692.0704443689,True
3050,203.54,61.062,203.54,147176.78700000048,258355.56416396447,66.37872083333333,-120666.93179436884,True
3051,399.36,119.808,399.36,147296.59500000047,258235.75616396448,66.45794583333334,-121172.65659853557,True
3052,228.88,68.664,228.88,147365.25900000046,258167.0921639645,66.47132916666666,-121251.2547193688,True
3053,218.66,65.598,218.66,147430.85700000045,258101.4941639645,66.49342499999999,-121376.48231103542,True
3054,208.59,62.577,208.59,147493.43400000044,258038.9171639645,66.50584583333334,-121443.43916103555,True
3055,242.29,72.687,242.29,147566.12100000045,257966.2301639645,66.53715833333334,-121628.25812770217,True
3056,197.3,59.19,197.3,147625.31100000045,257907.0401639645,66.54647499999999,-121674.0532360354,True
3057,271.48,81.444,271.48,147706.75500000044,257825.5961639645,66.58264166666666,-121895.20926103546,True
3058,221.26,66.378,221.26,147773.13300000044,257759.2181639645,66.60232916666666,-122007.26274436881,True
3059,201.87,60.561,201.87,147833.69400000043,257698.65716396453,66.61047916666666,-122047.6845652021,True
3060,206.46,61.938,206.46,147895.63200000042,257636.71916396453,66.6158625,-122073.69708603548,True
3061,306.84,92.052,306.84,147987.68400000042,257544.66716396454,66.671275,-122414.92906103545,True
3062,201.44,60.432,201.44,148048.11600000042,257484.23516396453,66.66922083333333,-122396.98514436875,True
3063,224.96,67.488,224.96,148115.60400000043,257416.74716396452,66.68911666666666,-122511.15048603548,True
3064,230.5,69.14999999999999,230.5,148184.75400000042,257347.59716396453,66.68006666666666,-122462.06256936875,True
3065,250.84,75.252,250.84,148260.00600000043,257272.34516396452,66.70248333333332,-122598.29741936873,True
3066,249.35,74.80499999999999,249.35,148334.81100000042,257197.54016396453,66.712975,-122666.13948603548,True
3067,237.22,71.166,237.22,148405.97700000042,257126.37416396453,66.717575,-122696.78031103546,True
3068,248.65,74.595,248.65,148480.57200000042,257051.77916396453,66.74532916666666,-122862.6344527021,True
3069,246.75,74.02499999999999,246.75,148554.59700000042,256977.75416396454,66.74766249999999,-122883.19312353543,True
3070,226.38,67.914,226.38,148622.5110000004,256909.84016396455,66.76572083333333,-122987.1113777021,True
3071,238.27,71.481,238.27,148693.9920000004,256838.35916396455,66.78045416666666,-123075.64459020205,True
3072,244.54,73.362,244.54,148767.3540000004,256764.99716396455,66.79417083333334,-123160.2465360355,True
3073,259.98,77.994,259.98,148845.3480000004,256687.00316396455,66.81625416666667,-123297.03428186878,True
3074,210.48,63.14399999999999,210.48,148908.4920000004,256623.85916396455,66.7944375,-123169.31246103547,True
3075,310.63,93.189,310.63,149001.68100000042,256530.67016396453,66.8288875,-123391.55527353546,True
3076,208.39,62.517,208.39,149064.1980000004,256468.15316396454,66.7992375,-123218.71278603547,True
3077,255.27,76.581,255.27,149140.77900000042,256391.57216396453,66.78688333333334,-123158.28581936882,True
3078,223.07,66.92099999999999,223.07,149207.70000000042,256324.65116396453,66.80056666666665,-123236.1686360354,True
3079,235.42,70.62599999999999,235.42,149278.3260000004,256254.02516396454,66.80066666666667,-123240.56216936884,True
3080,228.48,68.544,228.48,149346.8700000004,256185.48116396455,66.81601666666667,-123329.49350270216,True
3081,260.13,78.039,260.13,149424.9090000004,256107.44216396456,66.85168333333333,-123543.26748603542,True
3082,194.74,58.422,194.74,149483.33100000038,256049.02016396457,66.8566125,-123562.82561103543,True
3083,213.98,64.19399999999999,213.98,149547.52500000037,255984.82616396458,66.86614583333332,-123614.28373186867,True
3084,215.61,64.683,215.61,149612.20800000036,255920.1431639646,66.87233333333333,-123647.22083603541,True
3085,304.45,91.335,304.45,149703.54300000035,255828.8081639646,66.90934999999999,-123881.75308603531,True
3086,235.77,70.731,235.77,149774.27400000035,255758.0771639646,66.93214583333332,-124014.91829436869,True
3087,208.61,62.583,208.61,149836.85700000037,255695.49416396458,66.941,-124060.79883603542,True
3088,235.48,70.64399999999999,235.48,149907.50100000037,255624.85016396458,66.95434583333333,-124140.19940270207,True
3089,198.71,59.613,198.71,149967.11400000038,255565.23716396457,66.95915833333333,-124160.14974436877,True
3090,234.75,70.425,234.75,150037.53900000037,255494.81216396458,66.9734375,-124244.57846103542,True
3091,273.33,81.999,273.33,150119.53800000038,255412.81316396457,66.99159166666666,-124362.51999436875,True
3092,208.95,62.685,208.95,150182.22300000038,255350.12816396457,66.99407916666667,-124372.31255270206,True
3093,313.68,94.104,313.68,150276.32700000037,255256.02416396458,67.04912083333333,-124711.34359853543,True
3094,202.09,60.627,202.09,150336.95400000038,255195.39716396458,67.04695416666667,-124692.64514436875,True
3095,262.93,78.879,262.93,150415.83300000036,255116.5181639646,67.06040833333333,-124780.69504436871,True
3096,256.14,76.842,256.14,150492.67500000037,255039.67616396458,67.06789166666667,-124832.86223603543,True
3097,258.32,77.496,258.32,150570.17100000038,254962.18016396457,67.09413749999999,-124991.92049853539,True
3098,201.97,60.591,201.97,150630.76200000037,254901.58916396459,67.08910833333333,-124956.94221936874,True
3099,207.6,62.28,207.6,150693.04200000037,254839.3091639646,67.08668333333333,-124938.40518603538,True
3100,303.91,91.173,303.91,150784.21500000037,254748.13616396458,67.12132083333333,-125158.53975270205,True
3101,352.65,105.795,352.65,150890.0100000004,254642.34116396456,67.19047083333332,-125588.5332818687,True
3102,290.61,87.183,290.61,150977.19300000038,254555.15816396457,67.21628333333334,-125754.57293603546,True
3103,228.96,68.688,228.96,151045.88100000037,254486.47016396458,67.21964583333333,-125775.06631520207,True
3104,290.77,87.231,290.77,151133.11200000037,254399.23916396458,67.26515833333335,-126052.4963693688,True
3105,211.31,63.393,211.31,151196.50500000038,254335.84616396457,67.2689125,-126069.85402353542,True
3106,205.29,61.587,205.29,151258.09200000038,254274.25916396457,67.27073333333334,-126074.46710270215,True
3107,221.46,66.438,221.46,151324.53000000038,254207.82116396457,67.28940833333334,-126179.20414436882,True
3108,219.75,65.925,219.75,151390.45500000037,254141.8961639646,67.31353333333333,-126314.19423603534,True
3109,200.87,60.261,200.87,151450.71600000036,254081.6351639646,67.32133333333333,-126351.21950270206,True
3110,296.19,88.857,296.19,151539.57300000035,253992.7781639646,67.36276666666666,-126606.853502702,True
3111,222.01,66.603,222.01,151606.17600000036,253926.1751639646,67.38770833333334,-126746.9892110354,True
3112,197.23,59.169,197.23,151665.34500000035,253867.0061639646,67.34089999999999,-126474.39703603534,True
3113,204.24,61.272,204.24,151726.61700000035,253805.7341639646,67.3386125,-126455.41062353537,True
3114,216.74,65.022,216.74,151791.63900000034,253740.7121639646,67.3430625,-126478.21871103541,True
3115,205.86,61.758,205.86,151853.39700000035,253678.9541639646,67.34029166666666,-126456.99229436868,True
3116,229.18,68.754,229.18,151922.15100000033,253610.20016396462,67.35598333333333,-126546.96976936868,True
3117,337.4,101.21999999999998,337.4,152023.37100000033,253508.98016396462,67.41266666666667,-126900.6978360354,True
3118,325.52,97.656,325.52,152121.02700000032,253411.32416396463,67.4552875,-127171.40791103538,True
3119,233.97,70.191,233.97,152191.2180000003,253341.13316396464,67.46674166666668,-127238.7565777021,True
3120,245.58,73.674,245.58,152264.8920000003,253267.45916396464,67.48312916666667,-127337.38933603538,True
3121,221.5,66.45,221.5,152331.34200000032,253201.00916396463,67.49481666666667,-127402.26201936867,True
3122,304.98,91.494,304.98,152422.83600000033,253109.51516396462,67.52891666666666,-127618.51700270202,True
3123,211.76,63.52799999999999,211.76,152486.36400000032,253045.98716396463,67.53163749999999,-127629.85342353533,True
3124,222.63,66.789,222.63,152553.1530000003,252979.19816396464,67.54560833333333,-127707.85040270202,True
3125,203.0,60.9,203.0,152614.0530000003,252918.29816396465,67.53792083333333,-127657.88573186868,True
3126,250.1,75.03,250.1,152689.0830000003,252843.26816396465,67.57124583333334,-127853.13086103534,True
3127,218.18,65.454,218.18,152754.5370000003,252777.81416396465,67.5757125,-127876.1743485353,True
3128,317.15,95.145,317.15,152849.6820000003,252682.66916396466,67.6130125,-128113.81723603533,True
3129,194.88,58.464,194.88,152908.1460000003,252624.20516396465,67.61580000000001,-128120.3646360354,True
3130,224.4,67.32,224.4,152975.4660000003,252556.88516396465,67.63011666666667,-128200.67166936869,True
3131,269.25,80.77499999999999,269.25,153056.2410000003,252476.11016396465,67.66178333333333,-128392.06821936867,True
3132,212.12,63.636,212.12,153119.8770000003,252412.47416396465,67.60310833333334,-128057.81953603539,True
3133,301.5,90.45,301.5,153210.3270000003,252322.02416396464,67.64266666666667,-128303.26116936872,True
3134,224.23,67.26899999999999,224.23,153277.5960000003,252254.75516396464,67.67065833333332,-128460.36861936864,True
3135,234.01,70.20299999999999,234.01,153347.79900000032,252184.55216396463,67.69729583333333,-128612.73689853531,True
3136,241.85,72.55499999999999,241.85,153420.3540000003,252111.99716396464,67.70931666666667,-128685.19976936872,True
3137,231.17,69.351,231.17,153489.7050000003,252042.64616396464,67.71772499999999,-128734.12151103531,True
3138,198.82,59.646,198.82,153549.35100000032,251983.00016396464,67.7171,-128722.5360360354,True
3139,200.94,60.282,200.94,153609.63300000032,251922.71816396463,67.70599166666666,-128652.66099436866,True
3140,268.57,80.571,268.57,153690.20400000032,251842.14716396463,67.7235625,-128764.27408603538,True
3141,224.93,67.479,224.93,153757.6830000003,251774.66816396464,67.74679166666667,-128894.55421103537,True
3142,308.21,92.463,308.21,153850.1460000003,251682.20516396465,67.79751250000001,-129204.22006103542,True
3143,250.59,75.17699999999999,250.59,153925.3230000003,251607.02816396466,67.81927499999999,-129333.83951103527,True
3144,263.58,79.074,263.58,154004.3970000003,251527.95416396466,67.84424583333333,-129485.33043603535,True
3145,222.37,66.711,222.37,154071.1080000003,251461.24316396465,67.84801250000001,-129505.3470235354,True
3146,267.81,80.343,267.81,154151.4510000003,251380.90016396466,67.888675,-129746.1212860354,True
3147,201.81,60.543,201.81,154211.9940000003,251320.35716396465,67.897025,-129785.64416103536,True
3148,227.1,68.13,227.1,154280.1240000003,251252.22716396465,67.91024999999999,-129860.09583603533,True
3149,350.44,105.132,350.44,154385.2560000003,251147.09516396464,67.98416666666667,-130312.06400270204,True
3150,237.13,71.139,237.13,154456.3950000003,251075.95616396464,67.9932375,-130366.1062110354,True
3151,238.49,71.547,238.49,154527.9420000003,251004.40916396465,68.0209625,-130525.16949853531,True
3152,219.56,65.868,219.56,154593.8100000003,250938.54116396466,68.0292,-130569.21243603533,True
3153,221.55,66.465,221.55,154660.27500000029,250872.07616396467,68.04220416666666,-130640.5625985353,True
3154,205.25,61.575,205.25,154721.8500000003,250810.50116396465,68.02985,-130564.83793603533,True
3155,240.53,72.15899999999999,240.53,154794.0090000003,250738.34216396464,68.05070416666666,-130685.85469020199,True
3156,189.72,56.916,189.72,154850.9250000003,250681.42616396464,68.04006249999999,-130615.08408603529,True
3157,220.53,66.15899999999999,220.53,154917.08400000032,250615.26716396463,68.05112916666666,-130675.20955686865,True
3158,214.23,64.26899999999999,214.23,154981.35300000032,250550.99816396463,68.05273749999999,-130680.43731103532,True
3159,350.46,105.138,350.46,155086.49100000033,250445.86016396462,68.09688333333332,-130964.7833860353,True
3160,238.59,71.577,238.59,155158.06800000032,250374.28316396463,68.1133875,-131060.6868360354,True
3161,204.86,61.458,204.86,155219.52600000033,250312.82516396462,68.12788333333333,-131135.19361936869,True
3162,227.25,68.175,227.25,155287.70100000032,250244.65016396463,68.14293333333333,-131219.49063603536,True
3163,261.95,78.585,261.95,155366.2860000003,250166.06516396464,68.17825,-131427.60008603538,True
3164,249.45,74.835,249.45,155441.1210000003,250091.23016396465,68.20244583333333,-131569.65671936868,True
3165,229.66,68.898,229.66,155510.0190000003,250022.33216396466,68.22482916666667,-131695.58702353537,True
3166,230.64,69.192,230.64,155579.2110000003,249953.14016396465,68.2318625,-131735.8986610354,True
3167,256.98,77.09400000000001,256.98,155656.3050000003,249876.04616396464,68.24405,-131812.92548603538,True
3168,269.71,80.913,269.71,155737.2180000003,249795.13316396464,68.28323750000001,-132044.73093603543,True
3169,282.19,84.657,282.19,155821.87500000032,249710.47616396463,68.3192875,-132262.66024853537,True
3170,234.28,70.28399999999999,234.28,155892.15900000033,249640.19216396462,68.333325,-132343.0945860354,True
3171,236.44,70.932,236.44,155963.09100000034,249569.26016396462,68.3431625,-132400.67504853543,True
3172,268.74,80.622,268.74,156043.71300000034,249488.6381639646,68.37724999999999,-132603.4348360353,True
3173,269.43,80.829,269.43,156124.54200000034,249407.80916396462,68.39299999999999,-132703.88183603532,True
3174,223.32,66.996,223.32,156191.53800000035,249340.8131639646,68.40635416666667,-132777.08121103543,True
3175,310.47,93.141,310.47,156284.67900000035,249247.6721639646,68.4574625,-133087.25589853543,True
3176,204.32,61.29599999999999,204.32,156345.97500000036,249186.3761639646,68.46197083333333,-133105.26896936868,True
3177,233.05,69.915,233.05,156415.89000000036,249116.4611639646,68.47475,-133178.06808603543,True
3178,229.88,68.964,229.88,156484.85400000037,249047.49716396458,68.48609583333334,-133241.88977770213,True
3179,203.79,61.13699999999999,203.79,156545.99100000036,248986.3601639646,68.49195,-133267.2127860354,True
3180,199.41,59.82299999999999,199.41,156605.81400000036,248926.5371639646,68.47331666666666,-133154.56983603537,True
3181,219.16,65.74799999999999,219.16,156671.56200000035,248860.7891639646,68.48245416666667,-133202.82263186874,True
3182,255.36,76.608,255.36,156748.17000000036,248784.1811639646,68.51227916666667,-133377.31202770214,True
3183,252.69,75.807,252.69,156823.97700000036,248708.3741639646,68.5338125,-133504.6981485354,True
3184,240.35,72.10499999999999,240.35,156896.08200000037,248636.26916396458,68.54977083333333,-133597.25300270205,True
3185,233.06,69.91799999999999,233.06,156966.00000000038,248566.35116396457,68.5391125,-133539.20102353542,True
3186,274.44,82.332,274.44,157048.33200000037,248484.01916396458,68.5576875,-133656.53096103543,True
3187,230.0,69.0,230.0,157117.33200000037,248415.01916396458,68.5759125,-133758.54119853544,True
3188,248.45,74.535,248.45,157191.86700000038,248340.48416396457,68.57932916666667,-133783.53795270209,True
3189,251.25,75.375,251.25,157267.24200000038,248265.10916396457,68.582825,-133809.80891103542,True
3190,245.41,73.62299999999999,245.41,157340.86500000037,248191.48616396458,68.56562916666667,-133719.06829436877,True
3191,270.38,81.11399999999999,270.38,157421.97900000037,248110.37216396458,68.52317083333332,-133495.1662068687,True
3192,263.3,78.99,263.3,157500.96900000036,248031.3821639646,68.54906249999999,-133649.79783603534,True
3193,236.09,70.827,236.09,157571.79600000035,247960.5551639646,68.56322916666666,-133730.94160686867,True
3194,253.99,76.197,253.99,157647.99300000034,247884.3581639646,68.52668333333334,-133535.16126936875,True
3195,251.82,75.54599999999999,251.82,157723.53900000034,247808.8121639646,68.55649166666666,-133708.06396103534,True
3196,206.42,61.926,206.42,157785.46500000035,247746.8861639646,68.55004583333333,-133665.568852702,True
3197,245.83,73.749,245.83,157859.21400000036,247673.1371639646,68.53111249999999,-133565.44167353536,True
3198,240.66,72.198,240.66,157931.41200000036,247600.9391639646,68.5377,-133605.7482360354,True
3199,251.95,75.585,251.95,158006.99700000035,247525.3541639646,68.55814583333333,-133726.49481520205,True
3200,248.13,74.439,248.13,158081.43600000037,247450.9151639646,68.59434166666665,-133933.624502702,True
3201,217.28,65.184,217.28,158146.62000000037,247385.73116396458,68.54177916666666,-133638.01922353535,True
3202,255.94,76.782,255.94,158223.40200000038,247308.94916396457,68.56625416666665,-133782.29149436866,True
3203,204.74,61.422,204.74,158284.82400000037,247247.52716396458,68.56807916666666,-133785.28876520204,True
3204,201.68,60.504,201.68,158345.32800000036,247187.0231639646,68.57767916666666,-133830.56228603536,True
3205,245.24,73.572,245.24,158418.90000000034,247113.4511639646,68.58303333333332,-133865.29900270197,True
3206,337.36,101.208,337.36,158520.10800000036,247012.2431639646,68.64560416666667,-134245.4423777021,True
3207,260.35,78.105,260.35,158598.21300000037,246934.13816396458,68.67974583333333,-134444.4904485354,True
3208,271.86,81.558,271.86,158679.77100000036,246852.5801639646,68.703675,-134590.22343603545,True
3209,220.83,66.249,220.83,158746.02000000037,246786.33116396458,68.71900416666666,-134672.8609652021,True
3210,218.46,65.538,218.46,158811.55800000037,246720.79316396458,68.723625,-134695.32558603538,True
3211,265.87,79.761,265.87,158891.31900000037,246641.03216396458,68.75146666666666,-134860.85636936873,True
3212,223.86,67.158,223.86,158958.47700000036,246573.8741639646,68.75523333333334,-134880.16036936874,True
3213,252.51,75.753,252.51,159034.23000000036,246498.1211639646,68.7626125,-134928.09037353544,True
3214,258.8,77.64,258.8,159111.87000000037,246420.48116396458,68.78834166666667,-135079.66171936874,True
3215,245.34,73.602,245.34,159185.4720000004,246346.87916396456,68.79711666666667,-135133.13275270213,True
3216,276.72,83.016,276.72,159268.4880000004,246263.86316396456,68.8264875,-135310.18353603545,True
3217,222.96,66.888,222.96,159335.3760000004,246196.97516396455,68.79384166666667,-135127.28919436876,True
3218,232.91,69.87299999999999,232.91,159405.2490000004,246127.10216396456,68.78765,-135094.0541360354,True
3219,239.5,71.85,239.5,159477.0990000004,246055.25216396456,68.80495416666666,-135192.99887353543,True
3220,256.66,76.998,256.66,159554.0970000004,245978.25416396456,68.82613333333333,-135318.5245027021,True
3221,278.96,83.68799999999999,278.96,159637.78500000038,245894.56616396457,68.86714166666667,-135560.5315277021,True
3222,233.6,70.08,233.6,159707.86500000037,245824.48616396458,68.86828333333332,-135568.06693603538,True
3223,227.4,68.22,227.4,159776.08500000037,245756.26616396458,68.88407083333334,-135654.83404020214,True
3224,249.56,74.868,249.56,159850.95300000036,245681.3981639646,68.90965,-135802.4242360354,True
3225,196.43,58.929,196.43,159909.88200000036,245622.4691639646,68.89036666666667,-135685.71033603538,True
3226,258.57,77.571,258.57,159987.45300000036,245544.8981639646,68.90984999999999,-135802.2117360354,True
3227,254.64,76.392,254.64,160063.84500000035,245468.5061639646,68.93840833333333,-135967.7071443687,True
3228,210.62,63.186,210.62,160127.03100000034,245405.3201639646,68.91790416666666,-135848.52568603537,True
3229,196.62,58.986,196.62,160186.01700000034,245346.3341639646,68.9177375,-135837.67194853543,True
3230,265.67,79.70100000000001,265.67,160265.71800000034,245266.6331639646,68.92839583333333,-135907.3957943687,True
3231,255.28,76.584,255.28,160342.30200000035,245190.0491639646,68.94697916666667,-136017.79864853536,True
3232,279.62,83.886,279.62,160426.18800000034,245106.1631639646,68.97608333333334,-136193.62550270205,True
3233,263.7,79.11,263.7,160505.29800000033,245027.05316396462,69.00377083333333,-136356.78823186873,True
3234,213.4,64.02,213.4,160569.31800000032,244963.03316396463,69.00715416666667,-136370.50076103536,True
3235,336.86,101.058,336.86,160670.3760000003,244861.97516396464,69.05356666666667,-136658.98066936873,True
3236,241.66,72.49799999999999,241.66,160742.8740000003,244789.47716396465,69.07245833333333,-136766.78266936867,True
3237,238.68,71.604,238.68,160814.4780000003,244717.87316396466,69.07936249999999,-136807.44592353527,True
3238,248.82,74.646,248.82,160889.1240000003,244643.22716396465,69.09242083333334,-136885.120677702,True
3239,227.33,68.199,227.33,160957.3230000003,244575.02816396466,69.07567499999999,-136791.77351103528,True
3240,301.35,90.405,301.35,161047.7280000003,244484.62316396466,69.09885833333334,-136941.07483603538,True
3241,323.27,96.981,323.27,161144.7090000003,244387.64216396466,69.12808749999999,-137130.2727485353,True
3242,265.33,79.59899999999999,265.33,161224.30800000028,244308.04316396467,69.15217083333333,-137273.63549436865,True
3243,214.17,64.25099999999999,214.17,161288.55900000027,244243.79216396468,69.16001666666665,-137312.0197860352,True
3244,241.43,72.429,241.43,161360.98800000027,244171.36316396468,69.18563333333333,-137456.59030270195,True
3245,221.45,66.43499999999999,221.45,161427.42300000027,244104.92816396468,69.18984999999999,-137477.09458603527,True
3246,232.11,69.633,232.11,161497.05600000027,244035.29516396468,69.203375,-137552.1145860353,True
3247,236.41,70.923,236.41,161567.97900000028,243964.37216396467,69.221,-137651.00083603535,True
3248,207.56,62.268,207.56,161630.2470000003,243902.10416396466,69.22908333333332,-137688.6031693686,True
3249,196.87,59.061,196.87,161689.30800000028,243843.04316396467,69.22246666666666,-137641.9706360353,True
3250,218.92,65.67599999999999,218.92,161754.9840000003,243777.36716396466,69.24567916666666,-137766.32504436863,True
3251,215.78,64.734,215.78,161819.71800000028,243712.63316396467,69.24954166666666,-137783.09187770198,True
3252,219.33,65.799,219.33,161885.51700000028,243646.83416396467,69.25682916666666,-137819.7808860353,True
3253,279.16,83.748,279.16,161969.26500000028,243563.08616396468,69.28331666666666,-137980.13871936864,True
3254,203.46,61.038,203.46,162030.30300000028,243502.04816396468,69.24134166666667,-137740.77905270204,True
3255,227.36,68.208,227.36,162098.5110000003,243433.84016396466,69.26907916666667,-137892.44064853538,True
3256,244.24,73.272,244.24,162171.7830000003,243360.56816396466,69.27829166666666,-137947.1491693686,True
3257,272.94,81.88199999999999,272.94,162253.6650000003,243278.68616396465,69.291525,-138032.57591103532,True
3258,222.8,66.84,222.8,162320.5050000003,243211.84616396466,69.30661666666666,-138113.1587360353,True
3259,280.16,84.048,280.16,162404.5530000003,243127.79816396465,69.33950416666667,-138308.81425686873,True
3260,230.49,69.147,230.49,162473.7000000003,243058.65116396465,69.35241666666667,-138379.64050270204,True
3261,241.0,72.3,241.0,162546.0000000003,242986.35116396466,69.36174166666666,-138433.86626103532,True
3262,258.93,77.679,258.93,162623.6790000003,242908.67216396466,69.36602083333332,-138465.71037770197,True
3263,276.87,83.06099999999999,276.87,162706.74000000028,242825.61116396467,69.40462916666667,-138691.63536520198,True
3264,236.62,70.986,236.62,162777.7260000003,242754.62516396467,69.40698333333333,-138706.15523603532,True
3265,247.21,74.163,247.21,162851.8890000003,242680.46216396466,69.40100416666667,-138678.0557318687,True
3266,277.24,83.172,277.24,162935.06100000028,242597.29016396467,69.43109583333333,-138857.15034436865,True
3267,243.5,73.05,243.5,163008.11100000027,242524.24016396469,69.465825,-139051.53656103526,True
3268,264.3,79.29,264.3,163087.40100000027,242444.95016396468,69.48863333333333,-139186.62410270193,True
3269,234.19,70.25699999999999,234.19,163157.6580000003,242374.69316396466,69.50901666666667,-139299.31735270203,True
3270,224.54,67.362,224.54,163225.02000000028,242307.33116396467,69.51570833333334,-139333.90758603535,True
3271,208.61,62.583,208.61,163287.6030000003,242244.74816396466,69.49453749999999,-139210.7681735353,True
3272,241.29,72.387,241.29,163359.99000000028,242172.36116396467,69.48315833333332,-139151.21176936862,True
3273,232.31,69.693,232.31,163429.68300000028,242102.66816396467,69.46828333333333,-139069.8024860353,True
3274,297.38,89.214,297.38,163518.8970000003,242013.45416396466,69.51120833333333,-139325.034752702,True
3275,214.65,64.395,214.65,163583.29200000028,241949.05916396467,69.49970416666666,-139256.81819020197,True
3276,287.49,86.247,287.49,163669.53900000028,241862.81216396467,69.54065833333333,-139498.15813603532,True
3277,261.84,78.55199999999999,261.84,163748.09100000028,241784.26016396467,69.5770625,-139706.77352353532,True
3278,200.5,60.15,200.5,163808.24100000027,241724.11016396468,69.575425,-139688.36968603532,True
3279,249.66,74.898,249.66,163883.13900000026,241649.2121639647,69.60450833333333,-139853.0980110353,True
3280,210.42,63.12599999999999,210.42,163946.26500000025,241586.0861639647,69.61791666666667,-139920.09716936864,True
3281,221.06,66.318,221.06,164012.58300000025,241519.7681639647,69.62174166666667,-139937.75442770196,True
3282,234.79,70.437,234.79,164083.02000000025,241449.3311639647,69.63444166666666,-140008.14028603525,True
3283,261.88,78.564,261.88,164161.58400000026,241370.7671639647,69.65498749999999,-140129.59937353525,True
3284,208.28,62.484,208.28,164224.06800000026,241308.2831639647,69.64897916666666,-140089.52675270196,True
3285,325.53,97.659,325.53,164321.72700000028,241210.62416396468,69.68921666666667,-140337.83708603532,True
3286,251.42,75.42599999999999,251.42,164397.15300000028,241135.19816396467,69.7033375,-140420.87131103536,True
3287,220.5,66.14999999999999,220.5,164463.30300000028,241069.04816396468,69.70619583333334,-140432.9616318687,True
3288,233.17,69.951,233.17,164533.25400000028,240999.09716396467,69.69569999999999,-140375.77323603528,True
3289,219.62,65.886,219.62,164599.14000000028,240933.21116396468,69.6941,-140363.20993603536,True
3290,244.3,73.29,244.3,164672.43000000028,240859.92116396467,69.71686666666666,-140491.33950270194,True
3291,251.66,75.49799999999999,251.66,164747.92800000028,240784.42316396468,69.73610833333333,-140602.35331103535,True
3292,246.35,73.905,246.35,164821.83300000028,240710.51816396468,69.75426666666667,-140705.81196936866,True
3293,212.55,63.765,212.55,164885.5980000003,240646.75316396466,69.74214166666667,-140633.535327702,True
3294,246.69,74.00699999999999,246.69,164959.6050000003,240572.74616396465,69.74899166666667,-140675.24228603535,True
3295,277.18,83.154,277.18,165042.7590000003,240489.59216396464,69.76476666666666,-140774.85766936868,True
3296,216.76,65.02799999999999,216.76,165107.7870000003,240424.56416396465,69.77005,-140798.98903603532,True
3297,234.74,70.422,234.74,165178.2090000003,240354.14216396466,69.782875,-140869.70396103538,True
3298,234.0,70.2,234.0,165248.4090000003,240283.94216396465,69.7962125,-140942.97051103532,True
3299,199.24,59.772,199.24,165308.1810000003,240224.17016396465,69.79107916666666,-140904.913165202,True
3300,212.26,63.678,212.26,165371.85900000032,240160.49216396463,69.75800833333332,-140718.2333360353,True
3301,206.35,61.905,206.35,165433.76400000032,240098.58716396464,69.756475,-140702.00986103533,True
3302,222.29,66.687,222.29,165500.45100000032,240031.90016396463,69.74820833333332,-140653.82091936868,True
3303,254.3,76.29,254.3,165576.74100000033,239955.61016396462,69.77140416666666,-140786.9423735353,True
3304,185.04,55.51199999999999,185.04,165632.25300000032,239900.09816396463,69.76948333333333,-140762.20290270197,True
3305,275.55,82.665,275.55,165714.91800000033,239817.43316396463,69.78903749999999,-140881.7663985353,True
3306,245.92,73.776,245.92,165788.69400000034,239743.6571639646,69.79787083333333,-140933.93036103537,True
3307,297.67,89.301,297.67,165877.99500000034,239654.3561639646,69.84620416666667,-141216.9951568687,True
3308,212.44,63.732,212.44,165941.72700000033,239590.62416396462,69.846625,-141213.1753360354,True
3309,203.46,61.038,203.46,166002.76500000033,239529.58616396462,69.82234583333333,-141072.02097353534,True
3310,354.66,106.398,354.66,166109.16300000032,239423.18816396463,69.87043333333334,-141370.67350270206,True
3311,214.46,64.338,214.46,166173.5010000003,239358.85016396464,69.87680833333333,-141399.8784443687,True
3312,235.36,70.608,235.36,166244.10900000032,239288.24216396463,69.89427916666666,-141495.79073603536,True
3313,218.86,65.658,218.86,166309.7670000003,239222.58416396464,69.90369166666667,-141542.82434436874,True
3314,213.29,63.987,213.29,166373.7540000003,239158.59716396465,69.88727083333332,-141447.4797943686,True
3315,252.24,75.672,252.24,166449.4260000003,239082.92516396465,69.87040416666666,-141361.42552353532,True
3316,237.2,71.16,237.2,166520.5860000003,239011.76516396465,69.88274583333333,-141429.90315270203,True
3317,228.54,68.562,228.54,166589.1480000003,238943.20316396464,69.88807916666666,-141457.61174020197,True
3318,282.72,84.816,282.72,166673.9640000003,238858.38716396465,69.9107875,-141596.11841103536,True
3319,198.8,59.64,198.8,166733.6040000003,238798.74716396464,69.91151666666667,-141589.8150193687,True
3320,276.46,82.93799999999999,276.46,166816.5420000003,238715.80916396464,69.93301249999999,-141719.7788360353,True
3321,232.02,69.606,232.02,166886.1480000003,238646.20316396464,69.93905,-141752.28978603534,True
3322,213.6,64.08,213.6,166950.2280000003,238582.12316396466,69.94641666666666,-141786.49066936865,True
3323,210.44,63.132,210.44,167013.3600000003,238518.99116396465,69.94229583333333,-141757.27128186866,True
3324,213.48,64.044,213.48,167077.4040000003,238454.94716396465,69.93619583333333,-141718.21338603532,True
3325,214.09,64.227,214.09,167141.6310000003,238390.72016396464,69.93329583333333,-141696.74269020205,True
3326,247.38,74.214,247.38,167215.84500000032,238316.50616396463,69.94122499999999,-141744.1104860353,True
3327,222.42,66.726,222.42,167282.57100000032,238249.78016396463,69.95833333333333,-141833.84483603537,True
3328,257.58,77.27399999999999,257.58,167359.84500000032,238172.50616396463,69.98207083333332,-141970.10260270198,True
3329,220.19,66.057,220.19,167425.90200000032,238106.44916396463,69.99131249999999,-142016.3690235353,True
3330,238.76,71.628,238.76,167497.53000000032,238034.82116396463,70.00094166666666,-142070.29208603536,True
3331,240.63,72.189,240.63,167569.71900000033,237962.63216396462,70.01752083333334,-142162.48844020208,True
3332,371.28,111.384,371.28,167681.10300000032,237851.24816396463,70.05278333333332,-142395.25976936865,True
3333,288.21,86.463,288.21,167767.5660000003,237764.78516396464,70.08715416666668,-142598.20049853544,True
3334,288.46,86.538,288.46,167854.1040000003,237678.24716396464,70.10851666666666,-142730.56426936868,True
3335,272.22,81.66600000000001,272.22,167935.7700000003,237596.58116396464,70.13794583333333,-142901.7749818687,True
3336,393.65,118.09499999999998,393.65,168053.8650000003,237478.48616396464,70.2117875,-143350.24923603536,True
3337,255.73,76.719,255.73,168130.58400000032,237401.76716396463,70.22523749999999,-143429.6957985353,True
3338,249.54,74.862,249.54,168205.44600000032,237326.90516396463,70.2295375,-143457.64716103542,True
3339,254.22,76.26599999999999,254.22,168281.71200000032,237250.63916396463,70.25301666666667,-143590.96418603536,True
3340,209.54,62.862,209.54,168344.5740000003,237187.77716396464,70.25303333333333,-143583.66350270202,True
3341,218.12,65.43599999999999,218.12,168410.0100000003,237122.34116396465,70.2685875,-143663.1344985353,True
3342,199.19,59.757,199.19,168469.7670000003,237062.58416396464,70.25055416666667,-143554.9183110354,True
3343,211.64,63.49199999999999,211.64,168533.2590000003,236999.09216396464,70.22254583333333,-143396.43861520197,True
3344,262.48,78.744,262.48,168612.00300000032,236920.34816396463,70.25641666666667,-143588.404502702,True
3345,218.37,65.511,218.37,168677.51400000032,236854.83716396464,70.24637916666666,-143529.30602353532,True
3346,252.56,75.768,252.56,168753.28200000033,236779.06916396462,70.28152083333333,-143725.08462770205,True
3347,212.95,63.88499999999999,212.95,168817.16700000034,236715.18416396462,70.2762875,-143690.36007353538,True
3348,236.81,71.04299999999999,236.81,168888.21000000034,236644.1411639646,70.29962083333334,-143817.40678603543,True
3349,216.16,64.848,216.16,168953.05800000034,236579.2931639646,70.31627083333333,-143902.04831520203,True
3350,269.29,80.787,269.29,169033.84500000035,236498.5061639646,70.35103749999999,-144100.60671103533,True
3351,219.28,65.78399999999999,219.28,169099.62900000036,236432.7221639646,70.35652083333332,-144125.69902353536,True
3352,234.96,70.488,234.96,169170.11700000038,236362.23416396457,70.34991666666667,-144090.1151693688,True
3353,226.75,68.02499999999999,226.75,169238.14200000037,236294.20916396458,70.3639375,-144163.60089853543,True
3354,298.57,89.571,298.57,169327.71300000037,236204.63816396458,70.40099166666667,-144383.12278603544,True
3355,322.38,96.714,322.38,169424.42700000037,236107.92416396458,70.44676249999999,-144656.82714853535,True
3356,361.88,108.564,361.88,169532.9910000004,235999.36016396456,70.50695416666666,-145020.22015270207,True
3357,261.61,78.483,261.61,169611.4740000004,235920.87716396456,70.51463749999999,-145069.7092485354,True
3358,279.49,83.847,279.49,169695.3210000004,235837.03016396455,70.53622916666667,-145199.6797943688,True
3359,264.02,79.20599999999999,264.02,169774.5270000004,235757.82416396454,70.5493875,-145279.41772353544,True
3360,281.51,84.45299999999999,281.51,169858.98000000042,235673.37116396453,70.56717499999999,-145389.3738360354,True
3361,247.24,74.172,247.24,169933.1520000004,235599.19916396454,70.58077083333333,-145466.38256520213,True
3362,246.37,73.911,246.37,170007.0630000004,235525.28816396455,70.58507083333333,-145492.9241943688,True
3363,238.81,71.643,238.81,170078.7060000004,235453.64516396454,70.58582916666667,-145498.07484853547,True
3364,285.94,85.782,285.94,170164.48800000042,235367.86316396453,70.60777083333333,-145631.66825270216,True
3365,224.91,67.473,224.91,170231.96100000042,235300.39016396453,70.61418333333333,-145663.12891936878,True
3366,299.53,89.859,299.53,170321.8200000004,235210.53116396454,70.65863333333333,-145922.13703603542,True
3367,238.28,71.484,238.28,170393.3040000004,235139.04716396454,70.66111666666667,-145936.3550193688,True
3368,259.84,77.95199999999998,259.84,170471.2560000004,235061.09516396455,70.68202083333333,-146056.36116936873,True
3369,216.93,65.079,216.93,170536.3350000004,234996.01616396455,70.69880833333333,-146141.25956103546,True
3370,214.49,64.347,214.49,170600.6820000004,234931.66916396454,70.6903875,-146089.51946103547,True
3371,302.83,90.849,302.83,170691.5310000004,234840.82016396456,70.72252499999999,-146282.8670610354,True
3372,255.76,76.728,255.76,170768.2590000004,234764.09216396455,70.75258333333333,-146450.82683603544,True
3373,213.96,64.188,213.96,170832.4470000004,234699.90416396456,70.75910416666667,-146479.3899818688,True
3374,228.16,68.448,228.16,170900.8950000004,234631.45616396455,70.77891249999999,-146583.7665610354,True
3375,238.7,71.61,238.7,170972.50500000038,234559.84616396457,70.7839625,-146611.79189853542,True
3376,243.4,73.02,243.4,171045.52500000037,234486.82616396458,70.8044625,-146724.3999360354,True
3377,218.98,65.69399999999999,218.98,171111.21900000036,234421.1321639646,70.81380833333333,-146769.59809436873,True
3378,221.21,66.363,221.21,171177.58200000037,234354.76916396458,70.82250833333333,-146811.97068603543,True
3379,247.76,74.32799999999999,247.76,171251.91000000038,234280.44116396457,70.83325416666666,-146873.29950686876,True
3380,217.51,65.253,217.51,171317.16300000038,234215.18816396457,70.83813749999999,-146893.99158603538,True
3381,296.49,88.947,296.49,171406.11000000036,234126.2411639646,70.86332916666666,-147047.60642353536,True
3382,251.02,75.306,251.02,171481.41600000038,234050.93516396458,70.876075,-147120.59618603543,True
3383,280.31,84.093,280.31,171565.50900000037,233966.84216396458,70.89649166666666,-147243.5935277021,True
3384,212.96,63.888,212.96,171629.39700000038,233902.95416396458,70.890325,-147203.43303603542,True
3385,237.05,71.115,237.05,171700.51200000037,233831.83916396459,70.88775416666667,-147189.83948186875,True
3386,239.82,71.946,239.82,171772.45800000036,233759.8931639646,70.8841625,-147171.5961110354,True
3387,338.83,101.649,338.83,171874.10700000037,233658.24416396458,70.93131666666666,-147455.7202860354,True
3388,271.63,81.48899999999999,271.63,171955.59600000037,233576.75516396458,70.96369166666666,-147640.1964693687,True
3389,261.37,78.411,261.37,172034.00700000036,233498.3441639646,70.96517916666666,-147655.63314020206,True
3390,271.06,81.318,271.06,172115.32500000036,233417.0261639646,70.996675,-147835.1185860354,True
3391,287.63,86.289,287.63,172201.61400000035,233330.7371639646,71.04774583333332,-148124.61021520203,True
3392,273.37,82.011,273.37,172283.62500000035,233248.7261639646,71.06879166666667,-148248.5475027021,True
3393,357.53,107.259,357.53,172390.88400000034,233141.4671639646,71.1302375,-148614.51749853542,True
3394,218.61,65.583,218.61,172456.46700000035,233075.8841639646,71.13602916666666,-148640.0483443687,True
3395,223.05,66.915,223.05,172523.38200000036,233008.9691639646,71.14905,-148705.68408603544,True
3396,249.07,74.72099999999999,249.07,172598.10300000035,232934.2481639646,71.18145,-148883.0496360354,True
3397,277.07,83.121,277.07,172681.22400000037,232851.1271639646,71.21411666666667,-149070.18051936876,True
3398,208.78,62.634,208.78,172743.85800000036,232788.4931639646,71.21843333333334,-149084.74636936875,True
3399,216.66,64.99799999999999,216.66,172808.85600000035,232723.4951639646,71.21498333333334,-149060.03048603542,True
3400,212.5,63.75,212.5,172872.60600000035,232659.7451639646,71.2249,-149105.71883603543,True
3401,238.8,71.64,238.8,172944.24600000036,232588.1051639646,71.240025,-149187.18881103545,True
3402,229.06,68.718,229.06,173012.96400000036,232519.3871639646,71.22905833333333,-149125.9073860354,True
3403,265.41,79.623,265.41,173092.58700000035,232439.7641639646,71.26256666666667,-149313.80546936876,True
3404,260.78,78.234,260.78,173170.82100000035,232361.5301639646,71.27539583333333,-149389.48991936876,True
3405,245.83,73.749,245.83,173244.57000000036,232287.7811639646,71.3006125,-149526.99877353542,True
3406,252.33,75.699,252.33,173320.26900000035,232212.0821639646,71.29238333333333,-149487.33820270209,True
3407,203.95,61.185,203.95,173381.45400000035,232150.8971639646,71.25859166666667,-149296.34402770209,True
3408,255.26,76.57799999999999,255.26,173458.03200000036,232074.3191639646,71.27184583333333,-149372.5997360354,True
3409,232.56,69.768,232.56,173527.80000000037,232004.55116396458,71.26610833333334,-149340.3945277021,True
3410,411.32,123.396,411.32,173651.19600000037,231881.15516396458,71.35187083333332,-149851.3537943687,True
3411,343.31,102.993,343.31,173754.18900000036,231778.1621639646,71.39304166666666,-150103.2177110354,True
3412,256.89,77.067,256.89,173831.25600000037,231701.09516396458,71.41376666666666,-150219.7289693687,True
3413,227.67,68.30099999999999,227.67,173899.55700000038,231632.79416396457,71.4093875,-150193.20079853537,True
3414,300.14,90.04199999999999,300.14,173989.59900000037,231542.7521639646,71.45697916666666,-150466.25846103535,True
3415,210.1,63.03,210.1,174052.62900000036,231479.7221639646,71.45175416666666,-150429.90385686874,True
3416,236.74,71.022,236.74,174123.65100000036,231408.7001639646,71.46331666666666,-150491.26410270203,True
3417,242.79,72.83699999999999,242.79,174196.48800000036,231335.8631639646,71.47453333333333,-150552.56843603536,True
3418,237.65,71.295,237.65,174267.78300000037,231264.56816396458,71.48492083333333,-150607.8789277021,True
3419,235.73,70.719,235.73,174338.5020000004,231193.84916396457,71.49522916666666,-150662.16981520207,True
3420,203.08,60.924,203.08,174399.42600000039,231132.92516396457,71.5030625,-150693.42858603544,True
3421,204.16,61.248,204.16,174460.67400000038,231071.67716396457,71.49372083333333,-150633.29836520206,True
3422,230.78,69.234,230.78,174529.90800000037,231002.44316396458,71.5092375,-150713.8666110354,True
3423,244.52,73.356,244.52,174603.26400000037,230929.08716396458,71.52980833333334,-150825.4999110354,True
3424,201.38,60.414,201.38,174663.67800000036,230868.6731639646,71.50966666666666,-150706.9081693687,True
3425,203.58,61.074,203.58,174724.75200000036,230807.5991639646,71.50357083333333,-150663.95123186873,True
3426,235.91,70.773,235.91,174795.52500000034,230736.8261639646,71.507775,-150685.64568603536,True
3427,231.83,69.549,231.83,174865.07400000034,230667.2771639646,71.50956666666666,-150693.24186936868,True
3428,288.7,86.61,288.7,174951.68400000033,230580.66716396462,71.53653333333332,-150852.12856936865,True
3429,280.36,84.108,280.36,175035.79200000034,230496.55916396462,71.56382083333332,-151010.16969853532,True
3430,290.36,87.108,290.36,175122.90000000034,230409.4511639646,71.59440833333332,-151188.745252702,True
3431,291.47,87.441,291.47,175210.34100000034,230322.01016396462,71.6395125,-151444.95194853537,True
3432,233.04,69.91199999999999,233.04,175280.25300000035,230252.0981639646,71.647825,-151487.5134360354,True
3433,229.55,68.865,229.55,175349.11800000034,230183.2331639646,71.66114583333332,-151555.69069020197,True
3434,303.56,91.068,303.56,175440.18600000034,230092.16516396462,71.6637375,-151588.9007610354,True
3435,249.44,74.832,249.44,175515.01800000033,230017.33316396462,71.67826666666666,-151669.43683603534,True
3436,251.98,75.594,251.98,175590.61200000034,229941.7391639646,71.69067916666667,-151739.43671936876,True
3437,209.75,62.925,209.75,175653.53700000033,229878.81416396462,71.6793875,-151670.56549853538,True
3438,284.59,85.377,284.59,175738.91400000034,229793.4371639646,71.7112125,-151853.63576103537,True
3439,236.26,70.878,236.26,175809.79200000034,229722.55916396462,71.71967916666667,-151897.85368186873,True
3440,218.25,65.475,218.25,175875.26700000034,229657.0841639646,71.72485,-151919.11783603538,True
3441,222.9,66.87,222.9,175942.13700000034,229590.2141639646,71.71093333333333,-151840.24023603537,True
3442,271.62,81.486,271.62,176023.62300000034,229508.7281639646,71.72397500000001,-151919.37088603547,True
3443,219.86,65.958,219.86,176089.58100000035,229442.7701639646,71.72606666666667,-151924.7263027021,True
3444,203.43,61.029,203.43,176150.61000000036,229381.7411639646,71.72182083333333,-151891.45838603537,True
3445,284.39,85.317,284.39,176235.92700000037,229296.42416396458,71.75303749999999,-152070.9701485354,True
3446,273.04,81.912,273.04,176317.8390000004,229214.51216396457,71.77030833333333,-152172.90631936875,True
3447,209.25,62.775,209.25,176380.61400000038,229151.73716396457,71.78061249999999,-152218.6570485354,True
3448,329.0,98.7,329.0,176479.3140000004,229053.03716396456,71.83035416666667,-152509.80416936878,True
3449,235.58,70.674,235.58,176549.9880000004,228982.36316396456,71.81329166666667,-152418.0288777021,True
3450,233.54,70.062,233.54,176620.0500000004,228912.30116396456,71.8227875,-152466.70046103548,True
3451,252.07,75.621,252.07,176695.6710000004,228836.68016396454,71.83619583333332,-152541.68351520205,True
3452,204.1,61.23,204.1,176756.90100000042,228775.45016396453,71.8246625,-152469.85838603548,True
3453,220.55,66.165,220.55,176823.06600000043,228709.28516396452,71.82430833333333,-152462.3191610355,True
3454,342.68,102.804,342.68,176925.87000000043,228606.48116396452,71.8636125,-152701.84676103547,True
3455,258.45,77.535,258.45,177003.40500000044,228528.94616396452,71.87259166666666,-152755.15262770216,True
3456,275.63,82.689,275.63,177086.09400000045,228446.2571639645,71.88635833333333,-152838.98743603547,True
3457,233.37,70.011,233.37,177156.10500000045,228376.2461639645,71.89584583333333,-152887.4242902021,True
3458,320.52,96.156,320.52,177252.26100000044,228280.09016396452,71.94755416666666,-153185.8420277021,True
3459,333.62,100.086,333.62,177352.34700000045,228180.0041639645,71.99211249999999,-153450.18419853543,True
3460,246.52,73.956,246.52,177426.30300000045,228106.0481639645,72.01127083333334,-153553.68725270222,True
3461,249.62,74.886,249.62,177501.18900000045,228031.1621639645,72.02566666666667,-153632.84550270214,True
3462,226.81,68.04299999999999,226.81,177569.23200000045,227963.1191639645,72.020325,-153600.5626860355,True
3463,249.93,74.979,249.93,177644.21100000045,227888.1401639645,72.03082083333334,-153659.11779020217,True
3464,254.53,76.359,254.53,177720.57000000044,227811.7811639645,72.05397083333334,-153786.04836936886,True
3465,215.56,64.66799999999999,215.56,177785.23800000045,227747.1131639645,72.0445375,-153728.7128985355,True
3466,210.48,63.14399999999999,210.48,177848.38200000045,227683.9691639645,72.04180416666667,-153705.34209436883,True
3467,282.46,84.73799999999999,282.46,177933.12000000046,227599.2311639645,72.05520833333334,-153788.9865443689,True
3468,256.07,76.821,256.07,178009.94100000046,227522.4101639645,72.00570416666667,-153531.77628603554,True
3469,225.48,67.64399999999999,225.48,178077.58500000046,227454.7661639645,72.00074166666667,-153501.15799436884,True
3470,257.53,77.25899999999999,257.53,178154.84400000045,227377.5071639645,72.02482083333334,-153633.79504436883,True
3471,265.4,79.61999999999999,265.4,178234.46400000044,227297.8871639645,72.05252916666667,-153787.93959853554,True
3472,249.84,74.952,249.84,178309.41600000043,227222.93516396452,72.06578333333333,-153860.92710270215,True
3473,245.6,73.67999999999999,245.6,178383.09600000043,227149.25516396452,72.07516666666668,-153912.1510027022,True
3474,271.73,81.519,271.73,178464.61500000043,227067.73616396452,72.1082375,-154096.4072610355,True
3475,346.72,104.016,346.72,178568.63100000043,226963.72016396452,72.16380833333332,-154422.0068777021,True
3476,257.53,77.25899999999999,257.53,178645.89000000042,226886.46116396453,72.16392916666668,-154427.74055270216,True
3477,225.8,67.74,225.8,178713.6300000004,226818.72116396454,72.17061666666666,-154458.64668603544,True
3478,221.92,66.576,221.92,178780.2060000004,226752.14516396454,72.16795,-154438.96673603548,True
3479,266.86,80.058,266.86,178860.2640000004,226672.08716396455,72.18602499999999,-154542.3108610354,True
3480,238.18,71.454,238.18,178931.7180000004,226600.63316396455,72.20364583333333,-154634.6168360354,True
3481,259.34,77.80199999999999,259.34,179009.5200000004,226522.83116396455,72.1914625,-154575.89937353545,True
3482,214.66,64.398,214.66,179073.91800000038,226458.43316396457,72.19426666666666,-154582.90630270206,True
3483,222.36,66.708,222.36,179140.6260000004,226391.72516396455,72.20827916666666,-154651.36399853538,True
3484,338.47,101.541,338.47,179242.1670000004,226290.18416396456,72.258225,-154944.2109360354,True
3485,196.28,58.884,196.28,179301.05100000039,226231.30016396457,72.25324583333334,-154904.57160686882,True
3486,215.21,64.563,215.21,179365.61400000038,226166.73716396457,72.23070833333333,-154778.01858603538,True
3487,215.44,64.63199999999999,215.44,179430.2460000004,226102.10516396456,72.23424166666668,-154789.05114436883,True
3488,238.34,71.502,238.34,179501.7480000004,226030.60316396455,72.24882083333333,-154865.18026936872,True
3489,225.11,67.533,225.11,179569.2810000004,225963.07016396456,72.26813333333332,-154962.26063603538,True
3490,253.48,76.044,253.48,179645.3250000004,225887.02616396456,72.28382916666666,-155048.75354436875,True
3491,243.93,73.179,243.93,179718.5040000004,225813.84716396456,72.30013749999999,-155135.57732353537,True
3492,233.03,69.90899999999999,233.03,179788.4130000004,225743.93816396454,72.30121666666666,-155138.87123603543,True
3493,219.87,65.961,219.87,179854.37400000042,225677.97716396453,72.3034875,-155144.4914985355,True
3494,222.17,66.651,222.17,179921.02500000043,225611.32616396452,72.30988333333333,-155172.5194693688,True
3495,277.08,83.124,277.08,180004.14900000044,225528.2021639645,72.3403125,-155343.54314853548,True
3496,214.42,64.326,214.42,180068.47500000044,225463.8761639645,72.35195,-155396.78863603552,True
3497,296.61,88.983,296.61,180157.45800000045,225374.8931639645,72.34908333333334,-155398.33241936885,True
3498,248.41,74.523,248.41,180231.98100000044,225300.37016396452,72.364075,-155479.39248603547,True
3499,261.53,78.45899999999999,261.53,180310.44000000044,225221.9111639645,72.378125,-155559.40446103548,True
3500,259.23,77.769,259.23,180388.20900000044,225144.1421639645,72.40844166666666,-155724.26100270211,True
3501,251.59,75.477,251.59,180463.68600000045,225068.6651639645,72.40008333333333,-155683.37308603548,True
3502,223.64,67.092,223.64,180530.77800000046,225001.5731639645,72.40907916666666,-155725.3650943688,True
3503,252.08,75.624,252.08,180606.40200000047,224925.94916396448,72.43707916666666,-155875.77601520217,True
3504,224.68,67.404,224.68,180673.80600000048,224858.54516396447,72.43254166666667,-155846.89383603554,True
3505,230.49,69.147,230.49,180742.95300000047,224789.39816396448,72.40595416666666,-155703.8909818688,True
3506,268.91,80.673,268.91,180823.62600000048,224708.72516396447,72.43481249999999,-155863.77971103552,True
3507,230.96,69.288,230.96,180892.91400000048,224639.43716396447,72.44707083333333,-155925.0259235355,True
3508,270.49,81.147,270.49,180974.06100000048,224558.29016396447,72.45219166666666,-155960.62046936885,True
3509,242.41,72.723,242.41,181046.78400000048,224485.56716396447,72.45842083333334,-155993.60063186885,True
3510,214.56,64.368,214.56,181111.15200000047,224421.19916396448,72.46779166666667,-156034.70708603552,True
3511,241.01,72.303,241.01,181183.45500000048,224348.89616396447,72.44359583333333,-155907.5383652022,True
3512,267.41,80.223,267.41,181263.67800000048,224268.67316396447,72.4414625,-155904.12203603552,True
3513,275.2,82.55999999999999,275.2,181346.23800000048,224186.11316396447,72.44995,-155958.77448603552,True
3514,300.41,90.123,300.41,181436.36100000047,224095.99016396448,72.45720416666667,-156014.50289436887,True
3515,250.25,75.075,250.25,181511.43600000048,224020.91516396447,72.43519583333332,-155901.68698186884,True
3516,258.68,77.604,258.68,181589.04000000047,223943.31116396448,72.45941666666667,-156033.86983603556,True
3517,201.67,60.50099999999999,201.67,181649.54100000046,223882.8101639645,72.445975,-155951.43676103555,True
3518,209.95,62.98499999999999,209.95,181712.52600000045,223819.8251639645,72.45405416666667,-155984.32677770217,True
3519,221.54,66.46199999999999,221.54,181778.98800000045,223753.3631639645,72.45489583333334,-155982.7458985355,True
3520,288.45,86.535,288.45,181865.52300000045,223666.8281639645,72.48883749999999,-156174.68033603544,True
3521,284.05,85.215,284.05,181950.73800000045,223581.6131639645,72.51138333333333,-156305.52411936878,True
3522,333.22,99.966,333.22,182050.70400000043,223481.64716396452,72.55708333333334,-156572.35533603549,True
3523,233.5,70.05,233.5,182120.75400000042,223411.59716396453,72.56435833333333,-156607.94742770214,True
3524,252.2,75.66,252.2,182196.41400000043,223335.93716396453,72.5575875,-156575.59098603544,True
3525,207.15,62.145,207.15,182258.55900000042,223273.79216396454,72.53293333333332,-156436.11383603537,True
3526,215.05,64.515,215.05,182323.07400000043,223209.27716396452,72.53967499999999,-156463.38178603543,True
3527,370.52,111.156,370.52,182434.23000000042,223098.12116396453,72.58615833333333,-156745.2453943688,True
3528,249.81,74.943,249.81,182509.17300000042,223023.17816396453,72.57330416666666,-156680.34923603543,True
3529,237.98,71.39399999999999,237.98,182580.56700000042,222951.78416396453,72.57057499999999,-156664.89366103543,True
3530,217.9,65.37,217.9,182645.9370000004,222886.41416396454,72.571625,-156663.18458603547,True
3531,405.97,121.791,405.97,182767.7280000004,222764.62316396454,72.64832499999999,-157113.4682610354,True
3532,262.96,78.88799999999999,262.96,182846.61600000042,222685.73516396453,72.66915416666666,-157228.60281936874,True
3533,225.78,67.734,225.78,182914.3500000004,222618.00116396454,72.65467916666667,-157148.0068402021,True
3534,274.05,82.215,274.05,182996.5650000004,222535.78616396454,72.664425,-157208.4988860354,True
3535,237.75,71.325,237.75,183067.89000000042,222464.46116396453,72.640175,-157080.45321103546,True
3536,200.66,60.19799999999999,200.66,183128.08800000043,222404.26316396453,72.63620833333333,-157047.28916936877,True
3537,221.42,66.42599999999999,221.42,183194.51400000043,222337.83716396452,72.64632083333332,-157093.89654853538,True
3538,235.93,70.779,235.93,183265.29300000044,222267.0581639645,72.67007083333334,-157216.05172770217,True
3539,223.24,66.972,223.24,183332.26500000045,222200.0861639645,72.67254583333333,-157223.27563186883,True
3540,245.88,73.764,245.88,183406.02900000045,222126.3221639645,72.69136666666667,-157322.6118360355,True
3541,220.49,66.147,220.49,183472.17600000044,222060.1751639645,72.66419583333332,-157174.2628902021,True
3542,249.22,74.76599999999999,249.22,183546.94200000045,221985.4091639645,72.68682916666667,-157294.46542770218,True
3543,214.5,64.35,214.5,183611.29200000045,221921.0591639645,72.65360416666665,-157112.79377353544,True
3544,237.19,71.157,237.19,183682.44900000046,221849.9021639645,72.6798625,-157248.2606360355,True
3545,219.08,65.724,219.08,183748.17300000045,221784.1781639645,72.69335833333332,-157311.68554436878,True
3546,222.6,66.78,222.6,183814.95300000045,221717.3981639645,72.71187499999999,-157402.31808603543,True
3547,303.49,91.047,303.49,183906.00000000044,221626.35116396451,72.75103333333333,-157624.7856027021,True
3548,242.18,72.654,242.18,183978.65400000045,221553.6971639645,72.7545875,-157643.2128860355,True
3549,217.26,65.178,217.26,184043.83200000046,221488.5191639645,72.764725,-157688.4628110355,True
3550,255.99,76.797,255.99,184120.62900000045,221411.7221639645,72.73381249999998,-157531.4409610354,True
3551,266.77,80.03099999999999,266.77,184200.66000000044,221331.6911639645,72.75977083333333,-157673.95510686882,True
3552,245.24,73.572,245.24,184274.23200000043,221258.11916396453,72.76626666666667,-157708.59763603547,True
3553,283.81,85.143,283.81,184359.37500000044,221172.97616396451,72.7966875,-157879.37564853553,True
3554,228.17,68.451,228.17,184427.82600000044,221104.5251639645,72.7969,-157876.13623603547,True
3555,268.5,80.55,268.5,184508.37600000043,221023.97516396453,72.81210416666666,-157963.02702353543,True
3556,249.49,74.847,249.49,184583.22300000043,220949.12816396452,72.82269166666667,-158020.15926936883,True
3557,212.51,63.75299999999999,212.51,184646.97600000043,220885.37516396452,72.81582916666666,-157975.3839902021,True
3558,256.24,76.872,256.24,184723.84800000043,220808.50316396452,72.83424583333333,-158075.24366103546,True
3559,251.59,75.477,251.59,184799.32500000045,220733.0261639645,72.84009583333334,-158108.3122652022,True
3560,253.83,76.149,253.83,184875.47400000045,220656.8771639645,72.8554125,-158191.26783603552,True
3561,213.82,64.146,213.82,184939.62000000046,220592.7311639645,72.84892083333332,-158148.80824853544,True
3562,278.55,83.565,278.55,185023.18500000046,220509.1661639645,72.87885416666667,-158315.11779436888,True
3563,317.93,95.379,317.93,185118.56400000045,220413.7871639645,72.91167083333333,-158508.16615686883,True
3564,199.17,59.75099999999999,199.17,185178.31500000044,220354.0361639645,72.90632916666665,-158467.25018603538,True
3565,242.56,72.768,242.56,185251.08300000045,220281.2681639645,72.92255,-158551.37908603548,True
3566,231.94,69.582,231.94,185320.66500000044,220211.6861639645,72.91933333333333,-158531.33116936882,True
3567,252.91,75.87299999999999,252.91,185396.53800000044,220135.8131639645,72.9338875,-158609.86462353545,True
3568,261.16,78.348,261.16,185474.88600000044,220057.46516396452,72.968925,-158797.19343603545,True
3569,257.76,77.32799999999999,257.76,185552.21400000044,219980.1371639645,72.99563333333333,-158940.19546936883,True
3570,279.38,83.814,279.38,185636.02800000046,219896.3231639645,73.01462083333334,-159049.5589610355,True
3571,215.77,64.731,215.77,185700.75900000046,219831.5921639645,73.0170875,-159054.07487353552,True
3572,286.32,85.896,286.32,185786.65500000046,219745.6961639645,73.05404166666668,-159258.67200270222,True
3573,260.75,78.225,260.75,185864.88000000047,219667.47116396448,73.06985,-159345.84078603552,True
3574,226.27,67.881,226.27,185932.76100000046,219599.5901639645,73.0637625,-159309.0821610355,True
3575,258.76,77.628,258.76,186010.38900000046,219521.9621639645,73.09263333333332,-159463.34166936882,True
3576,256.95,77.085,256.95,186087.47400000045,219444.8771639645,73.09092916666667,-159458.49963603553,True
3577,240.6,72.17999999999999,240.6,186159.65400000045,219372.6971639645,73.0753625,-159376.90667353547,True
3578,239.99,71.997,239.99,186231.65100000045,219300.7001639645,73.08477083333334,-159424.58229436885,True
3579,246.02,73.806,246.02,186305.45700000046,219226.8941639645,73.06132083333333,-159303.8090735355,True
3580,303.26,90.978,303.26,186396.43500000046,219135.9161639645,73.0443875,-159234.01108603552,True
3581,343.21,102.963,343.21,186499.39800000045,219032.9531639645,73.09993333333333,-159551.6015693688,True
3582,254.0,76.2,254.0,186575.59800000046,218956.7531639645,73.07643750000001,-159433.04021103558,True
3583,243.25,72.975,243.25,186648.57300000047,218883.77816396448,73.04344166666667,-159262.11934436884,True
3584,225.97,67.791,225.97,186716.36400000047,218815.98716396448,73.05342083333333,-159308.51906936883,True
3585,255.27,76.581,255.27,186792.94500000047,218739.40616396448,73.06489166666667,-159371.40821103554,True
3586,255.62,76.68599999999999,255.62,186869.63100000046,218662.7201639645,73.08504583333333,-159479.30697770213,True
3587,215.21,64.563,215.21,186934.19400000045,218598.1571639645,73.0822,-159456.0634360355,True
3588,227.91,68.37299999999999,227.91,187002.56700000045,218529.7841639645,73.0910375,-159497.06178603548,True
3589,236.91,71.073,236.91,187073.64000000045,218458.7111639645,73.08058750000001,-159441.00679853556,True
3590,241.52,72.456,241.52,187146.09600000046,218386.2551639645,73.05873749999999,-159327.4177110355,True
3591,243.6,73.08,243.6,187219.17600000044,218313.1751639645,73.05146666666667,-159289.85603603552,True
3592,221.7,66.50999999999999,221.7,187285.68600000045,218246.6651639645,73.04572083333332,-159253.62010270212,True
3593,271.1,81.33,271.1,187367.01600000044,218165.3351639645,73.04846666666667,-159276.09210270215,True
3594,237.03,71.109,237.03,187438.12500000044,218094.22616396451,73.05699999999999,-159318.23583603543,True
3595,221.7,66.50999999999999,221.7,187504.63500000045,218027.7161639645,73.02953333333333,-159169.82350270214,True
3596,294.03,88.20899999999999,294.03,187592.84400000045,217939.5071639645,73.0579875,-159331.94028603547,True
3597,280.43,84.129,280.43,187676.97300000043,217855.37816396452,73.08427916666666,-159478.75517353546,True
3598,268.38,80.514,268.38,187757.48700000043,217774.86416396452,73.1067625,-159602.2438610355,True
3599,252.0,75.6,252.0,187833.08700000044,217699.26416396452,73.10977083333334,-159620.26310686886,True
3600,244.12,73.236,244.12,187906.32300000044,217626.0281639645,73.09481666666666,-159543.22583603545,True
3601,201.07,60.321,201.07,187966.64400000044,217565.70716396451,73.06423749999999,-159372.69409853546,True
3602,221.85,66.55499999999999,221.85,188033.19900000043,217499.15216396452,73.07747916666666,-159434.4853777021,True
3603,292.99,87.897,292.99,188121.09600000043,217411.25516396452,73.096975,-159549.8449110355,True
3604,227.91,68.37299999999999,227.91,188189.46900000042,217342.88216396453,73.10499166666666,-159586.45486936878,True
3605,225.37,67.611,225.37,188257.08000000042,217275.27116396453,73.0698625,-159399.87002353545,True
3606,368.78,110.634,368.78,188367.71400000041,217164.63716396454,73.14285833333332,-159813.65468603538,True
3607,206.42,61.926,206.42,188429.64000000042,217102.71116396453,73.15026666666667,-159840.6129693688,True
3608,230.9,69.27,230.9,188498.9100000004,217033.44116396454,73.14087083333332,-159788.32536936874,True
3609,277.2,83.16,277.2,188582.0700000004,216950.28116396454,73.1709625,-159953.34667353547,True
3610,296.98,89.09400000000001,296.98,188671.16400000043,216861.18716396453,73.20685416666666,-160154.11179436874,True
3611,257.43,77.229,257.43,188748.39300000042,216783.95816396453,73.2295625,-160275.05914853545,True
3612,276.94,83.082,276.94,188831.4750000004,216700.87616396454,73.26482083333333,-160466.42148603543,True
3613,232.74,69.822,232.74,188901.2970000004,216631.05416396455,73.25875833333333,-160431.7749777021,True
3614,207.65,62.295,207.65,188963.5920000004,216568.75916396454,73.25952916666667,-160424.77792770212,True
3615,269.49,80.847,269.49,189044.43900000042,216487.91216396453,73.28122083333334,-160543.9690235355,True
3616,219.61,65.883,219.61,189110.32200000042,216422.02916396453,73.28847916666666,-160573.90766936875,True
3617,238.99,71.697,238.99,189182.0190000004,216350.33216396454,73.29959999999998,-160629.51063603538,True
3618,225.32,67.59599999999999,225.32,189249.6150000004,216282.73616396455,73.2992875,-160622.20016103546,True
3619,268.21,80.463,268.21,189330.0780000004,216202.27316396456,73.31254999999999,-160697.5463860354,True
3620,269.64,80.892,269.64,189410.97000000038,216121.38116396457,73.31966249999999,-160741.6840860354,True
3621,253.71,76.113,253.71,189487.0830000004,216045.26816396456,73.30251666666666,-160656.3649860354,True
3622,273.62,82.086,273.62,189569.1690000004,215963.18216396455,73.28992083333333,-160600.4310777021,True
3623,218.02,65.406,218.02,189634.5750000004,215897.77616396456,73.2901,-160593.46753603543,True
3624,256.82,77.04599999999999,256.82,189711.6210000004,215820.73016396456,73.2468875,-160375.28403603542,True
3625,218.81,65.643,218.81,189777.2640000004,215755.08716396455,73.24765,-160371.59558603543,True
3626,233.38,70.014,233.38,189847.2780000004,215685.07316396455,73.24677916666666,-160363.89107770205,True
3627,264.0,79.2,264.0,189926.4780000004,215605.87316396454,73.25334583333333,-160403.55099853541,True
3628,236.04,70.812,236.04,189997.29000000042,215535.06116396454,73.2483125,-160375.27858603545,True
3629,235.97,70.791,235.97,190068.0810000004,215464.27016396454,73.2458,-160359.92963603546,True
3630,232.23,69.669,232.23,190137.7500000004,215394.60116396454,73.24544166666666,-160354.51458603545,True
3631,243.1,72.92999999999999,243.1,190210.6800000004,215321.67116396455,73.26635416666666,-160461.45935686876,True
3632,269.05,80.715,269.05,190291.3950000004,215240.95616396455,73.28379166666667,-160558.32750270216,True
3633,250.2,75.05999999999999,250.2,190366.4550000004,215165.89616396456,73.25425,-160408.64358603544,True
3634,211.75,63.525,211.75,190429.9800000004,215102.37116396456,73.26068333333333,-160431.8916027021,True
3635,209.5,62.85,209.5,190492.8300000004,215039.52116396456,73.2674625,-160456.22414853543,True
3636,223.93,67.179,223.93,190560.0090000004,214972.34216396455,73.28344583333333,-160532.03428603543,True
3637,188.73,56.61899999999999,188.73,190616.6280000004,214915.72316396455,73.2908875,-160553.49349853545,True
3638,287.06,86.118,287.06,190702.7460000004,214829.60516396456,73.3169875,-160700.0048110354,True
3639,240.75,72.225,240.75,190774.9710000004,214757.38016396455,73.3242875,-160736.29612353546,True
3640,230.46,69.138,230.46,190844.1090000004,214688.24216396455,73.33206249999999,-160771.91783603543,True
3641,226.75,68.02499999999999,226.75,190912.1340000004,214620.21716396455,73.31877916666667,-160698.61339020214,True
3642,215.33,64.599,215.33,190976.7330000004,214555.61816396457,73.30397083333332,-160614.10456103538,True
3643,227.89,68.36699999999999,227.89,191045.10000000038,214487.25116396457,73.28910416666666,-160533.09485686873,True
3644,245.18,73.554,245.18,191118.6540000004,214413.69716396456,73.28849166666667,-160530.22620270215,True
3645,239.39,71.817,239.39,191190.4710000004,214341.88016396455,73.29786250000001,-160576.6865235355,True
3646,235.01,70.503,235.01,191260.9740000004,214271.37716396456,73.30625833333332,-160616.827952702,True
3647,381.22,114.366,381.22,191375.3400000004,214157.01116396455,73.36799583333334,-160973.55153186884,True
3648,272.35,81.705,272.35,191457.0450000004,214075.30616396456,73.37372083333334,-161011.15473603545,True
3649,255.59,76.67699999999999,255.59,191533.7220000004,213998.62916396456,73.38501666666667,-161072.1910193688,True
3650,266.56,79.968,266.56,191613.69000000038,213918.66116396457,73.39479583333333,-161128.74554436878,True
3651,235.12,70.536,235.12,191684.22600000037,213848.12516396458,73.37038333333334,-161001.16328603541,True
3652,282.32,84.696,282.32,191768.92200000037,213763.42916396458,73.39490833333333,-161137.76260270207,True
3653,250.94,75.282,250.94,191844.20400000038,213688.14716396458,73.406525,-161198.97601103544,True
3654,263.61,79.083,263.61,191923.2870000004,213609.06416396456,73.39681666666667,-161155.08173603544,True
3655,225.57,67.67099999999999,225.57,191990.9580000004,213541.39316396456,73.38339166666667,-161080.82129436877,True
3656,251.54,75.46199999999999,251.54,192066.4200000004,213465.93116396456,73.387375,-161103.23083603545,True
3657,288.78,86.63399999999999,288.78,192153.05400000038,213379.29716396457,73.4088625,-161226.12817353543,True
3658,256.5,76.95,256.5,192230.0040000004,213302.34716396456,73.41634583333332,-161267.84927770207,True
3659,265.95,79.785,265.95,192309.7890000004,213222.56216396455,73.43259166666667,-161357.08792770212,True
3660,266.5,79.95,266.5,192389.7390000004,213142.61216396454,73.4538,-161471.76783603546,True
3661,254.8,76.44,254.8,192466.1790000004,213066.17216396454,73.475875,-161587.31446103548,True
3662,272.24,81.672,272.24,192547.8510000004,212984.50016396455,73.5075625,-161757.0534610355,True
3663,220.18,66.054,220.18,192613.9050000004,212918.44616396455,73.49829583333333,-161702.3676985354,True
3664,231.17,69.351,231.17,192683.2560000004,212849.09516396455,73.51365416666667,-161776.4864693688,True
3665,232.77,69.831,232.77,192753.0870000004,212779.26416396454,73.52746666666667,-161843.17850270215,True
3666,263.1,78.93,263.1,192832.0170000004,212700.33416396455,73.551425,-161970.62478603545,True
3667,257.2,77.16,257.2,192909.1770000004,212623.17416396455,73.571325,-162075.58406103545,True
3668,268.66,80.598,268.66,192989.7750000004,212542.57616396455,73.580675,-162130.22093603548,True
3669,227.46,68.238,227.46,193058.0130000004,212474.33816396454,73.53530416666666,-161893.8953485354,True
3670,237.01,71.103,237.01,193129.11600000042,212403.23516396453,73.50045416666666,-161714.07654436873,True
3671,286.73,86.019,286.73,193215.13500000042,212317.21616396453,73.53852916666666,-161920.3587652021,True
3672,262.27,78.681,262.27,193293.81600000043,212238.53516396452,73.54209166666668,-161943.62723603557,True
3673,277.86,83.358,277.86,193377.17400000044,212155.17716396452,73.54569583333333,-161971.7775402021,True
3674,258.4,77.52,258.4,193454.69400000043,212077.65716396453,73.5446125,-161970.24201103544,True
3675,217.05,65.115,217.05,193519.80900000042,212012.54216396454,73.53004166666666,-161887.71971103543,True
3676,299.84,89.95199999999998,299.84,193609.7610000004,211922.59016396455,73.55141666666667,-162012.8121693688,True
3677,285.58,85.67399999999999,285.58,193695.4350000004,211836.91616396455,73.55954166666668,-162066.2341277022,True
3678,253.46,76.038,253.46,193771.4730000004,211760.87816396455,73.56745,-162108.9027360354,True
3679,199.98,59.99399999999999,199.98,193831.4670000004,211700.88416396454,73.54224583333334,-161967.26691520214,True
3680,245.15,73.545,245.15,193905.01200000042,211627.33916396453,73.54354166666667,-161973.85250270218,True
3681,282.52,84.75599999999999,282.52,193989.76800000042,211542.58316396453,73.56984583333333,-162118.66382353546,True
3682,233.63,70.089,233.63,194059.85700000043,211472.49416396453,73.5737125,-162134.8179110355,True
3683,234.67,70.401,234.67,194130.25800000044,211402.0931639645,73.58401666666667,-162183.9594527022,True
3684,271.27,81.38099999999999,271.27,194211.63900000043,211320.71216396452,73.61259583333333,-162336.82428603544,True
3685,227.77,68.331,227.77,194279.97000000044,211252.3811639645,73.61239166666667,-162330.5065443688,True
3686,245.14,73.54199999999999,245.14,194353.51200000042,211178.83916396453,73.6289625,-162414.51656103545,True
3687,199.43,59.829,199.43,194413.34100000042,211119.01016396453,73.59817916666667,-162244.55274853547,True
3688,253.33,75.999,253.33,194489.34000000043,211043.01116396452,73.62177083333333,-162366.61050270213,True
3689,259.94,77.982,259.94,194567.32200000042,210965.02916396453,73.64277916666666,-162477.50399020207,True
3690,277.29,83.187,277.29,194650.50900000043,210881.84216396452,73.66629999999999,-162606.29883603542,True
3691,224.28,67.28399999999999,224.28,194717.79300000044,210814.5581639645,73.65912916666666,-162563.56758186876,True
3692,330.84,99.252,330.84,194817.04500000045,210715.3061639645,73.69827916666667,-162787.57265270216,True
3693,265.63,79.689,265.63,194896.73400000046,210635.6171639645,73.7209625,-162908.4998235355,True
3694,283.6,85.08,283.6,194981.81400000045,210550.5371639645,73.72355833333333,-162933.00935270215,True
3695,274.1,82.23,274.1,195064.04400000046,210468.3071639645,73.75092083333332,-163080.10685686878,True
3696,284.54,85.36200000000001,284.54,195149.40600000045,210382.9451639645,73.76630833333333,-163169.64023603548,True
3697,267.3,80.19,267.3,195229.59600000046,210302.7551639645,73.79044166666667,-163298.25099436883,True
3698,251.63,75.48899999999999,251.63,195305.08500000046,210227.2661639645,73.78047916666667,-163249.51937770218,True
3699,233.97,70.191,233.97,195375.27600000045,210157.0751639645,73.78464166666667,-163266.9963110355,True
3700,292.23,87.669,292.23,195462.94500000044,210069.4061639645,73.80899583333333,-163404.11275270212,True
3701,209.67,62.901,209.67,195525.84600000046,210006.5051639645,73.81192916666667,-163408.04449020218,True
3702,287.7,86.30999999999999,287.7,195612.15600000045,209920.1951639645,73.82067916666666,-163464.80006103546,True
3703,291.44,87.432,291.44,195699.58800000045,209832.7631639645,73.85075416666666,-163630.5006568688,True
3704,216.08,64.824,216.08,195764.41200000045,209767.9391639645,73.81609166666667,-163446.22030270213,True
3705,233.98,70.19399999999999,233.98,195834.60600000044,209697.74516396452,73.82709999999999,-163498.24533603544,True
3706,216.26,64.878,216.26,195899.48400000043,209632.86716396452,73.8252625,-163480.00951103543,True
3707,227.14,68.142,227.14,195967.62600000043,209564.72516396453,73.82522499999999,-163474.1367610354,True
3708,276.04,82.812,276.04,196050.43800000043,209481.91316396452,73.84757499999999,-163596.03573603544,True
3709,267.77,80.33099999999999,267.77,196130.76900000044,209401.58216396451,73.8734875,-163733.40319853544,True
3710,250.03,75.009,250.03,196205.77800000043,209326.57316396452,73.90082916666667,-163872.61412770217,True
3711,223.05,66.915,223.05,196272.69300000044,209259.65816396452,73.9074875,-163899.2462235355,True
3712,207.22,62.166,207.22,196334.85900000043,209197.49216396452,73.9046375,-163873.11793603553,True
3713,224.85,67.455,224.85,196402.31400000042,209130.03716396453,73.91774166666666,-163932.80502770207,True
3714,253.28,75.984,253.28,196478.29800000042,209054.05316396453,73.9170125,-163931.19191103545,True
3715,242.18,72.654,242.18,196550.95200000043,208981.39916396452,73.89374583333334,-163812.5485652022,True
3716,274.91,82.473,274.91,196633.42500000042,208898.92616396453,73.90805416666666,-163893.29905270212,True
3717,310.19,93.057,310.19,196726.48200000043,208805.86916396453,73.95959583333334,-164172.3726235355,True
3718,264.67,79.401,264.67,196805.88300000044,208726.4681639645,73.97043749999999,-164232.4777110354,True
3719,224.22,67.26599999999999,224.22,196873.14900000044,208659.2021639645,73.95649583333334,-164155.49333186884,True
3720,301.68,90.504,301.68,196963.65300000043,208568.69816396452,73.98545,-164317.96983603548,True
3721,248.81,74.643,248.81,197038.29600000044,208494.0551639645,73.99598333333333,-164371.70485270215,True
3722,250.33,75.099,250.33,197113.39500000043,208418.95616396453,73.99120833333333,-164348.75141936878,True
3723,257.53,77.25899999999999,257.53,197190.65400000042,208341.69716396453,73.97580416666666,-164274.42842353546,True
3724,228.73,68.619,228.73,197259.27300000042,208273.07816396453,73.96724166666667,-164225.95086936883,True
3725,222.89,66.86699999999999,222.89,197326.14000000042,208206.21116396453,73.94073333333334,-164085.38116936886,True
3726,353.06,105.918,353.06,197432.05800000043,208100.29316396452,73.9952375,-164391.7324110355,True
3727,242.7,72.80999999999999,242.7,197504.86800000042,208027.48316396453,74.007725,-164453.39676103543,True
3728,254.11,76.233,254.11,197581.10100000043,207951.25016396452,74.0340875,-164588.2781360355,True
3729,248.46,74.538,248.46,197655.63900000043,207876.71216396452,74.05493333333332,-164693.65743603546,True
3730,230.68,69.204,230.68,197724.84300000043,207807.50816396452,74.07459166666666,-164787.68791936882,True
3731,207.04,62.112,207.04,197786.95500000042,207745.39616396453,74.06191249999999,-164711.96179853543,True
3732,206.22,61.866,206.22,197848.82100000043,207683.53016396452,74.06165833333333,-164698.48793603547,True
3733,239.63,71.889,239.63,197920.71000000043,207611.64116396452,74.08265,-164801.8403860355,True
3734,205.16,61.548,205.16,197982.25800000044,207550.0931639645,74.0833875,-164793.01241103548,True
3735,221.04,66.312,221.04,198048.57000000044,207483.7811639645,74.08795833333332,-164808.2094610354,True
3736,253.15,75.945,253.15,198124.51500000045,207407.8361639645,74.1107375,-164924.50903603548,True
3737,222.7,66.80999999999999,222.7,198191.32500000045,207341.0261639645,74.11065833333333,-164916.81064436884,True
3738,252.31,75.693,252.31,198267.01800000045,207265.3331639645,74.08192083333333,-164774.0732610355,True
3739,242.72,72.816,242.72,198339.83400000044,207192.5171639645,74.09294583333333,-164828.16386520216,True
3740,282.48,84.744,282.48,198424.57800000045,207107.7731639645,74.10059999999999,-164877.23883603542,True
3741,233.22,69.966,233.22,198494.54400000043,207037.80716396452,74.11354166666666,-164938.05846103546,True
3742,269.28,80.78399999999999,269.28,198575.32800000045,206957.0231639645,74.13473333333333,-165051.06870270212,True
3743,248.75,74.625,248.75,198649.95300000045,206882.3981639645,74.128875,-165022.16771103546,True
3744,267.19,80.157,267.19,198730.11000000045,206802.2411639645,74.14983749999999,-165133.34373603546,True
3745,243.92,73.17599999999999,243.92,198803.28600000046,206729.0651639645,74.1605,-165185.84233603548,True
3746,337.61,101.283,337.61,198904.56900000045,206627.7821639645,74.20075416666667,-165414.79922770217,True
3747,306.41,91.923,306.41,198996.49200000046,206535.8591639645,74.21056666666667,-165481.7115360355,True
3748,228.94,68.682,228.94,199065.17400000046,206467.1771639645,74.19334166666667,-165389.85126936884,True
3749,231.09,69.327,231.09,199134.50100000045,206397.8501639645,74.19854583333334,-165411.06300686888,True
3750,225.51,67.65299999999999,225.51,199202.15400000045,206330.1971639645,74.16127499999999,-165217.79058603547,True
3751,262.88,78.86399999999999,262.88,199281.01800000045,206251.3331639645,74.18669166666666,-165349.80539436883,True
3752,234.46,70.338,234.46,199351.35600000044,206180.99516396452,74.17395833333332,-165282.18816936872,True
3753,242.49,72.747,242.49,199424.10300000044,206108.2481639645,74.19006666666667,-165361.41563603547,True
3754,234.31,70.29299999999999,234.31,199494.39600000044,206037.9551639645,74.17890833333333,-165301.65995270215,True
3755,354.44,106.332,354.44,199600.72800000044,205931.6231639645,74.23107083333333,-165594.8863568688,True
3756,226.19,67.857,226.19,199668.58500000043,205863.76616396452,74.23330833333334,-165599.7087360355,True
3757,245.01,73.503,245.01,199742.08800000043,205790.26316396453,74.24920833333333,-165678.52612770212,True
3758,262.05,78.615,262.05,199820.70300000042,205711.64816396454,74.26214166666666,-165747.5844527021,True
3759,296.14,88.842,296.14,199909.54500000042,205622.80616396453,74.30220416666667,-165962.5168735355,True
3760,255.14,76.54199999999999,255.14,199986.0870000004,205546.26416396454,74.33089166666666,-166108.19416936877,True
3761,269.37,80.81099999999999,269.37,200066.8980000004,205465.45316396456,74.34295833333333,-166174.99554436875,True
3762,353.71,106.113,353.71,200173.0110000004,205359.34016396455,74.392525,-166454.4997860355,True
3763,241.46,72.438,241.46,200245.4490000004,205286.90216396455,74.38778333333333,-166428.8511527021,True
3764,230.4,69.12,230.4,200314.5690000004,205217.78216396456,74.38170833333334,-166393.23266936876,True
3765,354.58,106.374,354.58,200420.9430000004,205111.40816396454,74.43642083333333,-166698.51389853543,True
3766,278.9,83.66999999999999,278.9,200504.61300000042,205027.73816396453,74.44627083333333,-166756.93837770214,True
3767,305.65,91.695,305.65,200596.30800000043,204936.04316396452,74.47975,-166941.34858603543,True
3768,263.94,79.182,263.94,200675.49000000043,204856.86116396452,74.47855,-166940.06043603548,True
3769,245.99,73.797,245.99,200749.28700000042,204783.06416396453,74.49105833333333,-167001.80797770212,True
3770,242.19,72.657,242.19,200821.94400000043,204710.40716396453,74.50716249999999,-167080.33371103543,True
3771,313.49,94.047,313.49,200915.99100000042,204616.36016396453,74.47138333333332,-166921.37128603543,True
3772,258.79,77.637,258.79,200993.6280000004,204538.72316396455,74.48384583333333,-166986.69985270212,True
3773,211.03,63.309,211.03,201056.9370000004,204475.41416396454,74.48066666666666,-166959.6705027021,True
3774,318.05,95.415,318.05,201152.35200000042,204379.99916396453,74.526275,-167208.0079860355,True
3775,229.84,68.952,229.84,201221.3040000004,204311.04716396454,74.5210875,-167176.57402353542,True
3776,275.35,82.605,275.35,201303.90900000042,204228.44216396453,74.55360833333333,-167346.7417693688,True
3777,241.3,72.39,241.3,201376.29900000044,204156.05216396452,74.54103333333333,-167281.91693603547,True
3778,210.0,63.0,210.0,201439.29900000044,204093.05216396452,74.53634166666667,-167247.00201936884,True
3779,368.11,110.433,368.11,201549.73200000043,203982.61916396453,74.60560833333334,-167627.9159443688,True
3780,227.73,68.31899999999999,227.73,201618.0510000004,203914.30016396454,74.61447083333333,-167665.76458603542,True
3781,224.13,67.23899999999999,224.13,201685.29000000042,203847.06116396454,74.58000833333332,-167486.8003277021,True
3782,259.75,77.925,259.75,201763.2150000004,203769.13616396455,74.60430416666667,-167611.0899777021,True
3783,258.87,77.661,258.87,201840.8760000004,203691.47516396455,74.61843333333333,-167684.4675360354,True
3784,225.69,67.707,225.69,201908.5830000004,203623.76816396456,74.61642916666666,-167667.58336936875,True
3785,245.01,73.503,245.01,201982.0860000004,203550.26516396456,74.614,-167654.38483603546,True
3786,264.25,79.27499999999999,264.25,202061.36100000038,203470.99016396457,74.62020833333334,-167689.92608603544,True
3787,209.09,62.727,209.09,202124.0880000004,203408.26316396456,74.6084875,-167619.74517353543,True
3788,224.61,67.383,224.61,202191.4710000004,203340.88016396455,74.59847083333332,-167562.71681936874,True
3789,241.76,72.52799999999999,241.76,202263.9990000004,203268.35216396456,74.59639166666668,-167550.31081103548,True
3790,375.03,112.509,375.03,202376.50800000038,203155.84316396457,74.65832916666666,-167896.05279436876,True
3791,210.81,63.243,210.81,202439.75100000037,203092.60016396458,74.64688749999999,-167827.7838235354,True
3792,223.46,67.038,223.46,202506.78900000037,203025.56216396458,74.63810416666666,-167776.5393360354,True
3793,229.12,68.736,229.12,202575.52500000037,202956.82616396458,74.62524583333332,-167706.76989020203,True
3794,287.66,86.298,287.66,202661.82300000038,202870.52816396457,74.65740416666667,-167878.14092770207,True
3795,249.94,74.982,249.94,202736.80500000037,202795.54616396458,74.63211666666666,-167752.91308603538,True
3796,239.81,71.943,239.81,202808.74800000037,202723.60316396458,74.64520833333333,-167815.21100270207,True
3797,330.46,99.138,330.46,202907.88600000038,202624.46516396457,74.67653750000001,-167995.19044853546,True
3798,227.84,68.352,227.84,202976.2380000004,202556.11316396456,74.67852500000001,-167998.72788603549,True
3799,253.5,76.05,253.5,203052.28800000038,202480.06316396457,74.68605833333332,-168037.472227702,True
3800,290.79,87.23700000000001,290.79,203139.52500000037,202392.82616396458,74.71202083333333,-168178.7971693687,True
3801,258.43,77.529,258.43,203217.05400000038,202315.29716396457,74.71131249999999,-168178.1015235354,True
3802,256.91,77.07300000000001,256.91,203294.1270000004,202238.22416396457,74.73721666666665,-168308.8960693687,True
3803,211.59,63.477,211.59,203357.6040000004,202174.74716396455,74.73622083333333,-168292.69950686878,True
3804,239.13,71.73899999999999,239.13,203429.3430000004,202103.00816396455,74.74602083333333,-168338.27108603547,True
3805,327.34,98.20199999999998,327.34,203527.5450000004,202004.80616396456,74.75555833333334,-168408.98537770216,True
3806,260.07,78.021,260.07,203605.5660000004,201926.78516396455,74.76568333333333,-168462.41006936878,True
3807,247.93,74.379,247.93,203679.94500000039,201852.40616396457,74.78206666666667,-168543.17003603544,True
3808,241.43,72.429,241.43,203752.3740000004,201779.97716396456,74.78454583333334,-168553.09380270212,True
3809,218.72,65.616,218.72,203817.9900000004,201714.36116396455,74.79288333333334,-168585.2042193688,True
3810,276.84,83.05199999999999,276.84,203901.0420000004,201631.30916396456,74.81042083333332,-168680.2739610354,True
3811,255.65,76.695,255.65,203977.7370000004,201554.61416396455,74.80305416666666,-168645.7009068687,True
3812,238.21,71.463,238.21,204049.2000000004,201483.15116396456,74.81524583333334,-168702.6852193688,True
3813,225.14,67.54199999999999,225.14,204116.74200000038,201415.60916396457,74.77835416666667,-168512.90889853548,True
3814,367.0,110.1,367.0,204226.84200000038,201305.50916396457,74.84706666666666,-168888.08256936874,True
3815,240.23,72.06899999999999,240.23,204298.91100000037,201233.44016396458,74.83760833333332,-168838.53304436867,True
3816,296.0,88.8,296.0,204387.71100000036,201144.6401639646,74.85421666666667,-168934.60703603545,True
3817,232.43,69.729,232.43,204457.44000000035,201074.9111639646,74.84342916666667,-168876.15920686873,True
3818,245.59,73.67699999999999,245.59,204531.11700000035,201001.2341639646,74.86160416666667,-168964.81362770204,True
3819,270.81,81.243,270.81,204612.36000000034,200919.99116396462,74.88794166666666,-169101.32861103537,True
3820,251.56,75.468,251.56,204687.82800000033,200844.52316396462,74.86612916666667,-168994.15491936874,True
3821,262.61,78.783,262.61,204766.61100000032,200765.74016396463,74.8286125,-168812.77697353542,True
3822,232.84,69.852,232.84,204836.46300000034,200695.8881639646,74.80454166666667,-168688.9385860354,True
3823,243.65,73.095,243.65,204909.55800000034,200622.7931639646,74.8106625,-168717.44759853542,True
3824,265.6,79.68,265.6,204989.23800000033,200543.11316396462,74.800175,-168670.55063603536,True
3825,301.87,90.561,301.87,205079.79900000032,200452.55216396463,74.83790833333333,-168872.52546103534,True
3826,261.78,78.53399999999999,261.78,205158.33300000033,200374.01816396462,74.86144583333333,-168992.35557770205,True
3827,266.68,80.004,266.68,205238.33700000032,200294.01416396463,74.8802875,-169090.44407353536,True
3828,231.53,69.459,231.53,205307.79600000032,200224.55516396463,74.88519583333333,-169109.23068603536,True
3829,263.83,79.14899999999999,263.83,205386.94500000033,200145.40616396462,74.91142916666665,-169242.85105686865,True
3830,294.9,88.46999999999998,294.9,205475.41500000033,200056.93616396462,74.91089166666666,-169253.75975270203,True
3831,222.88,66.86399999999999,222.88,205542.27900000033,199990.07216396462,74.91125416666667,-169247.49962353538,True
3832,265.94,79.782,265.94,205622.06100000034,199910.29016396462,74.93988333333333,-169393.454902702,True
3833,221.71,66.513,221.71,205688.57400000034,199843.7771639646,74.94716249999999,-169420.89247353535,True
3834,259.78,77.93399999999998,259.78,205766.50800000035,199765.8431639646,74.96509583333334,-169512.21891103542,True
3835,253.35,76.005,253.35,205842.51300000036,199689.8381639646,74.98488333333333,-169610.71225270207,True
3836,266.73,80.019,266.73,205922.53200000036,199609.8191639646,75.00052916666665,-169692.786452702,True
3837,241.42,72.42599999999999,241.42,205994.95800000036,199537.3931639646,74.9605375,-169493.33294853542,True
3838,222.64,66.79199999999999,222.64,206061.75000000035,199470.6011639646,74.91767083333333,-169274.17467770207,True
3839,287.02,86.106,287.02,206147.85600000035,199384.4951639646,74.93977499999998,-169394.1376110353,True
3840,259.67,77.901,259.67,206225.75700000036,199306.5941639646,74.94564583333333,-169425.98333603537,True
3841,231.15,69.345,231.15,206295.10200000036,199237.2491639646,74.94966666666667,-169440.16116936877,True
3842,261.31,78.393,261.31,206373.49500000037,199158.85616396458,74.93147083333334,-169354.11739436878,True
3843,298.24,89.472,298.24,206462.96700000038,199069.38416396457,74.96750416666667,-169545.83382353545,True
3844,230.5,69.14999999999999,230.5,206532.11700000038,199000.23416396457,74.97078333333333,-169556.1367027021,True
3845,253.16,75.948,253.16,206608.06500000038,198924.28616396457,74.99168333333333,-169659.8374193687,True
3846,276.96,83.088,276.96,206691.15300000037,198841.19816396458,75.002875,-169722.92958603546,True
3847,215.62,64.68599999999999,215.62,206755.83900000036,198776.5121639646,75.00180833333333,-169707.37217770205,True
3848,262.36,78.708,262.36,206834.54700000037,198697.80416396458,74.97897916666666,-169598.94150270207,True
3849,239.35,71.80499999999999,239.35,206906.35200000036,198625.9991639646,74.99750833333333,-169686.76426103537,True
3850,219.72,65.916,219.72,206972.26800000036,198560.0831639646,74.99555833333332,-169668.10825270202,True
3851,224.82,67.446,224.82,207039.71400000036,198492.6371639646,74.97704583333334,-169569.68083186875,True
3852,254.74,76.422,254.74,207116.13600000035,198416.2151639646,74.99480416666667,-169658.28368603543,True
3853,220.16,66.048,220.16,207182.18400000036,198350.1671639646,74.96091249999999,-169483.03047353536,True
3854,234.12,70.236,234.12,207252.42000000036,198279.9311639646,74.96503333333334,-169498.5223693688,True
3855,297.17,89.151,297.17,207341.57100000037,198190.78016396458,74.99135,-169641.79158603543,True
3856,343.67,103.101,343.67,207444.67200000037,198087.67916396458,75.033775,-169877.95343603543,True
3857,264.33,79.29899999999999,264.33,207523.97100000037,198008.38016396458,75.04759166666668,-169949.96177770215,True
3858,297.14,89.142,297.14,207613.11300000036,197919.2381639646,75.08855833333334,-170164.87478603545,True
3859,236.86,71.058,236.86,207684.17100000035,197848.1801639646,75.103525,-170234.1958610354,True
3860,262.55,78.765,262.55,207762.93600000037,197769.4151639646,75.10101666666667,-170225.5665027021,True
3861,256.39,76.91699999999999,256.39,207839.85300000035,197692.4981639646,75.114125,-170291.6002110354,True
3862,249.0,74.7,249.0,207914.55300000036,197617.7981639646,75.08945416666666,-170170.3483443687,True
3863,234.67,70.401,234.67,207984.95400000038,197547.39716396458,75.08282083333333,-170133.17645686876,True
3864,290.55,87.165,290.55,208072.11900000038,197460.23216396457,75.09405833333334,-170200.27743603542,True
3865,264.78,79.43399999999998,264.78,208151.5530000004,197380.79816396456,75.11172916666666,-170291.11610686875,True
3866,249.13,74.73899999999999,249.13,208226.2920000004,197306.05916396456,75.10394583333333,-170252.65174436875,True
3867,239.01,71.70299999999999,239.01,208297.9950000004,197234.35616396455,75.11944583333333,-170325.09229853546,True
3868,226.51,67.95299999999999,226.51,208365.9480000004,197166.40316396454,75.1192,-170316.72323603547,True
3869,250.87,75.261,250.87,208441.2090000004,197091.14216396454,75.0777125,-170113.9496735355,True
3870,236.79,71.03699999999999,236.79,208512.24600000042,197020.10516396453,75.07757083333333,-170109.2162110354,True
3871,228.63,68.589,228.63,208580.83500000043,196951.51616396452,75.07346249999999,-170082.64199853543,True
3872,227.29,68.187,227.29,208649.02200000043,196883.32916396452,75.07668333333334,-170091.49896936884,True
3873,254.29,76.28699999999999,254.29,208725.30900000044,196807.0421639645,75.09032499999999,-170159.37611103544,True
3874,269.87,80.961,269.87,208806.27000000046,196726.0811639645,75.11725,-170296.8023360355,True
3875,262.36,78.708,262.36,208884.97800000047,196647.37316396448,75.12634583333333,-170344.82623186882,True
3876,222.98,66.89399999999999,222.98,208951.87200000047,196580.47916396448,75.14020416666666,-170404.27798603548,True
3877,251.1,75.33,251.1,209027.20200000046,196505.1491639645,75.15294166666666,-170466.6649943688,True
3878,317.45,95.235,317.45,209122.43700000044,196409.9141639645,75.19595000000001,-170696.71373603557,True
3879,275.66,82.69800000000001,275.66,209205.13500000045,196327.2161639645,75.16478333333333,-170552.09128603552,True
3880,252.04,75.612,252.04,209280.74700000044,196251.6041639645,75.17038749999999,-170579.8868360354,True
3881,236.7,71.00999999999999,236.7,209351.75700000045,196180.5941639645,75.18365416666667,-170640.4545152022,True
3882,251.32,75.396,251.32,209427.15300000046,196105.1981639645,75.19368333333333,-170689.58913603547,True
3883,236.54,70.96199999999999,236.54,209498.11500000046,196034.2361639645,75.18309583333333,-170633.7222152021,True
3884,293.56,88.068,293.56,209586.18300000046,195946.1681639645,75.201475,-170736.2239360355,True
3885,237.97,71.39099999999999,237.97,209657.57400000046,195874.7771639645,75.20493749999999,-170749.29314853545,True
3886,268.92,80.676,268.92,209738.25000000047,195794.1011639645,75.22088749999999,-170832.50451103545,True
3887,225.2,67.55999999999999,225.2,209805.81000000046,195726.5411639645,75.20764583333333,-170760.31698186882,True
3888,294.77,88.431,294.77,209894.24100000047,195638.11016396448,75.2180875,-170824.41213603548,True
3889,267.66,80.298,267.66,209974.53900000048,195557.81216396447,75.21203333333332,-170800.00220270213,True
3890,242.59,72.777,242.59,210047.3160000005,195485.03516396447,75.21549583333334,-170814.4295443689,True
3891,317.39,95.217,317.39,210142.5330000005,195389.81816396446,75.249225,-170998.65836103554,True
3892,277.63,83.289,277.63,210225.82200000048,195306.52916396447,75.25292916666666,-171024.73001936884,True
3893,228.67,68.601,228.67,210294.42300000048,195237.92816396448,75.23594583333333,-170935.42020686885,True
3894,311.89,93.567,311.89,210387.9900000005,195144.36116396447,75.27284999999999,-171133.3269360355,True
3895,257.35,77.205,257.35,210465.19500000047,195067.15616396448,75.25071666666666,-171027.5804193688,True
3896,240.6,72.17999999999999,240.6,210537.37500000047,194994.9761639645,75.26583333333332,-171098.03716936876,True
3897,235.17,70.55099999999999,235.17,210607.92600000047,194924.42516396448,75.26671666666665,-171097.61798603545,True
3898,216.34,64.902,216.34,210672.82800000047,194859.52316396448,75.26107499999999,-171059.8234860355,True
3899,228.35,68.505,228.35,210741.33300000048,194791.01816396447,75.27130833333334,-171102.8116443689,True
3900,272.29,81.687,272.29,210823.02000000048,194709.33116396447,75.301675,-171256.80933603557,True
3901,315.13,94.539,315.13,210917.55900000047,194614.79216396448,75.3416625,-171470.34592353553,True
3902,248.11,74.433,248.11,210991.99200000046,194540.3591639645,75.33864166666666,-171454.76205270216,True
3903,258.83,77.64899999999999,258.83,211069.64100000047,194462.71016396448,75.3412,-171469.49823603552,True
3904,302.74,90.822,302.74,211160.46300000045,194371.8881639645,75.36719583333334,-171611.2148027022,True
3905,218.45,65.535,218.45,211225.99800000046,194306.3531639645,75.36110833333332,-171571.82779436876,True
3906,237.73,71.31899999999999,237.73,211297.31700000045,194235.0341639645,75.3458125,-171493.53971103544,True
3907,284.67,85.401,284.67,211382.71800000046,194149.6331639645,75.36859166666666,-171614.14219436882,True
3908,232.76,69.82799999999999,232.76,211452.54600000047,194079.80516396448,75.36205416666667,-171576.8816527022,True
3909,247.69,74.307,247.69,211526.85300000047,194005.49816396448,75.36057083333333,-171568.63094853546,True
3910,213.33,63.999,213.33,211590.85200000048,193941.49916396447,75.34720416666666,-171492.44104436884,True
3911,275.02,82.50599999999999,275.02,211673.35800000047,193858.99316396448,75.3491375,-171508.9745735355,True
3912,269.4,80.82,269.4,211754.17800000048,193778.17316396447,75.35167916666666,-171526.7674360355,True
3913,287.71,86.31299999999999,287.71,211840.49100000047,193691.86016396448,75.3731875,-171641.97964853552,True
3914,246.63,73.98899999999999,246.63,211914.48000000048,193617.87116396448,75.37012083333333,-171625.73439436886,True
3915,271.55,81.465,271.55,211995.94500000047,193536.40616396448,75.37834166666666,-171671.65921103547,True
3916,265.26,79.57799999999999,265.26,212075.52300000048,193456.82816396447,75.40285833333333,-171794.61760270214,True
3917,328.66,98.598,328.66,212174.12100000048,193358.23016396447,75.43737083333332,-171984.9567818688,True
3918,268.61,80.583,268.61,212254.7040000005,193277.64716396446,75.44901666666667,-172046.49153603555,True
3919,267.63,80.289,267.63,212334.99300000048,193197.35816396447,75.45555,-172082.95938603557,True
3920,250.04,75.012,250.04,212410.00500000047,193122.34616396448,75.45634583333334,-172086.36766936892,True
3921,202.15,60.645,202.15,212470.65000000046,193061.7011639645,75.45004166666666,-172041.05046103548,True
3922,266.53,79.95899999999999,266.53,212550.60900000046,192981.7421639645,75.45445416666666,-172066.90709436883,True
3923,236.92,71.076,236.92,212621.68500000046,192910.6661639645,75.4678625,-172127.38474853546,True
3924,336.76,101.028,336.76,212722.71300000045,192809.6381639645,75.52414583333334,-172425.13108603552,True
3925,222.52,66.756,222.52,212789.46900000045,192742.8821639645,75.51467916666667,-172370.59160686884,True
3926,226.94,68.082,226.94,212857.55100000044,192674.8001639645,75.46867083333332,-172140.75464436878,True
3927,240.82,72.246,240.82,212929.79700000046,192602.5541639645,75.46053333333333,-172098.20343603552,True
3928,287.06,86.118,287.06,213015.91500000044,192516.4361639645,75.46686666666666,-172139.46356936882,True
3929,225.17,67.55099999999999,225.17,213083.46600000045,192448.8851639645,75.46867499999999,-172140.28376103545,True
3930,327.36,98.208,327.36,213181.67400000046,192350.6771639645,75.51405,-172382.1843360355,True
3931,260.34,78.10199999999999,260.34,213259.77600000048,192272.57516396447,75.51174583333334,-172373.64546520222,True
3932,281.56,84.468,281.56,213344.24400000047,192188.10716396448,75.5357875,-172498.6748860355,True
3933,218.26,65.478,218.26,213409.72200000047,192122.62916396448,75.52151666666667,-172419.73178603553,True
3934,249.06,74.718,249.06,213484.44000000047,192047.91116396448,75.51745833333334,-172399.34275270218,True
3935,259.37,77.81099999999999,259.37,213562.25100000045,191970.1001639645,75.52330416666668,-172429.8424402022,True
3936,249.36,74.808,249.36,213637.05900000044,191895.2921639645,75.51190416666667,-172374.13353603552,True
3937,272.52,81.75599999999999,272.52,213718.81500000044,191813.5361639645,75.53255416666667,-172479.97258186885,True
3938,261.3,78.39,261.3,213797.20500000045,191735.1461639645,75.54438333333333,-172539.87026936884,True
3939,298.06,89.41799999999999,298.06,213886.62300000046,191645.7281639645,75.56878333333333,-172671.3762860355,True
3940,231.98,69.594,231.98,213956.21700000047,191576.13416396448,75.55850000000001,-172615.83583603555,True
3941,238.48,71.544,238.48,214027.76100000046,191504.5901639645,75.54163333333334,-172530.54086936888,True
3942,241.2,72.36,241.2,214100.12100000045,191432.2301639645,75.5448,-172542.61623603548,True
3943,236.36,70.908,236.36,214171.02900000045,191361.3221639645,75.54853333333332,-172555.9629027021,True
3944,272.62,81.786,272.62,214252.81500000044,191279.5361639645,75.55814166666667,-172608.4741027022,True
3945,251.51,75.45299999999999,251.51,214328.26800000045,191204.0831639645,75.58109166666667,-172718.8732110355,True
3946,194.15,58.245,194.15,214386.51300000044,191145.8381639645,75.55425,-172572.3213360355,True
3947,220.51,66.15299999999999,220.51,214452.66600000043,191079.68516396452,75.54002916666667,-172494.47521520214,True
3948,239.33,71.799,239.33,214524.46500000043,191007.88616396452,75.55199166666667,-172548.29773603549,True
3949,336.92,101.076,336.92,214625.54100000043,190906.81016396452,75.61045,-172855.0647860355,True
3950,244.72,73.416,244.72,214698.95700000043,190833.39416396452,75.60172083333333,-172810.8830443688,True
3951,219.82,65.946,219.82,214764.90300000043,190767.44816396452,75.58694583333333,-172730.17434853545,True
3952,302.15,90.645,302.15,214855.54800000042,190676.80316396453,75.59633333333333,-172790.3675027021,True
3953,288.06,86.41799999999999,288.06,214941.96600000042,190590.38516396453,75.60648333333333,-172849.98021936876,True
3954,239.8,71.94,239.8,215013.90600000042,190518.44516396453,75.61748333333333,-172899.1797360354,True
3955,268.02,80.40599999999999,268.02,215094.3120000004,190438.03916396454,75.5888,-172766.14483603547,True
3956,242.87,72.861,242.87,215167.17300000042,190365.17816396453,75.58930416666666,-172765.83905270213,True
3957,213.91,64.173,213.91,215231.34600000043,190301.00516396452,75.57898333333334,-172704.85178603552,True
3958,253.19,75.957,253.19,215307.30300000042,190225.04816396453,75.58080416666667,-172713.9734443688,True
3959,249.23,74.76899999999999,249.23,215382.07200000042,190150.27916396453,75.58992916666666,-172756.9707652021,True
3960,223.45,67.035,223.45,215449.10700000043,190083.24416396453,75.55747083333334,-172592.61583603552,True
3961,230.04,69.012,230.04,215518.1190000004,190014.23216396454,75.518625,-172399.64921103546,True
3962,249.5,74.85,249.5,215592.96900000042,189939.38216396453,75.51202916666666,-172367.33377770215,True
3963,382.76,114.828,382.76,215707.79700000043,189824.55416396452,75.58227500000001,-172743.61901103554,True
3964,239.4,71.82,239.4,215779.61700000043,189752.73416396452,75.58142916666667,-172735.80011936883,True
3965,306.24,91.872,306.24,215871.48900000044,189660.8621639645,75.61675833333334,-172921.49404436882,True
3966,241.35,72.405,241.35,215943.89400000044,189588.45716396451,75.62060833333332,-172936.7391860354,True
3967,294.03,88.20899999999999,294.03,216032.10300000044,189500.2481639645,75.64461666666666,-173064.3995193688,True
3968,258.87,77.661,258.87,216109.76400000043,189422.58716396452,75.66599583333333,-173168.8648693688,True
3969,224.49,67.347,224.49,216177.11100000044,189355.2401639645,75.67750416666667,-173215.68229853548,True
3970,254.54,76.362,254.54,216253.47300000043,189278.87816396452,75.69234583333333,-173287.45837770213,True
3971,300.13,90.039,300.13,216343.51200000042,189188.83916396453,75.72749166666667,-173470.11842770214,True
3972,219.3,65.79,219.3,216409.30200000043,189123.04916396452,75.72747916666665,-173460.12108603545,True
3973,275.32,82.59599999999999,275.32,216491.89800000042,189040.45316396453,75.72587916666666,-173459.33040686874,True
3974,259.36,77.808,259.36,216569.7060000004,188962.64516396454,75.74917083333334,-173572.8864443688,True
3975,252.1,75.63,252.1,216645.33600000042,188887.01516396453,75.75947916666667,-173622.09264853544,True
3976,252.13,75.639,252.13,216720.9750000004,188811.37616396454,75.76276666666666,-173637.69956936876,True
3977,245.21,73.563,245.21,216794.5380000004,188737.81316396454,75.7512125,-173580.23622353544,True
3978,199.17,59.75099999999999,199.17,216854.2890000004,188678.06216396455,75.74136666666666,-173517.15323603543,True
3979,227.09,68.127,227.09,216922.4160000004,188609.93516396455,75.71925416666666,-173403.81900686873,True
3980,255.14,76.54199999999999,255.14,216998.9580000004,188533.39316396456,75.729525,-173453.73633603542,True
3981,270.43,81.129,270.43,217080.08700000038,188452.26416396457,75.74178749999999,-173517.73829853538,True
3982,273.69,82.107,273.69,217162.19400000037,188370.15716396458,75.7479375,-173553.48821103544,True
3983,284.55,85.365,284.55,217247.55900000036,188284.7921639646,75.7511375,-173578.3916735354,True
3984,299.81,89.943,299.81,217337.50200000036,188194.8491639646,75.77746666666667,-173718.33163603544,True
3985,346.32,103.896,346.32,217441.39800000036,188090.9531639646,75.81876249999999,-173943.63777353536,True
3986,273.06,81.91799999999999,273.06,217523.31600000037,188009.03516396458,75.81702083333333,-173941.42229436876,True
3987,298.96,89.68799999999999,298.96,217613.00400000036,187919.3471639646,75.84012916666666,-174065.58934853534,True
3988,260.1,78.03,260.1,217691.03400000036,187841.3171639646,75.83837916666666,-174059.4282193687,True
3989,350.33,105.099,350.33,217796.13300000035,187736.2181639646,75.88677083333333,-174319.56548186872,True
3990,245.29,73.58699999999999,245.29,217869.72000000035,187662.6311639646,75.89541666666666,-174358.50633603535,True
3991,258.77,77.63099999999999,258.77,217947.35100000034,187585.0001639646,75.91631666666666,-174459.91401936868,True
3992,291.13,87.339,291.13,218034.69000000035,187497.6611639646,75.93708333333333,-174570.3521693687,True
3993,294.55,88.365,294.55,218123.05500000034,187409.2961639646,75.96301666666666,-174706.40428603534,True
3994,231.81,69.54299999999999,231.81,218192.59800000035,187339.7531639646,75.93569583333334,-174569.7731777021,True
3995,267.51,80.253,267.51,218272.85100000034,187259.5001639646,75.95772083333334,-174679.03960686878,True
3996,250.28,75.084,250.28,218347.93500000035,187184.4161639646,75.94221666666667,-174604.30403603538,True
3997,265.36,79.608,265.36,218427.54300000035,187104.8081639646,75.94368333333333,-174614.955552702,True
3998,364.79,109.437,364.79,218536.98000000036,186995.3711639646,76.01213750000001,-174974.42761103544,True
3999,221.71,66.513,221.71,218603.49300000037,186928.85816396459,76.00049166666666,-174909.48266103538,True
4000,267.9,80.36999999999999,267.9,218683.86300000036,186848.4881639646,76.02444166666666,-175027.85416936874,True
4001,267.03,80.109,267.03,218763.97200000036,186768.3791639646,76.04359583333333,-175123.0934068687,True
4002,257.45,77.235,257.45,218841.20700000034,186691.1441639646,76.0530375,-175169.20826103538,True
4003,230.02,69.006,230.02,218910.21300000034,186622.1381639646,76.0397625,-175099.01204853534,True
4004,291.63,87.48899999999999,291.63,218997.70200000034,186534.6491639646,76.07449166666666,-175275.63320270204,True
4005,233.37,70.011,233.37,219067.71300000034,186464.6381639646,76.03609166666666,-175086.97771103535,True
4006,301.33,90.399,301.33,219158.11200000034,186374.2391639646,76.05688749999999,-175200.20401103536,True
4007,227.43,68.229,227.43,219226.34100000034,186306.01016396462,76.05977499999999,-175206.10041103532,True
4008,302.78,90.834,302.78,219317.17500000034,186215.1761639646,76.08877916666667,-175358.70243603538,True
4009,229.95,68.985,229.95,219386.16000000032,186146.19116396463,76.09308333333333,-175372.04775270203,True
4010,286.18,85.854,286.18,219472.01400000032,186060.33716396464,76.11053333333332,-175464.69616936863,True
4011,322.59,96.777,322.59,219568.79100000032,185963.56016396463,76.14008749999999,-175625.71537353535,True
4012,312.19,93.657,312.19,219662.44800000032,185869.90316396463,76.16752083333333,-175773.485752702,True
4013,287.05,86.115,287.05,219748.56300000031,185783.78816396464,76.1985625,-175930.78802353534,True
4014,245.77,73.731,245.77,219822.29400000031,185710.05716396464,76.19817916666666,-175926.50116103535,True
4015,236.47,70.941,236.47,219893.2350000003,185639.11616396465,76.18121666666666,-175840.75691936866,True
4016,191.37,57.411,191.37,219950.6460000003,185581.70516396465,76.1706375,-175771.79913603532,True
4017,232.53,69.759,232.53,220020.4050000003,185511.94616396466,76.16971666666666,-175761.01998603527,True
4018,280.73,84.21900000000001,280.73,220104.6240000003,185427.72716396465,76.18918749999999,-175861.3999610353,True
4019,263.16,78.94800000000001,263.16,220183.5720000003,185348.77916396465,76.21582083333332,-175990.42740686864,True
4020,324.3,97.29,324.3,220280.8620000003,185251.48916396464,76.26250416666666,-176232.78058603534,True
4021,222.51,66.753,222.51,220347.6150000003,185184.73616396464,76.2692375,-176255.1803485354,True
4022,323.8,97.14,323.8,220444.75500000032,185087.59616396463,76.31153333333334,-176476.44876936878,True
4023,259.69,77.907,259.69,220522.66200000033,185009.68916396462,76.31377916666666,-176488.6827485354,True
4024,233.88,70.164,233.88,220592.82600000032,184939.52516396463,76.33412916666666,-176578.91056936866,True
4025,271.5,81.45,271.5,220674.27600000033,184858.07516396462,76.33244166666667,-176576.03612770207,True
4026,281.85,84.555,281.85,220758.83100000033,184773.52016396463,76.3474125,-176655.13061103542,True
4027,296.07,88.821,296.07,220847.65200000032,184684.69916396463,76.34674583333333,-176664.448865202,True
4028,244.83,73.449,244.83,220921.10100000032,184611.25016396464,76.36024166666667,-176725.41340270202,True
4029,262.04,78.61200000000001,262.04,220999.7130000003,184532.63816396464,76.38465,-176843.14098603532,True
4030,267.89,80.36699999999999,267.89,221080.0800000003,184452.27116396464,76.34849583333333,-176676.11412770202,True
4031,253.66,76.098,253.66,221156.1780000003,184376.17316396465,76.36482916666667,-176753.103965202,True
4032,318.98,95.694,318.98,221251.8720000003,184280.47916396466,76.39967083333333,-176937.16453603536,True
4033,275.67,82.70100000000001,275.67,221334.5730000003,184197.77816396466,76.42334166666666,-177055.35789436862,True
4034,223.46,67.038,223.46,221401.6110000003,184130.74016396466,76.42757916666667,-177065.99897770202,True
4035,266.55,79.965,266.55,221481.5760000003,184050.77516396466,76.43354166666666,-177097.70921103528,True
4036,210.04,63.01199999999999,210.04,221544.58800000028,183987.76316396467,76.422225,-177030.82773603534,True
4037,262.28,78.68399999999998,262.28,221623.2720000003,183909.07916396466,76.43628333333334,-177099.48701936868,True
4038,228.43,68.529,228.43,221691.8010000003,183840.55016396465,76.41366249999999,-176984.76416103527,True
4039,271.87,81.56099999999999,271.87,221773.36200000028,183758.98916396467,76.44410833333333,-177133.64627770198,True
4040,213.18,63.954,213.18,221837.31600000028,183695.03516396467,76.41774166666666,-176996.70550270198,True
4041,222.11,66.633,222.11,221903.94900000028,183628.40216396467,76.4136125,-176967.4352235353,True
4042,273.51,82.053,273.51,221986.0020000003,183546.34916396465,76.438575,-177090.84768603535,True
4043,258.88,77.664,258.88,222063.6660000003,183468.68516396466,76.45875833333334,-177187.27789436866,True
4044,222.19,66.657,222.19,222130.3230000003,183402.02816396466,76.4623875,-177194.59128603534,True
4045,299.02,89.70599999999999,299.02,222220.0290000003,183312.32216396465,76.497775,-177374.6869610354,True
4046,245.75,73.725,245.75,222293.7540000003,183238.59716396465,76.49709583333333,-177368.71259436867,True
4047,242.07,72.621,242.07,222366.37500000032,183165.97616396463,76.50528333333332,-177403.42418603532,True
4048,245.0,73.5,245.0,222439.87500000032,183092.47616396463,76.50004166666666,-177375.7201693687,True
4049,272.47,81.741,272.47,222521.61600000033,183010.73516396462,76.521825,-177483.58241103543,True
4050,232.23,69.669,232.23,222591.28500000032,182941.06616396463,76.51910416666666,-177463.91446103534,True
4051,253.2,75.96,253.2,222667.24500000032,182865.10616396464,76.52434166666666,-177488.01874436866,True
4052,301.55,90.465,301.55,222757.7100000003,182774.64116396464,76.49528749999999,-177365.17238603532,True
4053,303.81,91.143,303.81,222848.85300000032,182683.49816396463,76.50178749999999,-177410.41559853536,True
4054,253.03,75.90899999999999,253.03,222924.76200000034,182607.5891639646,76.48702499999999,-177340.35048603534,True
4055,256.3,76.89,256.3,223001.65200000035,182530.6991639646,76.48039166666666,-177309.54362770205,True
4056,210.45,63.13499999999999,210.45,223064.78700000036,182467.5641639646,76.40405833333332,-176937.12623603537,True
4057,373.62,112.086,373.62,223176.87300000037,182355.47816396458,76.45317916666666,-177203.8234568687,True
4058,283.44,85.032,283.44,223261.90500000038,182270.44616396457,76.46730416666666,-177278.8180277021,True
4059,247.93,74.379,247.93,223336.28400000036,182196.0671639646,76.46468333333333,-177264.40918603537,True
4060,304.64,91.392,304.64,223427.67600000036,182104.6751639646,76.50430833333333,-177465.57400270205,True
4061,216.1,64.83,216.1,223492.50600000034,182039.8451639646,76.50346666666667,-177449.94470270205,True
4062,238.21,71.463,238.21,223563.96900000033,181968.38216396462,76.519725,-177521.28588603536,True
4063,413.71,124.113,413.71,223688.08200000034,181844.2691639646,76.60392083333333,-177964.3469902021,True
4064,264.95,79.485,264.95,223767.56700000033,181764.78416396462,76.60495,-177972.06103603542,True
4065,214.25,64.27499999999999,214.25,223831.84200000032,181700.50916396463,76.60323333333334,-177951.6713360354,True
4066,228.95,68.68499999999999,228.95,223900.52700000032,181631.82416396463,76.59339583333333,-177897.575877702,True
4067,268.98,80.694,268.98,223981.2210000003,181551.13016396464,76.61674166666667,-178011.23847770202,True
4068,254.96,76.488,254.96,224057.70900000032,181474.64216396463,76.62430416666666,-178046.59298603534,True
4069,253.08,75.924,253.08,224133.63300000032,181398.71816396463,76.6396875,-178118.05589853536,True
4070,294.04,88.212,294.04,224221.84500000032,181310.50616396463,76.65,-178177.99383603537,True
4071,228.17,68.451,228.17,224290.29600000032,181242.05516396463,76.65370416666667,-178187.1636735354,True
4072,213.42,64.026,213.42,224354.32200000033,181178.02916396462,76.64472916666666,-178132.4611693687,True
4073,256.39,76.91699999999999,256.39,224431.23900000032,181101.11216396463,76.65707916666666,-178190.617890202,True
4074,298.9,89.66999999999999,298.9,224520.90900000033,181011.44216396462,76.65721666666666,-178204.27513603534,True
4075,364.75,109.425,364.75,224630.33400000032,180902.01716396463,76.67487083333333,-178319.75269020203,True
4076,242.14,72.642,242.14,224702.97600000032,180829.37516396464,76.62497916666666,-178082.02725270198,True
4077,222.92,66.87599999999999,222.92,224769.8520000003,180762.49916396465,76.60885833333333,-177996.78441103536,True
4078,260.66,78.19800000000001,260.66,224848.0500000003,180684.30116396464,76.6010125,-177961.63936103534,True
4079,270.6,81.18,270.6,224929.2300000003,180603.12116396465,76.60375416666668,-177979.05209020208,True
4080,282.58,84.77399999999999,282.58,225014.0040000003,180518.34716396465,76.60419999999999,-177989.3088360353,True
4081,265.0,79.5,265.0,225093.5040000003,180438.84716396465,76.6116,-178026.82923603535,True
4082,249.92,74.976,249.92,225168.4800000003,180363.87116396465,76.61307916666667,-178032.11317770203,True
4083,262.06,78.618,262.06,225247.0980000003,180285.25316396466,76.62276666666666,-178079.42653603532,True
4084,287.21,86.163,287.21,225333.2610000003,180199.09016396466,76.62329583333333,-178091.44115270197,True
4085,273.03,81.90899999999999,273.03,225415.1700000003,180117.18116396465,76.64334583333334,-178190.4606068687,True
4086,292.34,87.70199999999998,292.34,225502.8720000003,180029.47916396466,76.64035,-178187.51673603532,True
4087,240.79,72.237,240.79,225575.1090000003,179957.24216396466,76.64139583333333,-178188.00056520203,True
4088,272.42,81.726,272.42,225656.83500000028,179875.51616396467,76.6466375,-178217.57423603532,True
4089,246.86,74.058,246.86,225730.89300000027,179801.45816396468,76.65910833333334,-178273.23686103534,True
4090,220.09,66.027,220.09,225796.92000000027,179735.43116396468,76.66144166666668,-178273.50141936872,True
4091,280.23,84.069,280.23,225880.98900000026,179651.3621639647,76.652025,-178236.9425610353,True
4092,331.78,99.534,331.78,225980.52300000028,179551.82816396467,76.68369999999999,-178407.6834360353,True
4093,233.46,70.038,233.46,226050.56100000028,179481.79016396467,76.691825,-178438.9571110353,True
4094,209.9,62.97,209.9,226113.53100000028,179418.82016396467,76.68421666666667,-178389.734802702,True
4095,255.76,76.728,255.76,226190.25900000028,179342.09216396467,76.691325,-178422.93896103537,True
4096,247.84,74.352,247.84,226264.6110000003,179267.74016396466,76.69317500000001,-178429.2280360354,True
4097,237.95,71.38499999999999,237.95,226335.9960000003,179196.35516396465,76.70107916666666,-178460.776990202,True
4098,228.96,68.688,228.96,226404.6840000003,179127.66716396465,76.70430833333333,-178467.81828603533,True
4099,221.36,66.408,221.36,226471.0920000003,179061.25916396466,76.69330833333333,-178406.25097770203,True
4100,243.39,73.017,243.39,226544.1090000003,178988.24216396466,76.70409166666667,-178452.825002702,True
4101,258.16,77.44800000000001,258.16,226621.5570000003,178910.79416396466,76.68812083333333,-178379.1607985353,True
4102,256.79,77.037,256.79,226698.5940000003,178833.75716396465,76.690525,-178390.7082860353,True
4103,250.79,75.237,250.79,226773.8310000003,178758.52016396465,76.678225,-178331.97366103536,True
4104,277.43,83.229,277.43,226857.0600000003,178675.29116396466,76.7050875,-178463.59623603534,True
4105,252.17,75.651,252.17,226932.7110000003,178599.64016396465,76.7113875,-178491.86864853534,True
4106,261.46,78.43799999999999,261.46,227011.1490000003,178521.20216396466,76.72040416666667,-178535.55882770204,True
4107,249.15,74.745,249.15,227085.8940000003,178446.45716396466,76.6830375,-178359.71632353534,True
4108,256.16,76.848,256.16,227162.7420000003,178369.60916396466,76.67659166666667,-178329.8952693687,True
4109,251.78,75.53399999999999,251.78,227238.2760000003,178294.07516396465,76.67259583333333,-178310.16805686866,True
4110,330.72,99.216,330.72,227337.4920000003,178194.85916396466,76.69745416666667,-178448.3027110354,True
4111,259.29,77.787,259.29,227415.2790000003,178117.07216396465,76.68564583333334,-178394.49531520202,True
4112,254.94,76.482,254.94,227491.7610000003,178040.59016396466,76.67796666666665,-178358.59890270192,True
4113,230.22,69.066,230.22,227560.82700000028,177971.52416396467,76.62492083333333,-178104.48294853535,True
4114,238.66,71.598,238.66,227632.42500000028,177899.92616396467,76.633275,-178138.26948603534,True
4115,238.21,71.463,238.21,227703.88800000027,177828.46316396468,76.63959166666666,-178162.44012770196,True
4116,227.96,68.388,227.96,227772.27600000027,177760.07516396468,76.63079583333334,-178113.3406860353,True
4117,224.8,67.44,224.8,227839.71600000028,177692.63516396467,76.60901666666666,-178003.02921936862,True
4118,266.19,79.857,266.19,227919.57300000027,177612.7781639647,76.6329375,-178117.3177110353,True
4119,284.52,85.356,284.52,228004.92900000027,177527.4221639647,76.66121249999999,-178257.26504853528,True
4120,279.71,83.913,279.71,228088.84200000027,177443.50916396469,76.68921666666667,-178394.45616936867,True
4121,262.57,78.771,262.57,228167.61300000027,177364.73816396468,76.69912083333332,-178442.4833818686,True
4122,243.38,73.014,243.38,228240.62700000027,177291.72416396468,76.70508749999999,-178466.47166103526,True
4123,292.67,87.801,292.67,228328.42800000028,177203.92316396468,76.71644583333332,-178530.23616520196,True
4124,225.63,67.689,225.63,228396.1170000003,177136.23416396466,76.7018,-178453.31063603537,True
4125,275.09,82.52699999999999,275.09,228478.6440000003,177053.70716396466,76.71399166666666,-178515.6442110353,True
4126,266.04,79.812,266.04,228558.4560000003,176973.89516396465,76.71970416666666,-178545.21394436865,True
4127,314.5,94.35,314.5,228652.8060000003,176879.54516396465,76.76576666666666,-178776.251802702,True
4128,339.49,101.847,339.49,228754.6530000003,176777.69816396464,76.8008625,-178963.89693603534,True
4129,262.19,78.657,262.19,228833.31000000032,176699.04116396463,76.81320833333334,-179022.92662770205,True
4130,264.27,79.28099999999999,264.27,228912.5910000003,176619.76016396465,76.7519375,-178741.7104610353,True
4131,307.79,92.337,307.79,229004.9280000003,176527.42316396465,76.73713749999999,-178688.7863235353,True
4132,336.37,100.911,336.37,229105.8390000003,176426.51216396465,76.77025416666666,-178866.22411936868,True
4133,242.8,72.84,242.8,229178.6790000003,176353.67216396466,76.77655833333334,-178891.46324436873,True
4134,244.28,73.28399999999999,244.28,229251.9630000003,176280.38816396464,76.75328333333333,-178780.30053603536,True
4135,225.07,67.521,225.07,229319.48400000032,176212.86716396463,76.75952083333334,-178799.91669020205,True
4136,203.65,61.095,203.65,229380.57900000032,176151.77216396463,76.74573333333333,-178720.49876936869,True
4137,228.55,68.565,228.55,229449.14400000032,176083.20716396463,76.73979999999999,-178684.8882360353,True
4138,285.11,85.533,285.11,229534.67700000032,175997.67416396464,76.759575,-178785.08148603537,True
4139,278.67,83.601,278.67,229618.2780000003,175914.07316396464,76.77746666666667,-178874.60030270202,True
4140,248.69,74.607,248.69,229692.8850000003,175839.46616396465,76.79647083333333,-178960.22908603534,True
4141,208.26,62.478,208.26,229755.3630000003,175776.98816396465,76.79817916666667,-178953.80140686873,True
4142,252.06,75.618,252.06,229830.9810000003,175701.37016396466,76.80704583333333,-178993.56749436868,True
4143,256.26,76.878,256.26,229907.8590000003,175624.49216396466,76.8119375,-179016.22327353532,True
4144,228.27,68.481,228.27,229976.3400000003,175556.01116396466,76.82314166666666,-179059.61076936862,True
4145,278.53,83.55899999999998,278.53,230059.8990000003,175472.45216396466,76.85437083333333,-179210.46923186866,True
4146,241.44,72.432,241.44,230132.3310000003,175400.02016396465,76.85667500000001,-179216.67828603537,True
4147,249.22,74.76599999999999,249.22,230207.0970000003,175325.25416396465,76.86392083333334,-179248.012640202,True
4148,277.12,83.136,277.12,230290.2330000003,175242.11816396465,76.85909583333333,-179232.03181936865,True
4149,297.66,89.298,297.66,230379.5310000003,175152.82016396464,76.86630416666667,-179277.70834853535,True
4150,229.29,68.78699999999999,229.29,230448.31800000032,175084.03316396463,76.84085833333333,-179152.32375270204,True
4151,284.15,85.24499999999999,284.15,230533.56300000031,174998.78816396464,76.83780833333334,-179146.67044436873,True
4152,257.34,77.20199999999998,257.34,230610.7650000003,174921.58616396465,76.84793333333333,-179193.69063603535,True
4153,348.76,104.628,348.76,230715.3930000003,174816.95816396465,76.89760416666667,-179450.30423186868,True
4154,295.7,88.71,295.7,230804.1030000003,174728.24816396466,76.89432916666667,-179447.031977702,True
4155,247.52,74.256,247.52,230878.3590000003,174653.99216396466,76.89352916666667,-179440.70964853535,True
4156,263.87,79.161,263.87,230957.52000000028,174574.83116396467,76.89848333333333,-179465.786102702,True
4157,272.93,81.879,272.93,231039.39900000027,174492.95216396468,76.92480833333333,-179591.9405943686,True
4158,232.79,69.83699999999999,232.79,231109.23600000027,174423.11516396469,76.903225,-179485.52628603537,True
4159,224.18,67.254,224.18,231176.49000000025,174355.8611639647,76.89819166666668,-179452.7186943687,True
4160,235.16,70.548,235.16,231247.03800000026,174285.3131639647,76.90523749999998,-179478.77933603522,True
4161,227.25,68.175,227.25,231315.21300000025,174217.1381639647,76.90705,-179478.3847860353,True
4162,203.85,61.155,203.85,231376.36800000025,174155.9831639647,76.8788125,-179332.79671103525,True
4163,257.42,77.226,257.42,231453.59400000024,174078.7571639647,76.8944625,-179405.08694853532,True
4164,221.74,66.522,221.74,231520.11600000024,174012.2351639647,76.90209166666666,-179429.77813603528,True
4165,222.47,66.741,222.47,231586.85700000025,173945.4941639647,76.87629166666667,-179301.06604436866,True
4166,323.95,97.185,323.95,231684.04200000025,173848.3091639647,76.89750416666666,-179418.82497770194,True
4167,278.83,83.64899999999999,278.83,231767.69100000025,173764.6601639647,76.92649583333333,-179558.7351985353,True
4168,219.97,65.991,219.97,231833.68200000026,173698.6691639647,76.88106666666665,-179339.18896936858,True
4169,344.26,103.278,344.26,231936.96000000025,173595.3911639647,76.92634999999999,-179573.48168603523,True
4170,258.23,77.46900000000001,258.23,232014.42900000027,173517.9221639647,76.9366375,-179621.2439610353,True
4171,205.57,61.67099999999999,205.57,232076.10000000027,173456.25116396468,76.91726249999999,-179517.0664485353,True
4172,349.98,104.994,349.98,232181.09400000027,173351.25716396468,76.97804583333333,-179824.0171193686,True
4173,326.84,98.052,326.84,232279.14600000027,173253.20516396468,77.02233333333332,-180048.2378360353,True
4174,284.11,85.233,284.11,232364.37900000028,173167.97216396467,76.99792916666667,-179944.53099436863,True
4175,268.54,80.562,268.54,232444.94100000028,173087.41016396467,77.00213333333332,-179967.37116936862,True
4176,283.88,85.164,283.88,232530.10500000027,173002.24616396468,77.00557083333334,-179991.29053603532,True
4177,268.94,80.682,268.94,232610.78700000027,172921.56416396468,77.02039166666667,-180062.89084436864,True
4178,267.12,80.136,267.12,232690.92300000027,172841.42816396468,76.99814166666667,-179964.05695270197,True
4179,256.98,77.09400000000001,256.98,232768.01700000028,172764.33416396467,76.96620833333333,-179817.8662110353,True
4180,286.69,86.00699999999999,286.69,232854.0240000003,172678.32716396466,76.98294583333333,-179903.564752702,True
4181,232.47,69.741,232.47,232923.7650000003,172608.58616396465,76.97579999999999,-179863.60203603533,True
4182,296.22,88.866,296.22,233012.6310000003,172519.72016396464,77.00472083333332,-180007.8918110353,True
4183,233.85,70.155,233.85,233082.7860000003,172449.56516396464,76.99802083333333,-179970.37619020202,True
4184,223.98,67.19399999999999,223.98,233149.9800000003,172382.37116396465,76.98529166666665,-179902.32350270197,True
4185,385.76,115.728,385.76,233265.7080000003,172266.64316396465,77.05620833333333,-180265.50996103536,True
4186,223.91,67.173,223.91,233332.8810000003,172199.47016396464,77.06180416666666,-180281.22209436868,True
4187,240.37,72.111,240.37,233404.99200000032,172127.35916396463,77.04426666666666,-180196.072302702,True
4188,241.85,72.55499999999999,241.85,233477.5470000003,172054.80416396464,77.03834166666665,-180164.49393603532,True
4189,229.46,68.838,229.46,233546.3850000003,171985.96616396465,77.03999999999999,-180163.87383603532,True
4190,243.94,73.182,243.94,233619.5670000003,171912.78416396465,77.03433749999999,-180134.13821103532,True
4191,273.5,82.05,273.5,233701.6170000003,171830.73416396466,77.03771249999998,-180154.57424853524,True
4192,276.8,83.04,276.8,233784.6570000003,171747.69416396465,77.04894583333332,-180211.89040270197,True
4193,251.77,75.531,251.77,233860.1880000003,171672.16316396467,77.05151666666666,-180222.11345270197,True
4194,226.25,67.875,226.25,233928.0630000003,171604.28816396467,77.03256666666667,-180126.41123603532,True
4195,292.86,87.858,292.86,234015.9210000003,171516.43016396466,77.010125,-180034.79046103536,True
4196,224.98,67.494,224.98,234083.4150000003,171448.93616396465,76.9965625,-179963.37508603532,True
4197,277.67,83.301,277.67,234166.7160000003,171365.63516396465,77.018175,-180068.29736103537,True
4198,457.43,137.22899999999998,457.43,234303.9450000003,171228.40616396465,77.11630416666665,-180576.1734443686,True
4199,250.03,75.009,250.03,234378.9540000003,171153.39716396466,77.10929166666666,-180542.082127702,True
4200,231.76,69.52799999999999,231.76,234448.48200000028,171083.86916396467,77.10661666666667,-180522.30283603535,True
4201,254.57,76.371,254.57,234524.8530000003,171007.49816396466,77.10462916666667,-180512.50620686868,True
4202,240.8,72.24,240.8,234597.09300000028,170935.25816396467,77.11552083333332,-180557.2857943686,True
4203,219.66,65.898,219.66,234662.99100000027,170869.36016396468,77.11439583333333,-180540.9416485353,True
4204,242.04,72.612,242.04,234735.60300000026,170796.7481639647,77.07421666666667,-180353.3829693687,True
4205,354.89,106.467,354.89,234842.07000000027,170690.28116396468,77.14030416666665,-180683.8043152019,True
4206,268.19,80.457,268.19,234922.52700000026,170609.8241639647,77.16237916666667,-180787.6505610353,True
4207,233.5,70.05,233.5,234992.57700000025,170539.7741639647,77.16990416666667,-180814.79950686867,True
4208,241.71,72.513,241.71,235065.09000000026,170467.2611639647,77.17130833333333,-180816.53436936863,True
4209,234.44,70.332,234.44,235135.42200000025,170396.9291639647,77.17519583333333,-180827.3870735353,True
4210,247.88,74.36399999999999,247.88,235209.78600000025,170322.5651639647,77.1728625,-180813.95921103528,True
4211,282.31,84.693,282.31,235294.47900000025,170237.8721639647,77.18885416666666,-180894.2254402019,True
4212,336.7,101.01,336.7,235395.48900000026,170136.8621639647,77.23205,-181114.50123603534,True
4213,269.96,80.98799999999999,269.96,235476.47700000028,170055.87416396468,77.25292083333332,-181213.15686520192,True
4214,270.29,81.087,270.29,235557.56400000027,169974.78716396468,77.27297083333333,-181308.13824436863,True
4215,321.06,96.318,321.06,235653.88200000027,169878.46916396468,77.29129583333334,-181410.4703985353,True
4216,366.1,109.83,366.1,235763.71200000026,169768.6391639647,77.35449583333333,-181730.18990270197,True
4217,328.65,98.59499999999998,328.65,235862.30700000026,169670.0441639647,77.36784583333332,-181812.07945686858,True
4218,273.2,81.96,273.2,235944.26700000025,169588.0841639647,77.37817499999998,-181863.58668603524,True
4219,272.06,81.618,272.06,236025.88500000024,169506.4661639647,77.3825625,-181887.7501485353,True
4220,224.76,67.428,224.76,236093.31300000026,169439.0381639647,77.3682,-181812.58983603533,True
4221,289.99,86.997,289.99,236180.31000000026,169352.0411639647,77.3842,-181894.84263603532,True
4222,266.42,79.926,266.42,236260.23600000027,169272.11516396469,77.402025,-181978.27428603527,True
4223,305.13,91.539,305.13,236351.77500000026,169180.5761639647,77.42412916666666,-182092.69786520192,True
4224,218.12,65.43599999999999,218.12,236417.21100000024,169115.1401639647,77.42139583333334,-182068.31133603532,True
4225,252.12,75.636,252.12,236492.84700000024,169039.5041639647,77.43040833333333,-182107.39762770192,True
4226,271.93,81.579,271.93,236574.42600000024,168957.9251639647,77.43166666666666,-182117.25150270193,True
4227,233.09,69.92699999999999,233.09,236644.35300000024,168887.99816396472,77.43255416666666,-182113.76987353526,True
4228,247.17,74.151,247.17,236718.50400000025,168813.8471639647,77.4228375,-182066.4523860353,True
4229,229.39,68.817,229.39,236787.32100000026,168745.0301639647,77.4174125,-182033.26587353527,True
4230,216.59,64.977,216.59,236852.29800000027,168680.05316396468,77.41825833333334,-182024.65708603538,True
4231,257.21,77.163,257.21,236929.46100000027,168602.89016396468,77.42500833333334,-182054.972577702,True
4232,238.16,71.448,238.16,237000.90900000028,168531.44216396468,77.41282083333333,-181993.81056936865,True
4233,311.23,93.369,311.23,237094.27800000028,168438.07316396467,77.42783333333333,-182077.72833603527,True
4234,229.26,68.77799999999999,229.26,237163.05600000027,168369.29516396468,77.3981875,-181934.90146103536,True
4235,250.11,75.033,250.11,237238.08900000027,168294.26216396468,77.39812916666666,-181932.272315202,True
4236,243.93,73.179,243.93,237311.26800000027,168221.08316396468,77.39198333333334,-181900.24943603534,True
4237,253.11,75.933,253.11,237387.20100000026,168145.1501639647,77.41341666666666,-181995.73341936865,True
4238,209.54,62.862,209.54,237450.06300000026,168082.2881639647,77.41324583333333,-181980.40949436865,True
4239,266.38,79.914,266.38,237529.97700000025,168002.3741639647,77.43192916666666,-182067.37759853527,True
4240,317.42,95.226,317.42,237625.20300000024,167907.1481639647,77.444,-182139.7318360353,True
4241,266.9,80.07,266.9,237705.27300000025,167827.0781639647,77.43685416666666,-182110.06581520193,True
4242,233.78,70.134,233.78,237775.40700000024,167756.9441639647,77.39542083333332,-181915.5671610352,True
4243,251.87,75.56099999999999,251.87,237850.96800000023,167681.38316396473,77.403075,-181948.30661103525,True
4244,225.3,67.59,225.3,237918.55800000022,167613.79316396473,77.39186666666667,-181887.87670270193,True
4245,316.38,94.914,316.38,238013.4720000002,167518.87916396474,77.43737916666667,-182110.8877735353,True
4246,242.34,72.702,242.34,238086.1740000002,167446.17716396475,77.44875,-182157.48033603528,True
4247,260.96,78.288,260.96,238164.4620000002,167367.88916396475,77.4031,-181952.3011360352,True
4248,265.56,79.66799999999999,265.56,238244.1300000002,167288.22116396474,77.4096625,-181984.17603603526,True
4249,260.94,78.282,260.94,238322.41200000021,167209.93916396474,77.41922916666667,-182028.2036068686,True
4250,237.66,71.298,237.66,238393.71000000022,167138.64116396473,77.42746249999999,-182059.21471103522,True
4251,266.32,79.896,266.32,238473.60600000023,167058.74516396472,77.369275,-181799.3158110353,True
4252,243.77,73.131,243.77,238546.73700000023,166985.61416396472,77.36127916666666,-181759.0323193686,True
4253,313.78,94.134,313.78,238640.87100000022,166891.48016396473,77.39794583333332,-181941.06170686858,True
4254,222.04,66.612,222.04,238707.4830000002,166824.86816396474,77.37627499999999,-181832.62698603523,True
4255,232.19,69.657,232.19,238777.14000000022,166755.21116396473,77.37395833333332,-181814.4711277019,True
4256,296.35,88.905,296.35,238866.04500000022,166666.30616396473,77.41382916666666,-182005.58040270192,True
4257,263.44,79.032,263.44,238945.07700000022,166587.27416396473,77.4313375,-182086.0385985353,True
4258,204.13,61.239,204.13,239006.31600000022,166526.03516396473,77.41808749999998,-182010.1947610352,True
4259,269.49,80.847,269.49,239087.16300000023,166445.18816396472,77.43735833333332,-182100.36169436853,True
4260,222.59,66.777,222.59,239153.94000000024,166378.41116396472,77.42765416666667,-182046.03258603532,True
4261,227.6,68.28,227.6,239222.22000000023,166310.13116396472,77.43061666666667,-182050.21321936863,True
4262,280.11,84.033,280.11,239306.25300000023,166226.09816396472,77.4434875,-182114.70861103528,True
4263,231.91,69.573,231.91,239375.82600000023,166156.52516396472,77.45074166666667,-182139.46011103533,True
4264,227.21,68.163,227.21,239443.98900000023,166088.36216396472,77.44658333333334,-182111.476502702,True
4265,226.06,67.818,226.06,239511.80700000023,166020.54416396472,77.44949166666666,-182114.92087770192,True
4266,258.77,77.63099999999999,258.77,239589.43800000023,165942.91316396472,77.4645625,-182182.83071103526,True
4267,239.03,71.709,239.03,239661.14700000023,165871.20416396472,77.43770416666666,-182056.4006568686,True
4268,239.8,71.94,239.8,239733.08700000023,165799.26416396472,77.4367125,-182046.44838603528,True
4269,280.77,84.231,280.77,239817.31800000023,165715.03316396472,77.46317499999999,-182172.08576103524,True
4270,282.78,84.83399999999999,282.78,239902.15200000023,165630.19916396472,77.4743375,-182229.5762110353,True
4271,263.14,78.942,263.14,239981.09400000024,165551.2571639647,77.472825,-182224.25426103527,True
4272,295.28,88.58399999999999,295.28,240069.67800000025,165462.6731639647,77.493675,-182328.94023603527,True
4273,265.6,79.68,265.6,240149.35800000024,165382.9931639647,77.4860875,-182297.08144853526,True
4274,260.31,78.093,260.31,240227.45100000023,165304.90016396472,77.49947916666666,-182357.76337770192,True
4275,249.0,74.7,249.0,240302.15100000025,165230.2001639647,77.49135416666667,-182318.5232735353,True
4276,288.64,86.592,288.64,240388.74300000025,165143.6081639647,77.50766666666667,-182400.7691693686,True
4277,250.21,75.063,250.21,240463.80600000024,165068.5451639647,77.523375,-182468.7449610353,True
4278,247.63,74.289,247.63,240538.09500000023,164994.25616396472,77.51978749999999,-182449.43141103527,True
4279,319.12,95.736,319.12,240633.83100000024,164898.5201639647,77.54792499999999,-182593.73176103528,True
4280,215.55,64.665,215.55,240698.49600000025,164833.8551639647,77.531975,-182509.39283603532,True
4281,239.32,71.79599999999999,239.32,240770.29200000025,164762.0591639647,77.5426,-182551.24623603525,True
4282,232.15,69.645,232.15,240839.93700000024,164692.4141639647,77.52326666666666,-182456.77396936857,True
4283,222.16,66.648,222.16,240906.58500000022,164625.76616396473,77.48336249999998,-182267.2477485352,True
4284,226.14,67.842,226.14,240974.42700000023,164557.92416396472,77.4946,-182307.90543603527,True
4285,278.36,83.508,278.36,241057.93500000023,164474.41616396472,77.50951666666667,-182380.67091936863,True
4286,242.88,72.86399999999999,242.88,241130.79900000023,164401.55216396472,77.51407499999999,-182396.41938603524,True
4287,366.14,109.842,366.14,241240.64100000024,164291.71016396472,77.56125416666667,-182639.7797235353,True
4288,215.46,64.638,215.46,241305.27900000024,164227.0721639647,77.54221249999999,-182541.70213603522,True
4289,228.28,68.484,228.28,241373.76300000024,164158.5881639647,77.52992916666666,-182477.72514020195,True
4290,323.17,96.951,323.17,241470.71400000024,164061.6371639647,77.54817499999999,-182578.70508603522,True
4291,244.31,73.29299999999999,244.31,241544.00700000025,163988.3441639647,77.56006666666667,-182627.59376936863,True
4292,385.6,115.68,385.6,241659.68700000024,163872.6641639647,77.60143333333332,-182850.53996936858,True
4293,203.79,61.13699999999999,203.79,241720.82400000023,163811.52716396473,77.5777,-182728.05873603522,True
4294,220.52,66.156,220.52,241786.9800000002,163745.37116396474,77.57530416666667,-182705.9372443686,True
4295,247.83,74.349,247.83,241861.3290000002,163671.02216396475,77.57075,-182682.37658603524,True
4296,293.08,87.92399999999999,293.08,241949.2530000002,163583.09816396475,77.58580416666668,-182759.93163603527,True
4297,269.55,80.865,269.55,242030.1180000002,163502.23316396476,77.59786666666666,-182817.04576936853,True
4298,241.33,72.399,241.33,242102.5170000002,163429.83416396476,77.59842499999999,-182814.3381860352,True
4299,280.93,84.279,280.93,242186.7960000002,163345.55516396475,77.61297083333334,-182885.90772353526,True
4300,270.68,81.204,270.68,242268.0000000002,163264.35116396475,77.59939583333333,-182828.95425270192,True
4301,212.39,63.71699999999999,212.39,242331.7170000002,163200.63416396474,77.5448875,-182572.01919853527,True
4302,259.63,77.889,259.63,242409.6060000002,163122.74516396475,77.54723333333332,-182582.8210360352,True
4303,246.16,73.848,246.16,242483.4540000002,163048.89716396475,77.54844583333333,-182584.52591520193,True
4304,241.96,72.588,241.96,242556.0420000002,162976.30916396476,77.55510833333334,-182609.25356936856,True
4305,232.75,69.825,232.75,242625.8670000002,162906.48416396475,77.54572499999999,-182559.7207110352,True
4306,345.75,103.725,345.75,242729.5920000002,162802.75916396474,77.58327916666667,-182753.16624436862,True
4307,234.82,70.446,234.82,242800.0380000002,162732.31316396475,77.59145,-182782.41368603523,True
4308,215.61,64.683,215.61,242864.7210000002,162667.63016396476,77.586325,-182746.68873603526,True
4309,250.84,75.252,250.84,242939.9730000002,162592.37816396475,77.59212916666665,-182770.1887568685,True
4310,366.16,109.848,366.16,243049.8210000002,162482.53016396475,77.6440625,-183033.54796103525,True
4311,267.77,80.33099999999999,267.77,243130.1520000002,162402.19916396475,77.65413333333332,-183081.0400360352,True
4312,292.74,87.822,292.74,243217.9740000002,162314.37716396476,77.68373333333334,-183222.8687027019,True
4313,248.99,74.697,248.99,243292.67100000018,162239.68016396477,77.67452083333333,-183178.91398186857,True
4314,233.77,70.131,233.77,243362.80200000017,162169.54916396478,77.6731625,-183165.33131103523,True
4315,242.43,72.729,242.43,243435.53100000016,162096.8201639648,77.6818,-183198.78083603518,True
4316,250.16,75.048,250.16,243510.57900000017,162021.77216396478,77.66352083333334,-183114.91441936858,True
4317,239.31,71.79299999999999,239.31,243582.37200000018,161949.97916396477,77.6463875,-183032.92049853524,True
4318,322.5,96.75,322.5,243679.12200000018,161853.22916396477,77.6689375,-183152.1912110352,True
4319,220.87,66.261,220.87,243745.38300000018,161786.96816396478,77.65596666666666,-183083.17980270184,True
4320,309.96,92.988,309.96,243838.3710000002,161693.98016396476,77.68339999999999,-183220.3158360352,True
4321,241.47,72.441,241.47,243910.81200000018,161621.53916396477,77.70023333333333,-183289.79660270186,True
4322,390.42,117.126,390.42,244027.93800000017,161504.41316396478,77.77047083333333,-183640.93639436856,True
4323,360.27,108.081,360.27,244136.01900000017,161396.33216396478,77.79850416666666,-183795.63082353518,True
4324,233.42,70.026,233.42,244206.0450000002,161326.30616396476,77.8008,-183798.0426360352,True
4325,246.46,73.938,246.46,244279.98300000018,161252.36816396477,77.80958749999999,-183833.15239853517,True
4326,251.44,75.432,251.44,244355.41500000018,161176.93616396477,77.76069583333333,-183613.9891610352,True
4327,206.89,62.06699999999999,206.89,244417.4820000002,161114.86916396476,77.76089166666667,-183599.16359436855,True
4328,258.47,77.54100000000001,258.47,244495.0230000002,161037.32816396476,77.77237916666667,-183649.8563027019,True
4329,268.78,80.63399999999999,268.78,244575.65700000018,160956.69416396477,77.76887083333332,-183637.1724985352,True
4330,227.42,68.226,227.42,244643.88300000018,160888.46816396478,77.7398875,-183499.2334610352,True
4331,276.01,82.803,276.01,244726.6860000002,160805.66516396476,77.74762916666667,-183538.58441520194,True
4332,253.89,76.16699999999999,253.89,244802.85300000018,160729.49816396477,77.738025,-183494.4765360352,True
4333,349.14,104.742,349.14,244907.59500000018,160624.75616396478,77.786525,-183736.1900110352,True
4334,211.82,63.54599999999999,211.82,244971.14100000018,160561.21016396477,77.7882625,-183729.6396610352,True
4335,302.39,90.717,302.39,245061.85800000018,160470.49316396477,77.80197083333333,-183803.22777353518,True
4336,274.03,82.20899999999999,274.03,245144.06700000018,160388.28416396477,77.82464583333334,-183907.94900270193,True
4337,256.76,77.02799999999999,256.76,245221.09500000018,160311.25616396478,77.83205,-183939.9009860352,True
4338,224.88,67.464,224.88,245288.55900000018,160243.79216396477,77.83186666666666,-183928.72223603516,True
4339,247.34,74.202,247.34,245362.76100000017,160169.59016396478,77.82317083333334,-183886.6480902019,True
4340,259.81,77.943,259.81,245440.70400000017,160091.64716396478,77.819075,-183868.66433603523,True
4341,347.73,104.319,347.73,245545.02300000016,159987.3281639648,77.85825,-184068.2785860352,True
4342,283.17,84.95100000000001,283.17,245629.97400000016,159902.3771639648,77.86222916666667,-184092.95129436854,True
4343,309.46,92.838,309.46,245722.81200000015,159809.5391639648,77.90032916666665,-184276.2147652018,True
4344,335.11,100.533,335.11,245823.34500000015,159709.0061639648,77.93294999999999,-184442.90103603515,True
4345,240.26,72.07799999999999,240.26,245895.42300000016,159636.9281639648,77.94188749999999,-184476.50514853516,True
4346,268.03,80.40899999999999,268.03,245975.83200000017,159556.51916396478,77.95632499999999,-184542.6993860352,True
4347,260.1,78.03,260.1,246053.86200000017,159478.48916396478,77.9547,-184535.60193603524,True
4348,281.71,84.51299999999999,281.71,246138.37500000017,159393.97616396478,77.97372916666667,-184626.11691936856,True
4349,265.57,79.67099999999999,265.57,246218.04600000018,159314.30516396477,77.98606249999999,-184682.21652353517,True
4350,252.35,75.705,252.35,246293.75100000016,159238.6001639648,77.99444583333334,-184716.90596103529,True
4351,225.76,67.728,225.76,246361.47900000017,159170.87216396478,77.98722083333334,-184674.7844902019,True
4352,250.94,75.282,250.94,246436.76100000017,159095.59016396478,77.97967499999999,-184638.8172360352,True
4353,263.86,79.158,263.86,246515.91900000017,159016.43216396478,77.98536666666666,-184665.0787360352,True
4354,217.17,65.151,217.17,246581.07000000018,158951.28116396477,77.987625,-184662.1945860352,True
4355,224.9,67.47,224.9,246648.54000000018,158883.81116396477,77.99404166666666,-184679.9423777019,True
4356,239.38,71.814,239.38,246720.3540000002,158811.99716396476,78.00047916666666,-184702.1130860352,True
4357,314.3,94.29,314.3,246814.6440000002,158717.70716396475,78.05279999999999,-184948.77123603522,True
4358,291.21,87.36299999999999,291.21,246902.00700000022,158630.34416396474,78.05452916666667,-184965.69322770194,True
4359,224.95,67.485,224.95,246969.4920000002,158562.85916396475,78.04794583333333,-184926.15044853522,True
4360,236.55,70.965,236.55,247040.4570000002,158491.89416396475,78.05048333333333,-184930.2325027019,True
4361,229.15,68.745,229.15,247109.2020000002,158423.14916396476,78.05148333333334,-184925.32601936857,True
4362,236.4,70.92,236.4,247180.1220000002,158352.22916396474,78.06026250000001,-184956.8053110353,True
4363,246.68,74.004,246.68,247254.1260000002,158278.22516396476,78.06809166666666,-184987.17389436855,True
4364,369.32,110.796,369.32,247364.9220000002,158167.42916396476,78.11981666666667,-185247.2849027019,True
4365,240.8,72.24,240.8,247437.1620000002,158095.18916396477,78.12040416666666,-185243.9871485352,True
4366,251.34,75.402,251.34,247512.5640000002,158019.78716396476,78.12720833333333,-185271.1662527019,True
4367,242.18,72.654,242.18,247585.2180000002,157947.13316396475,78.06927499999999,-185011.1919110352,True
4368,275.08,82.52399999999999,275.08,247667.7420000002,157864.60916396475,78.07041249999999,-185020.64253603522,True
4369,249.02,74.706,249.02,247742.4480000002,157789.90316396474,78.06767500000001,-185005.2577610353,True
4370,261.55,78.465,261.55,247820.9130000002,157711.43816396475,78.06558749999999,-184996.49096103522,True
4371,230.72,69.216,230.72,247890.1290000002,157642.22216396476,78.06375416666667,-184979.59487353527,True
4372,242.58,72.774,242.58,247962.9030000002,157569.44816396476,78.04719583333332,-184901.64715270183,True
4373,220.63,66.189,220.63,248029.0920000002,157503.25916396474,78.03456666666666,-184834.3848027019,True
4374,229.38,68.814,229.38,248097.90600000022,157434.44516396473,78.02030416666666,-184762.60891103526,True
4375,358.73,107.619,358.73,248205.52500000023,157326.82616396472,78.07578749999999,-185035.50202353523,True
4376,257.85,77.355,257.85,248282.88000000024,157249.4711639647,78.07841666666667,-185046.30750270194,True
4377,256.09,76.82699999999998,256.09,248359.70700000023,157172.64416396472,78.06479583333333,-184985.35597353528,True
4378,274.09,82.22699999999999,274.09,248441.93400000024,157090.4171639647,78.072125,-185021.63458603527,True
4379,322.37,96.711,322.37,248538.64500000025,156993.7061639647,78.09563333333334,-185143.26346936869,True
4380,196.85,59.05499999999999,196.85,248597.70000000024,156934.6511639647,78.0666125,-184997.1115860353,True
4381,247.81,74.343,247.81,248672.04300000024,156860.3081639647,78.0637,-184980.63413603528,True
4382,236.3,70.89,236.3,248742.93300000025,156789.4181639647,78.048725,-184907.8998860353,True
4383,210.47,63.141,210.47,248806.07400000026,156726.2771639647,78.04467916666665,-184875.28354853526,True
4384,223.09,66.92699999999999,223.09,248873.00100000025,156659.3501639647,78.0413125,-184849.43333603532,True
4385,224.0,67.2,224.0,248940.20100000026,156592.1501639647,78.03765833333333,-184822.60504436863,True
4386,276.47,82.941,276.47,249023.14200000025,156509.2091639647,78.04322916666666,-184851.87521103528,True
4387,263.53,79.05899999999998,263.53,249102.20100000026,156430.1501639647,78.04586666666667,-184864.42476936863,True
4388,275.7,82.71,275.7,249184.91100000025,156347.4401639647,78.0488,-184881.91343603528,True
4389,229.8,68.94,229.8,249253.85100000026,156278.5001639647,78.049775,-184877.06636103528,True
4390,300.19,90.057,300.19,249343.90800000026,156188.4431639647,78.0761,-185004.11383603528,True
4391,223.41,67.023,223.41,249410.93100000024,156121.4201639647,78.04971666666667,-184877.79195270195,True
4392,252.95,75.88499999999999,252.95,249486.81600000025,156045.5351639647,78.04583333333332,-184858.66483603526,True
4393,261.1,78.33,261.1,249565.14600000024,155967.2051639647,78.03885,-184828.45278603525,True
4394,262.86,78.858,262.86,249644.00400000025,155888.3471639647,78.04070833333333,-184837.38541936863,True
4395,358.37,107.511,358.37,249751.51500000025,155780.8361639647,78.09959166666667,-185123.8814610353,True
4396,315.34,94.602,315.34,249846.11700000026,155686.2341639647,78.10605,-185168.56803603529,True
4397,378.38,113.514,378.38,249959.63100000026,155572.7201639647,78.14471666666667,-185372.678652702,True
4398,259.07,77.72099999999999,259.07,250037.35200000025,155494.9991639647,78.14705416666666,-185382.4511110353,True
4399,253.92,76.17599999999999,253.92,250113.52800000025,155418.8231639647,78.16952916666666,-185478.49353186865,True
4400,268.89,80.66699999999999,268.89,250194.19500000024,155338.1561639647,78.17942083333332,-185524.11866936856,True
4401,288.2,86.46,288.2,250280.65500000023,155251.69616396472,78.1817875,-185542.71554853526,True
4402,225.28,67.584,225.28,250348.23900000023,155184.11216396472,78.17830833333333,-185516.95555270195,True
4403,277.61,83.283,277.61,250431.52200000023,155100.82916396472,78.1962,-185600.0142360353,True
4404,253.18,75.954,253.18,250507.47600000023,155024.87516396472,78.18866249999999,-185564.93868603525,True
4405,220.94,66.282,220.94,250573.75800000023,154958.59316396472,78.18581666666667,-185540.63841936862,True
4406,245.04,73.512,245.04,250647.27000000022,154885.08116396473,78.185775,-185535.78318603532,True
4407,260.47,78.141,260.47,250725.41100000023,154806.94016396473,78.21120833333333,-185646.44971103527,True
4408,257.03,77.109,257.03,250802.52000000022,154729.83116396473,78.21275,-185652.05683603525,True
4409,241.46,72.438,241.46,250874.95800000022,154657.39316396473,78.20505,-185612.77938603528,True
4410,234.15,70.245,234.15,250945.2030000002,154587.14816396474,78.187075,-185526.62808603526,True
4411,260.74,78.222,260.74,251023.42500000022,154508.92616396473,78.20226666666666,-185592.73156936857,True
4412,288.29,86.48700000000001,288.29,251109.91200000021,154422.43916396474,78.1845375,-185523.9298860353,True
4413,312.2,93.66,312.2,251203.57200000022,154328.77916396473,78.20394166666667,-185623.7552610353,True
4414,229.16,68.74799999999999,229.16,251272.3200000002,154260.03116396474,78.18125833333332,-185515.71755270186,True
4415,268.45,80.535,268.45,251352.8550000002,154179.49616396474,78.17890416666667,-185507.84244020196,True
4416,228.96,68.688,228.96,251421.5430000002,154110.80816396474,78.15574583333333,-185397.75173603525,True
4417,263.94,79.182,263.94,251500.7250000002,154031.62616396474,78.15434583333332,-185392.69779020187,True
4418,351.42,105.426,351.42,251606.15100000022,153926.20016396474,78.19592499999999,-185600.5061860352,True
4419,276.77,83.03099999999999,276.77,251689.1820000002,153843.16916396475,78.21375833333333,-185682.75576103525,True
4420,253.96,76.188,253.96,251765.3700000002,153766.98116396475,78.1978125,-185611.52508603522,True
4421,268.0,80.39999999999999,268.0,251845.7700000002,153686.58116396476,78.22211666666666,-185719.18305270188,True
4422,319.62,95.886,319.62,251941.6560000002,153590.69516396476,78.23541666666667,-185794.54233603523,True
4423,290.18,87.054,290.18,252028.7100000002,153503.64116396476,78.23489166666666,-185801.08399436856,True
4424,234.06,70.218,234.06,252098.9280000002,153433.42316396476,78.24238333333332,-185825.55096936855,True
4425,304.47,91.341,304.47,252190.26900000017,153342.08216396478,78.27175416666667,-185965.97214853522,True
4426,237.95,71.38499999999999,237.95,252261.65400000018,153270.69716396477,78.28079166666666,-185998.25391936852,True
4427,265.76,79.728,265.76,252341.3820000002,153190.96916396476,78.29688333333333,-186069.42631936856,True
4428,287.14,86.142,287.14,252427.52400000018,153104.82716396477,78.30150833333333,-186097.3069360352,True
4429,347.51,104.253,347.51,252531.77700000018,153000.57416396477,78.33473333333333,-186267.1559027019,True
4430,235.23,70.56899999999999,235.23,252602.34600000017,152930.0051639648,78.32856666666666,-186232.68850270184,True
4431,299.99,89.997,299.99,252692.34300000017,152840.00816396478,78.360625,-186383.13746103522,True
4432,237.42,71.226,237.42,252763.56900000016,152768.7821639648,78.37320833333334,-186430.46350270192,True
4433,259.72,77.91600000000001,259.72,252841.48500000016,152690.8661639648,78.38773749999999,-186492.87399853516,True
4434,206.4,61.92,206.4,252903.40500000017,152628.94616396478,78.36820416666666,-186391.90506103516,True
4435,230.2,69.05999999999999,230.2,252972.46500000017,152559.88616396478,78.3632125,-186361.00789853526,True
4436,274.49,82.347,274.49,253054.81200000018,152477.53916396477,78.36303749999999,-186364.23498603518,True
4437,265.15,79.54499999999999,265.15,253134.3570000002,152397.99416396476,78.34427083333334,-186284.28864853526,True
4438,292.3,87.69,292.3,253222.0470000002,152310.30416396476,78.35578333333333,-186343.3914027019,True
4439,312.3,93.69,312.3,253315.7370000002,152216.61416396475,78.39248333333333,-186517.3063193686,True
4440,243.68,73.104,243.68,253388.8410000002,152143.51016396476,78.36831666666666,-186407.6178360352,True
4441,276.78,83.03399999999999,276.78,253471.8750000002,152060.47616396475,78.37997083333333,-186462.61786520193,True
4442,256.56,76.968,256.56,253548.8430000002,151983.50816396475,78.38256666666666,-186472.41470270188,True
4443,260.15,78.04499999999999,260.15,253626.8880000002,151905.46316396474,78.38365833333333,-186476.78986103524,True
4444,235.16,70.548,235.16,253697.43600000022,151834.91516396473,78.3863375,-186480.51748603524,True
4445,273.66,82.098,273.66,253779.53400000022,151752.81716396473,78.40749166666666,-186575.5093777019,True
4446,275.94,82.782,275.94,253862.31600000022,151670.03516396473,78.37535833333332,-186441.2606860352,True
4447,258.64,77.592,258.64,253939.90800000023,151592.44316396472,78.382,-186469.12283603533,True
4448,229.47,68.841,229.47,254008.7490000002,151523.60216396474,78.37173333333334,-186415.31196936863,True
4449,350.88,105.264,350.88,254114.0130000002,151418.33816396474,78.41440833333333,-186626.17616103526,True
4450,237.05,71.115,237.05,254185.1280000002,151347.22316396475,78.4170625,-186630.31621103524,True
4451,271.14,81.342,271.14,254266.4700000002,151265.88116396475,78.44377083333333,-186748.3273568686,True
4452,279.15,83.74499999999999,279.15,254350.2150000002,151182.13616396475,78.47415833333334,-186884.53793603525,True
4453,264.5,79.35,264.5,254429.5650000002,151102.78616396475,78.48452083333333,-186930.0450652019,True
4454,233.9,70.17,233.9,254499.73500000022,151032.61616396473,78.49649583333333,-186973.29489436856,True
4455,209.42,62.82599999999999,209.42,254562.56100000022,150969.79016396473,78.49165416666666,-186936.78102353524,True
4456,277.58,83.27399999999999,277.58,254645.83500000022,150886.51616396473,78.50183333333332,-186985.3745027019,True
4457,248.44,74.532,248.44,254720.36700000023,150811.98416396472,78.51255833333333,-187027.5543443686,True
4458,256.11,76.833,256.11,254797.20000000024,150735.1511639647,78.51414166666667,-187032.68628603534,True
4459,259.19,77.75699999999999,259.19,254874.95700000026,150657.3941639647,78.52100416666667,-187061.44475686867,True
4460,251.38,75.414,251.38,254950.37100000025,150581.9801639647,78.50804583333333,-187002.6169193686,True
4461,277.46,83.23799999999999,277.46,255033.60900000026,150498.7421639647,78.52647916666668,-187086.59177353533,True
4462,216.26,64.878,216.26,255098.48700000026,150433.8641639647,78.50438749999999,-186977.99331103527,True
4463,281.11,84.333,281.11,255182.82000000027,150349.53116396468,78.51787083333333,-187041.75980686865,True
4464,242.63,72.789,242.63,255255.60900000026,150276.7421639647,78.5076375,-186992.06853603534,True
4465,247.68,74.304,247.68,255329.91300000026,150202.4381639647,78.50920416666666,-186994.59373186863,True
4466,267.45,80.235,267.45,255410.14800000025,150122.2031639647,78.47997083333333,-186870.7915943686,True
4467,219.83,65.949,219.83,255476.09700000024,150056.2541639647,78.44389583333333,-186703.39064853528,True
4468,230.54,69.16199999999999,230.54,255545.25900000025,149987.0921639647,78.44456249999999,-186696.97008603526,True
4469,247.05,74.115,247.05,255619.37400000024,149912.9771639647,78.4512125,-186721.17567353527,True
4470,249.04,74.71199999999999,249.04,255694.08600000024,149838.2651639647,78.46101666666667,-186759.4963360353,True
4471,244.72,73.416,244.72,255767.50200000024,149764.8491639647,78.45344999999999,-186721.99788603527,True
4472,234.01,70.20299999999999,234.01,255837.70500000025,149694.6461639647,78.45326250000001,-186712.9434360353,True
4473,224.85,67.455,224.85,255905.16000000024,149627.19116396472,78.4459125,-186670.43572353534,True
4474,246.47,73.941,246.47,255979.10100000023,149553.25016396472,78.45097916666667,-186687.64654436862,True
4475,237.26,71.178,237.26,256050.27900000024,149482.0721639647,78.40215416666666,-186471.15844020192,True
4476,275.51,82.65299999999999,275.51,256132.93200000023,149399.41916396472,78.42270416666666,-186563.44548603529,True
4477,285.12,85.536,285.12,256218.46800000023,149313.88316396473,78.43941666666666,-186642.1384193686,True
4478,206.09,61.827,206.09,256280.29500000022,149252.05616396473,78.4161,-186525.68403603527,True
4479,276.81,83.04299999999999,276.81,256363.33800000022,149169.01316396473,78.40804583333333,-186495.83104853524,True
4480,221.87,66.56099999999999,221.87,256429.8990000002,149102.45216396474,78.39418333333333,-186424.6525027019,True
4481,249.87,74.961,249.87,256504.86000000022,149027.49116396473,78.38605833333334,-186386.45244436862,True
4482,220.07,66.021,220.07,256570.88100000023,148961.47016396472,78.33037499999999,-186135.87408603524,True
4483,214.43,64.329,214.43,256635.21000000022,148897.14116396473,78.3191125,-186073.70299853527,True
4484,344.01,103.203,344.01,256738.41300000023,148793.93816396472,78.36645,-186301.0020360353,True
4485,263.27,78.981,263.27,256817.39400000023,148714.95716396472,78.32840416666666,-186138.97064853527,True
4486,241.95,72.585,241.95,256889.97900000022,148642.37216396473,78.31300833333333,-186067.42545270192,True
4487,270.97,81.29100000000001,270.97,256971.27000000022,148561.08116396473,78.29855833333333,-186008.65859436858,True
4488,252.08,75.624,252.08,257046.89400000023,148485.45716396472,78.29361666666667,-185984.87323603526,True
4489,286.74,86.022,286.74,257132.91600000023,148399.43516396472,78.31059583333334,-186065.11964020194,True
4490,244.88,73.464,244.88,257206.38000000024,148325.9711639647,78.31171666666667,-186065.05900270195,True
4491,286.87,86.06099999999999,286.87,257292.44100000022,148239.91016396473,78.300625,-186025.45796103525,True
4492,241.08,72.324,241.08,257364.76500000022,148167.58616396473,78.29324583333333,-185987.9870527019,True
4493,232.15,69.645,232.15,257434.4100000002,148097.94116396474,78.30204583333332,-186016.88840686856,True
4494,283.43,85.029,283.43,257519.43900000022,148012.91216396473,78.28762083333332,-185962.0783110352,True
4495,261.88,78.564,261.88,257598.00300000023,147934.34816396472,78.30097083333334,-186019.29244020194,True
4496,224.78,67.434,224.78,257665.43700000024,147866.9141639647,78.2799,-185918.57943603527,True
4497,244.37,73.31099999999999,244.37,257738.74800000023,147793.60316396473,78.28117916666666,-185919.06362353524,True
4498,248.0,74.39999999999999,248.0,257813.14800000022,147719.20316396473,78.2970125,-185982.66411103524,True
4499,269.97,80.991,269.97,257894.13900000023,147638.21216396472,78.25612083333333,-185811.11870686858,True
4500,234.07,70.22099999999999,234.07,257964.36000000022,147567.99116396473,78.2587625,-185814.3370860353,True
4501,277.04,83.11200000000001,277.04,258047.4720000002,147484.87916396474,78.28080833333334,-185913.08352770194,True
4502,272.88,81.86399999999999,272.88,258129.3360000002,147403.01516396474,78.28627916666666,-185939.9615277019,True
4503,272.82,81.84599999999999,272.82,258211.1820000002,147321.16916396475,78.29209166666666,-185968.26506103523,True
4504,259.14,77.74199999999999,259.14,258288.9240000002,147243.42716396475,78.30602916666666,-186027.03296936853,True
4505,232.04,69.612,232.04,258358.5360000002,147173.81516396475,78.300625,-185995.34421103523,True
4506,217.05,65.115,217.05,258423.6510000002,147108.70016396476,78.28095833333333,-185898.49658603524,True
4507,244.1,73.22999999999999,244.1,258496.8810000002,147035.47016396475,78.29554583333334,-185955.4862652019,True
4508,252.98,75.89399999999999,252.98,258572.7750000002,146959.57616396475,78.30736666666667,-186003.3469027019,True
4509,261.36,78.408,261.36,258651.1830000002,146881.16816396476,78.31553333333333,-186038.16403603525,True
4510,272.74,81.822,272.74,258733.00500000018,146799.34616396477,78.27291249999999,-185860.53196103516,True
4511,231.46,69.438,231.46,258802.44300000017,146729.90816396478,78.28151666666666,-185888.25615270188,True
4512,225.96,67.788,225.96,258870.23100000017,146662.12016396478,78.28255833333333,-185882.18763603517,True
4513,280.47,84.141,280.47,258954.37200000018,146577.97916396477,78.30395416666667,-185978.91418186857,True
4514,267.25,80.175,267.25,259034.54700000017,146497.80416396479,78.29544999999999,-185944.67653603517,True
4515,235.12,70.536,235.12,259105.08300000016,146427.2681639648,78.289275,-185910.70421103522,True
4516,257.65,77.29499999999999,257.65,259182.37800000017,146349.97316396478,78.29670833333334,-185941.2570027019,True
4517,276.83,83.04899999999999,276.83,259265.42700000017,146266.92416396478,78.2743625,-185851.19592353518,True
4518,334.03,100.209,334.03,259365.63600000017,146166.71516396478,78.31860833333333,-186060.82138603518,True
4519,273.3,81.99,273.3,259447.62600000016,146084.7251639648,78.32685833333333,-186099.48102770187,True
4520,245.49,73.647,245.49,259521.27300000016,146011.0781639648,78.30798333333334,-186014.77116936859,True
4521,222.35,66.705,222.35,259587.97800000015,145944.3731639648,78.29295,-185939.44188603523,True
4522,208.9,62.67,208.9,259650.64800000016,145881.7031639648,78.27294583333334,-185839.0412777019,True
4523,263.72,79.116,263.72,259729.76400000017,145802.58716396478,78.29466666666667,-185931.91550270192,True
4524,243.38,73.014,243.38,259802.77800000017,145729.5731639648,78.2964375,-185934.13608603517,True
4525,224.38,67.314,224.38,259870.09200000018,145662.25916396477,78.2535375,-185741.4721485352,True
4526,253.01,75.90299999999999,253.01,259945.99500000017,145586.35616396478,78.25059583333334,-185726.66659436858,True
4527,250.45,75.13499999999999,250.45,260021.13000000018,145511.22116396477,78.25164583333333,-185727.9956485352,True
4528,248.55,74.565,248.55,260095.69500000018,145436.65616396477,78.2546125,-185736.8639360352,True
4529,198.91,59.673,198.91,260155.3680000002,145376.98316396476,78.24635833333333,-185683.35894436855,True
4530,255.35,76.60499999999999,255.35,260231.9730000002,145300.37816396475,78.23740416666666,-185643.84146103522,True
4531,313.39,94.017,313.39,260325.9900000002,145206.36116396476,78.2614625,-185761.3637485352,True
4532,225.53,67.65899999999999,225.53,260393.6490000002,145138.70216396474,78.25617916666666,-185728.42335270188,True
4533,274.85,82.455,274.85,260476.1040000002,145056.24716396476,78.27689166666666,-185820.1739110352,True
4534,281.06,84.318,281.06,260560.4220000002,144971.92916396476,78.24108333333332,-185674.88900270185,True
4535,212.15,63.645,212.15,260624.06700000018,144908.28416396477,78.22938333333333,-185610.86041936858,True
4536,241.0,72.3,241.0,260696.36700000017,144835.98416396478,78.20646666666666,-185508.13103603516,True
4537,222.08,66.624,222.08,260762.99100000018,144769.36016396477,78.20215416666666,-185478.3368818685,True
4538,323.49,97.047,323.49,260860.03800000018,144672.31316396478,78.2346125,-185634.2208110352,True
4539,205.12,61.536,205.12,260921.57400000017,144610.77716396478,78.20724166666666,-185501.9899110352,True
4540,241.74,72.522,241.74,260994.09600000017,144538.2551639648,78.20315,-185479.03783603516,True
4541,258.61,77.583,258.61,261071.67900000018,144460.67216396477,78.20148333333333,-185471.38601936854,True
4542,242.82,72.84599999999999,242.82,261144.52500000017,144387.82616396478,78.20564166666666,-185483.57038603522,True
4543,216.21,64.863,216.21,261209.38800000018,144322.96316396477,78.19420833333332,-185422.01337770183,True
4544,226.31,67.893,226.31,261277.2810000002,144255.07016396476,78.1778375,-185342.6927360352,True
4545,224.25,67.27499999999999,224.25,261344.5560000002,144187.79516396477,78.14549583333333,-185195.46977353524,True
4546,279.92,83.976,279.92,261428.53200000018,144103.81916396477,78.15305416666666,-185233.15109436854,True
4547,254.36,76.308,254.36,261504.84000000017,144027.51116396478,78.14792083333334,-185209.6793068686,True
4548,211.45,63.435,211.45,261568.27500000017,143964.07616396478,78.13955416666667,-185159.72598603522,True
4549,235.53,70.65899999999999,235.53,261638.93400000018,143893.41716396477,78.1277625,-185102.59072353522,True
4550,226.64,67.99199999999999,226.64,261706.92600000018,143825.42516396477,78.09932083333334,-184972.71554436858,True
4551,270.35,81.105,270.35,261788.0310000002,143744.32016396476,78.1191,-185058.97173603525,True
4552,255.77,76.731,255.77,261864.7620000002,143667.58916396476,78.1148625,-185039.75223603522,True
4553,212.87,63.861,212.87,261928.6230000002,143603.72816396476,78.11117916666666,-185010.00259020185,True
4554,258.37,77.511,258.37,262006.1340000002,143526.21716396476,78.11059166666666,-185006.93138603523,True
4555,222.99,66.897,222.99,262073.0310000002,143459.32016396476,78.09794166666666,-184942.52454436856,True
4556,237.82,71.34599999999999,237.82,262144.3770000002,143387.97416396474,78.08589583333334,-184885.13191936864,True
4557,230.08,69.024,230.08,262213.4010000002,143318.95016396476,78.08117083333332,-184856.21084853518,True
4558,251.59,75.477,251.59,262288.8780000002,143243.47316396475,78.09323333333334,-184904.29330270196,True
4559,257.3,77.19,257.3,262366.0680000002,143166.28316396475,78.08085,-184851.36768603523,True
4560,303.6,91.08,303.6,262457.1480000002,143075.20316396473,78.09915416666666,-184941.24433603528,True
4561,272.89,81.86699999999999,272.89,262539.01500000025,142993.3361639647,78.11654583333332,-185018.03979020187,True
4562,231.48,69.44399999999999,231.48,262608.45900000026,142923.8921639647,78.10411666666667,-184957.18960270198,True
4563,249.5,74.85,249.5,262683.30900000024,142849.0421639647,78.08380833333332,-184868.70141103526,True
4564,308.66,92.598,308.66,262775.90700000024,142756.4441639647,78.11637499999999,-185019.86533603526,True
4565,225.07,67.521,225.07,262843.42800000025,142688.9231639647,78.10467083333333,-184960.17098186864,True
4566,293.68,88.104,293.68,262931.53200000024,142600.8191639647,78.11163749999999,-184999.38851103524,True
4567,210.51,63.15299999999999,210.51,262994.68500000023,142537.66616396472,78.10950833333332,-184975.50227770192,True
4568,290.31,87.093,290.31,263081.7780000002,142450.57316396473,78.12115416666666,-185033.30510270188,True
4569,227.59,68.277,227.59,263150.0550000002,142382.29616396473,78.11625416666666,-185002.92504853528,True
4570,223.72,67.116,223.72,263217.1710000002,142315.18016396475,78.11792083333333,-184998.9081277019,True
4571,264.6,79.38000000000001,264.6,263296.5510000002,142235.80016396474,78.13449583333333,-185069.6028818686,True
4572,232.73,69.81899999999999,232.73,263366.3700000002,142165.98116396472,78.12532499999999,-185022.87993603526,True
4573,232.46,69.738,232.46,263436.10800000024,142096.2431639647,78.13045,-185035.95098603528,True
4574,221.23,66.369,221.23,263502.47700000025,142029.8741639647,78.12507916666665,-185001.7072277019,True
4575,230.59,69.17699999999999,230.59,263571.6540000003,141960.69716396468,78.0973375,-184876.6602735353,True
4576,211.68,63.504,211.68,263635.1580000003,141897.19316396466,78.04234166666666,-184631.96436936862,True
4577,289.06,86.718,289.06,263721.8760000003,141810.47516396467,78.05264583333333,-184683.74235686864,True
4578,218.04,65.41199999999999,218.04,263787.2880000003,141745.06316396466,78.01968749999999,-184533.2699610353,True
4579,271.05,81.315,271.05,263868.6030000003,141663.74816396466,78.03393333333334,-184596.12710270204,True
4580,231.8,69.54,231.8,263938.1430000003,141594.20816396468,78.02112083333334,-184534.0769193687,True
4581,243.93,73.179,243.93,264011.3220000003,141521.02916396467,78.01592916666667,-184507.53882353532,True
4582,241.41,72.423,241.41,264083.7450000003,141448.60616396467,78.01276666666666,-184488.73296936863,True
4583,236.87,71.06099999999999,236.87,264154.8060000003,141377.54516396468,78.01368333333333,-184485.61011936865,True
4584,250.49,75.147,250.49,264229.95300000027,141302.39816396468,77.99699166666666,-184413.0390360353,True
4585,376.41,112.923,376.41,264342.8760000003,141189.47516396467,78.04350416666668,-184642.1547318687,True
4586,302.51,90.753,302.51,264433.6290000003,141098.72216396465,78.06574583333334,-184747.70094436873,True
4587,230.7,69.21,230.7,264502.8390000003,141029.51216396462,78.06228333333333,-184724.39618603536,True
4588,221.33,66.399,221.33,264569.2380000003,140963.11316396465,78.06012499999999,-184703.72833603527,True
4589,288.12,86.43599999999999,288.12,264655.6740000003,140876.67716396466,78.07564583333333,-184776.84160686866,True
4590,256.03,76.80899999999998,256.03,264732.4830000003,140799.86816396465,78.0836625,-184809.00446103537,True
4591,208.36,62.508,208.36,264794.9910000003,140737.36016396468,78.07521666666668,-184758.2181193687,True
4592,213.2,63.96,213.2,264858.9510000003,140673.40016396466,78.06934583333333,-184719.63326936867,True
4593,257.12,77.136,257.12,264936.0870000003,140596.26416396466,78.070525,-184723.61351103534,True
4594,228.51,68.553,228.51,265004.6400000003,140527.71116396465,78.05329166666667,-184642.30191936868,True
4595,285.62,85.68599999999999,285.62,265090.3260000003,140442.02516396466,78.06298333333334,-184690.30041936866,True
4596,248.59,74.577,248.59,265164.9030000003,140367.44816396467,78.07365416666666,-184731.2477860353,True
4597,226.74,68.022,226.74,265232.9250000003,140299.42616396467,78.06350416666666,-184678.94168186863,True
4598,209.16,62.748,209.16,265295.6730000003,140236.67816396465,78.01838333333333,-184475.83326936868,True
4599,223.8,67.14,223.8,265362.8130000003,140169.53816396464,77.996775,-184375.04261103534,True
4600,198.73,59.61899999999999,198.73,265422.4320000003,140109.91916396463,77.97456249999999,-184264.2608360353,True
4601,217.26,65.178,217.26,265487.61000000034,140044.74116396462,77.96646249999999,-184217.77637353534,True
4602,220.24,66.072,220.24,265553.6820000003,139978.66916396463,77.95351249999999,-184152.0358110353,True
4603,229.74,68.922,229.74,265622.60400000034,139909.7471639646,77.95067916666666,-184131.22613186872,True
4604,242.57,72.771,242.57,265695.37500000035,139836.9761639646,77.92943333333332,-184037.74876936869,True
4605,273.62,82.086,273.62,265777.46100000036,139754.8901639646,77.9442875,-184103.6243985354,True
4606,311.76,93.528,311.76,265870.98900000035,139661.3621639646,77.9621375,-184193.35701103538,True
4607,280.0,84.0,280.0,265954.98900000035,139577.3621639646,77.98497083333334,-184294.22170686873,True
4608,299.98,89.994,299.98,266044.98300000036,139487.3681639646,77.98714166666666,-184315.24403603538,True
4609,245.87,73.761,245.87,266118.74400000036,139413.6071639646,77.9780625,-184273.3302735354,True
4610,232.72,69.816,232.72,266188.56000000035,139343.7911639646,77.97394999999999,-184248.10133603535,True
4611,247.97,74.39099999999999,247.97,266262.95100000035,139269.4001639646,77.945025,-184124.50856103539,True
4612,268.81,80.643,268.81,266343.59400000033,139188.75716396462,77.94135,-184111.9626360354,True
4613,228.7,68.61,228.7,266412.2040000003,139120.14716396463,77.9413625,-184102.68312353536,True
4614,245.06,73.518,245.06,266485.7220000003,139046.62916396465,77.91351666666667,-183982.81093603536,True
4615,209.08,62.724,209.08,266548.4460000003,138983.90516396466,77.89340416666667,-183884.2551068687,True
4616,234.65,70.395,234.65,266618.8410000003,138913.51016396465,77.890925,-183866.48303603532,True
4617,260.79,78.23700000000001,260.79,266697.0780000003,138835.27316396462,77.9016,-183911.0556360354,True
4618,238.21,71.463,238.21,266768.5410000003,138763.81016396463,77.91071249999999,-183942.36101103533,True
4619,295.33,88.59899999999999,295.33,266857.1400000003,138675.21116396465,77.93862083333332,-184068.61770686862,True
4620,236.84,71.05199999999999,236.84,266928.19200000033,138604.15916396462,77.92385,-184000.57983603538,True
4621,205.18,61.554,205.18,266989.74600000033,138542.60516396462,77.87803749999999,-183794.59204853536,True
4622,310.91,93.273,310.91,267083.0190000003,138449.33216396463,77.90420416666666,-183918.26467770198,True
4623,300.14,90.04199999999999,300.14,267173.06100000034,138359.29016396462,77.92141666666666,-184001.61058603536,True
4624,336.59,100.977,336.59,267274.03800000035,138258.3131639646,77.93552083333333,-184083.00100270205,True
4625,336.71,101.013,336.71,267375.0510000003,138157.30016396462,77.98479583333334,-184309.83060686872,True
4626,259.57,77.871,259.57,267452.9220000003,138079.42916396464,77.99389583333333,-184347.33621103532,True
4627,236.85,71.05499999999999,236.85,267523.9770000003,138008.37416396465,77.97397083333333,-184258.047290202,True
4628,283.8,85.14,283.8,267609.1170000003,137923.23416396463,77.9952375,-184353.08718603535,True
4629,226.04,67.812,226.04,267676.9290000003,137855.42216396466,77.98621666666666,-184305.6388860353,True
4630,245.11,73.533,245.11,267750.4620000003,137781.88916396466,77.99945833333334,-184355.87375270203,True
4631,263.22,78.96600000000001,263.22,267829.4280000003,137702.92316396465,77.99454166666666,-184336.539377702,True
4632,298.97,89.691,298.97,267919.1190000003,137613.23216396465,78.0068625,-184399.09623603534,True
4633,301.12,90.336,301.12,268009.4550000003,137522.89616396464,78.01245,-184434.4849860354,True
4634,246.62,73.986,246.62,268083.4410000003,137448.91016396467,78.01244583333333,-184430.44134436868,True
4635,228.44,68.532,228.44,268151.9730000003,137380.37816396466,77.99448333333333,-184346.86558603536,True
4636,307.73,92.319,307.73,268244.2920000003,137288.05916396464,78.01217916666667,-184434.1677193687,True
4637,226.84,68.05199999999999,226.84,268312.34400000033,137220.00716396462,77.96975416666666,-184249.289265202,True
4638,239.38,71.814,239.38,268384.15800000035,137148.1931639646,77.95757499999999,-184192.93098603538,True
4639,253.13,75.939,253.13,268460.09700000036,137072.2541639646,77.95153333333333,-184166.01470270206,True
4640,195.67,58.70099999999999,195.67,268518.79800000036,137013.5531639646,77.92887916666666,-184053.42900270206,True
4641,222.1,66.63,222.1,268585.42800000036,136946.9231639646,77.93719166666666,-184076.36931103538,True
4642,259.52,77.856,259.52,268663.2840000004,136869.06716396456,77.93427083333333,-184064.2601277021,True
4643,265.77,79.731,265.77,268743.0150000004,136789.33616396453,77.94629166666665,-184115.54662770208,True
4644,317.16,95.148,317.16,268838.1630000004,136694.18816396454,77.938125,-184099.13433603547,True
4645,251.68,75.504,251.68,268913.6670000004,136618.68416396453,77.95027499999999,-184146.69746103545,True
4646,210.13,63.039,210.13,268976.7060000004,136555.64516396454,77.94327083333333,-184102.97104436875,True
4647,260.66,78.19800000000001,260.66,269054.9040000004,136477.44716396456,77.9515375,-184137.22657353542,True
4648,228.53,68.559,228.53,269123.4630000004,136408.88816396456,77.92715,-184027.55263603543,True
4649,238.58,71.574,238.58,269195.0370000004,136337.31416396453,77.9327375,-184044.16969853546,True
4650,259.66,77.89800000000001,259.66,269272.9350000004,136259.41616396455,77.90452916666666,-183928.19871103542,True
4651,218.01,65.40299999999999,218.01,269338.3380000004,136194.01316396456,77.88689166666667,-183843.22469436878,True
4652,227.71,68.313,227.71,269406.6510000004,136125.70016396453,77.86445416666666,-183741.47755270213,True
4653,320.77,96.231,320.77,269502.88200000045,136029.4691639645,77.90716666666665,-183935.26433603547,True
4654,240.27,72.081,240.27,269574.96300000045,135957.3881639645,77.90350416666666,-183914.3999443688,True
4655,258.88,77.664,258.88,269652.62700000044,135879.7241639645,77.9033,-183913.3223360355,True
4656,270.65,81.195,270.65,269733.82200000045,135798.5291639645,77.91217083333333,-183953.0199360355,True
4657,315.52,94.656,315.52,269828.47800000047,135703.87316396448,77.9300875,-184043.27584853553,True
4658,287.65,86.29499999999999,287.65,269914.77300000045,135617.5781639645,77.94106666666667,-184096.6773027022,True
4659,211.69,63.507,211.69,269978.28000000044,135554.07116396452,77.90507916666667,-183934.65849853546,True
4660,233.45,70.035,233.45,270048.3150000004,135484.03616396454,77.90569166666667,-183929.29966936877,True
4661,306.56,91.968,306.56,270140.2830000004,135392.06816396455,77.93405833333333,-184059.63694436877,True
4662,301.19,90.357,301.19,270230.6400000004,135301.71116396453,77.95905416666666,-184174.49281103542,True
4663,221.45,66.43499999999999,221.45,270297.0750000004,135235.27616396453,77.95284166666667,-184137.5161443688,True
4664,213.2,63.96,213.2,270361.03500000044,135171.3161639645,77.92808333333333,-184022.11316936882,True
4665,223.93,67.179,223.93,270428.21400000044,135104.1371639645,77.91659166666666,-183964.3057110355,True
4666,225.76,67.728,225.76,270495.94200000045,135036.4091639645,77.92976250000001,-184008.03851103556,True
4667,252.24,75.672,252.24,270571.61400000047,134960.73716396448,77.94298333333333,-184059.89361936884,True
4668,213.78,64.134,213.78,270635.7480000005,134896.60316396446,77.93233749999999,-184002.5218860355,True
4669,228.81,68.643,228.81,270704.39100000047,134827.96016396448,77.88729166666667,-183808.95004436886,True
4670,276.85,83.055,276.85,270787.44600000046,134744.9051639645,77.90067916666666,-183868.87262770213,True
4671,201.41,60.423,201.41,270847.8690000005,134684.48216396448,77.89300833333333,-183820.0289110355,True
4672,244.02,73.206,244.02,270921.0750000005,134611.27616396447,77.8687875,-183716.32713603548,True
4673,259.03,77.70899999999999,259.03,270998.78400000045,134533.5671639645,77.85669166666666,-183666.73167770216,True
4674,290.96,87.288,290.96,271086.07200000045,134446.2791639645,77.87800833333333,-183763.2628860355,True
4675,239.13,71.73899999999999,239.13,271157.81100000045,134374.5401639645,77.86597083333332,-183707.95069020212,True
4676,211.14,63.34199999999999,211.14,271221.15300000046,134311.1981639645,77.85275,-183639.4328360355,True
4677,249.6,74.88,249.6,271296.03300000046,134236.3181639645,77.86762083333333,-183697.1776985355,True
4678,218.67,65.601,218.67,271361.6340000005,134170.71716396447,77.85323749999999,-183626.19831103552,True
4679,275.52,82.65599999999999,275.52,271444.2900000005,134088.06116396445,77.86419166666667,-183675.7050277022,True
4680,283.0,84.89999999999999,283.0,271529.1900000005,134003.16116396443,77.88900416666667,-183783.97583603556,True
4681,255.78,76.734,255.78,271605.9240000005,133926.42716396443,77.89972916666667,-183826.56810686894,True
4682,250.12,75.036,250.12,271680.96000000054,133851.3911639644,77.8999875,-183824.75786103558,True
4683,280.48,84.144,280.48,271765.1040000005,133767.24716396444,77.85737083333332,-183657.2537235355,True
4684,270.9,81.27,270.9,271846.37400000053,133685.97716396442,77.87049583333334,-183714.16385270224,True
4685,282.54,84.762,282.54,271931.1360000005,133601.21516396443,77.86062083333333,-183680.81473186886,True
4686,345.49,103.647,345.49,272034.7830000005,133497.56816396443,77.90401250000001,-183883.37876103562,True
4687,241.68,72.504,241.68,272107.28700000054,133425.06416396442,77.8822,-183789.13643603557,True
4688,256.44,76.932,256.44,272184.2190000005,133348.13216396444,77.8811875,-183784.06333603553,True
4689,299.6,89.88000000000001,299.6,272274.0990000005,133258.25216396444,77.91248333333333,-183923.46748603554,True
4690,271.96,81.588,271.96,272355.6870000005,133176.66416396445,77.91974166666665,-183956.6844193688,True
4691,252.27,75.681,252.27,272431.3680000005,133100.98316396447,77.8998,-183873.3030360355,True
4692,226.77,68.031,226.77,272499.3990000005,133032.95216396445,77.90291249999999,-183876.09588603547,True
4693,273.09,81.92699999999999,273.09,272581.3260000005,132951.02516396443,77.90198333333333,-183876.34105270222,True
4694,261.08,78.324,261.08,272659.65000000055,132872.7011639644,77.9027,-183879.67703603557,True
4695,261.64,78.49199999999999,261.64,272738.1420000006,132794.20916396438,77.90667499999999,-183896.42471103562,True
4696,211.33,63.399,211.33,272801.54100000055,132730.8101639644,77.88967499999998,-183812.82903603552,True
4697,314.48,94.344,314.48,272895.88500000053,132636.46616396442,77.9185375,-183946.55169853556,True
4698,287.22,86.16600000000001,287.22,272982.05100000056,132550.3001639644,77.955225,-184103.8237860356,True
4699,241.73,72.51899999999999,241.73,273054.57000000053,132477.78116396442,77.96132499999999,-184123.15966103552,True
4700,288.89,86.66699999999999,288.89,273141.23700000055,132391.1141639644,77.9753875,-184188.95908603555,True
4701,246.89,74.067,246.89,273215.3040000005,132317.04716396442,77.96557916666667,-184145.23867353558,True
4702,329.37,98.811,329.37,273314.1150000005,132218.23616396444,77.98877916666666,-184260.22969436884,True
4703,249.14,74.74199999999999,249.14,273388.85700000054,132143.4941639644,77.974025,-184197.12526103557,True
4704,221.69,66.50699999999999,221.69,273455.3640000005,132076.98716396443,77.941475,-184053.63543603558,True
4705,327.12,98.136,327.12,273553.5000000005,131978.85116396443,77.933475,-184041.38996103557,True
4706,270.83,81.249,270.83,273634.74900000053,131897.60216396442,77.93254583333334,-184040.9386443689,True
4707,250.9,75.27,250.9,273710.01900000055,131822.3321639644,77.91252083333333,-183957.11477353558,True
4708,324.46,97.338,324.46,273807.35700000054,131724.9941639644,77.93933750000001,-184085.2013860356,True
4709,261.73,78.519,261.73,273885.8760000005,131646.47516396444,77.90242083333334,-183936.23163186893,True
4710,228.83,68.649,228.83,273954.5250000005,131577.82616396446,77.8955625,-183899.20196103555,True
4711,313.84,94.152,313.84,274048.6770000005,131483.67416396446,77.91850833333334,-184008.3660777022,True
4712,247.99,74.397,247.99,274123.0740000005,131409.27716396446,77.90053333333333,-183932.08176936884,True
4713,249.03,74.709,249.03,274197.78300000046,131334.5681639645,77.88156666666667,-183852.13213603554,True
4714,246.33,73.899,246.33,274271.68200000044,131260.6691639645,77.88761666666666,-183872.62786936876,True
4715,206.67,62.00099999999999,206.67,274333.6830000004,131198.66816396452,77.86226666666666,-183754.2005027021,True
4716,195.28,58.584,195.28,274392.2670000004,131140.08416396455,77.83935,-183642.24723603541,True
4717,261.26,78.378,261.26,274470.6450000004,131061.70616396453,77.83764166666667,-183635.87909436884,True
4718,206.75,62.025,206.75,274532.67000000045,130999.6811639645,77.77179166666666,-183353.90075270215,True
4719,215.45,64.63499999999999,215.45,274597.30500000046,130935.0461639645,77.76918333333333,-183330.2236860355,True
4720,262.45,78.735,262.45,274676.04000000044,130856.3111639645,77.76691249999999,-183322.01533603546,True
4721,244.18,73.254,244.18,274749.29400000046,130783.05716396449,77.75739166666666,-183279.04777770216,True
4722,224.05,67.215,224.05,274816.5090000005,130715.84216396447,77.74347499999999,-183212.3098860355,True
4723,268.25,80.475,268.25,274896.98400000046,130635.36716396449,77.75940416666667,-183279.34745686885,True
4724,209.57,62.871,209.57,274959.85500000045,130572.4961639645,77.7252125,-183126.4614860355,True
4725,266.47,79.941,266.47,275039.79600000044,130492.55516396451,77.73900416666666,-183184.32664853544,True
4726,249.95,74.985,249.95,275114.7810000004,130417.57016396453,77.71759583333333,-183095.21142770216,True
4727,236.7,71.00999999999999,236.7,275185.79100000043,130346.56016396452,77.72145833333333,-183104.08129436878,True
4728,213.65,64.095,213.65,275249.8860000004,130282.46516396455,77.68432083333333,-182940.71643603547,True
4729,259.16,77.748,259.16,275327.6340000004,130204.71716396452,77.69649166666666,-182989.8407443688,True
4730,228.71,68.613,228.71,275396.24700000044,130136.10416396451,77.67254583333333,-182884.25554436882,True
4731,219.39,65.817,219.39,275462.0640000004,130070.28716396453,77.62954583333332,-182699.15299853543,True
4732,274.51,82.353,274.51,275544.4170000004,129987.93416396453,77.61384583333333,-182640.63685270213,True
4733,225.12,67.536,225.12,275611.95300000045,129920.3981639645,77.58804166666667,-182526.64562770218,True
4734,209.42,62.82599999999999,209.42,275674.77900000045,129857.5721639645,77.57289583333333,-182450.90646103548,True
4735,262.84,78.85199999999999,262.84,275753.63100000046,129778.72016396449,77.58388333333333,-182496.4102527022,True
4736,258.52,77.556,258.52,275831.18700000044,129701.16416396451,77.6118625,-182608.9705360355,True
4737,213.16,63.94799999999999,213.16,275895.1350000004,129637.21616396453,77.60379166666667,-182562.83771103545,True
4738,206.55,61.965,206.55,275957.10000000044,129575.25116396451,77.57288333333332,-182422.8856027021,True
4739,223.17,66.951,223.17,276024.05100000044,129508.30016396451,77.55622083333333,-182345.2638068688,True
4740,223.86,67.158,223.86,276091.20900000044,129441.14216396451,77.51437083333333,-182166.62858603545,True
4741,249.35,74.80499999999999,249.35,276166.01400000043,129366.33716396452,77.52555416666667,-182208.8650318688,True
4742,245.93,73.779,245.93,276239.7930000004,129292.55816396454,77.49310833333332,-182074.75111936877,True
4743,230.66,69.198,230.66,276308.9910000004,129223.36016396456,77.48101249999999,-182017.86704853538,True
4744,236.73,71.01899999999999,236.73,276380.01000000036,129152.3411639646,77.4822,-182016.17403603543,True
4745,263.5,79.05,263.5,276459.06000000035,129073.2911639646,77.47886666666666,-182004.35850270203,True
4746,216.81,65.04299999999999,216.81,276524.10300000035,129008.2481639646,77.45176666666666,-181883.14323603536,True
4747,333.73,100.119,333.73,276624.22200000036,128908.1291639646,77.46745833333333,-181968.78112770204,True
4748,304.55,91.365,304.55,276715.58700000035,128816.7641639646,77.49234166666666,-182082.51060270204,True
4749,249.9,74.97,249.9,276790.5570000003,128741.79416396463,77.48728333333332,-182059.69928603532,True
4750,417.76,125.328,417.76,276915.8850000003,128616.46616396465,77.54972916666667,-182357.94779436867,True
4751,241.63,72.48899999999999,241.63,276988.3740000003,128543.97716396465,77.54471666666667,-182332.79195270204,True
4752,241.15,72.345,241.15,277060.7190000003,128471.63216396468,77.51228749999999,-182197.61613603524,True
4753,245.52,73.656,245.52,277134.3750000003,128397.97616396466,77.499725,-182143.42191103532,True
4754,243.46,73.038,243.46,277207.4130000003,128324.93816396466,77.50805833333332,-182172.34351936862,True
4755,245.12,73.536,245.12,277280.9490000003,128251.40216396464,77.49912916666666,-182132.61014853534,True
4756,242.52,72.756,242.52,277353.7050000003,128178.64616396464,77.5126625,-182182.05448603537,True
4757,242.89,72.86699999999999,242.89,277426.57200000033,128105.77916396462,77.50458333333333,-182145.06791936868,True
4758,244.64,73.392,244.64,277499.9640000003,128032.38716396462,77.5113375,-182167.98551103537,True
4759,250.53,75.15899999999999,250.53,277575.1230000003,127957.22816396464,77.50244583333333,-182130.05761520198,True
4760,220.66,66.198,220.66,277641.3210000003,127891.03016396466,77.50556250000001,-182131.2198360354,True
4761,215.62,64.68599999999999,215.62,277706.0070000003,127826.34416396468,77.50285833333334,-182107.58631103532,True
4762,209.16,62.748,209.16,277768.7550000003,127763.59616396466,77.47604583333333,-181985.635077702,True
4763,199.63,59.889,199.63,277828.6440000003,127703.70716396463,77.45135833333333,-181869.37209436868,True
4764,202.01,60.603,202.01,277889.2470000003,127643.10416396463,77.44295,-181818.92403603537,True
4765,206.14,61.84199999999999,206.14,277951.0890000003,127581.26216396462,77.40424999999999,-181648.71658603533,True
4766,216.84,65.05199999999999,216.84,278016.14100000035,127516.2101639646,77.39220416666667,-181588.25327770208,True
4767,240.64,72.192,240.64,278088.33300000033,127444.01816396462,77.39160833333334,-181580.6739110354,True
4768,244.59,73.377,244.59,278161.7100000003,127370.64116396464,77.3914375,-181575.97733603534,True
4769,225.91,67.773,225.91,278229.4830000003,127302.86816396465,77.3720375,-181488.93349853536,True
4770,240.74,72.222,240.74,278301.7050000003,127230.64616396464,77.37558333333332,-181497.9313360353,True
4771,282.43,84.729,282.43,278386.4340000003,127145.91716396465,77.3877625,-181553.86744853534,True
4772,237.93,71.379,237.93,278457.8130000003,127074.53816396464,77.36125416666667,-181442.14345270203,True
4773,273.51,82.053,273.51,278539.86600000033,126992.48516396462,77.34862916666667,-181396.49932353536,True
4774,245.38,73.61399999999999,245.38,278613.48000000033,126918.87116396462,77.34544166666667,-181380.05931936874,True
4775,260.29,78.087,260.29,278691.56700000033,126840.78416396462,77.34710416666667,-181387.42594020203,True
4776,241.23,72.369,241.23,278763.93600000034,126768.41516396462,77.35992916666666,-181433.54263603536,True
4777,272.17,81.651,272.17,278845.58700000035,126686.7641639646,77.31765833333333,-181269.46897770202,True
4778,265.23,79.569,265.23,278925.15600000037,126607.19516396458,77.31007083333334,-181241.5068943688,True
4779,269.94,80.982,269.94,279006.1380000004,126526.21316396457,77.31924166666667,-181281.68791103543,True
4780,261.58,78.47399999999999,261.58,279084.6120000004,126447.73916396458,77.3013,-181211.43483603542,True
4781,223.86,67.158,223.86,279151.77000000037,126380.58116396458,77.30453333333334,-181214.15696936875,True
4782,224.35,67.30499999999999,224.35,279219.07500000036,126313.27616396459,77.29875833333332,-181181.18448603537,True
4783,215.44,64.63199999999999,215.44,279283.70700000034,126248.64416396461,77.21614583333333,-180839.96781520202,True
4784,227.95,68.38499999999999,227.95,279352.09200000035,126180.2591639646,77.20072916666666,-180769.84000270203,True
4785,240.0,72.0,240.0,279424.09200000035,126108.2591639646,77.21145833333333,-180807.28771103534,True
4786,256.32,76.896,256.32,279500.98800000036,126031.36316396459,77.22286249999999,-180852.2924110354,True
4787,229.93,68.979,229.93,279569.96700000035,125962.3841639646,77.20659166666665,-180779.40452770202,True
4788,195.73,58.719,195.73,279628.68600000034,125903.66516396462,77.1819125,-180662.89128603536,True
4789,256.54,76.962,256.54,279705.64800000034,125826.70316396462,77.18335416666666,-180668.3962318687,True
4790,262.52,78.75599999999999,262.52,279784.40400000033,125747.94716396462,77.17022083333333,-180617.82954436872,True
4791,234.96,70.488,234.96,279854.89200000034,125677.45916396461,77.17305,-180622.3762860354,True
4792,216.73,65.01899999999999,216.73,279919.9110000003,125612.44016396464,77.17442916666667,-180615.69476936868,True
4793,289.19,86.75699999999999,289.19,280006.6680000003,125525.68316396466,77.18809583333334,-180679.4930068687,True
4794,203.42,61.026,203.42,280067.6940000003,125464.65716396464,77.1483125,-180505.55021103536,True
4795,300.44,90.132,300.44,280157.8260000003,125374.52516396466,77.12151666666666,-180412.28841936868,True
4796,244.02,73.206,244.02,280231.0320000003,125301.31916396465,77.1223,-180411.47803603532,True
4797,240.33,72.099,240.33,280303.1310000003,125229.22016396467,77.12955416666667,-180435.2029985353,True
4798,257.64,77.29199999999999,257.64,280380.4230000003,125151.92816396465,77.12829583333334,-180430.37992770202,True
4799,227.13,68.139,227.13,280448.5620000003,125083.78916396463,77.11018333333332,-180349.64701936865,True
4800,259.07,77.72099999999999,259.07,280526.28300000035,125006.0681639646,77.1003875,-180311.4663360354,True
4801,268.22,80.46600000000001,268.22,280606.74900000036,124925.60216396459,77.10172916666667,-180320.14360686875,True
4802,237.76,71.32799999999999,237.76,280678.07700000034,124854.27416396461,77.0966625,-180294.31601103535,True
4803,237.68,71.304,237.68,280749.38100000034,124782.97016396461,77.08650416666666,-180248.32682353538,True
4804,324.5,97.35,324.5,280846.7310000003,124685.62016396463,77.10204166666666,-180330.0566693687,True
4805,278.08,83.42399999999999,278.08,280930.1550000003,124602.19616396463,77.10414583333332,-180344.70060686866,True
4806,208.16,62.44799999999999,208.16,280992.6030000003,124539.74816396466,77.06907083333333,-180191.3579110353,True
4807,231.24,69.372,231.24,281061.97500000027,124470.37616396468,77.06509166666666,-180167.93119436863,True
4808,240.99,72.297,240.99,281134.2720000003,124398.07916396466,77.05199583333334,-180111.4083693687,True
4809,259.66,77.89800000000001,259.66,281212.1700000003,124320.18116396468,77.05732916666666,-180133.32637353532,True
4810,203.55,61.065,203.55,281273.2350000003,124259.11616396467,77.05043749999999,-180090.1119610353,True
4811,251.07,75.321,251.07,281348.5560000003,124183.79516396468,77.0382875,-180040.40217353532,True
4812,250.0,75.0,250.0,281423.5560000003,124108.79516396468,77.0042125,-179903.83578603528,True
4813,333.08,99.924,333.08,281523.4800000003,124008.87116396468,77.04572083333333,-180090.58896520198,True
4814,258.64,77.592,258.64,281601.0720000003,123931.27916396467,77.06602916666667,-180171.271927702,True
4815,231.41,69.423,231.41,281670.4950000003,123861.85616396467,77.05588333333333,-180123.60358603531,True
4816,258.23,77.46900000000001,258.23,281747.96400000027,123784.38716396468,77.06021249999999,-180141.09093603527,True
4817,204.97,61.491,204.97,281809.45500000025,123722.8961639647,77.04647083333333,-180071.33833186864,True
4818,218.64,65.592,218.64,281875.04700000025,123657.3041639647,77.04217083333333,-180042.9332610353,True
4819,219.27,65.781,219.27,281940.82800000027,123591.52316396468,77.04129999999999,-180028.2401360353,True
4820,225.7,67.71,225.7,282008.5380000003,123523.81316396466,77.03392916666667,-179989.86775270203,True
4821,277.18,83.154,277.18,282091.6920000003,123440.65916396468,77.04185416666667,-180027.2043985353,True
4822,234.63,70.389,234.63,282162.0810000003,123370.27016396465,77.03262083333333,-179984.19067770196,True
4823,255.81,76.743,255.81,282238.8240000003,123293.52716396464,77.0347125,-179992.13594853535,True
4824,225.7,67.71,225.7,282306.53400000033,123225.81716396462,77.01315833333332,-179897.97403603536,True
4825,250.22,75.066,250.22,282381.6000000003,123150.75116396463,77.01234583333333,-179892.82969020202,True
4826,400.97,120.291,400.97,282501.89100000035,123030.4601639646,77.070475,-180164.78848603542,True
4827,229.86,68.958,229.86,282570.84900000034,122961.50216396461,77.0624375,-180125.06452353537,True
4828,314.86,94.458,314.86,282665.3070000003,122867.04416396463,77.08689583333333,-180238.63025270205,True
4829,249.96,74.988,249.96,282740.29500000033,122792.05616396462,77.08613749999999,-180233.55034853535,True
4830,362.62,108.786,362.62,282849.08100000035,122683.2701639646,77.09942916666665,-180317.48646103533,True
4831,269.86,80.958,269.86,282930.03900000034,122602.31216396461,77.10383333333333,-180338.64900270203,True
4832,263.69,79.107,263.69,283009.14600000036,122523.2051639646,77.10747916666666,-180354.97300270206,True
4833,230.21,69.063,230.21,283078.2090000004,122454.14216396457,77.107475,-180346.9121610354,True
4834,238.98,71.69399999999999,238.98,283149.9030000004,122382.44816396455,77.10760833333333,-180342.0221527021,True
4835,226.89,68.067,226.89,283217.9700000004,122314.38116396457,77.10289166666666,-180314.4686277021,True
4836,262.22,78.66600000000001,262.22,283296.6360000004,122235.71516396455,77.11716666666666,-180372.04683603544,True
4837,208.38,62.514,208.38,283359.15000000043,122173.20116396452,77.110325,-180330.60381103551,True
4838,220.82,66.246,220.82,283425.3960000004,122106.95516396454,77.09142083333333,-180245.5973443688,True
4839,219.35,65.80499999999999,219.35,283491.2010000004,122041.15016396454,77.06426666666667,-180127.8394360355,True
4840,250.07,75.021,250.07,283566.2220000004,121966.12916396454,77.05191666666666,-180077.38416936877,True
4841,218.73,65.619,218.73,283631.8410000004,121900.51016396453,77.03365,-179994.36418603547,True
4842,271.54,81.462,271.54,283713.3030000004,121819.04816396453,77.04538333333333,-180044.7637360355,True
4843,264.31,79.29299999999999,264.31,283792.5960000004,121739.75516396452,77.03356666666666,-180000.7254693688,True
4844,305.05,91.515,305.05,283884.11100000044,121648.24016396451,77.06665833333332,-180144.7938693688,True
4845,286.25,85.875,286.25,283969.98600000044,121562.36516396451,77.07130833333333,-180171.80696103547,True
4846,279.84,83.95199999999998,279.84,284053.93800000043,121478.41316396452,77.07705833333333,-180201.19315270212,True
4847,210.5,63.15,210.5,284117.08800000045,121415.2631639645,77.033725,-180017.70276103553,True
4848,232.74,69.822,232.74,284186.91000000044,121345.44116396451,76.98924583333334,-179836.48853603553,True
4849,276.64,82.99199999999999,276.64,284269.90200000047,121262.44916396448,76.99526666666667,-179866.03876936884,True
4850,247.87,74.361,247.87,284344.26300000044,121188.08816396451,76.98843333333333,-179836.6861693688,True
4851,303.21,90.963,303.21,284435.22600000043,121097.12516396452,76.986525,-179843.2010610355,True
4852,231.61,69.483,231.61,284504.70900000044,121027.64216396451,76.942875,-179665.11333603552,True
4853,284.21,85.26299999999999,284.21,284589.9720000004,120942.37916396454,76.96012916666666,-179740.84549020213,True
4854,254.93,76.479,254.93,284666.4510000004,120865.90016396454,76.96456666666667,-179757.69723603548,True
4855,227.76,68.32799999999999,227.76,284734.7790000004,120797.57216396456,76.9656875,-179753.43752353545,True
4856,277.2,83.16,277.2,284817.93900000036,120714.41216396459,76.99633333333333,-179879.27316936874,True
4857,243.93,73.179,243.93,284891.11800000037,120641.23316396459,77.00274166666667,-179900.46756103542,True
4858,208.21,62.463,208.21,284953.58100000035,120578.7701639646,76.9707,-179760.9012360354,True
4859,310.18,93.054,310.18,285046.63500000036,120485.7161639646,76.98382916666667,-179828.20141520206,True
4860,221.98,66.594,221.98,285113.22900000034,120419.12216396461,76.9727,-179774.40783603542,True
4861,208.44,62.532,208.44,285175.76100000035,120356.5901639646,76.97277499999998,-179760.25956103532,True
4862,245.81,73.743,245.81,285249.50400000036,120282.84716396459,76.97017083333334,-179746.8787443688,True
4863,243.68,73.104,243.68,285322.60800000036,120209.7431639646,76.96492916666666,-179722.58579853538,True
4864,263.35,79.00500000000001,263.35,285401.61300000036,120130.73816396459,76.97954583333332,-179781.572402702,True
4865,236.27,70.881,236.27,285472.49400000036,120059.8571639646,76.96193749999999,-179706.88939853536,True
4866,266.84,80.05199999999999,266.84,285552.5460000004,119979.80516396457,76.97252083333333,-179751.19096103543,True
4867,230.73,69.219,230.73,285621.76500000036,119910.58616396459,76.96481666666666,-179713.44511936873,True
4868,221.88,66.564,221.88,285688.3290000004,119844.02216396458,76.9418,-179613.46343603544,True
4869,296.65,88.99499999999999,296.65,285777.3240000004,119755.02716396458,76.94137916666666,-179623.8791735354,True
4870,229.61,68.883,229.61,285846.20700000034,119686.14416396461,76.9415125,-179616.3394610354,True
4871,276.57,82.97099999999999,276.57,285929.17800000036,119603.17316396459,76.93835416666667,-179610.0861902021,True
4872,254.52,76.356,254.52,286005.5340000004,119526.81716396456,76.93717916666667,-179604.93543603545,True
4873,234.27,70.281,234.27,286075.8150000004,119456.53616396454,76.889475,-179412.85316103545,True
4874,239.96,71.988,239.96,286147.8030000004,119384.54816396453,76.86625,-179317.69933603547,True
4875,246.43,73.929,246.43,286221.7320000004,119310.61916396453,76.86579583333334,-179312.99764853547,True
4876,271.84,81.55199999999999,271.84,286303.28400000045,119229.0671639645,76.86911666666666,-179330.5819693688,True
4877,250.24,75.072,250.24,286378.35600000044,119153.99516396452,76.8596625,-179292.0743235355,True
4878,206.14,61.84199999999999,206.14,286440.19800000044,119092.15316396451,76.84855833333333,-179233.95028603548,True
4879,275.16,82.548,275.16,286522.74600000045,119009.6051639645,76.8698,-179322.0886360355,True
4880,265.11,79.533,265.11,286602.27900000045,118930.0721639645,76.88227916666666,-179373.17100270215,True
4881,198.39,59.517,198.39,286661.79600000044,118870.55516396451,76.87025416666667,-179309.16074853548,True
4882,228.83,68.649,228.83,286730.4450000004,118801.90616396454,76.8806625,-179341.3030110355,True
4883,267.59,80.27699999999999,267.59,286810.7220000004,118721.62916396454,76.8849,-179361.12813603546,True
4884,224.09,67.227,224.09,286877.94900000043,118654.40216396452,76.88587916666667,-179355.2654860355,True
4885,365.02,109.506,365.02,286987.4550000004,118544.89616396453,76.945275,-179618.04446103546,True
4886,197.14,59.142,197.14,287046.5970000004,118485.75416396454,76.8924375,-179395.54871103546,True
4887,183.08,54.924,183.08,287101.5210000004,118430.83016396454,76.85254166666667,-179219.06371103547,True
4888,253.0,75.89999999999999,253.0,287177.42100000044,118354.93016396451,76.86630416666667,-179271.3995693688,True
4889,215.7,64.71,215.7,287242.13100000046,118290.22016396449,76.8127375,-179051.88669853547,True
4890,256.97,77.09100000000001,256.97,287319.2220000005,118213.12916396448,76.8122125,-179050.1332110355,True
4891,287.83,86.34899999999999,287.83,287405.57100000046,118126.78016396449,76.84648750000001,-179192.27997353557,True
4892,237.35,71.205,237.35,287476.7760000005,118055.57516396447,76.79955833333332,-179005.1164693688,True
4893,251.13,75.339,251.13,287552.11500000046,117980.2361639645,76.7680125,-178881.6681735355,True
4894,248.67,74.601,248.67,287626.7160000005,117905.63516396447,76.75324583333334,-178822.4132277022,True
4895,236.91,71.073,236.91,287697.78900000046,117834.5621639645,76.74006666666666,-178765.79550270218,True
4896,234.86,70.458,234.86,287768.24700000044,117764.10416396451,76.71964166666666,-178680.59123603546,True
4897,256.7,77.00999999999999,256.7,287845.25700000045,117687.0941639645,76.71454166666666,-178661.18029436882,True
4898,327.37,98.211,327.37,287943.46800000046,117588.88316396449,76.73964583333333,-178779.6290443688,True
4899,229.92,68.976,229.92,288012.4440000005,117519.90716396447,76.72837083333334,-178728.3326235356,True
4900,246.67,74.00099999999999,246.67,288086.4450000005,117445.90616396448,76.71169583333332,-178661.23975270212,True
4901,259.49,77.847,259.49,288164.2920000005,117368.05916396447,76.72295416666667,-178705.82096520218,True
4902,370.46,111.138,370.46,288275.43000000046,117256.9211639645,76.7538875,-178859.5768110355,True
4903,225.95,67.785,225.95,288343.21500000043,117189.13616396452,76.75059583333334,-178837.91196520213,True
4904,275.76,82.728,275.76,288425.94300000044,117106.40816396452,76.77217083333333,-178927.08256936882,True
4905,208.59,62.577,208.59,288488.5200000004,117043.83116396453,76.69834999999999,-178628.30808603542,True
4906,212.9,63.87,212.9,288552.3900000004,116979.96116396453,76.69376249999999,-178597.79951103544,True
4907,220.85,66.255,220.85,288618.6450000004,116913.70616396453,76.68562916666666,-178556.02301520208,True
4908,215.11,64.533,215.11,288683.1780000004,116849.17316396453,76.6744875,-178500.95268603548,True
4909,233.11,69.933,233.11,288753.11100000044,116779.24016396451,76.67600833333333,-178500.06792770216,True
4910,323.52,97.056,323.52,288850.1670000004,116682.18416396453,76.70916666666666,-178648.1075027021,True
4911,209.63,62.889,209.63,288913.05600000045,116619.2951639645,76.68255416666666,-178531.85582353547,True
4912,235.0,70.5,235.0,288983.55600000045,116548.7951639645,76.6651375,-178458.65393603552,True
4913,259.66,77.89800000000001,259.66,289061.45400000043,116470.89716396452,76.668425,-178472.5338110355,True
4914,248.09,74.42699999999999,248.09,289135.88100000046,116396.47016396449,76.677525,-178505.29098603554,True
4915,239.66,71.898,239.66,289207.77900000045,116324.5721639645,76.65535833333334,-178415.2806277022,True
4916,228.74,68.622,228.74,289276.4010000004,116255.95016396453,76.656925,-178413.26953603548,True
4917,273.68,82.104,273.68,289358.5050000004,116173.84616396454,76.65526249999999,-178412.3276235354,True
4918,214.01,64.20299999999999,214.01,289422.7080000004,116109.64316396456,76.5538375,-178010.20051103545,True
4919,234.3,70.29,234.3,289492.99800000037,116039.35316396458,76.54728333333333,-177978.7621193687,True
4920,243.19,72.957,243.19,289565.95500000037,115966.39616396459,76.55204583333332,-177993.45983603538,True
4921,215.7,64.71,215.7,289630.6650000004,115901.68616396456,76.53585,-177919.44198603544,True
4922,228.71,68.613,228.71,289699.2780000004,115833.07316396455,76.5308125,-177892.18521103542,True
4923,270.02,81.00599999999999,270.02,289780.2840000004,115752.06716396456,76.55179583333333,-177977.17344853544,True
4924,249.33,74.799,249.33,289855.0830000004,115677.26816396456,76.55483333333333,-177987.07250270213,True
4925,199.28,59.784,199.28,289914.8670000004,115617.48416396457,76.48999583333332,-177721.64985686872,True
4926,241.32,72.396,241.32,289987.2630000004,115545.08816396457,76.47879999999999,-177674.63103603543,True
4927,295.18,88.554,295.18,290075.8170000004,115456.53416396456,76.5045,-177785.21433603542,True
4928,195.45,58.63499999999999,195.45,290134.4520000004,115397.89916396455,76.48522499999999,-177693.48303603538,True
4929,220.2,66.05999999999999,220.2,290200.5120000004,115331.83916396456,76.47929166666667,-177660.32721103547,True
4930,222.35,66.705,222.35,290267.2170000004,115265.13416396454,76.46865416666667,-177609.81129436882,True
4931,210.49,63.147,210.49,290330.3640000004,115201.98716396454,76.43872916666668,-177481.90681520215,True
4932,247.42,74.226,247.42,290404.59000000043,115127.76116396452,76.40152916666666,-177337.29248603544,True
4933,224.08,67.224,224.08,290471.8140000004,115060.53716396453,76.3824125,-177254.95547353546,True
4934,255.37,76.611,255.37,290548.4250000004,114983.92616396456,76.37619583333334,-177231.3990943688,True
4935,248.44,74.532,248.44,290622.9570000004,114909.39416396455,76.34593749999999,-177113.8167735354,True
4936,263.2,78.96,263.2,290701.9170000004,114830.43416396453,76.3030625,-176952.47683603544,True
4937,261.31,78.393,261.31,290780.3100000004,114752.04116396455,76.27500416666666,-176847.2997652021,True
4938,213.4,64.02,213.4,290844.3300000004,114688.02116396453,76.2500875,-176739.81326103548,True
4939,257.56,77.268,257.56,290921.5980000004,114610.75316396455,76.24404583333333,-176717.7459652021,True
4940,224.35,67.30499999999999,224.35,290988.9030000004,114543.44816396455,76.24387499999999,-176708.15433603543,True
4941,371.34,111.402,371.34,291100.3050000004,114432.04616396455,76.27777083333332,-176872.7606485354,True
4942,222.54,66.762,222.54,291167.0670000004,114365.28416396456,76.25948749999999,-176793.43911103543,True
4943,250.38,75.11399999999999,250.38,291242.1810000004,114290.17016396456,76.23667499999999,-176705.21831103542,True
4944,234.42,70.326,234.42,291312.5070000004,114219.84416396456,76.24346666666666,-176725.22463603545,True
4945,234.1,70.22999999999999,234.1,291382.7370000004,114149.61416396458,76.23595833333333,-176690.56687770208,True
4946,265.34,79.60199999999999,265.34,291462.3390000004,114070.01216396457,76.23321250000001,-176683.46031103545,True
4947,224.3,67.29,224.3,291529.62900000036,114002.72216396459,76.22955,-176660.55198603543,True
4948,262.51,78.753,262.51,291608.3820000004,113923.96916396456,76.23594166666666,-176687.44046936877,True
4949,270.37,81.111,270.37,291689.49300000037,113842.85816396459,76.25301666666667,-176757.38835270208,True
4950,251.71,75.513,251.71,291765.00600000034,113767.34516396461,76.26765,-176812.4013360354,True
4951,243.3,72.99,243.3,291837.99600000033,113694.35516396462,76.26185416666667,-176787.0473568687,True
4952,243.14,72.942,243.14,291910.9380000003,113621.41316396464,76.26392916666667,-176791.62910270202,True
4953,228.59,68.577,228.59,291979.5150000003,113552.83616396465,76.22949583333333,-176652.85447353532,True
4954,184.41,55.323,184.41,292034.8380000003,113497.51316396467,76.21080833333333,-176560.82335270202,True
4955,201.3,60.39,201.3,292095.2280000003,113437.12316396466,76.19047083333334,-176467.61835686868,True
4956,272.83,81.84899999999999,272.83,292177.0770000003,113355.27416396467,76.2025125,-176519.08338603535,True
4957,296.1,88.83,296.1,292265.9070000003,113266.44416396465,76.22042499999999,-176599.8321110353,True
4958,195.9,58.77,195.9,292324.6770000003,113207.67416396464,76.21474166666667,-176560.77365270205,True
4959,281.67,84.501,281.67,292409.1780000003,113123.17316396465,76.2211125,-176593.2754485354,True
4960,248.48,74.544,248.48,292483.7220000003,113048.62916396465,76.1923875,-176482.44333603536,True
4961,245.17,73.55099999999999,245.17,292557.2730000003,112975.07816396467,76.18333333333334,-176445.40516936866,True
4962,274.57,82.371,274.57,292639.64400000026,112892.70716396469,76.20032916666666,-176516.14301103528,True
4963,279.59,83.877,279.59,292723.52100000024,112808.83016396471,76.21187916666666,-176567.67503186862,True
4964,223.72,67.116,223.72,292790.6370000002,112741.71416396473,76.21122083333333,-176556.08011936856,True
4965,215.19,64.557,215.19,292855.1940000002,112677.15716396476,76.16905833333334,-176384.41921103525,True
4966,324.72,97.416,324.72,292952.6100000002,112579.74116396473,76.20338333333333,-176535.8952027019,True
4967,263.67,79.101,263.67,293031.71100000024,112500.64016396471,76.2045125,-176543.07574853534,True
4968,226.21,67.863,226.21,293099.57400000026,112432.7771639647,76.18811666666666,-176472.56123603525,True
4969,235.92,70.776,235.92,293170.35000000027,112362.00116396468,76.17769166666666,-176427.62794436864,True
4970,280.94,84.282,280.94,293254.6320000003,112277.71916396468,76.195725,-176504.0785860353,True
4971,273.64,82.092,273.64,293336.7240000003,112195.62716396467,76.198775,-176521.53131103533,True
4972,245.84,73.752,245.84,293410.47600000026,112121.8751639647,76.19963750000001,-176522.35168603534,True
4973,345.69,103.707,345.69,293514.18300000025,112018.1681639647,76.21293333333332,-176600.2103693686,True
4974,199.55,59.865,199.55,293574.04800000024,111958.30316396471,76.2035625,-176548.3844610353,True
4975,320.35,96.105,320.35,293670.1530000002,111862.19816396473,76.24029583333333,-176707.32156520197,True
4976,227.82,68.34599999999999,227.82,293738.49900000024,111793.85216396471,76.21174166666667,-176591.37830270198,True
4977,212.88,63.864,212.88,293802.36300000024,111729.9881639647,76.19067499999998,-176499.33536103525,True
4978,242.2,72.66,242.2,293875.0230000002,111657.32816396473,76.2065375,-176555.79666103527,True
4979,231.1,69.33,231.1,293944.35300000024,111587.99816396472,76.19054166666668,-176488.43987770198,True
4980,203.7,61.10999999999999,203.7,294005.4630000002,111526.88816396473,76.18267083333333,-176443.60758603527,True
4981,231.74,69.522,231.74,294074.9850000002,111457.36616396473,76.18439583333333,-176443.4656902019,True
4982,259.15,77.74499999999999,259.15,294152.7300000002,111379.62116396474,76.1756625,-176412.03176103526,True
4983,193.9,58.17,193.9,294210.9000000002,111321.45116396475,76.159825,-176334.20786103525,True
4984,242.22,72.666,242.22,294283.5660000002,111248.78516396473,76.16607916666666,-176354.32976936857,True
4985,238.6,71.58,238.6,294355.14600000024,111177.20516396471,76.17130416666667,-176369.468065202,True
4986,270.15,81.04499999999999,270.15,294436.1910000002,111096.16016396473,76.17604583333333,-176392.23681103525,True
4987,222.24,66.672,222.24,294502.86300000024,111029.4881639647,76.16904999999998,-176356.33748603525,True
4988,258.05,77.415,258.05,294580.2780000002,110952.07316396473,76.17665416666667,-176386.26635270193,True
4989,220.76,66.228,220.76,294646.5060000002,110885.84516396472,76.15165,-176282.0269860353,True
4990,256.86,77.058,256.86,294723.56400000025,110808.7871639647,76.14085,-176242.21733603528,True
4991,331.98,99.594,331.98,294823.1580000002,110709.19316396472,76.16953333333333,-176373.77796936862,True
4992,261.71,78.51299999999999,261.71,294901.6710000002,110630.68016396475,76.15554583333333,-176323.41653603525,True
4993,283.78,85.13399999999999,283.78,294986.8050000002,110545.54616396473,76.16312083333334,-176360.93001520197,True
4994,241.95,72.585,241.95,295059.39000000025,110472.9611639647,76.15547083333333,-176328.5419943686,True
4995,227.57,68.271,227.57,295127.66100000025,110404.6901639647,76.14654166666666,-176287.0392110353,True
4996,227.62,68.286,227.62,295195.9470000003,110336.40416396467,76.12111666666667,-176183.47896936868,True
4997,207.76,62.328,207.76,295258.27500000026,110274.0761639647,76.10342916666666,-176103.12779020192,True
4998,260.12,78.036,260.12,295336.3110000003,110196.04016396467,76.10863333333333,-176124.6384360353,True
4999,277.11,83.133,277.11,295419.44400000025,110112.9071639647,76.09112916666668,-176065.8296318687,True
5000,221.57,66.47099999999999,221.57,295485.91500000027,110046.43616396468,76.0936375,-176065.6408360353,True
5001,239.6,71.88,239.6,295557.7950000003,109974.55616396468,76.09375416666666,-176061.86574853526,True
5002,249.49,74.847,249.49,295632.6420000003,109899.70916396467,76.10097916666668,-176087.77054436872,True
5003,210.18,63.054,210.18,295695.6960000003,109836.65516396466,76.0959875,-176055.9698735354,True
5004,266.78,80.03399999999999,266.78,295775.7300000003,109756.62116396468,76.11292083333333,-176123.50948603533,True
5005,245.72,73.716,245.72,295849.4460000003,109682.90516396466,76.09932083333332,-176070.04456520197,True
5006,214.02,64.206,214.02,295913.6520000003,109618.69916396466,76.08729583333334,-176013.00939436874,True
5007,258.56,77.568,258.56,295991.2200000003,109541.13116396463,76.04247083333333,-175846.26187353535,True
5008,202.0,60.6,202.0,296051.8200000003,109480.53116396465,76.0368625,-175809.7769360353,True
5009,227.16,68.148,227.16,296119.9680000003,109412.38316396467,76.03639583333333,-175800.13760686864,True
5010,219.56,65.868,219.56,296185.8360000003,109346.51516396465,75.99322500000001,-175628.0785860354,True
5011,269.77,80.931,269.77,296266.7670000003,109265.58416396467,76.00383333333333,-175672.787002702,True
5012,231.82,69.54599999999999,231.82,296336.31300000026,109196.0381639647,75.93975833333334,-175426.17606936867,True
5013,265.84,79.752,265.84,296416.06500000024,109116.28616396472,75.9656125,-175526.8638735353,True
5014,271.19,81.357,271.19,296497.42200000025,109034.9291639647,75.98672499999999,-175611.34268603526,True
5015,299.42,89.82600000000001,299.42,296587.24800000025,108945.1031639647,76.00822083333333,-175705.6838568686,True
5016,328.9,98.67,328.9,296685.91800000024,108846.43316396471,76.02314583333333,-175784.22483603528,True
5017,260.52,78.15599999999999,260.52,296764.07400000026,108768.2771639647,76.01938333333334,-175772.27465270198,True
5018,248.64,74.592,248.64,296838.66600000026,108693.68516396469,76.02242916666667,-175782.24477770197,True
5019,222.78,66.834,222.78,296905.50000000023,108626.85116396472,75.9982,-175682.4150360353,True
5020,264.07,79.22099999999999,264.07,296984.72100000025,108547.6301639647,75.99544583333333,-175675.33725270198,True
5021,289.12,86.736,289.12,297071.4570000002,108460.89416396472,76.02741666666667,-175805.61675270193,True
5022,209.55,62.865,209.55,297134.3220000002,108398.02916396473,76.00655,-175714.45473603526,True
5023,211.89,63.56699999999999,211.89,297197.8890000002,108334.46216396475,75.99227083333334,-175648.6539402019,True
5024,348.18,104.454,348.18,297302.3430000002,108230.00816396473,76.03652916666667,-175842.46480270196,True
5025,219.38,65.814,219.38,297368.15700000024,108164.19416396471,76.03095833333333,-175811.4352110353,True
5026,199.67,59.901,199.67,297428.05800000025,108104.2931639647,75.97009166666666,-175568.02911936864,True
5027,264.35,79.305,264.35,297507.36300000024,108024.9881639647,75.98239583333333,-175617.2954818686,True
5028,246.5,73.95,246.5,297581.31300000026,107951.0381639647,75.99526666666667,-175663.29703603528,True
5029,227.67,68.30099999999999,227.67,297649.61400000023,107882.73716396472,75.9856125,-175619.5830735353,True
5030,203.83,61.149,203.83,297710.7630000002,107821.58816396474,75.917975,-175352.45858603524,True
5031,270.43,81.129,270.43,297791.8920000002,107740.45916396473,75.91908333333333,-175361.80258603528,True
5032,204.04,61.212,204.04,297853.1040000002,107679.24716396473,75.882125,-175209.3148360353,True
5033,212.4,63.72,212.4,297916.8240000002,107615.52716396475,75.86687916666666,-175140.33149020188,True
5034,202.96,60.888,202.96,297977.7120000002,107554.63916396478,75.85404166666666,-175077.5200860352,True
5035,268.11,80.433,268.11,298058.1450000002,107474.20616396476,75.86474166666666,-175121.95654436853,True
5036,315.67,94.701,315.67,298152.8460000002,107379.50516396476,75.89203749999999,-175242.44248603517,True
5037,237.48,71.244,237.48,298224.0900000002,107308.26116396475,75.891275,-175234.9556610352,True
5038,293.99,88.197,293.99,298312.2870000002,107220.06416396477,75.87939583333332,-175203.04712770187,True
5039,259.16,77.748,259.16,298390.0350000002,107142.31616396474,75.89535000000001,-175264.2811860353,True
5040,209.11,62.733,209.11,298452.7680000002,107079.58316396474,75.85332916666667,-175094.80133603525,True
5041,233.86,70.158,233.86,298522.9260000002,107009.42516396474,75.85015833333334,-175077.31367770192,True
5042,278.94,83.682,278.94,298606.6080000002,106925.74316396477,75.80370833333333,-174912.44441936858,True
5043,400.44,120.132,400.44,298726.74000000017,106805.61116396479,75.82044583333332,-175018.98599853518,True
5044,238.68,71.604,238.68,298798.34400000016,106734.0071639648,75.8226375,-175022.9137860352,True
5045,244.71,73.413,244.71,298871.75700000016,106660.5941639648,75.82190833333333,-175017.79529436852,True
5046,227.05,68.115,227.05,298939.87200000015,106592.4791639648,75.81174583333333,-174972.34486103518,True
5047,255.34,76.602,255.34,299016.47400000016,106515.87716396479,75.83193333333332,-175048.09130270185,True
5048,270.27,81.08099999999999,270.27,299097.55500000017,106434.79616396478,75.83685,-175071.5910360352,True
5049,210.84,63.252,210.84,299160.80700000015,106371.5441639648,75.81270833333333,-174969.4164610352,True
5050,220.44,66.13199999999999,220.44,299226.93900000013,106305.41216396482,75.8098,-174948.9458360352,True
5051,257.4,77.21999999999998,257.4,299304.1590000001,106228.19216396485,75.80204583333332,-174921.59583186847,True
5052,280.7,84.21,280.7,299388.3690000001,106143.98216396483,75.81321666666666,-174971.42523603514,True
5053,254.05,76.215,254.05,299464.58400000015,106067.7671639648,75.77359583333333,-174824.95259020186,True
5054,234.25,70.27499999999999,234.25,299534.8590000002,105997.49216396478,75.78294166666666,-174854.08965270186,True
5055,258.88,77.664,258.88,299612.52300000016,105919.82816396479,75.7648125,-174788.8021485352,True
5056,222.36,66.708,222.36,299679.23100000015,105853.1201639648,75.74328333333332,-174700.00130270183,True
5057,232.42,69.726,232.42,299748.95700000017,105783.39416396478,75.73314166666667,-174656.42942770186,True
5058,204.19,61.257,204.19,299810.21400000015,105722.1371639648,75.72452083333333,-174610.0389610352,True
5059,227.93,68.379,227.93,299878.59300000017,105653.75816396478,75.71643333333334,-174572.7616027019,True
5060,257.46,77.23799999999999,257.46,299955.8310000002,105576.52016396477,75.71545416666666,-174570.6602527019,True
5061,237.85,71.35499999999999,237.85,300027.18600000016,105505.16516396479,75.66967083333333,-174396.94724853517,True
5062,211.59,63.477,211.59,300090.6630000002,105441.68816396478,75.63984583333333,-174274.46172770188,True
5063,230.79,69.237,230.79,300159.9000000002,105372.45116396475,75.60706666666667,-174146.8743027019,True
5064,252.2,75.66,252.2,300235.5600000002,105296.79116396478,75.57252083333333,-174019.24583603523,True
5065,346.97,104.091,346.97,300339.6510000002,105192.70016396476,75.61698333333332,-174212.05325270188,True
5066,232.15,69.645,232.15,300409.2960000002,105123.05516396475,75.60203333333334,-174150.8559693686,True
5067,248.56,74.568,248.56,300483.86400000023,105048.48716396472,75.597225,-174132.06476103526,True
5068,308.36,92.508,308.36,300576.3720000002,104955.97916396474,75.60832916666666,-174189.97211936855,True
5069,246.67,74.00099999999999,246.67,300650.3730000002,104881.97816396476,75.60045416666667,-174159.2981652019,True
5070,239.77,71.931,239.77,300722.3040000002,104810.04716396477,75.59521249999999,-174136.28696103516,True
5071,283.24,84.972,283.24,300807.2760000002,104725.07516396476,75.6191625,-174234.01529853523,True
5072,202.03,60.609,202.03,300867.8850000002,104664.46616396477,75.59878333333334,-174143.84676936863,True
5073,252.99,75.897,252.99,300943.7820000002,104588.56916396477,75.59425416666666,-174127.44594853523,True
5074,219.22,65.76599999999999,219.22,301009.5480000002,104522.80316396477,75.59510833333334,-174120.76615270192,True
5075,271.95,81.585,271.95,301091.1330000002,104441.21816396475,75.6147125,-174198.99739853526,True
5076,292.73,87.819,292.73,301178.9520000002,104353.39916396473,75.63694166666666,-174293.09393603523,True
5077,212.65,63.795,212.65,301242.7470000002,104289.60416396474,75.5945875,-174125.2615985353,True
5078,254.72,76.416,254.72,301319.16300000023,104213.18816396472,75.57938333333333,-174070.1012693686,True
5079,252.79,75.83699999999999,252.79,301395.00000000023,104137.35116396472,75.59098333333334,-174113.05848603533,True
5080,289.02,86.70599999999999,289.02,301481.70600000024,104050.64516396471,75.61284583333332,-174204.62750270194,True
5081,216.1,64.83,216.1,301546.53600000025,103985.8151639647,75.60740833333332,-174173.8400943686,True
5082,216.55,64.965,216.55,301611.5010000003,103920.85016396467,75.5991375,-174132.7775610353,True
5083,246.77,74.031,246.77,301685.5320000003,103846.81916396465,75.59917499999999,-174131.34731103532,True
5084,200.65,60.195,200.65,301745.7270000003,103786.62416396465,75.52889583333334,-173857.59691936872,True
5085,230.84,69.252,230.84,301814.9790000003,103717.37216396467,75.52474583333333,-173836.0687735353,True
5086,237.34,71.202,237.34,301886.1810000003,103646.17016396468,75.5189125,-173810.3143610353,True
5087,249.66,74.898,249.66,301961.07900000026,103571.27216396469,75.52202916666667,-173821.140965202,True
5088,274.48,82.34400000000001,274.48,302043.42300000024,103488.92816396471,75.52177916666668,-173827.04493603535,True
5089,243.81,73.143,243.81,302116.5660000002,103415.78516396473,75.51960833333332,-173816.69702770188,True
5090,298.51,89.553,298.51,302206.11900000024,103326.23216396471,75.53500833333334,-173887.24841936864,True
5091,263.02,78.90599999999999,263.02,302285.02500000026,103247.3261639647,75.54846666666667,-173939.99803603534,True
5092,218.27,65.481,218.27,302350.5060000003,103181.84516396467,75.5383375,-173892.77678603533,True
5093,207.0,62.1,207.0,302412.60600000026,103119.74516396469,75.53265833333333,-173858.51294436865,True
5094,209.13,62.739,209.13,302475.34500000026,103057.00616396469,75.52422083333333,-173814.78741103533,True
5095,264.26,79.27799999999999,264.26,302554.62300000025,102977.7281639647,75.48485833333334,-173674.277627702,True
5096,263.23,78.96900000000001,263.23,302633.59200000024,102898.75916396471,75.48709999999998,-173685.97523603524,True
5097,188.52,56.556,188.52,302690.1480000002,102842.20316396473,75.45894583333333,-173563.91542353528,True
5098,268.86,80.658,268.86,302770.8060000002,102761.54516396474,75.45676666666667,-173561.1343693686,True
5099,230.86,69.258,230.86,302840.0640000002,102692.28716396476,75.41863749999999,-173415.34472353518,True
5100,198.94,59.682,198.94,302899.74600000016,102632.60516396479,75.41950833333333,-173402.7953360352,True
5101,204.0,61.2,204.0,302960.9460000002,102571.40516396478,75.40125416666666,-173321.78383186855,True
5102,206.49,61.947,206.49,303022.89300000016,102509.4581639648,75.38883333333332,-173262.8941693685,True
5103,222.55,66.765,222.55,303089.65800000017,102442.69316396478,75.39386666666667,-173272.67723603523,True
5104,235.43,70.629,235.43,303160.2870000002,102372.06416396477,75.39900833333333,-173286.71030270186,True
5105,231.95,69.585,231.95,303229.8720000002,102302.47916396474,75.40232083333333,-173293.0034818686,True
5106,238.77,71.631,238.77,303301.5030000002,102230.84816396475,75.3866125,-173231.83391103527,True
5107,241.15,72.345,241.15,303373.8480000002,102158.50316396478,75.3772875,-173194.7280735352,True
5108,236.61,70.983,236.61,303444.8310000002,102087.52016396477,75.361,-173130.85183603526,True
5109,246.87,74.06099999999999,246.87,303518.89200000017,102013.45916396478,75.3681125,-173155.5195735352,True
5110,252.57,75.771,252.57,303594.6630000002,101937.68816396478,75.34827083333333,-173083.5003777019,True
5111,206.93,62.079,206.93,303656.7420000002,101875.60916396475,75.34140416666666,-173045.1746402019,True
5112,248.75,74.625,248.75,303731.3670000002,101800.98416396475,75.33965416666666,-173038.07423603523,True
5113,246.33,73.899,246.33,303805.2660000002,101727.08516396477,75.3335,-173014.18933603523,True
5114,260.08,78.02399999999999,260.08,303883.29000000015,101649.0611639648,75.33234166666666,-173012.65655270184,True
5115,243.2,72.96,243.2,303956.2500000002,101576.10116396478,75.28435416666667,-172835.36977353523,True
5116,218.76,65.628,218.76,304021.8780000002,101510.47316396475,75.2441125,-172679.07278603525,True
5117,222.12,66.636,222.12,304088.5140000002,101443.83716396475,75.17900416666667,-172433.27501520194,True
5118,208.38,62.514,208.38,304151.0280000002,101381.32316396473,75.15788333333333,-172343.68793603528,True
5119,223.37,67.011,223.37,304218.0390000002,101314.31216396473,75.14515416666667,-172289.19415686862,True
5120,210.19,63.057,210.19,304281.0960000002,101251.25516396476,75.12069583333333,-172188.07766936853,True
5121,273.11,81.933,273.11,304363.0290000002,101169.32216396474,75.11440833333334,-172172.00976103533,True
5122,234.44,70.332,234.44,304433.3610000002,101098.99016396474,75.118225,-172181.11238603527,True
5123,199.26,59.77799999999999,199.26,304493.1390000002,101039.21216396475,75.08557916666666,-172047.0392652019,True
5124,187.02,56.106,187.02,304549.2450000002,100983.10616396472,75.0580125,-171927.8272860353,True
5125,181.14,54.34199999999999,181.14,304603.58700000023,100928.76416396472,75.04142916666666,-171846.8308568686,True
5126,227.24,68.172,227.24,304671.75900000025,100860.5921639647,75.03401249999999,-171813.00926103524,True
5127,259.0,77.7,259.0,304749.45900000026,100782.89216396469,75.0334,-171813.45003603533,True
5128,238.18,71.454,238.18,304820.9130000003,100711.43816396466,75.02554583333333,-171781.344302702,True
5129,228.26,68.478,228.26,304889.3910000003,100642.96016396466,75.02004583333334,-171754.82625686872,True
5130,312.59,93.777,312.59,304983.1680000003,100549.18316396466,75.05272916666667,-171892.22371103533,True
5131,267.32,80.196,267.32,305063.3640000003,100468.98716396466,75.05547083333333,-171907.31649020198,True
5132,247.46,74.238,247.46,305137.6020000003,100394.74916396465,75.03845833333332,-171844.77766936866,True
5133,249.19,74.75699999999999,249.19,305212.3590000003,100319.99216396466,75.01220416666666,-171749.2723485353,True
5134,292.85,87.855,292.85,305300.21400000027,100232.13716396468,75.03874166666667,-171858.34011936863,True
5135,239.77,71.931,239.77,305372.14500000025,100160.2061639647,75.02679166666665,-171811.91362770193,True
5136,215.0,64.5,215.0,305436.64500000025,100095.7061639647,75.02097499999999,-171780.3072360353,True
5137,236.72,71.01599999999999,236.72,305507.66100000025,100024.6901639647,75.00963333333334,-171735.21140270197,True
5138,250.42,75.12599999999999,250.42,305582.78700000024,99949.56416396471,74.96755,-171582.9019360353,True
5139,254.19,76.25699999999999,254.19,305659.0440000002,99873.30716396472,74.95814166666666,-171550.12381103524,True
5140,214.61,64.383,214.61,305723.4270000002,99808.92416396475,74.94174583333333,-171480.1957527019,True
5141,237.24,71.172,237.24,305794.5990000002,99737.75216396473,74.92892916666666,-171430.04249020194,True
5142,215.87,64.761,215.87,305859.3600000002,99672.99116396473,74.8857,-171263.4714360353,True
5143,214.55,64.365,214.55,305923.7250000002,99608.62616396474,74.8541875,-171138.97002353525,True
5144,215.1,64.53,215.1,305988.25500000024,99544.09616396471,74.8462875,-171100.0794360353,True
5145,258.03,77.40899999999999,258.03,306065.6640000002,99466.68716396473,74.8269375,-171032.6918985353,True
5146,184.71,55.413,184.71,306121.0770000002,99411.27416396473,74.80475416666665,-170933.10739436856,True
5147,281.84,84.55199999999999,281.84,306205.62900000025,99326.7221639647,74.81145416666666,-170967.06174020196,True
5148,239.56,71.868,239.56,306277.49700000026,99254.85416396469,74.79162916666667,-170892.5103860353,True
5149,213.21,63.963,213.21,306341.46000000025,99190.8911639647,74.73567083333333,-170679.61621520197,True
5150,205.97,61.791,205.97,306403.2510000003,99129.10016396467,74.72347916666666,-170622.65962770197,True
5151,209.62,62.886,209.62,306466.1370000003,99066.21416396467,74.68582500000001,-170474.92826103535,True
5152,247.05,74.115,247.05,306540.25200000027,98992.09916396468,74.6898375,-170488.8345360353,True
5153,262.72,78.816,262.72,306619.06800000026,98913.28316396469,74.6910875,-170497.4694485353,True
5154,351.72,105.516,351.72,306724.58400000026,98807.76716396469,74.7516375,-170746.6376610353,True
5155,259.17,77.751,259.17,306802.33500000025,98730.0161639647,74.76370833333333,-170793.15237770195,True
5156,209.9,62.97,209.9,306865.3050000002,98667.04616396473,74.73679583333333,-170684.36601936858,True
5157,221.13,66.339,221.13,306931.6440000002,98600.70716396475,74.71845416666666,-170609.88319853524,True
5158,265.04,79.512,265.04,307011.1560000002,98521.19516396476,74.70709583333334,-170573.76402770192,True
5159,252.38,75.714,252.38,307086.87000000017,98445.48116396478,74.68212916666667,-170484.86596520187,True
5160,262.65,78.79499999999999,262.65,307165.66500000015,98366.6861639648,74.69003333333333,-170517.4338360352,True
5161,266.34,79.90199999999999,266.34,307245.56700000016,98286.7841639648,74.68568333333334,-170506.9901527019,True
5162,203.22,60.966,203.22,307306.53300000017,98225.81816396478,74.66345833333334,-170413.3049193686,True
5163,229.33,68.799,229.33,307375.33200000017,98157.01916396478,74.65061666666666,-170361.24898603524,True
5164,268.55,80.565,268.55,307455.8970000002,98076.45416396478,74.66452916666665,-170417.1927193685,True
5165,247.0,74.1,247.0,307529.99700000015,98002.3541639648,74.65342083333334,-170376.69373186858,True
5166,270.75,81.225,270.75,307611.2220000001,97921.12916396483,74.65125833333333,-170375.49328603514,True
5167,205.35,61.605,205.35,307672.8270000001,97859.52416396484,74.62905416666666,-170282.66745686845,True
5168,199.38,59.81399999999999,199.38,307732.6410000001,97799.71016396483,74.61651666666666,-170222.81770270178,True
5169,229.64,68.892,229.64,307801.5330000001,97730.81816396484,74.566,-170035.68783603515,True
5170,203.11,60.933,203.11,307862.46600000013,97669.88516396482,74.55185833333333,-169971.28625270183,True
5171,248.91,74.673,248.91,307937.13900000014,97595.21216396481,74.54259583333334,-169938.16428186855,True
5172,205.11,61.533,205.11,307998.67200000014,97533.67916396481,74.51174583333332,-169814.46488603513,True
5173,234.8,70.44,234.8,308069.11200000014,97463.23916396481,74.49937083333333,-169766.00401520182,True
5174,200.44,60.132,200.44,308129.2440000001,97403.10716396483,74.48542916666666,-169701.64182770182,True
5175,213.03,63.909,213.03,308193.1530000001,97339.19816396484,74.48693333333333,-169696.45783603512,True
5176,216.66,64.99799999999999,216.66,308258.1510000001,97274.20016396482,74.46155,-169595.9950360352,True
5177,252.69,75.807,252.69,308333.9580000001,97198.39316396485,74.46332083333333,-169603.68538186845,True
5178,225.85,67.755,225.85,308401.7130000001,97130.63816396485,74.4507125,-169551.81401103514,True
5179,204.0,61.2,204.0,308462.9130000001,97069.43816396483,74.42771666666667,-169456.21521936852,True
5180,235.45,70.63499999999999,235.45,308533.5480000001,96998.80316396483,74.42107916666667,-169428.66025270184,True
5181,213.19,63.957,213.19,308597.5050000001,96934.84616396483,74.39429999999999,-169322.3535360351,True
5182,259.85,77.955,259.85,308675.46000000014,96856.89116396481,74.4124625,-169390.89966103522,True
5183,205.37,61.611,205.37,308737.0710000001,96795.28016396484,74.38090416666667,-169265.21404020186,True
5184,236.3,70.89,236.3,308807.9610000001,96724.39016396482,74.37826666666666,-169252.29143603513,True
5185,222.08,66.624,222.08,308874.58500000014,96657.76616396481,74.3676,-169206.40383603517,True
5186,274.33,82.29899999999999,274.33,308956.88400000014,96575.46716396481,74.37046666666666,-169224.58070270182,True
5187,253.96,76.188,253.96,309033.07200000016,96499.27916396479,74.3846875,-169277.20927353518,True
5188,210.05,63.015,210.05,309096.0870000002,96436.26416396478,74.37615,-169235.34363603522,True
5189,212.4,63.72,212.4,309159.80700000015,96372.5441639648,74.3617125,-169173.1311735352,True
5190,277.36,83.208,277.36,309243.01500000013,96289.33616396482,74.37351249999999,-169224.10346103512,True
5191,212.9,63.87,212.9,309306.8850000001,96225.46616396483,74.36025416666666,-169166.2809568685,True
5192,256.02,76.806,256.02,309383.6910000001,96148.66016396484,74.36942499999999,-169201.44823603512,True
5193,210.57,63.17099999999999,210.57,309446.8620000001,96085.48916396487,74.363475,-169169.02616103512,True
5194,196.33,58.899,196.33,309505.76100000006,96026.5901639649,74.34258333333332,-169079.06200270174,True
5195,190.86,57.258,190.86,309563.01900000003,95969.33216396492,74.32325,-168993.05408603506,True
5196,218.33,65.499,218.33,309628.51800000004,95903.83316396491,74.299425,-168899.3175360351,True
5197,200.73,60.219,200.73,309688.737,95843.61416396493,74.2642625,-168759.9531235351,True
5198,212.48,63.74399999999999,212.48,309752.481,95779.87016396492,74.266925,-168758.91668603505,True
5199,293.83,88.14899999999999,293.83,309840.63,95691.72116396495,74.27401666666665,-168798.05218603503,True
5200,306.08,91.824,306.08,309932.454,95599.89716396492,74.30910416666667,-168940.5136693684,True
5201,219.79,65.937,219.79,309998.391,95533.96016396495,74.29657083333333,-168887.5354318684,True
5202,257.87,77.361,257.87,310075.752,95456.59916396497,74.31232083333333,-168946.63836103503,True
5203,250.65,75.195,250.65,310150.947,95381.40416396497,74.32741250000001,-169001.20209853508,True
5204,221.72,66.51599999999999,221.72,310217.463,95314.88816396496,74.27645833333332,-168812.19766936835,True
5205,257.65,77.29499999999999,257.65,310294.758,95237.59316396498,74.27411666666667,-168806.89158603502,True
5206,245.23,73.56899999999999,245.23,310368.327,95164.02416396496,74.27548333333333,-168811.04360270168,True
5207,255.25,76.575,255.25,310444.902,95087.44916396495,74.26893333333334,-168790.0709693684,True
5208,270.02,81.00599999999999,270.02,310525.908,95006.44316396496,74.27640833333332,-168823.35923603503,True
5209,237.56,71.268,237.56,310597.176,94935.17516396497,74.25591666666666,-168747.58491936832,True
5210,222.36,66.708,222.36,310663.88399999996,94868.46716396499,74.24653333333332,-168706.7261693683,True
5211,243.16,72.948,243.16,310736.83199999994,94795.51916396501,74.22832083333334,-168640.791473535,True
5212,282.58,84.77399999999999,282.58,310821.6059999999,94710.74516396504,74.24561250000001,-168712.68798603496,True
5213,250.22,75.066,250.22,310896.6719999999,94635.67916396505,74.25314166666666,-168740.2143277016,True
5214,217.59,65.277,217.59,310961.9489999999,94570.40216396505,74.22570833333333,-168633.95958603494,True
5215,263.27,78.981,263.27,311040.92999999993,94491.42116396502,74.2262875,-168640.76802353497,True
5216,244.62,73.386,244.62,311114.31599999993,94418.03516396502,74.23455416666667,-168669.22480270168,True
5217,255.91,76.773,255.91,311191.0889999999,94341.26216396503,74.2393625,-168688.79917353496,True
5218,267.85,80.355,267.85,311271.4439999999,94260.90716396505,74.24763333333333,-168724.21010270162,True
5219,227.85,68.35499999999999,227.85,311339.7989999999,94192.55216396507,74.23008333333333,-168656.17291936825,True
5220,258.21,77.463,258.21,311417.2619999999,94115.08916396508,74.24014166666667,-168695.01233603497,True
5221,283.52,85.056,283.52,311502.31799999985,94030.0331639651,74.24284166666666,-168715.38349436823,True
5222,215.01,64.503,215.01,311566.8209999999,93965.53016396507,74.21872916666666,-168620.33362770156,True
5223,266.54,79.962,266.54,311646.7829999999,93885.56816396507,74.2161125,-168616.82174853492,True
5224,307.97,92.391,307.97,311739.1739999999,93793.17716396507,74.23645833333333,-168706.93950270157,True
5225,248.46,74.538,248.46,311813.7119999999,93718.63916396507,74.2433,-168731.42633603496,True
5226,228.34,68.502,228.34,311882.21399999986,93650.13716396509,74.24800416666668,-168742.30956103496,True
5227,202.08,60.624,202.08,311942.8379999999,93589.51316396508,74.23049583333332,-168666.82861520152,True
5228,303.92,91.176,303.92,312034.01399999985,93498.3371639651,74.25172083333334,-168758.74081936822,True
5229,255.86,76.758,255.86,312110.7719999998,93421.57916396513,74.24942916666666,-168753.15522353485,True
5230,254.87,76.461,254.87,312187.23299999983,93345.11816396512,74.24198333333334,-168729.08300270158,True
5231,257.16,77.14800000000001,257.16,312264.3809999998,93267.97016396513,74.25269166666666,-168769.77872770152,True
5232,290.59,87.17699999999999,290.59,312351.55799999984,93180.7931639651,74.27962083333333,-168877.70913603486,True
5233,183.33,54.999,183.33,312406.55699999986,93125.7941639651,74.23914583333332,-168715.67319020155,True
5234,225.99,67.797,225.99,312474.3539999999,93057.99716396508,74.22195416666666,-168648.61322770157,True
5235,236.69,71.00699999999999,236.69,312545.36099999986,92986.99016396509,74.22260833333333,-168647.70421103487,True
5236,210.46,63.138,210.46,312608.49899999984,92923.85216396512,74.20294583333332,-168567.3289527015,True
5237,236.28,70.884,236.28,312679.38299999986,92852.9681639651,74.18605,-168504.48598603488,True
5238,273.77,82.13099999999999,273.77,312761.51399999985,92770.8371639651,74.16094166666667,-168423.99938603494,True
5239,225.87,67.761,225.87,312829.27499999985,92703.0761639651,74.14117916666666,-168348.01568186822,True
5240,200.3,60.09,200.3,312889.3649999999,92642.98616396508,74.12235,-168267.6858360349,True
5241,253.27,75.981,253.27,312965.3459999999,92567.00516396505,74.13523333333333,-168314.88093603496,True
5242,228.76,68.628,228.76,313033.97399999993,92498.37716396502,74.14350833333333,-168338.48515270164,True
5243,273.44,82.032,273.44,313116.00599999994,92416.34516396502,74.14755833333334,-168360.6174943683,True
5244,188.58,56.574000000000005,188.58,313172.57999999996,92359.771163965,74.124725,-168262.761936035,True
5245,240.8,72.24,240.8,313244.81999999995,92287.531163965,74.13156666666666,-168284.9256693683,True
5246,173.7,52.10999999999999,173.7,313296.92999999993,92235.42116396502,74.09852083333332,-168146.78104436828,True
5247,211.67,63.50099999999999,211.67,313360.4309999999,92171.92016396503,74.0823625,-168079.41929853498,True
5248,223.64,67.092,223.64,313427.5229999999,92104.82816396502,74.07198333333334,-168035.97730270165,True
5249,216.75,65.02499999999999,216.75,313492.54799999995,92039.803163965,74.07941666666667,-168053.0287527017,True
5250,265.67,79.70100000000001,265.67,313572.24899999995,91960.102163965,74.08371666666666,-168073.74333603497,True
5251,235.78,70.734,235.78,313642.98299999995,91889.368163965,74.05137916666666,-167956.92133186833,True
5252,228.44,68.532,228.44,313711.51499999996,91820.836163965,74.05259166666667,-167955.6554027017,True
5253,198.02,59.406,198.02,313770.921,91761.43016396498,74.02057916666666,-167828.74097353502,True
5254,213.25,63.975,213.25,313834.89599999995,91697.455163965,73.99232500000001,-167719.63628603503,True
5255,281.0,84.3,281.0,313919.19599999994,91613.15516396501,74.0210125,-167830.493648535,True
5256,228.0,68.39999999999999,228.0,313987.59599999996,91544.75516396499,74.01559583333334,-167805.89263603502,True
5257,243.58,73.074,243.58,314060.67,91471.68116396497,74.02455416666666,-167836.33208186834,True
5258,292.62,87.786,292.62,314148.456,91383.89516396495,74.01169166666666,-167805.0490527017,True
5259,230.56,69.16799999999999,230.56,314217.624,91314.72716396494,74.02229166666666,-167837.31596103503,True
5260,202.29,60.687,202.29,314278.311,91254.04016396496,74.00585416666667,-167766.44941936838,True
5261,249.24,74.772,249.24,314353.083,91179.26816396497,74.00195,-167753.554886035,True
5262,203.47,61.041,203.47,314414.124,91118.22716396494,73.98555416666666,-167683.24131103503,True
5263,223.05,66.915,223.05,314481.039,91051.31216396496,73.98840416666667,-167686.13720686838,True
5264,238.78,71.634,238.78,314552.673,90979.67816396494,73.9936,-167701.94743603506,True
5265,243.27,72.981,243.27,314625.65400000004,90906.69716396491,74.001525,-167728.63271103508,True
5266,206.26,61.87799999999999,206.26,314687.53200000006,90844.81916396489,73.97083333333333,-167609.2725027018,True
5267,206.31,61.893,206.31,314749.42500000005,90782.9261639649,73.9508125,-167527.2618985351,True
5268,176.77,53.031,176.77,314802.45600000006,90729.89516396489,73.9363625,-167455.88268603513,True
5269,274.77,82.431,274.77,314884.88700000005,90647.4641639649,73.9527125,-167521.4551735351,True
5270,188.83,56.649,188.83,314941.536,90590.81516396493,73.93695833333334,-167449.1694193684,True
5271,263.02,78.90599999999999,263.02,315020.44200000004,90511.90916396491,73.93390416666666,-167443.48247353508,True
5272,263.5,79.05,263.5,315099.492,90432.85916396492,73.937125,-167459.83283603506,True
5273,202.47,60.741,202.47,315160.233,90372.11816396494,73.93279166666667,-167431.52637770175,True
5274,196.42,58.926,196.42,315219.159,90313.19216396497,73.90697916666667,-167326.53721103506,True
5275,250.64,75.192,250.64,315294.35099999997,90238.00016396499,73.9185,-167367.972336035,True
5276,223.28,66.984,223.28,315361.33499999996,90171.01616396499,73.91244166666667,-167339.93060270167,True
5277,287.37,86.211,287.37,315447.546,90084.80516396498,73.9363125,-167435.371273535,True
5278,246.44,73.932,246.44,315521.47799999994,90010.873163965,73.93416666666667,-167427.89516936833,True
5279,220.26,66.07799999999999,220.26,315587.5559999999,89944.79516396503,73.91873333333334,-167366.3155693683,True
5280,252.69,75.807,252.69,315663.3629999999,89868.98816396506,73.89752083333333,-167294.38433603494,True
5281,249.05,74.715,249.05,315738.0779999999,89794.27316396503,73.88758750000001,-167260.643748535,True
5282,241.78,72.53399999999999,241.78,315810.6119999999,89721.73916396505,73.89187916666667,-167274.21657770162,True
5283,298.37,89.511,298.37,315900.1229999999,89632.22816396505,73.91224166666666,-167360.63611103492,True
5284,199.42,59.82599999999999,199.42,315959.9489999999,89572.40216396505,73.866725,-167188.33393603496,True
5285,221.16,66.348,221.16,316026.2969999999,89506.05416396505,73.86509583333333,-167175.15385686827,True
5286,252.49,75.747,252.49,316102.0439999999,89430.30716396507,73.84793333333333,-167117.41323603492,True
5287,246.28,73.884,246.28,316175.9279999999,89356.42316396505,73.8628375,-167169.21147353493,True
5288,284.99,85.497,284.99,316261.4249999999,89270.92616396508,73.86062083333334,-167173.1493693683,True
5289,190.41,57.123,190.41,316318.5479999999,89213.80316396506,73.84512916666667,-167102.64017353495,True
5290,178.4,53.52,178.4,316372.0679999999,89160.28316396504,73.82624583333333,-167016.7898777016,True
5291,256.25,76.875,256.25,316448.9429999999,89083.40816396504,73.82276666666667,-167007.76940270164,True
5292,219.44,65.832,219.44,316514.7749999999,89017.57616396504,73.81722916666666,-166980.57458603496,True
5293,223.04,66.91199999999999,223.04,316581.6869999999,88950.66416396503,73.81330416666667,-166960.06138186832,True
5294,223.69,67.107,223.69,316648.79399999994,88883.55716396502,73.81432916666667,-166956.90772770165,True
5295,177.2,53.16,177.2,316701.9539999999,88830.39716396504,73.79208333333332,-166859.17158603494,True
5296,248.08,74.424,248.08,316776.3779999999,88755.97316396504,73.80725,-166912.34083603494,True
5297,215.86,64.758,215.86,316841.1359999999,88691.21516396507,73.77674999999999,-166797.6700860349,True
5298,219.48,65.844,219.48,316906.97999999986,88625.37116396509,73.77735,-166791.81453603492,True
5299,219.08,65.724,219.08,316972.70399999985,88559.6471639651,73.75569583333332,-166708.8161152015,True
5300,218.58,65.574,218.58,317038.2779999999,88494.07316396508,73.7501875,-166681.57558603492,True
5301,219.21,65.763,219.21,317104.04099999985,88428.3101639651,73.7398875,-166637.96069853488,True
5302,248.82,74.646,248.82,317178.68699999986,88353.66416396509,73.74297499999999,-166649.54338603487,True
5303,255.38,76.61399999999999,255.38,317255.30099999986,88277.05016396509,73.7506875,-166679.0765235349,True
5304,187.23,56.169,187.23,317311.46999999986,88220.8811639651,73.72432916666666,-166570.4004360349,True
5305,228.17,68.451,228.17,317379.92099999986,88152.4301639651,73.66256249999999,-166351.72327353488,True
5306,261.54,78.462,261.54,317458.38299999986,88073.9681639651,73.64549166666667,-166297.5600527016,True
5307,237.83,71.349,237.83,317529.73199999984,88002.61916396511,73.6484625,-166305.52184853487,True
5308,222.73,66.81899999999999,222.73,317596.55099999986,87935.80016396509,73.64904583333333,-166300.70605270157,True
5309,194.43,58.329,194.43,317654.8799999999,87877.47116396506,73.61000833333333,-166150.66759436825,True
5310,274.62,82.386,274.62,317737.2659999999,87795.08516396506,73.61775416666666,-166186.1667110349,True
5311,213.39,64.017,213.39,317801.2829999999,87731.06816396507,73.61984999999999,-166183.79448603487,True
5312,214.12,64.236,214.12,317865.51899999985,87666.8321639651,73.62023333333333,-166175.73236936823,True
5313,242.59,72.777,242.59,317938.29599999986,87594.0551639651,73.61417916666667,-166154.02042353494,True
5314,270.2,81.05999999999999,270.2,318019.35599999985,87512.9951639651,73.63155,-166221.3261360349,True
5315,200.95,60.285,200.95,318079.6409999998,87452.71016396512,73.59627083333332,-166086.44285686818,True
5316,283.43,85.029,283.43,318164.6699999998,87367.68116396514,73.6107875,-166147.87098603486,True
5317,205.5,61.65,205.5,318226.31999999983,87306.03116396512,73.60193749999999,-166105.43964853484,True
5318,237.0,71.1,237.0,318297.4199999998,87234.93116396514,73.61353749999999,-166142.86491103482,True
5319,197.24,59.172,197.24,318356.59199999983,87175.75916396512,73.60247083333333,-166090.34297353486,True
5320,201.4,60.42,201.4,318417.0119999998,87115.33916396514,73.60358333333333,-166080.98750270152,True
5321,242.08,72.624,242.08,318489.6359999998,87042.71516396513,73.613925,-166115.57291103486,True
5322,250.46,75.138,250.46,318564.7739999998,86967.57716396515,73.62651666666666,-166160.3871360348,True
5323,246.12,73.836,246.12,318638.6099999998,86893.74116396514,73.63334166666667,-166184.0541443682,True
5324,215.82,64.746,215.82,318703.3559999998,86828.99516396516,73.62219583333334,-166136.8697193682,True
5325,268.63,80.589,268.63,318783.9449999998,86748.40616396518,73.62011666666666,-166136.6945860348,True
5326,223.3,66.99,223.3,318850.93499999976,86681.41616396519,73.58325833333333,-166003.4929527015,True
5327,235.48,70.64399999999999,235.48,318921.57899999974,86610.77216396522,73.56470833333333,-165936.8715443681,True
5328,201.7,60.50999999999999,201.7,318982.08899999975,86550.2621639652,73.52375833333333,-165783.2764360348,True
5329,249.81,74.943,249.81,319057.0319999998,86475.31916396518,73.5254,-165790.32823603484,True
5330,223.32,66.996,223.32,319124.02799999976,86408.3231639652,73.52148333333334,-165770.36466936814,True
5331,220.05,66.015,220.05,319190.0429999998,86342.30816396518,73.50985,-165722.96748603482,True
5332,198.48,59.544,198.48,319249.58699999977,86282.76416396518,73.48054583333334,-165608.5469527015,True
5333,191.0,57.3,191.0,319306.88699999976,86225.4641639652,73.4648375,-165538.5339485348,True
5334,214.54,64.362,214.54,319371.2489999998,86161.10216396517,73.45212083333332,-165485.8638110348,True
5335,278.2,83.46,278.2,319454.7089999998,86077.64216396515,73.48092083333333,-165594.5116902015,True
5336,204.41,61.32299999999999,204.41,319516.0319999998,86016.31916396518,73.46832083333334,-165539.21136936816,True
5337,210.68,63.204,210.68,319579.2359999998,85953.11516396515,73.44744166666666,-165457.47766103485,True
5338,232.86,69.858,232.86,319649.0939999998,85883.25716396514,73.4452125,-165446.26001103484,True
5339,234.35,70.30499999999999,234.35,319719.3989999998,85812.95216396515,73.41980416666667,-165356.19789020153,True
5340,205.13,61.539,205.13,319780.9379999998,85751.41316396516,73.40659166666667,-165299.13033603487,True
5341,197.64,59.292,197.64,319840.2299999998,85692.12116396514,73.40344999999999,-165274.27438603484,True
5342,213.87,64.161,213.87,319904.3909999998,85627.96016396512,73.36301666666667,-165126.83080270153,True
5343,250.05,75.015,250.05,319979.40599999984,85552.94516396511,73.34214583333333,-165057.16714853488,True
5344,187.72,56.316,187.72,320035.72199999983,85496.62916396512,73.28011666666667,-164828.24936936822,True
5345,223.67,67.101,223.67,320102.82299999986,85429.5281639651,73.23301666666666,-164661.22375270154,True
5346,231.53,69.459,231.53,320172.28199999983,85360.06916396512,73.22133333333333,-164617.5628360349,True
5347,298.26,89.478,298.26,320261.75999999983,85270.59116396512,73.24692083333333,-164721.14964020156,True
5348,197.43,59.229,197.43,320320.9889999998,85211.36216396512,73.21093333333334,-164584.34236936824,True
5349,220.1,66.03,220.1,320387.01899999985,85145.3321639651,73.20845833333333,-164568.71921103488,True
5350,229.73,68.919,229.73,320455.93799999985,85076.4131639651,73.20205,-164542.57733603488,True
5351,212.42,63.72599999999999,212.42,320519.6639999999,85012.68716396508,73.18088333333333,-164460.94411936824,True
5352,229.72,68.916,229.72,320588.5799999999,84943.77116396505,73.15202916666667,-164358.34423603493,True
5353,265.47,79.641,265.47,320668.2209999999,84864.13016396505,73.137175,-164314.22506103496,True
5354,262.49,78.747,262.49,320746.9679999999,84785.38316396507,73.1437875,-164342.35706103494,True
5355,209.83,62.949,209.83,320809.9169999999,84722.43416396505,73.13603333333334,-164305.75933603497,True
5356,263.56,79.068,263.56,320888.9849999999,84643.36616396502,73.11762916666666,-164249.04351936828,True
5357,231.37,69.411,231.37,320958.39599999995,84573.955163965,73.11951666666667,-164251.76005270166,True
5358,295.24,88.572,295.24,321046.96799999994,84485.38316396502,73.14279166666667,-164346.394086035,True
5359,234.03,70.209,234.03,321117.1769999999,84415.17416396504,73.13483333333332,-164316.39400270156,True
5360,236.18,70.854,236.18,321188.0309999999,84344.32016396505,73.1517125,-164371.50233603496,True
5361,244.07,73.22099999999999,244.07,321261.2519999999,84271.09916396503,73.16086666666666,-164402.68663603495,True
5362,183.61,55.083000000000006,183.61,321316.3349999999,84216.01616396505,73.1292375,-164277.13286103497,True
5363,223.1,66.92999999999999,223.1,321383.2649999999,84149.08616396505,73.11145833333333,-164210.53779436828,True
5364,262.28,78.68399999999998,262.28,321461.9489999999,84070.40216396505,73.08859166666667,-164138.455136035,True
5365,322.06,96.618,322.06,321558.5669999999,83973.78416396503,73.11791666666667,-164261.54291936834,True
5366,212.06,63.618,212.06,321622.18499999994,83910.16616396501,73.11872083333333,-164254.7723443683,True
5367,248.06,74.41799999999999,248.06,321696.60299999994,83835.748163965,73.11347083333332,-164238.25837353495,True
5368,220.04,66.012,220.04,321762.61499999993,83769.73616396502,73.10993333333333,-164219.15770270163,True
5369,207.6,62.28,207.6,321824.89499999996,83707.45616396499,73.09702499999999,-164164.55561103497,True
5370,182.09,54.627,182.09,321879.52199999994,83652.82916396501,73.06470416666667,-164036.51796103502,True
5371,266.01,79.803,266.01,321959.32499999995,83573.026163965,73.08470416666665,-164111.0362568683,True
5372,221.26,66.378,221.26,322025.703,83506.64816396497,73.08201666666668,-164095.2243027017,True
5373,207.49,62.247,207.49,322087.94999999995,83444.401163965,73.03481666666667,-163924.522886035,True
5374,230.6,69.17999999999999,230.6,322157.12999999995,83375.221163965,73.03078749999999,-163907.02531103496,True
5375,194.81,58.443,194.81,322215.573,83316.77816396498,73.00409166666667,-163802.0721277017,True
5376,249.34,74.80199999999999,249.34,322290.375,83241.97616396495,72.9952125,-163773.82293603502,True
5377,269.02,80.70599999999999,269.02,322371.081,83161.27016396495,72.9758375,-163715.98809853505,True
5378,203.87,61.161,203.87,322432.242,83100.10916396492,72.94092916666666,-163586.11327770172,True
5379,200.56,60.168,200.56,322492.41000000003,83039.94116396492,72.93629166666666,-163557.66096103506,True
5380,235.18,70.554,235.18,322562.96400000004,82969.38716396492,72.9370125,-163557.71508603505,True
5381,250.46,75.138,250.46,322638.102,82894.24916396494,72.9136375,-163480.93194853503,True
5382,219.1,65.72999999999999,219.1,322703.832,82828.51916396496,72.87943333333334,-163358.20663603506,True
5383,199.59,59.877,199.59,322763.709,82768.64216396498,72.870325,-163314.445361035,True
5384,236.36,70.908,236.36,322834.61699999997,82697.73416396498,72.87997499999999,-163345.06143603497,True
5385,182.85,54.855,182.85,322889.47199999995,82642.879163965,72.86285833333334,-163269.267711035,True
5386,211.36,63.408,211.36,322952.87999999995,82579.471163965,72.85685833333332,-163239.56885270163,True
5387,196.0,58.8,196.0,323011.67999999993,82520.67116396502,72.833425,-163146.47136103502,True
5388,231.37,69.411,231.37,323081.09099999996,82451.260163965,72.84075416666667,-163167.76288603502,True
5389,192.83,57.849,192.83,323138.93999999994,82393.41116396501,72.8257625,-163102.234223535,True
5390,260.77,78.231,260.77,323217.171,82315.18016396498,72.8190625,-163085.06046103503,True
5391,266.47,79.941,266.47,323297.11199999996,82235.23916396499,72.84617083333333,-163183.510373535,True
5392,228.59,68.577,228.59,323365.68899999995,82166.662163965,72.83974166666665,-163157.58776936829,True
5393,237.51,71.253,237.51,323436.942,82095.40916396497,72.83077499999999,-163125.810261035,True
5394,202.33,60.699,202.33,323497.641,82034.71016396495,72.79384583333332,-162989.374911035,True
5395,310.12,93.036,310.12,323590.677,81941.67416396493,72.82342499999999,-163109.15096103502,True
5396,212.13,63.639,212.13,323654.31600000005,81878.0351639649,72.8238375,-163101.35418603508,True
5397,198.98,59.694,198.98,323714.01000000007,81818.34116396488,72.80274583333333,-163017.2930735351,True
5398,265.29,79.587,265.29,323793.59700000007,81738.75416396488,72.82217083333333,-163089.38417770178,True
5399,206.12,61.836,206.12,323855.4330000001,81676.91816396487,72.79325416666666,-162981.20909020177,True
5400,216.94,65.082,216.94,323920.5150000001,81611.83616396488,72.76572916666666,-162881.0138360351,True
5401,218.36,65.508,218.36,323986.02300000004,81546.3281639649,72.75013750000001,-162821.38369853512,True
5402,250.83,75.249,250.83,324061.27200000006,81471.0791639649,72.75043333333333,-162824.87596936844,True
5403,205.35,61.605,205.35,324122.87700000004,81409.47416396491,72.71912916666666,-162708.64244853507,True
5404,235.33,70.599,235.33,324193.476,81338.87516396493,72.70430833333333,-162656.78360270173,True
5405,196.74,59.022,196.74,324252.498,81279.85316396493,72.66855833333334,-162523.16004436841,True
5406,214.75,64.425,214.75,324316.923,81215.42816396494,72.61408333333333,-162332.20733603503,True
5407,217.91,65.37299999999999,217.91,324382.29600000003,81150.05516396492,72.60417916666667,-162291.7575818684,True
5408,226.02,67.806,226.02,324450.102,81082.24916396494,72.59150416666667,-162244.47280270173,True
5409,216.29,64.887,216.29,324514.989,81017.36216396495,72.55679166666667,-162120.44671103507,True
5410,264.98,79.494,264.98,324594.483,80937.86816396494,72.55388333333333,-162117.6410027017,True
5411,207.24,62.172,207.24,324656.655,80875.69616396492,72.53512083333332,-162044.42350686836,True
5412,226.82,68.04599999999999,226.82,324724.701,80807.65016396495,72.53514166666668,-162040.00413603507,True
5413,259.36,77.808,259.36,324802.509,80729.84216396493,72.52942083333333,-162026.12936520175,True
5414,225.92,67.776,225.92,324870.28500000003,80662.06616396492,72.51477083333333,-161972.3570443684,True
5415,232.93,69.879,232.93,324940.16400000005,80592.1871639649,72.50280833333333,-161929.7067110351,True
5416,192.99,57.897,192.99,324998.06100000005,80534.2901639649,72.49516666666668,-161889.54716936845,True
5417,330.25,99.075,330.25,325097.13600000006,80435.2151639649,72.50173749999999,-161938.09329853507,True
5418,221.63,66.48899999999999,221.63,325163.62500000006,80368.7261639649,72.47440833333333,-161840.7464860351,True
5419,261.23,78.369,261.23,325241.99400000006,80290.35716396489,72.48253333333334,-161873.7867027018,True
5420,286.3,85.89,286.3,325327.8840000001,80204.46716396487,72.48145416666667,-161883.58975270178,True
5421,210.31,63.093,210.31,325390.9770000001,80141.37416396488,72.4662125,-161823.3093735351,True
5422,210.1,63.03,210.1,325454.0070000001,80078.34416396485,72.41651666666667,-161647.9884693685,True
5423,256.3,76.89,256.3,325530.8970000001,80001.45416396484,72.41949999999999,-161662.4173360351,True
5424,219.51,65.853,219.51,325596.7500000001,79935.60116396483,72.41859166666667,-161652.82063603518,True
5425,191.57,57.471,191.57,325654.22100000014,79878.13016396482,72.3621125,-161449.51502353518,True
5426,228.71,68.613,228.71,325722.83400000015,79809.5171639648,72.3445625,-161387.25421103518,True
5427,218.52,65.556,218.52,325788.39000000013,79743.96116396482,72.33107083333333,-161335.49792353515,True
5428,215.39,64.61699999999999,215.39,325853.00700000016,79679.3441639648,72.285625,-161176.3583360352,True
5429,185.72,55.716,185.72,325908.7230000002,79623.62816396478,72.25395416666666,-161054.29316520187,True
5430,272.65,81.79499999999999,272.65,325990.51800000016,79541.8331639648,72.2722125,-161124.6344610352,True
5431,189.89,56.96699999999999,189.89,326047.48500000016,79484.86616396479,72.22056666666666,-160937.40026936852,True
5432,228.68,68.604,228.68,326116.08900000015,79416.2621639648,72.21252083333333,-160907.00716936853,True
5433,197.76,59.328,197.76,326175.41700000013,79356.93416396482,72.19115833333333,-160823.04961103518,True
5434,200.32,60.096,200.32,326235.51300000015,79296.8381639648,72.1719875,-160747.1922610352,True
5435,248.63,74.589,248.63,326310.10200000013,79222.24916396482,72.18947083333333,-160807.7413568685,True
5436,210.79,63.237,210.79,326373.33900000015,79159.0121639648,72.19593333333333,-160820.2702360352,True
5437,222.56,66.768,222.56,326440.10700000013,79092.24416396482,72.17980833333333,-160761.25892770183,True
5438,231.61,69.483,231.61,326509.59000000014,79022.76116396481,72.19016666666667,-160792.97250270186,True
5439,204.99,61.497,204.99,326571.0870000001,78961.26416396484,72.18580833333333,-160767.80531103513,True
5440,258.12,77.43599999999999,258.12,326648.5230000001,78883.82816396485,72.18400416666667,-160767.0656693685,True
5441,196.83,59.049,196.83,326707.5720000001,78824.77916396485,72.164275,-160688.44956103517,True
5442,222.1,66.63,222.1,326774.2020000001,78758.14916396484,72.1634625,-160680.21941103513,True
5443,286.8,86.04,286.8,326860.2420000001,78672.10916396487,72.17119166666666,-160719.73359436844,True
5444,220.69,66.207,220.69,326926.4490000001,78605.90216396487,72.175825,-160729.13353603514,True
5445,203.0,60.9,203.0,326987.3490000001,78545.00216396485,72.14937916666666,-160630.18977353515,True
5446,251.85,75.55499999999999,251.85,327062.9040000001,78469.44716396485,72.15017083333333,-160636.21897770182,True
5447,280.39,84.11699999999999,280.39,327147.0210000001,78385.33016396483,72.168375,-160708.49621103518,True
5448,210.42,63.12599999999999,210.42,327210.1470000001,78322.20416396484,72.16702916666667,-160694.99643603517,True
5449,209.57,62.871,209.57,327273.0180000001,78259.33316396485,72.14636666666667,-160617.2868693685,True
5450,243.49,73.047,243.49,327346.0650000001,78186.28616396483,72.152525,-160638.57158603516,True
5451,245.13,73.539,245.13,327419.6040000001,78112.74716396484,72.16325,-160675.4470860352,True
5452,206.64,61.99199999999999,206.64,327481.59600000014,78050.75516396482,72.13497083333333,-160571.72835270182,True
5453,214.74,64.422,214.74,327546.01800000016,77986.3331639648,72.13064583333333,-160549.71260686853,True
5454,206.07,61.821,206.07,327607.83900000015,77924.5121639648,72.12925,-160534.78833603518,True
5455,195.12,58.536,195.12,327666.3750000002,77865.97616396478,72.10103333333333,-160427.9390027019,True
5456,200.15,60.045,200.15,327726.42000000016,77805.9311639648,72.0767125,-160335.5269360352,True
5457,232.47,69.741,232.47,327796.16100000014,77736.19016396481,72.08475833333333,-160359.76661103516,True
5458,219.77,65.931,219.77,327862.0920000001,77670.25916396483,72.09026666666666,-160371.8013693685,True
5459,218.63,65.589,218.63,327927.6810000001,77604.67016396485,72.088375,-160359.05571103515,True
5460,218.85,65.655,218.85,327993.3360000001,77539.01516396482,72.0862875,-160345.73358603517,True
5461,209.15,62.745,209.15,328056.0810000001,77476.27016396483,72.0695375,-160281.13404853517,True
5462,212.1,63.63,212.1,328119.7110000001,77412.64016396482,72.05544166666667,-160226.20645270185,True
5463,193.97,58.191,193.97,328177.9020000001,77354.44916396483,72.04015416666667,-160161.93912353518,True
5464,245.48,73.64399999999999,245.48,328251.5460000001,77280.80516396486,72.0438,-160175.55963603515,True
5465,313.48,94.044,313.48,328345.5900000001,77186.76116396487,72.06462499999999,-160266.17821103512,True
5466,212.62,63.786,212.62,328409.3760000001,77122.97516396485,72.06287916666666,-160252.14881103515,True
5467,231.33,69.399,231.33,328478.7750000001,77053.57616396487,72.0202125,-160108.98359853512,True
5468,251.02,75.306,251.02,328554.08100000006,76978.27016396489,71.99790833333333,-160038.84406936844,True
5469,260.33,78.09899999999999,260.33,328632.18000000005,76900.1711639649,72.00225416666666,-160059.24729853508,True
5470,309.0,92.7,309.0,328724.88000000006,76807.47116396489,71.9569375,-159930.8532110351,True
5471,293.81,88.143,293.81,328813.02300000004,76719.3281639649,71.97867916666667,-160018.54761520177,True
5472,227.45,68.235,227.45,328881.25800000003,76651.09316396492,71.97297083333333,-159996.03493603508,True
5473,222.35,66.705,222.35,328947.96300000005,76584.3881639649,71.96331666666666,-159959.0337193684,True
5474,315.86,94.758,315.86,329042.721,76489.63016396493,71.99348333333333,-160080.9560693684,True
5475,212.0,63.6,212.0,329106.321,76426.03016396496,71.97968333333333,-160027.229586035,True
5476,298.34,89.502,298.34,329195.823,76336.52816396498,72.00294166666666,-160121.13226936833,True
5477,210.09,63.027,210.09,329258.85,76273.50116396497,71.98927499999999,-160067.288661035,True
5478,198.03,59.409,198.03,329318.25899999996,76214.09216396499,71.96985416666666,-159990.969211035,True
5479,280.26,84.07799999999999,280.26,329402.33699999994,76130.01416396501,71.98224166666667,-160043.72074436833,True
5480,187.49,56.247,187.49,329458.5839999999,76073.76716396504,71.96842083333333,-159982.65316936828,True
5481,248.56,74.568,248.56,329533.15199999994,75999.19916396501,71.98214583333333,-160030.257023535,True
5482,218.55,65.565,218.55,329598.71699999995,75933.634163965,71.98605833333333,-160036.66505270166,True
5483,258.81,77.643,258.81,329676.3599999999,75855.99116396502,72.01071666666667,-160123.12735270165,True
5484,242.94,72.88199999999999,242.94,329749.2419999999,75783.10916396504,72.02777083333332,-160179.86808603493,True
5485,195.52,58.656,195.52,329807.8979999999,75724.45316396502,72.02334583333334,-160152.00444020165,True
5486,245.01,73.503,245.01,329881.40099999995,75650.950163965,72.03508333333333,-160191.91266936832,True
5487,236.18,70.854,236.18,329952.25499999995,75580.096163965,72.033225,-160184.649261035,True
5488,223.72,67.116,223.72,330019.3709999999,75512.98016396502,72.02452916666667,-160151.2792693683,True
5489,227.67,68.30099999999999,227.67,330087.6719999999,75444.67916396505,72.0252625,-160149.95447353495,True
5490,238.69,71.607,238.69,330159.2789999999,75373.07216396503,72.02440833333334,-160146.74308603499,True
5491,232.73,69.81899999999999,232.73,330229.09799999994,75303.25316396501,72.0037,-160076.84213603497,True
5492,219.92,65.976,219.92,330295.07399999996,75237.27716396499,71.99619583333333,-160046.29081936833,True
5493,205.45,61.63499999999999,205.45,330356.709,75175.64216396498,71.96783749999999,-159943.282948535,True
5494,226.29,67.887,226.29,330424.59599999996,75107.75516396499,71.95988333333332,-159913.22380270166,True
5495,209.98,62.99399999999999,209.98,330487.58999999997,75044.76116396498,71.93892083333333,-159835.81535686832,True
5496,362.56,108.768,362.56,330596.35799999995,74935.993163965,71.989475,-160037.653236035,True
5497,221.1,66.33,221.1,330662.68799999997,74869.66316396499,71.96819583333334,-159962.5598402017,True
5498,227.11,68.133,227.11,330730.82099999994,74801.53016396501,71.95231249999999,-159906.91321103496,True
5499,271.61,81.483,271.61,330812.30399999995,74720.047163965,71.95300833333333,-159918.71301103497,True
5500,281.93,84.579,281.93,330896.883,74635.46816396498,71.9614875,-159958.98108603503,True
5501,240.67,72.201,240.67,330969.084,74563.26716396498,71.96849166666665,-159982.04717770164,True
5502,192.04,57.612,192.04,331026.696,74505.65516396496,71.95502916666666,-159923.82986103502,True
5503,196.04,58.812,196.04,331085.508,74446.84316396498,71.94694583333333,-159884.35941520167,True
5504,245.76,73.728,245.76,331159.236,74373.11516396498,71.95436666666667,-159910.3027027017,True
5505,202.39,60.71699999999999,202.39,331219.953,74312.39816396497,71.93869583333334,-159848.05677353506,True
5506,197.07,59.121,197.07,331279.07399999996,74253.27716396499,71.91400833333334,-159754.9059527017,True
5507,254.16,76.24799999999999,254.16,331355.322,74177.02916396497,71.92410416666667,-159792.0816902017,True
5508,198.3,59.49,198.3,331414.812,74117.53916396498,71.925175,-159783.12993603502,True
5509,264.94,79.482,264.94,331494.294,74038.05716396496,71.928675,-159802.06526103505,True
5510,200.26,60.078,200.26,331554.372,73977.97916396498,71.90273333333333,-159705.90416936835,True
5511,244.34,73.30199999999999,244.34,331627.674,73904.67716396495,71.90664166666667,-159720.00161103506,True
5512,213.45,64.035,213.45,331691.709,73840.64216396498,71.90527499999999,-159707.691036035,True
5513,233.88,70.164,233.88,331761.87299999996,73770.47816396499,71.88222916666668,-159631.1199402017,True
5514,289.05,86.715,289.05,331848.588,73683.76316396496,71.91790833333333,-159761.76728603503,True
5515,205.1,61.53,205.1,331910.118,73622.23316396493,71.87818333333334,-159622.47175270176,True
5516,213.81,64.143,213.81,331974.261,73558.09016396495,71.86559583333333,-159573.90271936837,True
5517,249.36,74.808,249.36,332049.069,73483.28216396493,71.86935833333332,-159589.04691103502,True
5518,211.82,63.54599999999999,211.82,332112.615,73419.73616396496,71.85026666666666,-159518.82836936833,True
5519,222.14,66.642,222.14,332179.257,73353.09416396497,71.8481875,-159506.881523535,True
5520,202.2,60.66,202.2,332239.91699999996,73292.434163965,71.82449166666666,-159418.91883603498,True
5521,235.6,70.67999999999999,235.6,332310.59699999995,73221.754163965,71.8109,-159373.750936035,True
5522,259.57,77.871,259.57,332388.46799999994,73143.88316396502,71.81998750000001,-159409.23636103503,True
5523,250.65,75.195,250.65,332463.66299999994,73068.68816396501,71.82539166666666,-159430.10466103497,True
5524,300.54,90.162,300.54,332553.82499999995,72978.526163965,71.81540833333332,-159416.13520270164,True
5525,243.84,73.152,243.84,332626.97699999996,72905.374163965,71.80114166666667,-159371.31912770166,True
5526,194.53,58.359,194.53,332685.33599999995,72847.015163965,71.79546249999999,-159339.51056103496,True
5527,210.59,63.177,210.59,332748.513,72783.83816396497,71.78685833333333,-159303.07482770167,True
5528,203.94,61.182,203.94,332809.69499999995,72722.656163965,71.77142083333334,-159242.57596936834,True
5529,220.7,66.21,220.7,332875.90499999997,72656.44616396498,71.7551875,-159184.56464853504,True
5530,199.34,59.802,199.34,332935.707,72596.64416396496,71.75343333333333,-159166.9455027017,True
5531,240.76,72.228,240.76,333007.935,72524.41616396495,71.7491375,-159153.54882353506,True
5532,211.95,63.585,211.95,333071.52,72460.83116396493,71.73328333333333,-159094.20743603507,True
5533,248.7,74.61,248.7,333146.13,72386.22116396495,71.69812499999999,-158983.62821103501,True
5534,229.97,68.991,229.97,333215.121,72317.23016396497,71.68617916666666,-158942.38382770168,True
5535,241.95,72.585,241.95,333287.706,72244.64516396495,71.69057083333333,-158957.44577353503,True
5536,197.34,59.202,197.34,333346.908,72185.44316396496,71.6652,-158863.16163603505,True
5537,349.07,104.721,349.07,333451.629,72080.72216396494,71.72524166666666,-159089.73172770173,True
5538,280.97,84.29100000000001,280.97,333535.92000000004,71996.43116396491,71.7512125,-159185.97551103507,True
5539,313.33,93.999,313.33,333629.91900000005,71902.4321639649,71.79040416666666,-159334.45965686842,True
5540,253.12,75.93599999999999,253.12,333705.85500000004,71826.49616396491,71.80182916666666,-159375.39375270176,True
5541,194.62,58.386,194.62,333764.24100000004,71768.11016396491,71.76742916666666,-159251.24432353507,True
5542,197.64,59.292,197.64,333823.53300000005,71708.8181639649,71.75201666666666,-159189.17146936842,True
5543,236.9,71.07,236.9,333894.60300000006,71637.74816396489,71.7441375,-159163.1421735351,True
5544,205.09,61.527,205.09,333956.13000000006,71576.22116396489,71.73555,-159125.3076360351,True
5545,275.82,82.746,275.82,334038.87600000005,71493.4751639649,71.74621666666667,-159170.61141936845,True
5546,202.62,60.786,202.62,334099.66200000007,71432.68916396488,71.66357083333332,-158894.02749436843,True
5547,232.7,69.80999999999999,232.7,334169.47200000007,71362.87916396488,71.66475416666667,-158895.97597353513,True
5548,249.27,74.781,249.27,334244.2530000001,71288.09816396487,71.637425,-158811.31093603512,True
5549,242.38,72.714,242.38,334316.96700000006,71215.38416396489,71.63426666666666,-158802.24610270176,True
5550,220.66,66.198,220.66,334383.16500000004,71149.18616396491,71.57511666666667,-158606.93833603512,True
5551,215.39,64.61699999999999,215.39,334447.78200000006,71084.56916396489,71.55242083333334,-158527.1492902018,True
5552,189.54,56.862,189.54,334504.6440000001,71027.70716396486,71.521525,-158413.3450360351,True
5553,206.35,61.905,206.35,334566.5490000001,70965.80216396484,71.51158333333333,-158371.84558603517,True
5554,215.95,64.785,215.95,334631.3340000001,70901.01716396486,71.5019875,-158334.35476103512,True
5555,238.53,71.559,238.53,334702.8930000001,70829.45816396485,71.50683749999999,-158349.9560235351,True
5556,260.66,78.19800000000001,260.66,334781.0910000001,70751.26016396488,71.5061875,-158354.56458603512,True
5557,207.83,62.349,207.83,334843.44000000006,70688.91116396489,71.50595833333334,-158344.6733777018,True
5558,243.49,73.047,243.49,334916.4870000001,70615.86416396487,71.51540416666667,-158376.4599777018,True
5559,179.54,53.862,179.54,334970.3490000001,70562.00216396485,71.49881666666667,-158305.70998603516,True
5560,197.11,59.133,197.11,335029.4820000001,70502.86916396488,71.47675,-158222.7308360351,True
5561,191.47,57.441,191.47,335086.92300000007,70445.42816396488,71.46539166666666,-158172.35977770176,True
5562,221.13,66.339,221.13,335153.26200000005,70379.0891639649,71.44438749999999,-158100.06206103507,True
5563,298.57,89.571,298.57,335242.83300000004,70289.51816396491,71.4586625,-158163.8258485351,True
5564,240.36,72.108,240.36,335314.94100000005,70217.4101639649,71.43170833333333,-158078.32966936842,True
5565,185.29,55.587,185.29,335370.52800000005,70161.8231639649,71.38964166666666,-157928.0819610351,True
5566,237.19,71.157,237.19,335441.68500000006,70090.6661639649,71.37187083333333,-157871.08927770177,True
5567,221.43,66.429,221.43,335508.11400000006,70024.23716396489,71.376425,-157880.6878610351,True
5568,240.45,72.13499999999999,240.45,335580.24900000007,69952.10216396488,71.37963749999999,-157891.70073603507,True
5569,246.52,73.956,246.52,335654.2050000001,69878.14616396488,71.3670875,-157854.2300485351,True
5570,175.73,52.719,175.73,335706.92400000006,69825.4271639649,71.33702916666667,-157739.69587770177,True
5571,225.36,67.608,225.36,335774.53200000006,69757.81916396489,71.30459166666667,-157632.5236610351,True
5572,230.67,69.201,230.67,335843.73300000007,69688.61816396489,71.3042,-157629.1714360351,True
5573,219.17,65.75099999999999,219.17,335909.48400000005,69622.8671639649,71.27709999999999,-157537.25053603508,True
5574,186.41,55.923,186.41,335965.40700000006,69566.94416396489,71.24855,-157430.9361360351,True
5575,194.97,58.491,194.97,336023.89800000004,69508.4531639649,71.2348875,-157374.6635235351,True
5576,257.18,77.154,257.18,336101.052,69431.29916396493,71.22654583333333,-157354.0227693684,True
5577,213.83,64.149,213.83,336165.201,69367.15016396495,71.21400416666667,-157307.02509853506,True
5578,194.63,58.389,194.63,336223.59,69308.76116396493,71.20834583333333,-157276.1952777017,True
5579,181.95,54.585,181.95,336278.17500000005,69254.1761639649,71.15491666666665,-157089.6137527017,True
5580,264.54,79.36200000000001,264.54,336357.53700000007,69174.81416396488,71.17264999999999,-157154.2128360351,True
5581,233.45,70.035,233.45,336427.57200000004,69104.77916396491,71.18307083333333,-157186.20301520175,True
5582,179.05,53.715,179.05,336481.28700000007,69051.06416396488,71.15525416666667,-157080.3335777018,True
5583,195.06,58.518,195.06,336539.80500000005,68992.5461639649,71.13499583333333,-157003.3355985351,True
5584,195.14,58.542,195.14,336598.34700000007,68934.00416396488,71.106575,-156900.47803603514,True
5585,248.66,74.598,248.66,336672.94500000007,68859.40616396489,71.1117375,-156920.36039853512,True
5586,212.84,63.852,212.84,336736.7970000001,68795.55416396487,71.0892375,-156841.68566103512,True
5587,183.07,54.921,183.07,336791.71800000005,68740.6331639649,71.06937916666666,-156762.50693186844,True
5588,207.67,62.301,207.67,336854.01900000003,68678.33216396492,71.06345833333333,-156734.9576693684,True
5589,237.83,71.349,237.83,336925.368,68606.98316396493,71.03895,-156657.52728603507,True
5590,222.07,66.621,222.07,336991.989,68540.36216396495,71.03580833333334,-156643.15025270171,True
5591,266.6,79.98,266.6,337071.969,68460.38216396497,71.03165416666667,-156638.92989020172,True
5592,219.91,65.973,219.91,337137.942,68394.40916396497,71.01723333333332,-156588.18603603498,True
5593,222.23,66.669,222.23,337204.611,68327.74016396498,71.01221666666666,-156567.95001936835,True
5594,340.76,102.228,340.76,337306.839,68225.51216396497,71.05421666666666,-156732.13780270168,True
5595,245.04,73.512,245.04,337380.35099999997,68152.00016396499,71.0536375,-156732.762523535,True
5596,209.04,62.712,209.04,337443.06299999997,68089.28816396499,71.02747083333334,-156641.6295527017,True
5597,201.71,60.513,201.71,337503.57599999994,68028.77516396501,71.00725,-156567.15658603498,True
5598,214.48,64.344,214.48,337567.9199999999,67964.43116396503,71.01072500000001,-156571.481286035,True
5599,212.26,63.678,212.26,337631.59799999994,67900.75316396501,70.98451666666666,-156481.3040193683,True
5600,200.24,60.072,200.24,337691.6699999999,67840.68116396503,70.9574875,-156384.97933603497,True
5601,204.04,61.212,204.04,337752.8819999999,67779.46916396503,70.95984166666666,-156382.67066103496,True
5602,247.02,74.106,247.02,337826.98799999995,67705.363163965,70.96742083333334,-156409.75182770166,True
5603,190.34,57.102,190.34,337884.08999999997,67648.26116396498,70.93523333333333,-156294.27046936835,True
5604,215.28,64.584,215.28,337948.67399999994,67583.67716396501,70.9315625,-156276.33408603497,True
5605,197.4,59.22,197.4,338007.8939999999,67524.45716396504,70.86172083333334,-156044.27206520163,True
5606,190.21,57.063,190.21,338064.95699999994,67467.39416396501,70.85883333333334,-156021.36616936832,True
5607,207.08,62.124,207.08,338127.08099999995,67405.270163965,70.86883333333333,-156044.16133603497,True
5608,181.04,54.312,181.04,338181.3929999999,67350.95816396503,70.83885,-155933.09703603495,True
5609,223.17,66.951,223.17,338248.3439999999,67284.00716396503,70.8419625,-155939.01667353496,True
5610,217.11,65.133,217.11,338313.4769999999,67218.87416396505,70.82535416666666,-155880.99146103492,True
5611,202.92,60.87599999999999,202.92,338374.3529999999,67157.99816396507,70.78997499999998,-155759.6331110349,True
5612,212.05,63.615,212.05,338437.9679999999,67094.38316396507,70.77943333333334,-155719.2729693683,True
5613,242.69,72.807,242.69,338510.77499999985,67021.5761639651,70.77591666666667,-155710.2335860349,True
5614,216.51,64.95299999999999,216.51,338575.7279999998,66956.62316396512,70.76251666666666,-155662.2542693682,True
5615,315.0,94.5,315.0,338670.2279999998,66862.12316396512,70.79505416666666,-155788.32219020152,True
5616,215.51,64.65299999999999,215.51,338734.8809999998,66797.47016396513,70.78699166666667,-155756.83163603485,True
5617,221.96,66.588,221.96,338801.4689999998,66730.88216396514,70.77251666666666,-155707.13771936818,True
5618,218.79,65.637,218.79,338867.1059999998,66665.24516396516,70.72727499999999,-155559.85288603482,True
5619,180.42,54.126,180.42,338921.2319999998,66611.11916396517,70.70665,-155478.46848603484,True
5620,191.47,57.441,191.47,338978.6729999998,66553.67816396517,70.68365,-155392.98283603482,True
5621,207.76,62.328,207.76,339041.00099999976,66491.3501639652,70.66209583333332,-155316.96865686812,True
5622,312.19,93.657,312.19,339134.65799999976,66397.69316396519,70.63781666666667,-155263.7755360348,True
5623,262.42,78.726,262.42,339213.3839999998,66318.96716396516,70.65301249999999,-155319.5330485348,True
5624,204.24,61.272,204.24,339274.6559999998,66257.69516396517,70.6232125,-155216.69923603482,True
5625,169.64,50.892,169.64,339325.5479999998,66206.80316396517,70.60698333333333,-155146.08958603482,True
5626,209.91,62.973,209.91,339388.5209999998,66143.83016396518,70.6057375,-155134.55116103485,True
5627,223.28,66.984,223.28,339455.5049999998,66076.84616396518,70.60675,-155134.10158603484,True
5628,207.78,62.334,207.78,339517.83899999975,66014.5121639652,70.60369583333333,-155116.2631860348,True
5629,193.91,58.173,193.91,339576.01199999976,65956.3391639652,70.5873625,-155052.6928235348,True
5630,209.83,62.949,209.83,339638.9609999998,65893.39016396517,70.53999166666667,-154896.78375270148,True
5631,200.33,60.099,200.33,339699.05999999976,65833.29116396519,70.53611666666667,-154874.21788603484,True
5632,204.84,61.452,204.84,339760.51199999976,65771.8391639652,70.52355,-154825.8252360348,True
5633,209.74,62.922,209.74,339823.4339999998,65708.91716396518,70.50275,-154753.18208603485,True
5634,236.34,70.902,236.34,339894.3359999998,65638.01516396517,70.49785416666666,-154738.2769610348,True
5635,260.53,78.15899999999999,260.53,339972.49499999976,65559.85616396519,70.50654999999999,-154773.11258603478,True
5636,202.18,60.654,202.18,340033.14899999974,65499.20216396521,70.49548333333334,-154728.68776936815,True
5637,227.83,68.349,227.83,340101.49799999973,65430.85316396522,70.47637916666667,-154666.8789735348,True
5638,232.72,69.816,232.72,340171.3139999997,65361.03716396523,70.484175,-154690.55718603474,True
5639,234.31,70.29299999999999,234.31,340241.6069999997,65290.744163965224,70.48417916666666,-154690.37901520144,True
5640,268.84,80.65199999999999,268.84,340322.2589999997,65210.09216396522,70.49486666666667,-154733.89183603477,True
5641,243.4,73.02,243.4,340395.27899999975,65137.072163965204,70.50640833333334,-154772.4154277015,True
5642,184.61,55.383,184.61,340450.6619999997,65081.68916396523,70.48803333333333,-154699.9987693681,True
5643,186.63,55.989,186.63,340506.6509999997,65025.70016396523,70.4532875,-154577.19697353477,True
5644,209.48,62.844,209.48,340569.4949999997,64962.85616396525,70.43668333333333,-154517.8491027014,True
5645,199.33,59.799,199.33,340629.2939999997,64903.05716396525,70.43670416666667,-154507.27631520142,True
5646,221.21,66.363,221.21,340695.6569999997,64836.694163965236,70.428325,-154477.10988603477,True
5647,213.2,63.96,213.2,340759.61699999974,64772.734163965215,70.39416666666666,-154364.30666936812,True
5648,244.27,73.281,244.27,340832.89799999975,64699.4531639652,70.41450833333334,-154430.49676936818,True
5649,184.46,55.338,184.46,340888.23599999974,64644.11516396521,70.39961666666666,-154369.09228603478,True
5650,213.46,64.038,213.46,340952.27399999974,64580.07716396521,70.3959125,-154351.21071103477,True
5651,205.7,61.71,205.7,341013.98399999976,64518.36716396519,70.39391666666666,-154336.31975270144,True
5652,200.42,60.12599999999999,200.42,341074.10999999975,64458.2411639652,70.37433333333334,-154265.18683603482,True
5653,178.0,53.4,178.0,341127.5099999998,64404.841163965175,70.35513333333334,-154188.55810270153,True
5654,217.59,65.277,217.59,341192.7869999998,64339.56416396517,70.33939166666666,-154134.58635270147,True
5655,235.15,70.545,235.15,341263.33199999976,64269.01916396519,70.33385416666667,-154117.5980235348,True
5656,367.85,110.355,367.85,341373.68699999974,64158.66416396521,70.37745833333332,-154292.96650270143,True
5657,221.35,66.405,221.35,341440.0919999998,64092.25916396518,70.36080833333334,-154237.32909436818,True
5658,237.58,71.274,237.58,341511.36599999975,64020.985163965204,70.37088333333334,-154269.4949360348,True
5659,193.9,58.17,193.9,341569.53599999973,63962.81516396522,70.34435833333333,-154175.04002770144,True
5660,248.58,74.574,248.58,341644.10999999975,63888.2411639652,70.35445416666667,-154210.56675270147,True
5661,187.82,56.346,187.82,341700.4559999998,63831.89516396518,70.2779875,-153959.58809853482,True
5662,272.81,81.843,272.81,341782.29899999977,63750.052163965185,70.29893333333332,-154036.04330270144,True
5663,222.08,66.624,222.08,341848.9229999998,63683.428163965174,70.28714166666667,-153995.8495777015,True
5664,192.51,57.75299999999999,192.51,341906.6759999998,63625.67516396515,70.26967916666666,-153929.25153603483,True
5665,212.63,63.789,212.63,341970.4649999998,63561.88616396516,70.26073333333332,-153895.08350270145,True
5666,244.24,73.272,244.24,342043.7369999998,63488.61416396516,70.25194166666667,-153870.8933527015,True
5667,210.66,63.19799999999999,210.66,342106.93499999976,63425.41616396519,70.24625833333333,-153846.2608610348,True
5668,222.15,66.645,222.15,342173.5799999998,63358.77116396517,70.22944166666667,-153790.6624693682,True
5669,228.19,68.457,228.19,342242.0369999998,63290.31416396517,70.21186666666667,-153734.56570270148,True
5670,216.75,65.02499999999999,216.75,342307.0619999998,63225.28916396515,70.1973,-153684.36783603486,True
5671,239.69,71.907,239.69,342378.9689999998,63153.38216396514,70.19579583333334,-153681.43116520153,True
5672,190.72,57.216,190.72,342436.1849999998,63096.16616396513,70.17395416666666,-153601.00430270153,True
5673,183.06,54.918,183.06,342491.1029999998,63041.24816396512,70.15498333333333,-153527.1853860349,True
5674,205.4,61.62,205.4,342552.7229999998,62979.62816396513,70.16372916666666,-153545.64004436816,True
5675,209.47,62.841,209.47,342615.56399999984,62916.78716396511,70.16713333333333,-153548.8191693682,True
5676,205.21,61.563,205.21,342677.12699999986,62855.22416396509,70.13895833333333,-153453.32333603493,True
5677,205.47,61.641,205.47,342738.76799999987,62793.583163965086,70.10119583333334,-153328.40359020157,True
5678,173.91,52.173,173.91,342790.9409999999,62741.410163965076,70.09203333333333,-153282.23656936825,True
5679,206.23,61.86899999999999,206.23,342852.8099999999,62679.54116396507,70.0606,-153177.1674360349,True
5680,188.1,56.43,188.1,342909.2399999999,62623.11116396508,70.03544166666666,-153086.04916936823,True
5681,170.49,51.147,170.49,342960.3869999999,62571.96416396508,70.004325,-152971.3525110349,True
5682,212.84,63.852,212.84,343024.2389999999,62508.11216396507,69.97860416666667,-152886.03146103496,True
5683,187.8,56.34,187.8,343080.5789999999,62451.77216396504,69.94035833333334,-152754.71042770165,True
5684,186.63,55.989,186.63,343136.5679999999,62395.78316396504,69.92490416666666,-152693.22205270163,True
5685,243.06,72.91799999999999,243.06,343209.4859999999,62322.865163965034,69.93651666666666,-152731.92358603494,True
5686,185.9,55.77,185.9,343265.25599999994,62267.095163965016,69.878675,-152539.951786035,True
5687,226.04,67.812,226.04,343333.0679999999,62199.28316396504,69.86299583333333,-152489.7030318683,True
5688,199.92,59.97599999999999,199.92,343393.04399999994,62139.307163965015,69.85204166666666,-152446.164836035,True
5689,227.79,68.33699999999999,227.79,343461.38099999994,62070.970163965016,69.84865416666668,-152434.24678186834,True
5690,217.87,65.361,217.87,343526.7419999999,62005.60916396504,69.822375,-152349.08208603493,True
5691,225.02,67.506,225.02,343594.2479999999,61938.10316396505,69.80211666666666,-152284.59288603495,True
5692,229.77,68.931,229.77,343663.1789999999,61869.172163965064,69.79542083333332,-152263.17895270156,True
5693,203.16,60.94799999999999,203.16,343724.12699999986,61808.22416396509,69.73603333333334,-152072.19006936825,True
5694,182.75,54.825,182.75,343778.9519999999,61753.39916396508,69.72903333333332,-152035.8170360349,True
5695,196.08,58.824,196.08,343837.7759999999,61694.575163965055,69.67725416666667,-151866.2088568683,True
5696,186.15,55.845,186.15,343893.62099999987,61638.73016396508,69.65989166666667,-151799.17790270157,True
5697,214.88,64.464,214.88,343958.08499999985,61574.266163965105,69.660725,-151796.5345110349,True
5698,197.0,59.1,197.0,344017.1849999998,61515.16616396513,69.64189166666667,-151728.3061193682,True
5699,222.58,66.774,222.58,344083.9589999998,61448.39216396515,69.63834166666666,-151714.5716777015,True
5700,249.12,74.736,249.12,344158.6949999998,61373.65616396518,69.65726666666666,-151777.5798360348,True
5701,198.79,59.63699999999999,198.79,344218.33199999976,61314.01916396519,69.64353750000001,-151725.56204853483,True
5702,191.6,57.48,191.6,344275.81199999974,61256.53916396521,69.61539166666665,-151627.32855270142,True
5703,179.51,53.853,179.51,344329.66499999975,61202.686163965205,69.60939583333334,-151593.23689853481,True
5704,214.55,64.365,214.55,344394.02999999974,61138.321163965215,69.59786666666666,-151552.7593693681,True
5705,184.93,55.479,184.93,344449.5089999997,61082.84216396522,69.57550416666666,-151470.32306520143,True
5706,252.65,75.795,252.65,344525.3039999997,61007.04716396524,69.5682125,-151454.27381103477,True
5707,208.13,62.43899999999999,208.13,344587.7429999997,60944.608163965226,69.56233333333334,-151429.19550270148,True
5708,237.13,71.139,237.13,344658.88199999975,60873.4691639652,69.55361666666667,-151404.16890270147,True
5709,193.18,57.954,193.18,344716.8359999998,60815.515163965174,69.542125,-151357.50821103482,True
5710,225.29,67.58699999999999,225.29,344784.4229999998,60747.928163965174,69.52897083333333,-151315.4328777015,True
5711,283.06,84.91799999999999,283.06,344869.3409999998,60663.01016396517,69.50858749999999,-151268.6731235348,True
5712,224.19,67.25699999999999,224.19,344936.59799999977,60595.753163965186,69.49295416666666,-151218.7711360348,True
5713,209.99,62.997,209.99,344999.59499999974,60532.75616396521,69.46220833333334,-151118.59262770147,True
5714,243.3,72.99,243.3,345072.58499999973,60459.76616396522,69.46277083333334,-151123.8337943681,True
5715,205.79,61.737,205.79,345134.32199999975,60398.0291639652,69.45369583333333,-151088.4746485348,True
5716,195.3,58.59,195.3,345192.9119999998,60339.43916396517,69.44022916666667,-151036.61841936817,True
5717,201.92,60.57599999999999,201.92,345253.4879999998,60278.86316396517,69.43779583333333,-151020.34955686814,True
5718,251.73,75.51899999999999,251.73,345329.00699999975,60203.3441639652,69.4343,-151015.79643603478,True
5719,200.19,60.057,200.19,345389.0639999997,60143.28716396523,69.40225,-150908.95508603475,True
5720,237.54,71.262,237.54,345460.3259999997,60072.02516396524,69.40890416666667,-150931.04350270145,True
5721,188.11,56.433,188.11,345516.7589999997,60015.59216396522,69.38745,-150852.8683860348,True
5722,221.8,66.54,221.8,345583.2989999997,59949.05216396524,69.3759125,-150814.97001103475,True
5723,164.36,49.308,164.36,345632.6069999997,59899.744163965224,69.35682083333333,-150736.9207068681,True
5724,194.32,58.29599999999999,194.32,345690.9029999997,59841.44816396525,69.32662916666666,-150634.19798603473,True
5725,192.1,57.63,192.1,345748.5329999997,59783.81816396525,69.3042875,-150554.69439853475,True
5726,273.74,82.122,273.74,345830.6549999997,59701.69616396527,69.32917083333334,-150643.00814436807,True
5727,190.09,57.027,190.09,345887.6819999997,59644.66916396527,69.30064166666666,-150544.1770110347,True
5728,214.65,64.395,214.65,345952.0769999997,59580.27416396525,69.30591249999999,-150555.2525360347,True
5729,235.16,70.548,235.16,346022.6249999997,59509.72616396524,69.30924583333334,-150566.5979568681,True
5730,205.44,61.632,205.44,346084.2569999997,59448.09416396526,69.30336249999999,-150541.0942110347,True
5731,252.04,75.612,252.04,346159.8689999997,59372.48216396524,69.295975,-150525.02611103476,True
5732,240.82,72.246,240.82,346232.1149999997,59300.23616396525,69.299725,-150539.33113603474,True
5733,215.45,64.63499999999999,215.45,346296.7499999997,59235.60116396524,69.27872916666666,-150471.11202353475,True
5734,223.99,67.197,223.99,346363.9469999997,59168.40416396526,69.2590625,-150409.51896103474,True
5735,201.4,60.42,201.4,346424.3669999997,59107.98416396527,69.21822083333333,-150277.13385686805,True
5736,188.9,56.67,188.9,346481.03699999966,59051.31416396529,69.1598875,-150088.1856360347,True
5737,204.09,61.227,204.09,346542.2639999997,58990.087163965276,69.13637499999999,-150009.17446103468,True
5738,215.6,64.67999999999999,215.6,346606.94399999967,58925.40716396528,69.12260833333333,-149963.11521936805,True
5739,227.96,68.388,227.96,346675.33199999965,58857.019163965306,69.12476666666667,-149968.9009360347,True
5740,177.94,53.382,177.94,346728.7139999996,58803.63716396532,69.08887916666667,-149844.77791936803,True
5741,177.21,53.163,177.21,346781.87699999963,58750.47416396532,69.04225,-149688.07858603465,True
5742,216.95,65.085,216.95,346846.96199999965,58685.3891639653,69.04533333333333,-149693.4268360347,True
5743,203.8,61.14,203.8,346908.10199999966,58624.24916396529,69.0419625,-149675.3516985347,True
5744,199.07,59.721,199.07,346967.8229999997,58564.52816396527,68.97983333333333,-149478.64916936806,True
5745,208.76,62.62799999999999,208.76,347030.4509999997,58501.90016396524,68.97540833333333,-149458.95596103475,True
5746,199.22,59.766,199.22,347090.2169999997,58442.13416396524,68.97522083333334,-149449.18142770143,True
5747,204.01,61.203,204.01,347151.4199999997,58380.93116396526,68.95007916666667,-149365.65736520142,True
5748,215.92,64.776,215.92,347216.1959999997,58316.155163965246,68.9373375,-149323.10538603476,True
5749,211.56,63.468,211.56,347279.6639999997,58252.68716396525,68.93062499999999,-149297.42471103472,True
5750,185.63,55.689,185.63,347335.3529999997,58196.99816396524,68.92304166666666,-149261.35725270142,True
5751,228.92,68.67599999999999,228.92,347404.0289999997,58128.32216396526,68.90574583333333,-149209.06704853472,True
5752,177.63,53.289,177.63,347457.3179999997,58075.03316396527,68.89474166666666,-149160.34976936804,True
5753,193.28,57.984,193.28,347515.3019999997,58017.049163965276,68.886775,-149125.48326103474,True
5754,191.36,57.408,191.36,347572.7099999997,57959.64116396528,68.88194166666666,-149099.4754860347,True
5755,285.49,85.647,285.49,347658.35699999967,57873.99416396528,68.88918333333334,-149138.00175270138,True
5756,221.43,66.429,221.43,347724.7859999997,57807.56516396528,68.84991666666667,-149017.58450270141,True
5757,195.01,58.50299999999999,195.01,347783.2889999997,57749.06216396525,68.83222083333334,-148954.09699853475,True
5758,285.92,85.776,285.92,347869.0649999997,57663.28616396524,68.82885833333333,-148960.9465527014,True
5759,354.7,106.41,354.7,347975.4749999997,57556.876163965266,68.86866666666666,-149117.99250270138,True
5760,213.17,63.95099999999999,213.17,348039.4259999997,57492.925163965265,68.87035833333334,-149118.14983603478,True
5761,187.07,56.121,187.07,348095.5469999997,57436.80416396528,68.8508625,-149046.93247353475,True
5762,263.89,79.16699999999999,263.89,348174.7139999997,57357.637163965264,68.84459166666667,-149038.44865270142,True
5763,195.33,58.599,195.33,348233.3129999997,57299.03816396528,68.75912916666667,-148772.07194853472,True
5764,226.86,68.058,226.86,348301.3709999997,57230.98016396526,68.75420416666667,-148756.6155193681,True
5765,197.36,59.208,197.36,348360.5789999997,57171.772163965274,68.734475,-148687.98046103475,True
5766,246.01,73.803,246.01,348434.3819999997,57097.96916396526,68.742375,-148716.70158603473,True
5767,194.5,58.35,194.5,348492.73199999967,57039.61916396528,68.71702499999999,-148630.4366610347,True
5768,190.1,57.03,190.1,348549.7619999997,56982.589163965255,68.68362083333332,-148518.80436936804,True
5769,183.79,55.13699999999999,183.79,348604.8989999997,56927.45216396527,68.67235,-148471.5466860347,True
5770,199.95,59.98499999999999,199.95,348664.88399999967,56867.46716396528,68.6638125,-148437.33221103475,True
5771,194.6,58.38,194.6,348723.2639999997,56809.087163965276,68.63764583333332,-148348.83623186802,True
5772,197.44,59.232,197.44,348782.4959999997,56749.85516396526,68.60295416666666,-148235.77188603472,True
5773,199.81,59.943,199.81,348842.4389999997,56689.91216396523,68.58035416666667,-148159.6057318681,True
5774,182.71,54.813,182.71,348897.25199999975,56635.099163965206,68.55887916666667,-148081.71402770147,True
5775,174.68,52.404,174.68,348949.6559999997,56582.695163965225,68.52379583333332,-147960.83539853475,True
5776,195.7,58.71,195.7,349008.36599999975,56523.985163965204,68.5126875,-147917.8743360348,True
5777,231.08,69.324,231.08,349077.68999999977,56454.66116396518,68.51212916666665,-147917.02014020144,True
5778,250.72,75.216,250.72,349152.9059999998,56379.44516396517,68.53151666666666,-147981.53753603483,True
5779,196.53,58.959,196.53,349211.86499999976,56320.48616396519,68.51843333333333,-147932.96360270146,True
5780,243.88,73.164,243.88,349285.02899999975,56247.322163965204,68.51277499999999,-147920.74733603478,True
5781,228.12,68.43599999999999,228.12,349353.46499999973,56178.88616396522,68.50872083333333,-147908.59319853477,True
5782,196.44,58.932,196.44,349412.3969999997,56119.954163965245,68.50240833333334,-147880.21785270143,True
5783,198.34,59.502,198.34,349471.8989999997,56060.45216396527,68.48888749999999,-147830.9659235347,True
5784,191.92,57.57599999999999,191.92,349529.4749999997,56002.876163965266,68.46377083333333,-147745.3058360347,True
5785,167.92,50.376,167.92,349579.8509999997,55952.50016396528,68.38916666666667,-147505.27066936807,True
5786,179.05,53.715,179.05,349633.5659999997,55898.78516396525,68.36704166666667,-147424.79675270143,True
5787,229.15,68.745,229.15,349702.3109999997,55830.040163965255,68.35895416666666,-147401.13057353473,True
5788,181.42,54.426,181.42,349756.7369999997,55775.61416396528,68.3060625,-147230.0035860347,True
5789,179.13,53.739,179.13,349810.4759999997,55721.87516396528,68.27792083333333,-147131.82763186804,True
5790,184.4,55.32,184.4,349865.7959999997,55666.55516396527,68.25485,-147050.34933603473,True
5791,186.31,55.893,186.31,349921.68899999966,55610.66216396529,68.2144625,-146918.0769985347,True
5792,178.99,53.697,178.99,349975.38599999965,55556.9651639653,68.20486249999999,-146875.06673603467,True
5793,186.35,55.905,186.35,350031.2909999997,55501.060163965274,68.17709583333333,-146780.3831735347,True
5794,183.91,55.173,183.91,350086.4639999997,55445.887163965264,68.16238333333332,-146723.74180270138,True
5795,172.53,51.759,172.53,350138.2229999997,55394.128163965244,68.12095833333333,-146584.51329436808,True
5796,169.73,50.919,169.73,350189.1419999997,55343.20916396525,68.06970833333334,-146415.40633603476,True
5797,209.25,62.775,209.25,350251.9169999997,55280.43416396523,68.06829166666667,-146405.9140443681,True
5798,198.87,59.661,198.87,350311.57799999975,55220.773163965205,68.04502083333334,-146328.57854436815,True
5799,187.33,56.199000000000005,187.33,350367.77699999977,55164.57416396518,68.01774583333334,-146235.97124853483,True
5800,189.44,56.832,189.44,350424.60899999976,55107.74216396519,67.97625416666666,-146101.97016936814,True
5801,240.37,72.111,240.37,350496.71999999974,55035.63116396521,67.98636666666667,-146136.02780270146,True
5802,197.94,59.382,197.94,350556.1019999997,54976.24916396523,67.9786125,-146104.48661103475,True
5803,211.23,63.36899999999999,211.23,350619.4709999997,54912.88016396522,67.96380416666666,-146056.0887568681,True
5804,324.03,97.209,324.03,350716.6799999997,54815.67116396525,68.0152125,-146237.29698603475,True
5805,191.2,57.35999999999999,191.2,350774.0399999997,54758.31116396526,67.99869583333333,-146177.83502353472,True
5806,287.67,86.301,287.67,350860.34099999967,54672.010163965286,68.01966666666667,-146258.08516936805,True
5807,240.06,72.018,240.06,350932.35899999965,54599.992163965304,68.01566666666666,-146250.27150270133,True
5808,220.53,66.15899999999999,220.53,350998.51799999963,54533.83316396532,67.99318749999999,-146182.05633603464,True
5809,211.89,63.56699999999999,211.89,351062.0849999996,54470.26616396534,67.9798875,-146138.3818485347,True
5810,255.89,76.767,255.89,351138.8519999996,54393.499163965345,67.96212916666667,-146094.78187770135,True
5811,199.15,59.745,199.15,351198.5969999996,54333.75416396535,67.93551666666667,-146008.08448603467,True
5812,205.18,61.554,205.18,351260.1509999996,54272.200163965346,67.93006249999999,-145985.62408603463,True
5813,165.91,49.773,165.91,351309.9239999996,54222.42716396536,67.91294166666667,-145917.0119277013,True
5814,192.27,57.681,192.27,351367.6049999996,54164.74616396538,67.90591666666666,-145886.0843360346,True
5815,216.04,64.812,216.04,351432.41699999955,54099.9341639654,67.885825,-145823.8204610346,True
5816,202.2,60.66,202.2,351493.0769999995,54039.27416396543,67.86039583333333,-145741.73116936788,True
5817,194.13,58.239,194.13,351551.3159999995,53981.035163965425,67.86273333333332,-145738.98903603456,True
5818,198.98,59.694,198.98,351611.00999999954,53921.34116396541,67.83361666666667,-145645.15906936795,True
5819,177.05,53.115,177.05,351664.12499999953,53868.22616396542,67.81119583333333,-145564.50078186792,True
5820,200.27,60.081,200.27,351724.20599999954,53808.14516396541,67.81175,-145558.3998360346,True
5821,211.17,63.35099999999999,211.17,351787.55699999956,53744.79416396539,67.8147375,-145562.71934853462,True
5822,219.35,65.80499999999999,219.35,351853.36199999956,53678.989163965394,67.82009583333334,-145576.45239436795,True
5823,240.84,72.252,240.84,351925.61399999954,53606.737163965416,67.82771666666666,-145603.26668603456,True
5824,238.37,71.511,238.37,351997.12499999953,53535.22616396542,67.82894166666667,-145610.5465693679,True
5825,190.01,57.00299999999999,190.01,352054.12799999956,53478.22316396539,67.81146666666666,-145548.43150270125,True
5826,167.72,50.316,167.72,352104.44399999955,53427.9071639654,67.7818625,-145444.0774110346,True
5827,172.76,51.828,172.76,352156.27199999953,53376.07916396542,67.75336666666666,-145344.5452693679,True
5828,249.45,74.835,249.45,352231.10699999955,53301.2441639654,67.75871666666666,-145367.31310270124,True
5829,213.56,64.068,213.56,352295.1749999996,53237.17616396537,67.74483749999999,-145322.9425485346,True
5830,224.5,67.35,224.5,352362.52499999956,53169.826163965394,67.73314166666667,-145288.27891936793,True
5831,228.76,68.628,228.76,352431.1529999996,53101.19816396537,67.7422375,-145315.81547353463,True
5832,203.8,61.14,203.8,352492.2929999996,53040.058163965354,67.72350833333333,-145254.37423603464,True
5833,244.19,73.25699999999999,244.19,352565.5499999996,52966.80116396537,67.72261666666665,-145257.29781936793,True
5834,194.22,58.266,194.22,352623.8159999996,52908.53516396537,67.69517499999999,-145167.5468860346,True
5835,238.31,71.493,238.31,352695.3089999996,52837.04216396535,67.6931375,-145165.38502353468,True
5836,250.95,75.285,250.95,352770.5939999996,52761.757163965376,67.70655000000001,-145212.19503603465,True
5837,254.94,76.482,254.94,352847.0759999996,52685.27516396536,67.720225,-145260.94251103463,True
5838,318.63,95.589,318.63,352942.6649999996,52589.68616396538,67.76616250000001,-145423.04066103464,True
5839,189.24,56.772,189.24,352999.43699999957,52532.91416396538,67.75194166666667,-145370.50744436795,True
5840,206.61,61.983,206.61,353061.4199999996,52470.931163965375,67.75045,-145360.38283603464,True
5841,199.62,59.886,199.62,353121.3059999996,52411.04516396538,67.71982916666666,-145263.13617353459,True
5842,181.0,54.3,181.0,353175.60599999956,52356.74516396539,67.6975625,-145184.7422110346,True
5843,194.42,58.32599999999999,194.42,353233.93199999956,52298.41916396539,67.69554583333333,-145169.48803186792,True
5844,161.5,48.45,161.5,353282.3819999996,52249.969163965376,67.6849125,-145119.2356860346,True
5845,195.64,58.69199999999999,195.64,353341.07399999956,52191.277163965395,67.69095416666667,-145127.85423186794,True
5846,175.04,52.51199999999999,175.04,353393.58599999954,52138.76516396541,67.66920416666666,-145049.29577770125,True
5847,180.94,54.282,180.94,353447.86799999955,52084.4831639654,67.63667916666665,-144941.16324853455,True
5848,177.45,53.23499999999999,177.45,353501.10299999954,52031.248163965414,67.611375,-144853.07583603458,True
5849,191.08,57.324000000000005,191.08,353558.42699999956,51973.92416396539,67.59588333333332,-144797.6922193679,True
5850,183.38,55.014,183.38,353613.4409999996,51918.91016396537,67.54204583333333,-144628.44321103464,True
5851,183.27,54.981,183.27,353668.4219999996,51863.92916396534,67.507025,-144514.00656103465,True
5852,201.8,60.54,201.8,353728.9619999996,51803.38916396536,67.488,-144451.71483603463,True
5853,207.45,62.23499999999999,207.45,353791.1969999996,51741.15416396537,67.47060833333333,-144395.90426103462,True
5854,195.45,58.63499999999999,195.45,353849.8319999996,51682.519163965364,67.43002499999999,-144269.1334860346,True
5855,239.7,71.91,239.7,353921.74199999956,51610.60916396539,67.42999583333334,-144273.52873186796,True
5856,194.96,58.488,194.96,353980.2299999996,51552.12116396538,67.42164583333333,-144240.33833603462,True
5857,212.52,63.756,212.52,354043.98599999957,51488.36516396538,67.4115625,-144207.4007735346,True
5858,182.19,54.657,182.19,354098.6429999996,51433.70816396538,67.38313333333333,-144112.14476936797,True
5859,263.45,79.035,263.45,354177.67799999955,51354.6731639654,67.38699166666666,-144134.98966103457,True
5860,271.03,81.30899999999998,271.03,354258.98699999956,51273.364163965394,67.41050000000001,-144217.08583603465,True
5861,219.42,65.826,219.42,354324.81299999956,51207.53816396539,67.403075,-144193.9762610346,True
5862,202.56,60.768,202.56,354385.58099999954,51146.77016396541,67.39752916666666,-144171.26936103456,True
5863,204.4,61.32,204.4,354446.90099999955,51085.450163965404,67.3933,-144152.93993603459,True
5864,205.53,61.659,205.53,354508.55999999953,51023.79116396542,67.3893125,-144135.65783603457,True
5865,234.85,70.455,234.85,354579.01499999955,50953.3361639654,67.37965416666667,-144110.7626485346,True
5866,180.4,54.12,180.4,354633.13499999954,50899.21616396541,67.37785833333334,-144092.30585270128,True
5867,160.64,48.19199999999999,160.64,354681.3269999995,50851.02416396543,67.32735833333332,-143927.02349436787,True
5868,189.55,56.865,189.55,354738.1919999995,50794.159163965436,67.30652083333332,-143856.29908603453,True
5869,194.77,58.431,194.77,354796.6229999995,50735.728163965454,67.2988375,-143825.21104853455,True
5870,185.36,55.608,185.36,354852.2309999995,50680.12016396545,67.29025,-143788.70233603456,True
5871,160.45,48.135,160.45,354900.3659999995,50631.98516396544,67.2697625,-143710.35869853455,True
5872,179.93,53.979,179.93,354954.3449999995,50578.006163965445,67.24179583333333,-143616.3002027012,True
5873,223.56,67.068,223.56,355021.41299999953,50510.93816396542,67.22547916666667,-143569.02019020126,True
5874,192.7,57.81,192.7,355079.22299999953,50453.12816396542,67.15922083333332,-143368.38316103455,True
5875,183.51,55.053,183.51,355134.27599999955,50398.075163965404,67.12769583333333,-143265.32731520126,True
5876,198.53,59.559,198.53,355193.83499999956,50338.516163965396,67.12295833333333,-143244.09566936793,True
5877,215.48,64.64399999999999,215.48,355258.4789999995,50273.872163965425,67.12060416666667,-143234.82964853456,True
5878,209.71,62.913,209.71,355321.3919999995,50210.959163965425,67.09755,-143164.17993603458,True
5879,260.25,78.075,260.25,355399.46699999954,50132.88416396541,67.10082916666666,-143184.60466520122,True
5880,191.34,57.402,191.34,355456.86899999954,50075.48216396541,67.07111666666667,-143089.33383603458,True
5881,188.6,56.58,188.6,355513.44899999956,50018.902163965395,67.038725,-142985.5871110346,True
5882,207.99,62.397,207.99,355575.84599999955,49956.5051639654,67.0407125,-142986.6654110346,True
5883,220.25,66.075,220.25,355641.92099999957,49890.430163965386,67.03692916666665,-142974.81504853457,True
5884,227.34,68.202,227.34,355710.12299999956,49822.228163965396,67.01975833333334,-142926.5968027013,True
5885,205.94,61.782,205.94,355771.90499999956,49760.44616396539,67.00264999999999,-142872.17258603458,True
5886,194.4,58.32,194.4,355830.22499999957,49702.12616396538,66.9708375,-142772.06081103464,True
5887,177.71,53.313,177.71,355883.5379999996,49648.81316396536,66.95932083333334,-142725.31559020132,True
5888,183.08,54.924,183.08,355938.4619999996,49593.88916396536,66.95252916666666,-142693.7746027013,True
5889,193.16,57.94799999999999,193.16,355996.40999999957,49535.941163965384,66.93732916666666,-142641.1308735346,True
5890,185.67,55.70099999999999,185.67,356052.11099999957,49480.24016396538,66.93006249999999,-142609.0392110346,True
5891,216.24,64.872,216.24,356116.98299999954,49415.36816396541,66.91645,-142567.92688603458,True
5892,164.57,49.371,164.57,356166.3539999995,49365.997163965425,66.89955833333333,-142501.93613603458,True
5893,194.64,58.392,194.64,356224.7459999995,49307.60516396543,66.882825,-142445.45411103455,True
5894,216.03,64.809,216.03,356289.5549999995,49242.796163965424,66.88932083333333,-142461.9973443679,True
5895,186.35,55.905,186.35,356345.45999999956,49186.891163965396,66.87820416666666,-142419.1637735346,True
5896,175.77,52.731,175.77,356398.1909999996,49134.16016396537,66.86116666666666,-142356.22116936796,True
5897,175.83,52.749,175.83,356450.9399999996,49081.41116396536,66.82914166666666,-142250.42142770128,True
5898,212.61,63.783,212.61,356514.7229999996,49017.62816396536,66.823625,-142231.58658603465,True
5899,165.14,49.542,165.14,356564.2649999996,48968.086163965345,66.80743333333334,-142167.98060270134,True
5900,185.68,55.704,185.68,356619.96899999963,48912.38216396532,66.78669583333333,-142097.56791936798,True
5901,174.8,52.440000000000005,174.8,356672.40899999964,48859.942163965316,66.7707,-142037.4891360347,True
5902,213.34,64.002,213.34,356736.4109999996,48795.94016396534,66.75132083333334,-141979.33477770136,True
5903,211.44,63.432,211.44,356799.8429999996,48732.508163965365,66.75385,-141983.24128603464,True
5904,165.87,49.761,165.87,356849.6039999996,48682.74716396537,66.72450416666666,-141882.4367360346,True
5905,195.77,58.731,195.77,356908.3349999996,48624.01616396534,66.71354166666667,-141843.145294368,True
5906,211.61,63.483,211.61,356971.8179999996,48560.53316396533,66.68740833333334,-141765.330219368,True
5907,182.69,54.807,182.69,357026.6249999996,48505.72616396536,66.6577125,-141668.72759853464,True
5908,209.57,62.871,209.57,357089.4959999996,48442.855163965374,66.6575125,-141664.3704860346,True
5909,183.68,55.104,183.68,357144.59999999957,48387.75116396538,66.64554583333333,-141618.70000686793,True
5910,188.06,56.418,188.06,357201.0179999996,48331.33316396538,66.60833749999999,-141502.4287110346,True
5911,195.18,58.554,195.18,357259.5719999996,48272.77916396537,66.60095416666667,-141473.33925686797,True
5912,168.57,50.571,168.57,357310.1429999996,48222.20816396538,66.56451666666666,-141353.5353027013,True
5913,190.69,57.207,190.69,357367.34999999957,48165.00116396538,66.55623333333332,-141320.5951360346,True
5914,189.43,56.829,189.43,357424.1789999996,48108.172163965355,66.55335833333334,-141302.68565270133,True
5915,171.19,51.357,171.19,357475.5359999996,48056.81516396534,66.5451625,-141264.17214853468,True
5916,174.13,52.239,174.13,357527.7749999996,48004.576163965336,66.52674583333334,-141197.48898603467,True
5917,237.45,71.235,237.45,357599.0099999996,47933.34116396535,66.54204583333332,-141245.69514020128,True
5918,170.8,51.24,170.8,357650.2499999996,47882.10116396536,66.52467916666667,-141181.03702770133,True
5919,187.87,56.361,187.87,357706.61099999957,47825.74016396538,66.48052916666667,-141045.44319853463,True
5920,231.21,69.363,231.21,357775.9739999996,47756.37716396537,66.44933333333333,-140959.7295027013,True
5921,159.01,47.703,159.01,357823.67699999956,47708.67416396539,66.42400833333333,-140869.08549436793,True
5922,173.08,51.924,173.08,357875.60099999956,47656.75016396539,66.38867916666666,-140754.32131103458,True
5923,222.29,66.687,222.29,357942.28799999953,47590.06316396542,66.3768625,-140721.0957485346,True
5924,209.56,62.868,209.56,358005.15599999955,47527.1951639654,66.37179583333334,-140703.21781936794,True
5925,184.67,55.401,184.67,358060.55699999956,47471.79416396539,66.3413875,-140606.0393985346,True
5926,178.09,53.427,178.09,358113.9839999996,47418.36716396536,66.3134125,-140513.84386103463,True
5927,175.08,52.524,175.08,358166.50799999957,47365.843163965386,66.28000833333333,-140405.42044436792,True
5928,189.21,56.763,189.21,358223.27099999954,47309.08016396541,66.24633750000001,-140300.5476360346,True
5929,213.35,64.005,213.35,358287.27599999955,47245.075163965404,66.23625,-140269.74858603458,True
5930,185.19,55.557,185.19,358342.8329999995,47189.51816396543,66.2207625,-140215.23971103458,True
5931,204.2,61.25999999999999,204.2,358404.0929999995,47128.25816396542,66.20452916666666,-140164.35484853457,True
5932,194.46,58.338,194.46,358462.4309999995,47069.920163965435,66.1678125,-140052.65358603455,True
5933,223.75,67.125,223.75,358529.5559999995,47002.795163965435,66.15678333333334,-140022.4313193679,True
5934,217.4,65.22,217.4,358594.7759999995,46937.57516396546,66.15670416666666,-140021.2708110345,True
5935,204.86,61.458,204.86,358656.2339999995,46876.11716396548,66.13236666666666,-139947.8186693678,True
5936,225.92,67.776,225.92,358724.0099999995,46808.341163965466,66.124575,-139927.4586360345,True
5937,162.76,48.828,162.76,358772.83799999946,46759.51316396549,66.0857625,-139800.59437353452,True
5938,192.96,57.888,192.96,358830.72599999944,46701.62516396551,66.05455833333333,-139704.33845270117,True
5939,175.43,52.629,175.43,358883.35499999946,46648.996163965494,66.03271666666666,-139629.29755270114,True
5940,239.16,71.74799999999999,239.16,358955.1029999995,46577.24816396547,66.02477916666666,-139612.62908603452,True
5941,218.51,65.553,218.51,359020.6559999995,46511.69516396546,65.99769166666667,-139535.79764436788,True
5942,170.91,51.273,170.91,359071.9289999995,46460.42216396547,65.97931666666666,-139469.29220270118,True
5943,206.9,62.07,206.9,359133.9989999995,46398.352163965465,65.95446666666666,-139395.38043603452,True
5944,172.71,51.813,172.71,359185.8119999995,46346.53916396544,65.89810833333333,-139222.5339027012,True
5945,231.32,69.396,231.32,359255.2079999995,46277.14316396543,65.89096666666667,-139205.92800270126,True
5946,199.95,59.98499999999999,199.95,359315.1929999995,46217.15816396545,65.8791375,-139166.73476103455,True
5947,204.68,61.404,204.68,359376.5969999995,46155.75416396547,65.88022083333334,-139165.3070402012,True
5948,185.02,55.506,185.02,359432.1029999995,46100.24816396547,65.83067916666666,-139015.62165270117,True
5949,165.68,49.704,165.68,359481.8069999995,46050.544163965445,65.79310416666667,-138893.87164853455,True
5950,260.67,78.20100000000001,260.67,359560.0079999995,45972.343163965445,65.79552083333334,-138913.07037770125,True
5951,188.13,56.439,188.13,359616.4469999995,45915.90416396543,65.76675833333333,-138822.9199943679,True
5952,212.28,63.684,212.28,359680.1309999995,45852.22016396542,65.73412916666668,-138729.2145360346,True
5953,217.1,65.13,217.1,359745.26099999953,45787.09016396542,65.7482,-138768.1072360346,True
5954,170.04,51.01199999999999,170.04,359796.2729999995,45736.07816396543,65.72488750000001,-138687.95616103458,True
5955,187.97,56.391,187.97,359852.6639999995,45679.68716396543,65.7045875,-138621.68077353458,True
5956,228.73,68.619,228.73,359921.28299999953,45611.06816396542,65.7122,-138645.94063603456,True
5957,233.37,70.011,233.37,359991.2939999995,45541.05716396542,65.7109875,-138646.84079853457,True
5958,190.88,57.264,190.88,360048.55799999955,45483.7931639654,65.67644999999999,-138541.61973603457,True
5959,185.78,55.734,185.78,360104.29199999955,45428.0591639654,65.65974583333333,-138484.88891520127,True
5960,182.77,54.831,182.77,360159.12299999956,45373.228163965396,65.65244166666668,-138453.6085027013,True
5961,334.41,100.323,334.41,360259.44599999953,45272.90516396542,65.68625,-138582.90858603458,True
5962,165.7,49.71,165.7,360309.15599999955,45223.1951639654,65.65997499999999,-138493.41488603456,True
5963,196.43,58.929,196.43,360368.08499999956,45164.266163965396,65.6278875,-138396.9351735346,True
5964,141.95,42.585,141.95,360410.6699999996,45121.681163965375,65.60845833333333,-138319.56833603463,True
5965,233.4,70.02,233.4,360480.6899999996,45051.66116396536,65.605375,-138315.36196103462,True
5966,207.54,62.26199999999999,207.54,360542.9519999996,44989.39916396537,65.619475,-138351.4139860346,True
5967,168.87,50.661,168.87,360593.6129999996,44938.73816396535,65.60164166666667,-138286.64701103466,True
5968,189.82,56.946,189.82,360650.5589999996,44881.79216396535,65.58755,-138238.64743603463,True
5969,213.09,63.927,213.09,360714.4859999996,44817.865163965325,65.58602499999999,-138232.73061103464,True
5970,205.87,61.761,205.87,360776.2469999996,44756.10416396533,65.56110833333334,-138159.38808603468,True
5971,208.07,62.42099999999999,208.07,360838.6679999996,44693.683163965354,65.5495625,-138124.04664853463,True
5972,195.24,58.572,195.24,360897.2399999996,44635.11116396537,65.53572916666667,-138078.5017527013,True
5973,184.15,55.245,184.15,360952.4849999996,44579.86616396537,65.52995,-138052.10448603463,True
5974,191.01,57.303,191.01,361009.7879999996,44522.56316396536,65.52068333333334,-138018.06060270133,True
5975,203.68,61.104,203.68,361070.8919999996,44461.459163965366,65.48846666666667,-137923.9205027013,True
5976,183.28,54.984,183.28,361125.8759999996,44406.47516396537,65.46983333333333,-137861.5408360346,True
5977,223.78,67.134,223.78,361193.0099999996,44339.34116396535,65.46158333333332,-137840.24525270128,True
5978,209.35,62.80499999999999,209.35,361255.8149999996,44276.53616396536,65.42688749999999,-137741.06486103463,True
5979,188.8,56.64,188.8,361312.4549999996,44219.89616396534,65.40948750000001,-137683.8885735347,True
5980,183.36,55.008,183.36,361367.4629999996,44164.88816396537,65.40159999999999,-137651.5598360346,True
5981,162.94,48.882,162.94,361416.34499999956,44116.00616396539,65.36564166666668,-137535.1120277013,True
5982,189.24,56.772,189.24,361473.11699999956,44059.23416396539,65.3597125,-137510.0471610346,True
5983,210.16,63.048,210.16,361536.1649999996,43996.18616396538,65.35434166666667,-137492.82064436795,True
5984,193.1,57.92999999999999,193.1,361594.09499999956,43938.25616396539,65.33530833333333,-137432.55976936794,True
5985,207.27,62.181,207.27,361656.27599999955,43876.075163965404,65.32030833333333,-137387.7804610346,True
5986,164.56,49.368,164.56,361705.64399999956,43826.70716396539,65.30293333333333,-137323.62990270127,True
5987,187.08,56.124,187.08,361761.7679999996,43770.58316396538,65.29492083333332,-137292.23230686793,True
5988,175.36,52.608,175.36,361814.3759999996,43717.97516396537,65.29433333333333,-137277.91683603462,True
5989,193.49,58.047,193.49,361872.4229999996,43659.92816396535,65.26046666666666,-137176.82496936797,True
5990,206.33,61.899,206.33,361934.3219999996,43598.02916396537,65.26775833333333,-137193.66141936797,True
5991,166.64,49.992,166.64,361984.3139999996,43548.037163965346,65.2276,-137067.18723603463,True
5992,183.33,54.999,183.33,362039.3129999996,43493.038163965335,65.19419583333332,-136964.4959027013,True
5993,209.58,62.874,209.58,362102.1869999996,43430.164163965324,65.19715833333333,-136970.37294436802,True
5994,209.65,62.895,209.65,362165.08199999965,43367.269163965306,65.20267083333333,-136983.31836103468,True
5995,179.22,53.766,179.22,362218.84799999965,43313.5031639653,65.1729125,-136889.59989853468,True
5996,184.36,55.308,184.36,362274.15599999967,43258.19516396528,65.15669583333333,-136834.91211936803,True
5997,180.31,54.093,180.31,362328.24899999966,43204.10216396529,65.11208749999999,-136700.59559853468,True
5998,197.51,59.25299999999999,197.51,362387.5019999997,43144.849163965264,65.0917,-136638.42623603475,True
5999,231.01,69.303,231.01,362456.8049999997,43075.54616396525,65.09617916666667,-136655.00451520144,True
6000,182.17,54.651,182.17,362511.4559999997,43020.89516396524,65.06679583333333,-136563.46133603476,True
6001,205.63,61.68899999999999,205.63,362573.1449999997,42959.206163965224,65.04870416666667,-136510.16863186812,True
6002,240.6,72.17999999999999,240.6,362645.3249999997,42887.02616396523,65.04821249999999,-136515.94391103473,True
6003,213.12,63.936,213.12,362709.2609999997,42823.090163965244,65.01269166666667,-136416.90076103478,True
6004,209.32,62.79599999999999,209.32,362772.0569999997,42760.29416396527,65.01681666666667,-136426.05256936807,True
6005,190.99,57.297,190.99,362829.3539999997,42702.99716396525,65.00424583333333,-136383.70010686808,True
6006,165.96,49.788,165.96,362879.1419999997,42653.20916396525,64.96819166666667,-136269.19068603477,True
6007,212.78,63.834,212.78,362942.9759999997,42589.37516396528,64.95423333333332,-136229.62920270136,True
6008,168.13,50.439,168.13,362993.4149999997,42538.93616396526,64.90554166666666,-136081.11450270138,True
6009,185.17,55.551,185.17,363048.96599999967,42483.385163965286,64.90335833333333,-136065.7536110347,True
6010,197.02,59.106,197.02,363108.0719999997,42424.27916396526,64.91111666666667,-136081.2916693681,True
6011,195.48,58.64399999999999,195.48,363166.71599999967,42365.635163965286,64.88579583333333,-136005.41758186804,True
6012,186.74,56.022,186.74,363222.73799999966,42309.61316396529,64.87217083333333,-135959.1122860347,True
6013,174.17,52.251,174.17,363274.98899999965,42257.3621639653,64.85180833333334,-135890.55532770138,True
6014,207.86,62.358,207.86,363337.34699999966,42195.00416396529,64.8452125,-135869.94936103473,True
6015,225.07,67.521,225.07,363404.86799999967,42127.483163965284,64.86515833333333,-135927.3764610347,True
6016,155.38,46.614,155.38,363451.48199999967,42080.86916396528,64.82653333333333,-135803.13830270138,True
6017,191.65,57.495,191.65,363508.97699999966,42023.37416396529,64.81644583333333,-135768.13675686804,True
6018,226.16,67.848,226.16,363576.82499999966,41955.52616396529,64.81922916666667,-135778.80021103472,True
6019,258.32,77.496,258.32,363654.32099999965,41878.030163965304,64.83557916666666,-135836.29233186803,True
6020,186.06,55.818,186.06,363710.1389999997,41822.212163965276,64.82202916666667,-135790.1477527014,True
6021,236.59,70.977,236.59,363781.1159999997,41751.23516396526,64.82927083333333,-135816.13764853473,True
6022,193.96,58.188,193.96,363839.3039999997,41693.04716396524,64.8064125,-135746.91026103473,True
6023,173.69,52.107,173.69,363891.41099999973,41640.94016396522,64.772375,-135641.05021103477,True
6024,212.04,63.612,212.04,363955.02299999975,41577.3281639652,64.7827125,-135668.1732360348,True
6025,219.92,65.976,219.92,364020.9989999998,41511.35216396517,64.779275,-135659.96496103483,True
6026,192.31,57.693,192.31,364078.6919999998,41453.659163965145,64.75042916666666,-135574.01417770152,True
6027,224.25,67.27499999999999,224.25,364145.96699999983,41386.38416396512,64.74477083333333,-135561.0745235349,True
6028,287.61,86.283,287.61,364232.2499999998,41300.101163965126,64.77180416666667,-135656.4678193682,True
6029,195.35,58.605,195.35,364290.8549999998,41241.496163965145,64.7721875,-135651.34789853485,True
6030,172.5,51.75,172.5,364342.6049999998,41189.746163965145,64.7296375,-135522.16421103483,True
6031,172.67,51.801,172.67,364394.4059999998,41137.94516396517,64.71267083333333,-135462.9335402015,True
6032,167.05,50.115,167.05,364444.5209999998,41087.830163965176,64.69305833333334,-135394.83296936817,True
6033,184.17,55.251,184.17,364499.77199999976,41032.57916396519,64.66871666666665,-135319.01118603477,True
6034,185.86,55.758,185.86,364555.52999999974,40976.821163965215,64.633575,-135214.30428603478,True
6035,180.67,54.20099999999999,180.67,364609.73099999974,40922.62016396521,64.62512500000001,-135180.84546103483,True
6036,166.64,49.992,166.64,364659.72299999977,40872.628163965186,64.5764625,-135033.65568603482,True
6037,293.83,88.14899999999999,293.83,364747.87199999974,40784.47916396521,64.61326666666666,-135157.4459693681,True
6038,177.46,53.238,177.46,364801.10999999975,40731.2411639652,64.58845833333334,-135078.54241936814,True
6039,154.2,46.26,154.2,364847.36999999976,40684.98116396519,64.570525,-135011.4173610348,True
6040,180.04,54.01199999999999,180.04,364901.38199999975,40630.9691639652,64.56162499999999,-134976.65083603477,True
6041,176.35,52.905,176.35,364954.2869999998,40578.06416396517,64.5342375,-134890.52759853483,True
6042,220.34,66.102,220.34,365020.3889999998,40511.96216396516,64.5216875,-134857.98446103482,True
6043,196.23,58.86899999999999,196.23,365079.2579999998,40453.09316396515,64.5009,-134795.85213603484,True
6044,248.04,74.41199999999999,248.04,365153.6699999998,40378.68116396514,64.514325,-134842.22553603485,True
6045,232.73,69.81899999999999,232.73,365223.4889999998,40308.862163965125,64.49936666666667,-134806.9183360349,True
6046,179.55,53.865,179.55,365277.3539999998,40254.997163965134,64.4811375,-134746.81001103486,True
6047,217.16,65.148,217.16,365342.5019999998,40189.84916396515,64.47350416666667,-134726.76764020152,True
6048,199.38,59.81399999999999,199.38,365402.3159999998,40130.035163965134,64.4725375,-134719.48653603488,True
6049,183.99,55.197,183.99,365457.5129999998,40074.83816396515,64.4451125,-134635.86182353483,True
6050,221.88,66.564,221.88,365524.0769999998,40008.274163965136,64.4445125,-134636.35471103486,True
6051,205.28,61.584,205.28,365585.6609999998,39946.69016396516,64.43835833333334,-134616.82256103485,True
6052,208.75,62.625,208.75,365648.2859999998,39884.06516396516,64.4426375,-134626.59718603484,True
6053,189.21,56.763,189.21,365705.04899999977,39827.302163965185,64.44189166666666,-134616.89857770148,True
6054,189.02,56.706,189.02,365761.7549999998,39770.59616396518,64.43125833333333,-134580.3888860348,True
6055,160.93,48.279,160.93,365810.03399999975,39722.3171639652,64.38239583333333,-134432.06356520148,True
6056,197.7,59.31,197.7,365869.34399999975,39663.0071639652,64.3796,-134419.43123603478,True
6057,207.38,62.214,207.38,365931.5579999997,39600.79316396522,64.378225,-134413.54901103477,True
6058,201.85,60.55499999999999,201.85,365992.1129999997,39540.23816396523,64.36530416666666,-134374.8136943681,True
6059,182.91,54.873,182.91,366046.98599999974,39485.36516396521,64.34387083333333,-134307.42995686812,True
6060,190.11,57.033,190.11,366104.01899999974,39428.33216396521,64.33761249999999,-134283.22158603478,True
6061,161.06,48.318,161.06,366152.33699999977,39380.014163965185,64.32237083333334,-134226.0647152015,True
6062,237.54,71.262,237.54,366223.59899999975,39308.7521639652,64.33223333333333,-134259.61336936813,True
6063,194.12,58.236,194.12,366281.83499999973,39250.51616396522,64.30892916666666,-134190.66579853476,True
6064,168.27,50.481,168.27,366332.31599999976,39200.03516396519,64.300825,-134154.98903603482,True
6065,206.61,61.983,206.61,366394.29899999977,39138.052163965185,64.29371666666667,-134133.51425270148,True
6066,166.98,50.094,166.98,366444.39299999975,39087.9581639652,64.26682083333333,-134046.85716103477,True
6067,198.48,59.544,198.48,366503.93699999974,39028.41416396521,64.22524583333333,-133930.17286520146,True
6068,198.0,59.4,198.0,366563.33699999977,38969.014163965185,64.22548333333333,-133925.98696936812,True
6069,185.01,55.50299999999999,185.01,366618.8399999998,38913.51116396516,64.21086249999999,-133877.91982353482,True
6070,192.66,57.798,192.66,366676.6379999998,38855.71316396515,64.19541666666666,-133829.95766936816,True
6071,209.21,62.763,209.21,366739.4009999998,38792.95016396517,64.19407916666667,-133824.9287152015,True
6072,200.53,60.159,200.53,366799.55999999976,38732.79116396519,64.18191666666667,-133788.2008360348,True
6073,179.43,53.829,179.43,366853.3889999998,38678.96216396516,64.14606666666667,-133681.5189693682,True
6074,193.83,58.149,193.83,366911.53799999977,38620.813163965184,64.11745833333333,-133598.67991936815,True
6075,219.78,65.934,219.78,366977.4719999998,38554.879163965175,64.12160416666667,-133611.62802353484,True
6076,167.25,50.175,167.25,367027.64699999976,38504.70416396519,64.081475,-133489.9747360348,True
6077,257.31,77.193,257.31,367104.8399999998,38427.51116396516,64.09228333333333,-133532.08501936815,True
6078,176.15,52.845,176.15,367157.68499999976,38374.66616396519,64.04266249999999,-133387.7546610348,True
6079,188.25,56.475,188.25,367214.15999999974,38318.19116396521,64.0235875,-133329.0469235348,True
6080,214.08,64.224,214.08,367278.3839999997,38253.96716396522,64.01437916666666,-133304.5690027014,True
6081,207.98,62.39399999999999,207.98,367340.7779999997,38191.57316396525,63.999341666666666,-133262.66316103475,True
6082,185.91,55.773,185.91,367396.5509999997,38135.800163965265,64.0003,-133257.0032360347,True
6083,195.13,58.539,195.13,367455.0899999997,38077.261163965275,63.98864583333333,-133220.34373186805,True
6084,212.53,63.759,212.53,367518.8489999997,38013.502163965255,63.96791666666666,-133164.64283603473,True
6085,180.94,54.282,180.94,367573.1309999997,37959.22016396525,63.90911666666666,-132997.6669193681,True
6086,147.49,44.247,147.49,367617.3779999997,37914.973163965275,63.8822125,-132906.06306103474,True
6087,198.3,59.49,198.3,367676.86799999967,37855.483163965284,63.86147916666667,-132846.2506485347,True
6088,164.56,49.368,164.56,367726.2359999997,37806.11516396527,63.8383625,-132769.98943603475,True
6089,184.88,55.464,184.88,367781.69999999966,37750.65116396529,63.828895833333334,-132736.32960686804,True
6090,177.97,53.391,177.97,367835.09099999967,37697.260163965286,63.827179166666674,-132721.30821103475,True
6091,183.16,54.948,183.16,367890.03899999964,37642.31216396531,63.792658333333335,-132620.29292770138,True
6092,202.4,60.72,202.4,367950.7589999996,37581.59216396534,63.7848,-132596.25423603464,True
6093,194.15,58.245,194.15,368009.0039999996,37523.34716396534,63.77924166666667,-132575.89036103466,True
6094,218.07,65.42099999999999,218.07,368074.4249999996,37457.92616396537,63.77402083333333,-132563.6133777013,True
6095,208.65,62.595,208.65,368137.01999999955,37395.3311639654,63.7797875,-132577.8025235346,True
6096,197.21,59.163,197.21,368196.18299999955,37336.1681639654,63.758066666666664,-132515.3214360346,True
6097,232.82,69.84599999999999,232.82,368266.0289999996,37266.32216396538,63.74298333333333,-132481.24245270126,True
6098,194.5,58.35,194.5,368324.37899999955,37207.9721639654,63.73907916666667,-132465.45657770126,True
6099,225.81,67.743,225.81,368392.12199999957,37140.229163965385,63.7496,-132497.4564360346,True
6100,175.99,52.797,175.99,368444.9189999996,37087.432163965364,63.7249375,-132420.90158603466,True
6101,214.79,64.437,214.79,368509.35599999956,37022.99516396539,63.710075,-132382.09426103462,True
6102,169.1,50.73,169.1,368560.08599999954,36972.26516396541,63.68924166666666,-132313.73918603457,True
6103,145.62,43.686,145.62,368603.77199999953,36928.57916396542,63.66675416666666,-132233.9866568679,True
6104,161.75,48.525,161.75,368652.29699999955,36880.0541639654,63.635666666666665,-132136.27650270128,True
6105,179.74,53.922,179.74,368706.2189999996,36826.132163965376,63.63437083333333,-132123.12239853462,True
6106,156.64,46.992,156.64,368753.2109999996,36779.14016396535,63.61157083333333,-132045.96882770132,True
6107,155.71,46.713,155.71,368799.9239999996,36732.42716396536,63.59478333333333,-131984.53301936798,True
6108,159.16,47.748,159.16,368847.6719999996,36684.67916396534,63.56469583333333,-131888.89418603465,True
6109,243.81,73.143,243.81,368920.8149999996,36611.53616396536,63.58593749999999,-131954.7841485346,True
6110,158.3,47.49,158.3,368968.3049999996,36564.046163965366,63.54324166666667,-131825.5442527013,True
6111,191.34,57.402,191.34,369025.7069999996,36506.644163965364,63.511937499999995,-131736.47827353462,True
6112,190.55,57.165,190.55,369082.87199999957,36449.479163965385,63.496087499999994,-131688.16053603461,True
6113,161.78,48.534,161.78,369131.40599999955,36400.9451639654,63.464533333333335,-131589.67456936793,True
6114,220.3,66.09,220.3,369197.4959999996,36334.855163965374,63.47202083333334,-131612.11196103465,True
6115,192.43,57.729,192.43,369255.22499999957,36277.12616396538,63.422983333333335,-131476.6647527013,True
6116,224.52,67.356,224.52,369322.5809999996,36209.77016396535,63.42814583333333,-131494.24741936798,True
6117,209.25,62.775,209.25,369385.3559999996,36146.99516396533,63.432424999999995,-131504.90411103464,True
6118,178.93,53.679,178.93,369439.0349999996,36093.316163965326,63.39644166666666,-131400.082719368,True
6119,171.75,51.525,171.75,369490.55999999965,36041.7911639653,63.38212083333333,-131350.38995686802,True
6120,196.38,58.914,196.38,369549.47399999964,35982.87716396531,63.37355416666666,-131323.30583603468,True
6121,173.65,52.095,173.65,369601.5689999996,35930.78216396534,63.354924999999994,-131262.86491103465,True
6122,159.19,47.757,159.19,369649.3259999996,35883.02516396536,63.31674166666667,-131146.53935270134,True
6123,185.45,55.635,185.45,369704.9609999996,35827.39016396535,63.30844999999999,-131116.99248603464,True
6124,199.0,59.7,199.0,369764.6609999996,35767.69016396534,63.2933125,-131073.48158603467,True
6125,234.6,70.38,234.6,369835.0409999996,35697.31016396533,63.3090875,-131122.13539853465,True
6126,169.09,50.727,169.09,369885.76799999963,35646.58316396532,63.29006249999999,-131059.44146103464,True
6127,173.73,52.11899999999999,173.73,369937.88699999964,35594.46416396531,63.27165416666666,-130999.801256868,True
6128,165.83,49.749,165.83,369987.63599999965,35544.7151639653,63.246575,-130920.2702360347,True
6129,202.28,60.684,202.28,370048.31999999966,35484.031163965294,63.240737499999994,-130902.3491985347,True
6130,167.08,50.124,167.08,370098.44399999967,35433.90716396528,63.19994583333333,-130781.95037770137,True
6131,186.69,56.007,186.69,370154.45099999965,35377.9001639653,63.191383333333334,-130752.24661936803,True
6132,161.35,48.405,161.35,370202.8559999997,35329.49516396527,63.16410416666667,-130665.77058603472,True
6133,221.87,66.56099999999999,221.87,370269.41699999967,35262.934163965285,63.14848333333334,-130628.13155270141,True
6134,207.36,62.208,207.36,370331.62499999965,35200.7261639653,63.140750000000004,-130606.88333603472,True
6135,181.14,54.34199999999999,181.14,370385.96699999965,35146.3841639653,63.119170833333335,-130541.43927353472,True
6136,197.88,59.364,197.88,370445.33099999966,35087.020163965295,63.12120833333333,-130543.03050270135,True
6137,199.16,59.748,199.16,370505.0789999997,35027.272163965274,63.0665875,-130396.38684853472,True
6138,164.53,49.359,164.53,370554.4379999997,34977.91316396528,63.04279583333333,-130320.2975110347,True
6139,172.59,51.777,172.59,370606.2149999997,34926.136163965275,63.0058625,-130212.22944853472,True
6140,166.21,49.863,166.21,370656.0779999997,34876.27316396526,62.955825000000004,-130067.98833603476,True
6141,178.17,53.45099999999999,178.17,370709.5289999997,34822.82216396526,62.94243333333333,-130023.41073603471,True
6142,172.34,51.702,172.34,370761.2309999997,34771.12016396527,62.926700000000004,-129970.98043603473,True
6143,192.88,57.864,192.88,370819.0949999997,34713.25616396527,62.90027500000001,-129896.76351103475,True
6144,188.8,56.64,188.8,370875.7349999997,34656.61616396526,62.887479166666665,-129857.02933603473,True
6145,193.26,57.978,193.26,370933.7129999997,34598.63816396525,62.88818333333333,-129853.96125270141,True
6146,229.98,68.994,229.98,371002.7069999997,34529.64416396525,62.88871249999999,-129861.45031103471,True
6147,163.48,49.044,163.48,371051.7509999997,34480.60016396525,62.86577916666666,-129787.68079853474,True
6148,282.98,84.894,282.98,371136.64499999967,34395.70616396528,62.89394166666666,-129883.26946936804,True
6149,196.92,59.07599999999999,196.92,371195.72099999967,34336.63016396528,62.898608333333335,-129891.63619436807,True
6150,164.12,49.236,164.12,371244.95699999965,34287.394163965306,62.8533875,-129759.94721103468,True
6151,167.2,50.16,167.2,371295.1169999996,34237.23416396533,62.84393333333333,-129722.58790270134,True
6152,182.63,54.789,182.63,371349.9059999996,34182.44516396534,62.824745833333324,-129664.49196936795,True
6153,173.43,52.029,173.43,371401.9349999996,34130.41616396536,62.814608333333325,-129627.26776103463,True
6154,164.55,49.365,164.55,371451.2999999996,34081.05116396537,62.799704166666665,-129574.97789436797,True
6155,156.14,46.84199999999999,156.14,371498.1419999996,34034.209163965366,62.76116666666667,-129458.6300027013,True
6156,162.25,48.675,162.25,371546.8169999996,33985.53416396538,62.74094166666666,-129391.87793603461,True
6157,161.51,48.453,161.51,371595.26999999955,33937.0811639654,62.71550416666667,-129311.37618186793,True
6158,199.1,59.73,199.1,371654.99999999953,33877.35116396542,62.70195833333334,-129273.14441936792,True
6159,171.07,51.321,171.07,371706.32099999953,33826.03016396542,62.687825,-129225.00266103458,True
6160,166.85,50.055,166.85,371756.3759999995,33775.97516396543,62.64979583333333,-129113.49400270122,True
6161,193.34,58.002,193.34,371814.3779999995,33717.97316396545,62.64834166666666,-129105.0668277012,True
6162,182.09,54.627,182.09,371869.0049999995,33663.34616396547,62.63167083333333,-129053.73466103451,True
6163,187.66,56.298,187.66,371925.3029999995,33607.04816396546,62.590362500000005,-128940.12324853454,True
6164,184.85,55.455,184.85,371980.7579999995,33551.593163965445,62.57542916666666,-128894.2209527012,True
6165,222.48,66.744,222.48,372047.5019999995,33484.84916396544,62.58354583333333,-128919.45227353455,True
6166,231.25,69.375,231.25,372116.8769999995,33415.47416396544,62.5749625,-128903.97856103454,True
6167,273.93,82.179,273.93,372199.0559999995,33333.295163965435,62.57227083333333,-128916.60310686787,True
6168,187.02,56.106,187.02,372255.16199999955,33277.189163965406,62.56252083333333,-128884.8648360346,True
6169,156.14,46.84199999999999,156.14,372302.00399999955,33230.3471639654,62.54025833333334,-128811.4621777013,True
6170,185.41,55.623,185.41,372357.6269999996,33174.72416396538,62.51605833333333,-128741.86691936795,True
6171,199.44,59.832,199.44,372417.45899999957,33114.892163965385,62.49702083333333,-128689.89477353462,True
6172,209.77,62.931,209.77,372480.38999999955,33051.9611639654,62.498325,-128693.70393603461,True
6173,192.15,57.645,192.15,372538.03499999957,32994.316163965384,62.4889125,-128664.5004735346,True
6174,200.32,60.096,200.32,372598.1309999996,32934.220163965365,62.48651666666667,-128655.91193603462,True
6175,218.76,65.628,218.76,372663.7589999996,32868.59216396534,62.49636666666667,-128684.515669368,True
6176,214.08,64.224,214.08,372727.9829999996,32804.36816396535,62.50217083333334,-128701.24126936798,True
6177,147.18,44.154,147.18,372772.1369999996,32760.21416396537,62.46663333333333,-128591.09973603461,True
6178,199.9,59.97,199.9,372832.10699999955,32700.2441639654,62.458354166666666,-128567.22629436792,True
6179,176.5,52.95,176.5,372885.05699999956,32647.294163965387,62.4408,-128512.41063603462,True
6180,170.15,51.045,170.15,372936.10199999955,32596.249163965404,62.42050833333334,-128448.66233603461,True
6181,182.48,54.74399999999999,182.48,372990.84599999955,32541.505163965398,62.409395833333335,-128412.32669020127,True
6182,183.19,54.957,183.19,373045.80299999955,32486.548163965403,62.39735,-128373.8201360346,True
6183,180.12,54.036,180.12,373099.83899999957,32432.51216396538,62.391579166666666,-128350.58734853461,True
6184,165.28,49.584,165.28,373149.42299999954,32382.928163965407,62.35816249999999,-128251.69843603458,True
6185,153.89,46.167,153.89,373195.58999999956,32336.76116396539,62.291666666666664,-128064.28050270127,True
6186,172.32,51.696,172.32,373247.28599999956,32285.065163965395,62.274875,-128010.46308603461,True
6187,202.05,60.615,202.05,373307.90099999955,32224.450163965404,62.262674999999994,-127977.41261103458,True
6188,143.66,43.098,143.66,373350.99899999955,32181.352163965406,62.21794166666666,-127843.19380270125,True
6189,197.03,59.109,197.03,373410.10799999954,32122.24316396541,62.19156666666667,-127772.2747360346,True
6190,178.66,53.598,178.66,373463.70599999954,32068.64516396541,62.137258333333335,-127624.10875270126,True
6191,171.47,51.441,171.47,373515.14699999953,32017.20416396542,62.08628333333333,-127482.4577193679,True
6192,219.78,65.934,219.78,373581.08099999954,31951.27016396541,62.0830875,-127478.09853603458,True
6193,171.1,51.33,171.1,373632.41099999956,31899.940163965395,62.061733333333336,-127412.52930270127,True
6194,181.46,54.438,181.46,373686.8489999996,31845.50216396537,62.00573333333333,-127261.20956936796,True
6195,158.18,47.454,158.18,373734.3029999996,31798.048163965344,61.98330833333334,-127189.13771103468,True
6196,187.12,56.136,187.12,373790.4389999996,31741.912163965346,61.93696666666667,-127064.470369368,True
6197,167.49,50.247,167.49,373840.6859999996,31691.665163965372,61.91921666666667,-127007.28715270132,True
6198,169.1,50.73,169.1,373891.41599999956,31640.93516396539,61.9071625,-126965.2151610346,True
6199,184.25,55.275,184.25,373946.6909999996,31585.660163965367,61.867158333333336,-126856.13232770131,True
6200,144.72,43.416,144.72,373990.1069999996,31542.24416396534,61.84933749999999,-126792.05983603463,True
6201,175.72,52.716,175.72,374042.8229999996,31489.528163965326,61.81898749999999,-126705.26084853464,True
6202,158.72,47.616,158.72,374090.4389999996,31441.912163965346,61.79405833333333,-126627.28905270132,True
6203,177.89,53.367,177.89,374143.80599999963,31388.54516396532,61.76034166666666,-126532.64847770132,True
6204,175.03,52.509,175.03,374196.31499999965,31336.0361639653,61.73204583333333,-126451.0729860347,True
6205,170.96,51.288,170.96,374247.60299999965,31284.748163965298,61.72181249999999,-126414.48277353469,True
6206,197.85,59.355,197.85,374306.95799999963,31225.393163965316,61.7021625,-126361.92986103467,True
6207,196.81,59.043,196.81,374366.00099999964,31166.35016396531,61.68575833333333,-126317.39086103468,True
6208,154.62,46.386,154.62,374412.38699999964,31119.964163965313,61.65696666666666,-126228.614769368,True
6209,250.39,75.11699999999999,250.39,374487.50399999967,31044.847163965285,61.66643333333334,-126266.22426936805,True
6210,201.53,60.459,201.53,374547.96299999964,30984.388163965312,61.650949999999995,-126225.53433603467,True
6211,174.06,52.218,174.06,374600.18099999963,30932.17016396532,61.62650416666666,-126153.788956868,True
6212,182.66,54.798,182.66,374654.97899999964,30877.37216396531,61.61097916666667,-126107.40275270137,True
6213,164.19,49.257,164.19,374704.2359999996,30828.115163965325,61.593787500000005,-126051.26159853468,True
6214,205.12,61.536,205.12,374765.77199999965,30766.579163965303,61.584966666666666,-126028.74596936803,True
6215,164.55,49.365,164.55,374815.13699999964,30717.214163965313,61.5660375,-125968.35127353467,True
6216,268.24,80.472,268.24,374895.60899999965,30636.742163965304,61.526737499999996,-125887.2780360347,True
6217,216.64,64.99199999999999,216.64,374960.6009999997,30571.750163965276,61.52487916666666,-125886.01755686803,True
6218,167.48,50.24399999999999,167.48,375010.8449999997,30521.50616396527,61.50003333333334,-125811.57856936808,True
6219,204.51,61.353,204.51,375072.1979999997,30460.153163965268,61.472075000000004,-125740.38941103473,True
6220,173.86,52.158,173.86,375124.3559999997,30407.99516396527,61.42704583333333,-125616.7012527014,True
6221,200.0,60.0,200.0,375184.3559999997,30347.99516396527,61.41010000000001,-125572.24873603476,True
6222,202.5,60.75,202.5,375245.1059999997,30287.24516396527,61.414458333333336,-125582.65008603473,True
6223,270.14,81.04199999999999,270.14,375326.1479999997,30206.203163965256,61.44533333333333,-125680.6075027014,True
6224,203.5,61.05,203.5,375387.1979999997,30145.153163965268,61.427725,-125635.55743603475,True
6225,148.84,44.652,148.84,375431.8499999997,30100.501163965266,61.4054125,-125562.21952353473,True
6226,154.81,46.443,154.81,375478.2929999997,30054.058163965237,61.38780416666666,-125502.63759436808,True
6227,167.95,50.385,167.95,375528.6779999997,30003.673163965228,61.35188333333333,-125400.64731936812,True
6228,266.9,80.07,266.9,375608.74799999973,29923.60316396522,61.38046666666667,-125491.7384360348,True
6229,159.39,47.81699999999999,159.39,375656.5649999997,29875.78616396524,61.33648749999999,-125366.86369853473,True
6230,188.79,56.63699999999999,188.79,375713.2019999997,29819.149163965252,61.33170833333334,-125350.0729193681,True
6231,191.56,57.468,191.56,375770.6699999997,29761.68116396526,61.30971666666667,-125290.59228603475,True
6232,196.6,58.98,196.6,375829.6499999997,29702.701163965277,61.302695833333345,-125270.51390270141,True
6233,166.34,49.902,166.34,375879.5519999997,29652.799163965276,61.27455416666666,-125187.99921520139,True
6234,170.12,51.036,170.12,375930.5879999997,29601.763163965254,61.225,-125052.58683603475,True
6235,177.56,53.268,177.56,375983.8559999997,29548.49516396527,61.213525,-125015.65546103471,True
6236,239.44,71.832,239.44,376055.6879999997,29476.663163965277,61.22420416666666,-125053.22815270137,True
6237,154.35,46.305,154.35,376101.99299999967,29430.358163965284,61.18461666666666,-124938.42968603471,True
6238,178.65,53.595,178.65,376155.58799999964,29376.763163965312,61.17079583333333,-124895.98392770134,True
6239,177.98,53.394,177.98,376208.9819999996,29323.36916396534,61.15239583333333,-124841.82073186798,True
6240,222.25,66.675,222.25,376275.6569999996,29256.694163965352,61.16075,-124868.39583603464,True
6241,192.23,57.669,192.23,376333.3259999996,29199.025163965358,61.14267916666667,-124819.38365686798,True
6242,207.99,62.397,207.99,376395.7229999996,29136.62816396536,61.1211875,-124766.52196103462,True
6243,174.09,52.227,174.09,376447.9499999996,29084.401163965347,61.0892875,-124677.33547353465,True
6244,175.3,52.59,175.3,376500.53999999963,29031.81116396532,61.03710416666667,-124537.54291936802,True
6245,188.13,56.439,188.13,376556.97899999964,28975.37216396531,61.013891666666666,-124474.56537770136,True
6246,177.91,53.373,177.91,376610.35199999966,28921.999163965287,61.00696666666667,-124449.51503603472,True
6247,196.37,58.911,196.37,376669.2629999997,28863.088163965265,61.001041666666666,-124432.52954436807,True
6248,146.97,44.091,146.97,376713.3539999997,28818.99716396525,60.97730416666666,-124355.9909027014,True
6249,174.51,52.353,174.51,376765.7069999997,28766.644163965248,60.95805833333333,-124299.04031103474,True
6250,201.92,60.57599999999999,201.92,376826.2829999997,28706.068163965247,60.95913333333333,-124301.35650270141,True
6251,177.98,53.394,177.98,376879.6769999997,28652.674163965276,60.932975,-124228.16011103473,True
6252,203.07,60.92099999999999,203.07,376940.59799999965,28591.753163965303,60.929275000000004,-124218.86853603472,True
6253,159.58,47.874,159.58,376988.47199999966,28543.87916396529,60.89214166666666,-124112.71999436803,True
6254,154.51,46.353,154.51,377034.82499999966,28497.52616396529,60.860699999999994,-124019.38803603471,True
6255,171.69,51.507,171.69,377086.33199999965,28446.019163965306,60.831424999999996,-123936.70046103469,True
6256,177.18,53.154,177.18,377139.4859999996,28392.865163965325,60.823025,-123907.98943603467,True
6257,190.96,57.288,190.96,377196.7739999996,28335.577163965325,60.757145833333325,-123739.55885686798,True
6258,192.69,57.807,192.69,377254.5809999996,28277.770163965353,60.7203625,-123644.57681103464,True
6259,181.6,54.48,181.6,377309.0609999996,28223.290163965372,60.66547499999999,-123501.06281103459,True
6260,194.64,58.392,194.64,377367.4529999996,28164.89816396538,60.64110833333334,-123437.87266936796,True
6261,166.51,49.953,166.51,377417.40599999955,28114.9451639654,60.62939583333333,-123397.91502353459,True
6262,227.43,68.229,227.43,377485.63499999954,28046.716163965408,60.64180833333333,-123436.52105270125,True
6263,186.44,55.932,186.44,377541.5669999995,27990.784163965436,60.620783333333335,-123379.3118193679,True
6264,243.5,73.05,243.5,377614.6169999995,27917.734163965448,60.636787500000004,-123431.68743603455,True
6265,197.59,59.277,197.59,377673.8939999995,27858.457163965446,60.60419166666667,-123349.0010443679,True
6266,184.16,55.248,184.16,377729.1419999995,27803.209163965425,60.596500000000006,-123324.46183603458,True
6267,159.44,47.832,159.44,377776.9739999995,27755.37716396543,60.56597499999999,-123235.59851103454,True
6268,169.16,50.748,169.16,377827.72199999954,27704.62916396541,60.53259583333333,-123142.59965270126,True
6269,151.46,45.438,151.46,377873.15999999957,27659.191163965384,60.4947125,-123033.1376735346,True
6270,192.57,57.771,192.57,377930.9309999996,27601.420163965377,60.48300833333333,-123001.2705860346,True
6271,221.23,66.369,221.23,377997.2999999996,27535.05116396537,60.48544166666666,-123013.21314436794,True
6272,196.58,58.974,196.58,378056.27399999957,27476.077163965383,60.488375,-123018.9998360346,True
6273,141.01,42.303,141.01,378098.5769999996,27433.77416396537,60.461149999999996,-122933.10588603461,True
6274,182.21,54.663,182.21,378153.2399999996,27379.111163965368,60.44709166666667,-122892.35871936797,True
6275,172.43,51.729,172.43,378204.9689999996,27327.382163965376,60.41955,-122815.19958603464,True
6276,201.73,60.51899999999999,201.73,378265.48799999955,27266.863163965405,60.39499583333333,-122754.30648603459,True
6277,151.06,45.318,151.06,378310.8059999996,27221.545163965377,60.37134166666666,-122680.49619436794,True
6278,167.08,50.124,167.08,378360.9299999996,27171.421163965366,60.339504166666664,-122591.2281777013,True
6279,238.52,71.556,238.52,378432.48599999957,27099.865163965384,60.36407916666666,-122663.41524853461,True
6280,149.22,44.766,149.22,378477.2519999996,27055.09916396538,60.344125000000005,-122598.33083603464,True
6281,168.53,50.559,168.53,378527.8109999996,27004.540163965372,60.33456666666667,-122564.8506027013,True
6282,155.64,46.69199999999999,155.64,378574.50299999956,26957.84816396539,60.30727916666667,-122483.58961103461,True
6283,167.21,50.163,167.21,378624.66599999956,26907.68516396539,60.25254583333333,-122337.87086520126,True
6284,192.62,57.786,192.62,378682.4519999996,26849.89916396537,60.23265416666666,-122286.1525527013,True
6285,176.64,52.992,176.64,378735.4439999996,26796.90716396534,60.229049999999994,-122269.99158603465,True
6286,190.21,57.063,190.21,378792.50699999963,26739.844163965317,60.209475,-122218.39698603467,True
6287,237.68,71.304,237.68,378863.81099999964,26668.540163965314,60.216245833333325,-122246.23578186799,True
6288,163.84,49.152,163.84,378912.96299999964,26619.388163965312,60.184325,-122156.26323603469,True
6289,190.55,57.165,190.55,378970.1279999996,26562.223163965333,60.16100416666666,-122095.61813186799,True
6290,191.99,57.597,191.99,379027.7249999996,26504.626163965324,60.16777916666667,-122109.78837770136,True
6291,192.44,57.732,192.44,379085.45699999965,26446.894163965306,60.154062499999995,-122073.48614853469,True
6292,159.47,47.841,159.47,379133.29799999966,26399.05316396529,60.124395833333324,-121987.95575270135,True
6293,154.82,46.446,154.82,379179.74399999966,26352.607163965295,60.09758333333333,-121908.13091936804,True
6294,169.29,50.787,169.29,379230.53099999967,26301.820163965283,60.09045,-121881.22953603472,True
6295,175.78,52.734,175.78,379283.26499999966,26249.086163965287,60.082454166666665,-121854.16335686806,True
6296,192.31,57.693,192.31,379340.9579999997,26191.39316396526,60.05542500000001,-121785.17403603476,True
6297,168.74,50.622,168.74,379391.57999999967,26140.771163965284,60.03663749999999,-121729.46699853468,True
6298,166.67,50.001,166.67,379441.58099999966,26090.770163965295,60.0249875,-121690.7490610347,True
6299,162.27,48.681,162.27,379490.26199999964,26042.089163965313,60.0167875,-121659.2248735347,True
6300,157.44,47.232,157.44,379537.49399999966,25994.857163965295,59.9721625,-121536.66258603471,True
6301,188.35,56.505,188.35,379593.99899999966,25938.35216396529,59.95337083333333,-121486.98671520138,True
6302,194.47,58.341,194.47,379652.3399999997,25880.011163965275,59.95979583333333,-121501.16699436805,True
6303,225.25,67.575,225.25,379719.9149999997,25812.436163965263,59.972375,-121539.68921103474,True
6304,168.14,50.44199999999999,168.14,379770.35699999967,25761.994163965282,59.961124999999996,-121502.5288360347,True
6305,139.08,41.724,139.08,379812.08099999966,25720.270163965295,59.91546666666667,-121372.20050270137,True
6306,201.54,60.462,201.54,379872.54299999966,25659.808163965296,59.910758333333334,-121361.19278603469,True
6307,146.6,43.98,146.6,379916.52299999964,25615.828163965314,59.8955625,-121307.98664853469,True
6308,181.95,54.585,181.95,379971.10799999966,25561.243163965293,59.88484583333333,-121276.39881936804,True
6309,196.28,58.884,196.28,380029.9919999997,25502.359163965273,59.86753333333333,-121232.9650360347,True
6310,196.88,59.06399999999999,196.88,380089.0559999997,25443.29516396526,59.8570375,-121206.44671103475,True
6311,171.48,51.444,171.48,380140.4999999997,25391.851163965242,59.81740416666667,-121100.97164020143,True
6312,177.83,53.349,177.83,380193.8489999997,25338.502163965255,59.79987083333333,-121051.58163603474,True
6313,194.19,58.257,194.19,380252.1059999997,25280.24516396527,59.78818750000001,-121021.44964853473,True
6314,138.27,41.481,138.27,380293.5869999997,25238.764163965243,59.70381666666667,-120796.77140270142,True
6315,176.65,52.995,176.65,380346.5819999997,25185.769163965248,59.67532083333332,-120720.39027353472,True
6316,151.01,45.303,151.01,380391.8849999997,25140.466163965233,59.65114166666665,-120646.92406936808,True
6317,162.99,48.897,162.99,380440.7819999997,25091.569163965236,59.63500833333333,-120596.75619436809,True
6318,188.37,56.511,188.37,380497.2929999997,25035.058163965237,59.62412916666666,-120567.06526103476,True
6319,141.45,42.435,141.45,380539.7279999997,24992.62316396524,59.59462499999999,-120477.85646103474,True
6320,196.65,58.995,196.65,380598.7229999997,24933.628163965244,59.593129166666664,-120473.6070027014,True
6321,184.22,55.266,184.22,380653.9889999997,24878.36216396524,59.58487083333334,-120449.13779853476,True
6322,181.32,54.396,181.32,380708.3849999997,24823.966163965233,59.55749583333333,-120377.20867770142,True
6323,150.63,45.189,150.63,380753.57399999973,24778.77716396522,59.54095,-120322.5179860348,True
6324,209.03,62.709,209.03,380816.2829999997,24716.068163965247,59.53834583333333,-120319.34228603475,True
6325,128.23,38.469,128.23,380854.7519999997,24677.599163965264,59.509525000000004,-120228.09421103474,True
6326,166.16,49.848,166.16,380904.5999999997,24627.751163965266,59.49950416666666,-120194.04197770139,True
6327,161.61,48.483,161.61,380953.0829999997,24579.26816396526,59.480558333333335,-120136.93026103475,True
6328,161.37,48.411,161.37,381001.4939999997,24530.857163965236,59.4723625,-120105.92843603477,True
6329,212.7,63.81,212.7,381065.3039999997,24467.04716396524,59.467999999999996,-120099.66083603475,True
6330,142.86,42.858,142.86,381108.1619999997,24424.18916396523,59.437062499999996,-120007.87271103475,True
6331,205.07,61.521,205.07,381169.6829999997,24362.668163965223,59.437958333333334,-120012.13262770145,True
6332,201.8,60.54,201.8,381230.2229999997,24302.128163965244,59.4336875,-120002.86508603476,True
6333,188.47,56.541,188.47,381286.76399999973,24245.587163965218,59.41109583333333,-119945.14242353477,True
6334,194.99,58.497,194.99,381345.2609999997,24187.090163965244,59.40212916666667,-119922.4751943681,True
6335,207.39,62.21699999999999,207.39,381407.4779999997,24124.87316396524,59.35729166666667,-119816.55912770142,True
6336,163.38,49.014,163.38,381456.49199999974,24075.859163965215,59.33557083333333,-119753.56453603477,True
6337,188.14,56.44199999999999,188.14,381512.9339999997,24019.417163965234,59.32147916666667,-119716.52685686812,True
6338,170.77,51.231,170.77,381564.16499999975,23968.186163965205,59.30147083333333,-119659.97619436812,True
6339,216.71,65.013,216.71,381629.1779999997,23903.173163965228,59.316591666666675,-119702.2952610348,True
6340,185.08,55.524,185.08,381684.7019999997,23847.649163965252,59.31392916666667,-119692.05941936807,True
6341,228.31,68.493,228.31,381753.1949999997,23779.156163965235,59.32249166666667,-119721.95117770144,True
6342,174.3,52.29,174.3,381805.4849999997,23726.866163965256,59.265037500000005,-119575.99451103475,True
6343,179.51,53.853,179.51,381859.3379999997,23673.013163965254,59.230491666666666,-119487.08519436809,True
6344,163.76,49.12799999999999,163.76,381908.4659999997,23623.885163965228,59.21362500000001,-119436.23283603479,True
6345,158.12,47.436,158.12,381955.9019999997,23576.44916396524,59.208825,-119412.86321103474,True
6346,159.09,47.727,159.09,382003.6289999997,23528.722163965227,59.18765,-119350.26493603477,True
6347,161.69,48.507,161.69,382052.1359999997,23480.215163965244,59.1619875,-119277.66067353476,True
6348,219.29,65.78699999999999,219.29,382117.9229999997,23414.428163965233,59.16678333333333,-119295.85323603475,True
6349,167.05,50.115,167.05,382168.0379999997,23364.313163965242,59.15559166666667,-119259.8183443681,True
6350,168.45,50.535,168.45,382218.5729999997,23313.778163965268,59.13835,-119209.64533603474,True
6351,182.13,54.639,182.13,382273.2119999997,23259.139163965243,59.130766666666666,-119186.87773603474,True
6352,154.98,46.49399999999999,154.98,382319.7059999997,23212.645163965237,59.10999166666667,-119124.21476936812,True
6353,158.96,47.688,158.96,382367.39399999974,23164.957163965213,59.08883333333333,-119061.86466936811,True
6354,162.16,48.648,162.16,382416.0419999997,23116.309163965227,59.057925000000004,-118977.0583860348,True
6355,191.3,57.39,191.3,382473.43199999974,23058.919163965213,59.029079166666676,-118906.01623186815,True
6356,147.78,44.334,147.78,382517.7659999997,23014.58516396524,59.006412499999996,-118836.83048603474,True
6357,145.59,43.677,145.59,382561.44299999974,22970.908163965214,58.972145833333336,-118739.15827353479,True
6358,155.56,46.668,155.56,382608.11099999974,22924.24016396521,58.939995833333334,-118649.62982770146,True
6359,213.44,64.032,213.44,382672.14299999975,22860.208163965202,58.9313,-118633.84313603479,True
6360,167.04,50.112,167.04,382722.2549999998,22810.09616396518,58.88888333333333,-118523.22383603483,True
6361,182.24,54.672,182.24,382776.9269999998,22755.42416396516,58.86339999999999,-118457.87243603481,True
6362,180.91,54.273,180.91,382831.1999999998,22701.151163965173,58.86185833333333,-118449.58511936816,True
6363,170.28,51.084,170.28,382882.28399999975,22650.0671639652,58.855045833333335,-118425.47769853481,True
6364,257.12,77.136,257.12,382959.41999999975,22572.9311639652,58.87489583333334,-118491.31925270148,True
6365,155.19,46.557,155.19,383005.9769999997,22526.37416396523,58.85650416666666,-118434.95331520142,True
6366,162.47,48.741,162.47,383054.7179999997,22477.63316396525,58.83202916666667,-118366.24466103475,True
6367,165.69,49.707,165.69,383104.4249999997,22427.926163965254,58.81223333333333,-118309.74820270142,True
6368,175.69,52.707,175.69,383157.1319999997,22375.21916396526,58.78365833333333,-118235.29156936807,True
6369,132.95,39.885,132.95,383197.0169999997,22335.33416396525,58.76219583333334,-118165.07607353476,True
6370,154.93,46.479,154.93,383243.4959999997,22288.855163965258,58.737808333333334,-118094.50675270142,True
6371,135.15,40.545,135.15,383284.0409999997,22248.310163965274,58.7084125,-118006.08729853472,True
6372,159.48,47.844,159.48,383331.88499999966,22200.46616396529,58.691354166666656,-117954.4875860347,True
6373,181.22,54.366,181.22,383386.25099999964,22146.10016396531,58.692695833333325,-117953.36479020133,True
6374,148.3,44.49,148.3,383430.74099999963,22101.61016396532,58.663824999999996,-117870.27628603467,True
6375,144.32,43.296,144.32,383474.0369999996,22058.314163965348,58.62597916666666,-117764.64614853464,True
6376,177.96,53.388,177.96,383527.4249999996,22004.92616396537,58.54685833333333,-117570.78410270129,True
6377,156.54,46.962,156.54,383574.3869999996,21957.96416396537,58.51985416666666,-117494.84831520129,True
6378,192.43,57.729,192.43,383632.1159999996,21900.23516396538,58.50104166666666,-117449.2460860346,True
6379,156.34,46.902,156.34,383679.0179999996,21853.333163965377,58.485391666666665,-117400.38439436795,True
6380,199.17,59.75099999999999,199.17,383738.76899999956,21793.582163965388,58.46480416666667,-117352.65175270129,True
6381,218.17,65.451,218.17,383804.21999999956,21728.131163965387,58.477450000000005,-117389.72238603461,True
6382,171.68,51.504,171.68,383855.7239999996,21676.62716396537,58.435312499999995,-117282.54596103463,True
6383,171.51,51.453,171.51,383907.17699999956,21625.174163965392,58.41424166666667,-117225.47827770127,True
6384,203.68,61.104,203.68,383968.28099999955,21564.0701639654,58.41889583333333,-117239.2263360346,True
6385,173.22,51.966,173.22,384020.24699999957,21512.104163965385,58.402474999999995,-117193.7739610346,True
6386,146.72,44.016,146.72,384064.26299999957,21468.08816396538,58.36184166666666,-117082.92395270127,True
6387,224.44,67.332,224.44,384131.59499999956,21400.756163965387,58.367583333333336,-117105.51908603462,True
6388,162.87,48.861,162.87,384180.45599999954,21351.89516396541,58.342883333333326,-117037.42410270125,True
6389,167.96,50.388,167.96,384230.8439999995,21301.507163965434,58.3177875,-116969.96699853457,True
6390,194.36,58.308,194.36,384289.15199999954,21243.199163965415,58.30845833333333,-116947.84708603457,True
6391,210.57,63.17099999999999,210.57,384352.3229999995,21180.028163965442,58.296324999999996,-116923.96576103455,True
6392,162.56,48.768,162.56,384401.0909999995,21131.26016396546,58.28459166666667,-116886.65290270123,True
6393,160.4,48.12,160.4,384449.2109999995,21083.140163965465,58.275150000000004,-116854.13988603454,True
6394,141.88,42.564,141.88,384491.7749999995,21040.576163965452,58.248683333333325,-116775.8086027012,True
6395,156.19,46.857,156.19,384538.6319999995,20993.719163965434,58.226483333333334,-116711.91391936791,True
6396,200.0,60.0,200.0,384598.6319999995,20933.719163965434,58.224312499999996,-116708.55558603455,True
6397,173.74,52.122,173.74,384650.7539999995,20881.59716396546,58.211091666666675,-116671.2124443679,True
6398,172.25,51.675,172.25,384702.4289999995,20829.92216396547,58.2104,-116663.04263603452,True
6399,175.46,52.638,175.46,384755.06699999946,20777.284163965494,58.197579166666664,-116627.2002485345,True
6400,159.11,47.733,159.11,384802.79999999946,20729.551163965487,58.1855,-116588.22883603451,True
6401,208.24,62.472,208.24,384865.2719999995,20667.079163965478,58.20122916666667,-116629.6204402012,True
6402,177.85,53.355,177.85,384918.62699999945,20613.724163965497,58.18665,-116590.3965360345,True
6403,179.91,53.973,179.91,384972.59999999945,20559.7511639655,58.1833625,-116578.4342485345,True
6404,171.42,51.426,171.42,385024.02599999943,20508.32516396552,58.177025,-116556.74573603447,True
6405,149.49,44.847,149.49,385068.87299999944,20463.478163965512,58.1380375,-116451.60014853449,True
6406,198.95,59.685,198.95,385128.55799999944,20403.793163965514,58.143474999999995,-116465.94698603448,True
6407,161.23,48.36899999999999,161.23,385176.92699999944,20355.42416396551,58.11647083333333,-116392.63170686783,True
6408,224.49,67.347,224.49,385244.27399999945,20288.0771639655,58.126708333333326,-116425.94083603448,True
6409,165.63,49.689,165.63,385293.96299999946,20238.388163965486,58.100808333333326,-116356.61222770117,True
6410,144.97,43.491,144.97,385337.45399999944,20194.897163965506,58.070433333333334,-116270.62116936783,True
6411,223.52,67.056,223.52,385404.5099999994,20127.841163965524,58.06980833333333,-116278.13861103446,True
6412,201.62,60.486,201.62,385464.9959999994,20067.35516396555,58.05807916666667,-116253.01471936781,True
6413,179.09,53.727,179.09,385518.7229999994,20013.628163965535,58.048049999999996,-116225.14518603447,True
6414,229.05,68.715,229.05,385587.43799999944,19944.91316396551,58.067341666666664,-116281.0703860345,True
6415,170.79,51.237,170.79,385638.67499999946,19893.676163965487,58.056804166666666,-116249.52960686784,True
6416,144.06,43.218,144.06,385681.89299999946,19850.458163965493,58.03926666666666,-116193.58290270116,True
6417,162.73,48.819,162.73,385730.7119999995,19801.639163965476,58.0175375,-116133.45119853455,True
6418,157.54,47.26199999999999,157.54,385777.97399999946,19754.377163965488,58.00109583333333,-116084.18927770117,True
6419,142.87,42.861,142.87,385820.83499999944,19711.516163965513,57.96788333333334,-115991.29871936783,True
6420,147.54,44.26199999999999,147.54,385865.0969999994,19667.254163965525,57.92555833333333,-115878.55233603445,True
6421,146.28,43.884,146.28,385908.98099999945,19623.370163965505,57.90367916666666,-115813.33540686782,True
6422,161.17,48.35099999999999,161.17,385957.3319999995,19575.01916396548,57.891,-115774.13883603452,True
6423,157.32,47.196,157.32,386004.52799999947,19527.823163965484,57.88175416666666,-115741.83632353449,True
6424,146.53,43.959,146.53,386048.48699999944,19483.86416396551,57.853412500000005,-115661.70743603451,True
6425,139.93,41.979,139.93,386090.46599999943,19441.88516396552,57.8346625,-115602.05177353448,True
6426,150.39,45.117,150.39,386135.58299999946,19396.76816396549,57.79205416666667,-115489.8862610345,True
6427,165.58,49.674,165.58,386185.25699999946,19347.094163965492,57.77432499999999,-115440.40606103447,True
6428,172.86,51.858,172.86,386237.11499999947,19295.236163965485,57.747545833333334,-115372.04071936785,True
6429,196.77,59.031,196.77,386296.1459999995,19236.205163965467,57.74904166666667,-115376.81096103453,True
6430,171.03,51.309,171.03,386347.4549999995,19184.89616396546,57.72643333333333,-115317.69350270121,True
6431,153.36,46.008,153.36,386393.46299999946,19138.888163965486,57.67239166666666,-115180.11202770117,True
6432,168.3,50.49,168.3,386443.95299999946,19088.398163965496,57.649104166666675,-115118.71633603453,True
6433,210.16,63.048,210.16,386507.00099999947,19025.350163965486,57.64917499999999,-115124.28006103449,True
6434,194.18,58.254,194.18,386565.2549999995,18967.09616396547,57.62870833333333,-115077.27941936784,True
6435,180.4,54.12,180.4,386619.3749999995,18912.976163965475,57.61812916666667,-115049.17414853454,True
6436,158.7,47.60999999999999,158.7,386666.98499999946,18865.36616396549,57.602879166666675,-115003.72501936788,True
6437,171.29,51.38699999999999,171.29,386718.37199999945,18813.9791639655,57.59011666666667,-114967.86185270117,True
6438,148.94,44.682,148.94,386763.0539999994,18769.29716396553,57.547287499999996,-114855.50441103446,True
6439,168.54,50.562,168.54,386813.6159999994,18718.735163965554,57.534099999999995,-114817.91093603443,True
6440,168.41,50.523,168.41,386864.1389999994,18668.212163965567,57.50529583333333,-114744.07416936776,True
6441,171.65,51.495,171.65,386915.6339999994,18616.71716396557,57.4984375,-114722.15939853442,True
6442,147.79,44.337,147.79,386959.9709999994,18572.380163965572,57.4676,-114637.51663603442,True
6443,198.38,59.514,198.38,387019.4849999994,18512.866163965547,57.481775000000006,-114672.40651103447,True
6444,147.28,44.184,147.28,387063.6689999994,18468.68216396554,57.462174999999995,-114613.71513603444,True
6445,157.15,47.145,157.15,387110.81399999943,18421.53716396552,57.447612500000005,-114569.6857735345,True
6446,150.93,45.279,150.93,387156.0929999994,18376.25816396554,57.39644166666667,-114439.10785270113,True
6447,155.02,46.506,155.02,387202.5989999994,18329.752163965546,57.381829166666655,-114394.41869853443,True
6448,163.76,49.12799999999999,163.76,387251.72699999943,18280.62416396552,57.360625,-114337.14083603446,True
6449,170.54,51.162,170.54,387302.88899999944,18229.46216396551,57.33369999999999,-114268.71853603449,True
6450,218.42,65.526,218.42,387368.41499999946,18163.936163965496,57.339108333333336,-114289.40408603451,True
6451,150.27,45.081,150.27,387413.49599999946,18118.85516396549,57.296704166666665,-114179.23475686784,True
6452,209.88,62.964,209.88,387476.45999999944,18055.891163965513,57.2838125,-114155.14808603449,True
6453,198.54,59.562,198.54,387536.0219999994,17996.329163965536,57.27676666666666,-114141.17153603444,True
6454,172.61,51.783,172.61,387587.8049999994,17944.54616396554,57.255358333333334,-114086.31015270113,True
6455,178.13,53.439,178.13,387641.2439999994,17891.107163965527,57.2456625,-114060.14489853449,True
6456,190.9,57.27,190.9,387698.51399999944,17833.83716396551,57.246495833333334,-114062.08923603449,True
6457,187.87,56.361,187.87,387754.8749999994,17777.476163965533,57.239737500000004,-114045.63929853449,True
6458,155.9,46.77,155.9,387801.64499999944,17730.706163965515,57.2148625,-113977.90731103448,True
6459,191.94,57.582,191.94,387859.22699999943,17673.12416396552,57.19985416666666,-113943.74027353447,True
6460,143.13,42.939,143.13,387902.16599999944,17630.185163965507,57.18535,-113896.11983603449,True
6461,161.94,48.582,161.94,387950.74799999944,17581.603163965512,57.1789875,-113872.88909853448,True
6462,151.99,45.597,151.99,387996.34499999945,17536.006163965503,57.151920833333335,-113799.10791103449,True
6463,169.98,50.99399999999999,169.98,388047.33899999945,17485.012163965497,57.13782916666667,-113760.58143186785,True
6464,147.56,44.268,147.56,388091.60699999944,17440.744163965515,57.116366666666664,-113698.43370270115,True
6465,156.93,47.079,156.93,388138.68599999946,17393.66516396549,57.09477083333332,-113638.83389853449,True
6466,223.38,67.014,223.38,388205.6999999995,17326.651163965464,57.1048375,-113671.84606103454,True
6467,140.95,42.285,140.95,388247.98499999946,17284.36616396549,57.078562500000004,-113596.77764853452,True
6468,127.65,38.295,127.65,388286.27999999945,17246.071163965506,57.041783333333335,-113493.69623603449,True
6469,132.61,39.783,132.61,388326.06299999944,17206.28816396551,57.0088875,-113401.07309853449,True
6470,154.56,46.368,154.56,388372.43099999946,17159.920163965493,56.99594166666667,-113360.78625270117,True
6471,138.99,41.697,138.99,388414.12799999944,17118.223163965507,56.95847083333334,-113259.7165735345,True
6472,163.06,48.918,163.06,388463.04599999945,17069.305163965502,56.9524,-113237.7860360345,True
6473,201.17,60.35099999999999,201.17,388523.3969999995,17008.954163965478,56.9556875,-113248.70314853454,True
6474,159.45,47.835,159.45,388571.2319999995,16961.119163965457,56.942391666666666,-113209.18818603455,True
6475,169.62,50.886,169.62,388622.1179999995,16910.23316396546,56.8941125,-113092.81389853454,True
6476,151.73,45.519,151.73,388667.63699999946,16864.714163965487,56.86507083333333,-113015.10761936783,True
6477,173.18,51.954,173.18,388719.5909999995,16812.76016396546,56.85597500000001,-112989.43076103456,True
6478,186.95,56.085,186.95,388775.6759999995,16756.67516396544,56.81473750000001,-112894.55581103457,True
6479,179.64,53.892,179.64,388829.5679999995,16702.783163965447,56.741795833333335,-112725.2531318679,True
6480,209.02,62.706,209.02,388892.2739999995,16640.07716396544,56.740066666666664,-112727.27483603456,True
6481,196.48,58.944,196.48,388951.2179999995,16581.133163965424,56.7439875,-112738.41434853458,True
6482,182.64,54.792,182.64,389006.00999999954,16526.341163965408,56.710133333333324,-112659.3425693679,True
6483,155.63,46.689,155.63,389052.69899999956,16479.652163965395,56.69359166666666,-112611.65606103459,True
6484,157.46,47.238,157.46,389099.93699999957,16432.414163965383,56.664674999999995,-112536.3861360346,True
6485,176.43,52.929,176.43,389152.8659999996,16379.485163965379,56.65595416666666,-112512.81056520127,True
6486,144.96,43.488,144.96,389196.3539999996,16335.997163965367,56.61385,-112403.89773603463,True
6487,164.47,49.341,164.47,389245.6949999996,16286.656163965352,56.60133750000001,-112368.18397353466,True
6488,178.34,53.502,178.34,389299.1969999996,16233.154163965373,56.59643750000001,-112353.95183603464,True
6489,157.57,47.271,157.57,389346.4679999996,16185.883163965365,56.58551250000001,-112319.81572353464,True
6490,138.49,41.547,138.49,389388.0149999996,16144.336163965345,56.55990416666667,-112246.646294368,True
6491,161.9,48.57,161.9,389436.5849999996,16095.766163965338,56.54627916666667,-112207.74126520134,True
6492,147.91,44.373,147.91,389480.95799999963,16051.393163965316,56.525641666666665,-112148.76213603468,True
6493,155.92,46.776,155.92,389527.73399999965,16004.617163965304,56.507354166666666,-112097.55473186803,True
6494,169.85,50.955,169.85,389578.68899999966,15953.662163965288,56.50199583333333,-112079.86039436805,True
6495,194.41,58.32299999999999,194.41,389637.01199999964,15895.339163965313,56.510216666666665,-112100.30158603468,True
6496,165.28,49.584,165.28,389686.5959999996,15845.75516396534,56.49754166666666,-112064.67916936798,True
6497,149.16,44.748,149.16,389731.34399999963,15801.007163965318,56.463408333333334,-111975.68589436801,True
6498,155.21,46.563,155.21,389777.90699999966,15754.444163965294,56.423612500000004,-111875.76731103471,True
6499,147.35,44.205,147.35,389822.1119999997,15710.239163965278,56.40312083333334,-111817.2170402014,True
6500,154.9,46.47,154.9,389868.58199999965,15663.769163965306,56.36604583333333,-111723.49441936803,True
6501,191.78,57.534,191.78,389926.11599999963,15606.23516396532,56.350904166666666,-111690.45734853468,True
6502,136.82,41.046,136.82,389967.1619999996,15565.189163965348,56.3260625,-111619.05996103465,True
6503,161.28,48.384,161.28,390015.5459999996,15516.805163965328,56.31062083333333,-111576.266056868,True
6504,152.73,45.819,152.73,390061.36499999964,15470.98616396531,56.294291666666666,-111528.9358360347,True
6505,182.27,54.681,182.27,390116.0459999996,15416.305163965328,56.300270833333336,-111540.80556520134,True
6506,212.55,63.765,212.55,390179.81099999964,15352.540163965314,56.314229166666664,-111579.73237770135,True
6507,154.52,46.356,154.52,390226.16699999967,15306.184163965285,56.28313333333333,-111499.71523603471,True
6508,152.26,45.678,152.26,390271.8449999997,15260.50616396527,56.270983333333334,-111461.7483027014,True
6509,162.08,48.624,162.08,390320.4689999997,15211.88216396526,56.26387916666667,-111438.10984020142,True
6510,209.16,62.748,209.16,390383.2169999997,15149.134163965238,56.27419583333332,-111467.80646103474,True
6511,150.52,45.156,150.52,390428.37299999973,15103.978163965221,56.259283333333336,-111423.15005270146,True
6512,150.94,45.282,150.94,390473.65499999974,15058.696163965215,56.247595833333335,-111385.89926936812,True
6513,169.31,50.793,169.31,390524.44799999974,15007.90316396521,56.240495833333334,-111364.49097353479,True
6514,170.66,51.198,170.66,390575.6459999997,14956.705163965235,56.234975,-111347.04868603476,True
6515,173.5,52.05,173.5,390627.6959999997,14904.655163965246,56.23537916666666,-111343.7710652014,True
6516,187.98,56.394,187.98,390684.0899999997,14848.261163965275,56.24298333333333,-111360.99343603471,True
6517,186.4,55.92,186.4,390740.00999999966,14792.341163965291,56.23346249999999,-111339.31522353468,True
6518,142.29,42.687,142.29,390782.69699999964,14749.654163965315,56.2098875,-111272.91361103469,True
6519,141.71,42.513,141.71,390825.2099999996,14707.141163965338,56.19087916666666,-111216.61904853465,True
6520,173.46,52.038,173.46,390877.2479999996,14655.103163965337,56.184220833333335,-111197.55150270133,True
6521,149.08,44.724,149.08,390921.9719999996,14610.37916396535,56.146183333333326,-111100.92531936796,True
6522,157.67,47.301,157.67,390969.2729999996,14563.078163965372,56.12940416666667,-111054.52836103462,True
6523,167.36,50.208000000000006,167.36,391019.48099999956,14512.870163965388,56.111125,-111007.71646103461,True
6524,184.26,55.278,184.26,391074.75899999955,14457.592163965397,56.0528875,-110876.66428603459,True
6525,167.46,50.238,167.46,391124.99699999957,14407.354163965385,56.04299583333333,-110848.7415235346,True
6526,198.69,59.607,198.69,391184.6039999996,14347.747163965367,56.005920833333334,-110769.4799777013,True
6527,167.46,50.238,167.46,391234.8419999996,14297.509163965355,55.97567083333333,-110696.16380686797,True
6528,147.32,44.196,147.32,391279.0379999996,14253.313163965358,55.94516666666667,-110616.29883603465,True
6529,178.55,53.565000000000005,178.55,391332.6029999996,14199.748163965356,55.93127499999999,-110582.92636103462,True
6530,163.88,49.164,163.88,391381.7669999996,14150.584163965366,55.8929375,-110490.66646103463,True
6531,159.76,47.928,159.76,391429.6949999996,14102.656163965352,55.876525,-110446.11806103465,True
6532,157.52,47.256,157.52,391476.9509999996,14055.400163965358,55.85666666666667,-110393.25316936798,True
6533,153.36,46.008,153.36,391522.95899999957,14009.392163965385,55.851437499999996,-110371.7591485346,True
6534,158.1,47.43,158.1,391570.38899999956,13961.962163965392,55.8372,-110331.64503603462,True
6535,169.72,50.916,169.72,391621.3049999996,13911.046163965366,55.8179,-110283.78133603463,True
6536,184.0,55.2,184.0,391676.5049999996,13855.846163965354,55.810316666666665,-110266.29810270132,True
6537,142.06,42.618,142.06,391719.1229999996,13813.228163965337,55.78862083333333,-110204.87594853467,True
6538,163.85,49.155,163.85,391768.27799999964,13764.07316396531,55.77398333333333,-110165.71780270134,True
6539,152.83,45.849,152.83,391814.12699999963,13718.224163965322,55.763891666666666,-110133.37922770134,True
6540,195.49,58.647,195.49,391872.7739999996,13659.577163965325,55.7619,-110131.84083603467,True
6541,145.95,43.785,145.95,391916.5589999996,13615.79216396535,55.734725,-110059.56261103465,True
6542,131.86,39.558,131.86,391956.1169999996,13576.234163965331,55.69827083333333,-109962.530544368,True
6543,132.26,39.678,132.26,391995.79499999963,13536.556163965317,55.65302916666666,-109846.20949853468,True
6544,168.11,50.433,168.11,392046.22799999965,13486.123163965298,55.62375416666666,-109776.11606936801,True
6545,152.39,45.71699999999999,152.39,392091.94499999966,13440.406163965294,55.60807916666667,-109731.48919020138,True
6546,147.94,44.382,147.94,392136.32699999964,13396.02416396531,55.5998375,-109702.0160610347,True
6547,130.64,39.19199999999999,130.64,392175.5189999996,13356.83216396533,55.58228750000001,-109646.77007353469,True
6548,189.16,56.748,189.16,392232.26699999964,13300.084163965308,55.557166666666674,-109592.36850270137,True
6549,157.94,47.382,157.94,392279.6489999996,13252.702163965325,55.53399166666667,-109532.95341103469,True
6550,145.23,43.569,145.23,392323.21799999964,13209.133163965307,55.5009625,-109447.99396103469,True
6551,198.77,59.631,198.77,392382.84899999964,13149.502163965313,55.48846666666666,-109424.52070270134,True
6552,155.93,46.779,155.93,392429.6279999996,13102.723163965333,55.46852083333333,-109371.77083603466,True
6553,179.18,53.754,179.18,392483.38199999963,13048.969163965317,55.441433333333336,-109310.27420270136,True
6554,173.33,51.999,173.33,392535.38099999964,12996.970163965307,55.43272916666667,-109287.63037770137,True
6555,157.51,47.25299999999999,157.51,392582.63399999967,12949.71716396528,55.3990625,-109205.21564853472,True
6556,187.15,56.145,187.15,392638.7789999997,12893.572163965262,55.372479166666665,-109147.37191936807,True
6557,166.38,49.914,166.38,392688.6929999997,12843.658163965272,55.33557916666666,-109060.62274020139,True
6558,161.8,48.54,161.8,392737.23299999966,12795.118163965293,55.27023333333333,-108909.9356360347,True
6559,145.55,43.665,145.55,392780.89799999964,12751.453163965314,55.252029166666674,-108858.26303186803,True
6560,161.46,48.438,161.46,392829.33599999966,12703.01516396529,55.233216666666664,-108810.06150270137,True
6561,183.91,55.173,183.91,392884.50899999967,12647.84216396528,55.22667083333334,-108795.60699853473,True
6562,147.3,44.190000000000005,147.3,392928.6989999997,12603.652163965278,55.212629166666666,-108753.70674436806,True
6563,156.63,46.989,156.63,392975.6879999997,12556.663163965277,55.196883333333325,-108710.88951936804,True
6564,153.88,46.164,153.88,393021.85199999966,12510.499163965287,55.19370833333333,-108694.88433603471,True
6565,145.5,43.65,145.5,393065.5019999997,12466.849163965264,55.17281666666667,-108637.48341936807,True
6566,127.63,38.289,127.63,393103.7909999997,12428.560163965274,55.153062500000004,-108577.25896103473,True
6567,142.85,42.855,142.85,393146.64599999966,12385.705163965293,55.13719166666667,-108530.15616103473,True
6568,160.81,48.243,160.81,393194.8889999997,12337.462163965276,55.13025833333333,-108508.06410270138,True
6569,213.97,64.191,213.97,393259.07999999967,12273.271163965284,55.13979583333333,-108538.02150686804,True
6570,176.32,52.896,176.32,393311.9759999997,12220.375163965276,55.13685416666666,-108529.3354610347,True
6571,149.49,44.847,149.49,393356.8229999997,12175.528163965268,55.12277916666666,-108488.23543186806,True
6572,168.26,50.478,168.26,393407.3009999997,12125.050163965265,55.108804166666665,-108453.0133527014,True
6573,181.02,54.306,181.02,393461.60699999967,12070.744163965282,55.09779166666666,-108428.1262110347,True
6574,248.87,74.661,248.87,393536.2679999997,11996.08316396526,55.12005,-108496.34613603474,True
6575,155.68,46.704,155.68,393582.9719999997,11949.379163965234,55.08504166666666,-108411.43687770142,True
6576,158.45,47.535,158.45,393630.5069999997,11901.84416396526,55.06982916666667,-108370.66273603475,True
6577,185.16,55.548,185.16,393686.0549999997,11846.29616396525,55.05842916666667,-108346.25470686809,True
6578,181.51,54.453,181.51,393740.5079999997,11791.84316396527,55.05814583333333,-108345.03104436805,True
6579,152.99,45.897,152.99,393786.4049999997,11745.946163965273,55.012120833333334,-108235.48937353473,True
6580,162.99,48.897,162.99,393835.3019999997,11697.049163965276,54.96710416666666,-108131.23791936804,True
6581,138.83,41.649,138.83,393876.95099999965,11655.4001639653,54.933524999999996,-108044.7508110347,True
6582,148.93,44.679,148.93,393921.62999999966,11610.721163965296,54.91117916666666,-107985.8270610347,True
6583,136.39,40.917,136.39,393962.5469999997,11569.80416396528,54.882841666666664,-107910.14214436804,True
6584,144.03,43.209,144.03,394005.75599999964,11526.595163965307,54.85721666666667,-107842.70830270137,True
6585,163.28,48.984,163.28,394054.73999999964,11477.61116396531,54.827395833333334,-107771.97477353469,True
6586,138.17,41.45099999999999,138.17,394096.19099999964,11436.160163965309,54.8098,-107720.34503603469,True
6587,141.93,42.579,141.93,394138.76999999967,11393.581163965282,54.80200416666666,-107691.17389020137,True
6588,150.34,45.102,150.34,394183.8719999997,11348.479163965269,54.785666666666664,-107645.98883603472,True
6589,133.18,39.954,133.18,394223.8259999997,11308.525163965242,54.76000416666667,-107575.4438818681,True
6590,142.53,42.759,142.53,394266.58499999973,11265.766163965221,54.742158333333336,-107524.71741936811,True
6591,122.58,36.774,122.58,394303.3589999997,11228.992163965246,54.72637916666666,-107472.52424853474,True
6592,169.31,50.793,169.31,394354.1519999997,11178.19916396524,54.721954166666656,-107458.99746936807,True
6593,160.84,48.252,160.84,394402.4039999997,11129.947163965262,54.69582083333333,-107395.89658186806,True
6594,171.41,51.423,171.41,394453.8269999997,11078.524163965252,54.686949999999996,-107373.40953603474,True
6595,175.52,52.656,175.52,394506.4829999997,11025.868163965235,54.683620833333336,-107364.17094020144,True
6596,186.97,56.091,186.97,394562.57399999973,10969.77716396522,54.678804166666666,-107355.15505270145,True
6597,158.9,47.67,158.9,394610.2439999997,10922.107163965236,54.655229166666665,-107297.15352353475,True
6598,162.12,48.636,162.12,394658.8799999997,10873.471163965238,54.6354,-107248.26363603475,True
6599,159.66,47.898,159.66,394706.7779999997,10825.573163965251,54.5934875,-107150.95332353475,True
6600,174.86,52.458000000000006,174.86,394759.2359999997,10773.115163965267,54.58662083333333,-107133.98583603471,True
6601,152.26,45.678,152.26,394804.9139999997,10727.437163965253,54.57147916666666,-107092.38635686807,True
6602,141.1,42.33,141.1,394847.2439999997,10685.107163965236,54.54360833333333,-107019.9996193681,True
6603,204.08,61.224,204.08,394908.4679999997,10623.883163965249,54.53687083333334,-107012.14722353476,True
6604,183.73,55.11899999999999,183.73,394963.5869999997,10568.764163965243,54.5187,-106973.55303603476,True
6605,171.81,51.543,171.81,395015.1299999997,10517.221163965238,54.50447916666666,-106939.93144020141,True
6606,136.61,40.983,136.61,395056.1129999997,10476.23816396523,54.480399999999996,-106874.54343603476,True
6607,159.4,47.82,159.4,395103.9329999997,10428.418163965223,54.47277083333333,-106851.45744020143,True
6608,198.22,59.466,198.22,395163.39899999974,10368.952163965208,54.479079166666665,-106870.02620270145,True
6609,169.11,50.733,169.11,395214.13199999975,10318.219163965201,54.46905833333334,-106844.72531103481,True
6610,181.14,54.34199999999999,181.14,395268.47399999975,10263.877163965197,54.46717083333333,-106840.54012770146,True
6611,158.86,47.658,158.86,395316.13199999975,10216.219163965201,54.443262499999996,-106782.3519485348,True
6612,150.49,45.147,150.49,395361.27899999975,10171.072163965204,54.437395833333326,-106760.45408603478,True
6613,160.97,48.291,160.97,395409.5699999998,10122.781163965177,54.423366666666666,-106724.18706936816,True
6614,143.88,43.164,143.88,395452.73399999976,10079.617163965188,54.39330416666666,-106648.41357770146,True
6615,143.81,43.143,143.81,395495.87699999975,10036.474163965206,54.37557916666667,-106599.1431485348,True
6616,148.92,44.676,148.92,395540.5529999997,9991.798163965228,54.36439166666667,-106565.45756936811,True
6617,162.25,48.675,162.25,395589.2279999997,9943.12316396524,54.35873333333333,-106547.6423693681,True
6618,127.4,38.22,127.4,395627.4479999997,9904.903163965268,54.323229166666664,-106455.45371103473,True
6619,202.61,60.783,202.61,395688.2309999997,9844.120163965272,54.33884166666667,-106495.33984436806,True
6620,171.07,51.321,171.07,395739.5519999997,9792.799163965276,54.33275416666667,-106479.29475270139,True
6621,198.89,59.667,198.89,395799.2189999997,9733.13216396526,54.34279166666666,-106506.09921103473,True
6622,157.91,47.373,157.91,395846.5919999997,9685.759163965238,54.31969583333333,-106449.75052770141,True
6623,159.41,47.823,159.41,395894.4149999997,9637.936163965263,54.29801666666667,-106396.92545270141,True
6624,190.68,57.204,190.68,395951.6189999997,9580.732163965236,54.30835416666667,-106421.91233603476,True
6625,146.58,43.974,146.58,395995.5929999997,9536.758163965249,54.28785833333333,-106367.81937770141,True
6626,220.48,66.14399999999999,220.48,396061.7369999997,9470.614163965278,54.29155416666667,-106387.5624277014,True
6627,176.16,52.848,176.16,396114.5849999997,9417.76616396528,54.28883333333333,-106380.3153360347,True
6628,226.51,67.95299999999999,226.51,396182.53799999965,9349.8131639653,54.29589166666667,-106409.02786936804,True
6629,174.62,52.386,174.62,396234.92399999965,9297.427163965302,54.292116666666665,-106399.07345270136,True
6630,129.07,38.721,129.07,396273.64499999967,9258.706163965282,54.2675375,-106331.14871103472,True
6631,162.84,48.852,162.84,396322.4969999997,9209.854163965269,54.254062499999996,-106297.04489853472,True
6632,152.29,45.687,152.29,396368.18399999966,9164.167163965292,54.24727916666667,-106274.04290270139,True
6633,161.88,48.564,161.88,396416.7479999997,9115.60316396528,54.235275,-106242.82676103472,True
6634,192.96,57.888,192.96,396474.63599999965,9057.715163965302,54.23674583333334,-106249.60647770137,True
6635,147.22,44.166,147.22,396518.8019999997,9013.549163965276,54.22675833333333,-106218.31229436805,True
6636,158.89,47.667,158.89,396566.4689999997,8965.88216396526,54.220408333333324,-106198.26513603472,True
6637,139.9,41.97,139.9,396608.43899999966,8923.912163965288,54.1797625,-106099.72362353472,True
6638,131.5,39.45,131.5,396647.8889999997,8884.462163965276,54.16338749999999,-106050.2461110347,True
6639,178.16,53.448,178.16,396701.33699999965,8831.014163965301,54.15934166666667,-106040.9495110347,True
6640,162.09,48.627,162.09,396749.9639999996,8782.387163965323,54.13054166666667,-105974.36116936803,True
6641,155.0,46.5,155.0,396796.4639999996,8735.887163965323,54.12887083333334,-105963.19013186802,True
6642,159.68,47.904,159.68,396844.3679999996,8687.983163965342,54.123287499999996,-105945.13976103465,True
6643,159.29,47.787,159.29,396892.1549999996,8640.196163965331,54.0970375,-105883.23222353467,True
6644,162.42,48.72599999999999,162.42,396940.88099999964,8591.470163965307,54.07739583333334,-105836.29941936805,True
6645,155.04,46.51199999999999,155.04,396987.39299999963,8544.958163965319,54.06504999999999,-105802.62258603466,True
6646,174.91,52.473,174.91,397039.86599999963,8492.48516396532,54.063725,-105798.22948603467,True
6647,147.27,44.181,147.27,397084.0469999996,8448.304163965338,54.05213749999999,-105763.86237353465,True
6648,166.97,50.091,166.97,397134.1379999996,8398.213163965323,54.04287083333333,-105740.33003603468,True
6649,173.72,52.116,173.72,397186.2539999996,8346.097163965343,54.026358333333334,-105703.54527770133,True
6650,178.03,53.409,178.03,397239.6629999996,8292.688163965358,54.023375,-105696.63308603465,True
6651,167.52,50.256,167.52,397289.9189999996,8242.432163965364,54.00809166666666,-105660.63316103462,True
6652,170.93,51.279,170.93,397341.19799999957,8191.153163965384,53.998287499999996,-105637.2368860346,True
6653,156.08,46.824000000000005,156.08,397388.0219999996,8144.329163965362,53.97009166666667,-105570.65397770131,True
6654,149.98,44.99399999999999,149.98,397433.0159999996,8099.335163965356,53.942,-105502.51683603464,True
6655,134.11,40.233,134.11,397473.2489999996,8059.102163965348,53.91252083333333,-105426.75419020132,True
6656,153.13,45.939,153.13,397519.1879999996,8013.163163965335,53.882191666666664,-105354.96810270133,True
6657,157.95,47.385,157.95,397566.5729999996,7965.778163965326,53.8801875,-105344.25614853467,True
6658,129.68,38.904,129.68,397605.4769999996,7926.874163965345,53.85382083333334,-105273.85722770133,True
6659,171.31,51.393,171.31,397656.8699999996,7875.4811639653635,53.85210416666666,-105267.7896902013,True
6660,120.84,36.252,120.84,397693.12199999957,7839.229163965385,53.80280416666667,-105146.65958603461,True
6661,148.2,44.46,148.2,397737.5819999996,7794.769163965364,53.77350833333333,-105075.8248277013,True
6662,172.32,51.696,172.32,397789.2779999996,7743.073163965368,53.774095833333334,-105074.97989436796,True
6663,156.96,47.088,156.96,397836.3659999996,7695.985163965379,53.7532875,-105024.65872353462,True
6664,163.57,49.071,163.57,397885.43699999957,7646.914163965383,53.74947916666667,-105011.99416936796,True
6665,156.85,47.055,156.85,397932.49199999956,7599.85916396539,53.71845,-104940.2935860346,True
6666,146.91,44.073,146.91,397976.56499999954,7555.786163965415,53.696349999999995,-104884.37073603457,True
6667,149.05,44.715,149.05,398021.27999999956,7511.071163965389,53.67317083333333,-104826.87539020127,True
6668,161.94,48.582,161.94,398069.86199999956,7462.489163965394,53.66355416666667,-104801.66615270128,True
6669,151.81,45.543,151.81,398115.40499999956,7416.946163965389,53.657775,-104781.46136103461,True
6670,142.86,42.858,142.86,398158.26299999957,7374.088163965382,53.608687499999995,-104668.0687110346,True
6671,178.02,53.406,178.02,398211.6689999996,7320.682163965364,53.604474999999994,-104659.06611103463,True
6672,162.3,48.690000000000005,162.3,398260.3589999996,7271.992163965362,53.58364999999999,-104610.66903603463,True
6673,179.9,53.97,179.9,398314.32899999956,7218.02216396539,53.568149999999996,-104578.7068860346,True
6674,140.15,42.045,140.15,398356.37399999955,7175.977163965406,53.555695833333324,-104541.20434436791,True
6675,156.58,46.974,156.58,398403.34799999953,7129.003163965419,53.54261666666667,-104507.35258603458,True
6676,158.88,47.664,158.88,398451.0119999995,7081.339163965429,53.5135125,-104440.82088603456,True
6677,157.71,47.313,157.71,398498.32499999955,7034.026163965405,53.481987499999995,-104368.95379853458,True
6678,143.9,43.17,143.9,398541.49499999953,6990.856163965422,53.4624125,-104317.88666103457,True
6679,152.11,45.633,152.11,398587.1279999995,6945.223163965449,53.448383333333325,-104280.8625527012,True
6680,145.07,43.521,145.07,398630.6489999995,6901.702163965441,53.432674999999996,-104238.26183603455,True
6681,155.22,46.566,155.22,398677.2149999995,6855.13616396545,53.3580125,-104076.17182353455,True
6682,147.37,44.211,147.37,398721.4259999995,6810.925163965439,53.35037500000001,-104051.15408603457,True
6683,157.94,47.382,157.94,398768.8079999995,6763.543163965456,53.3343375,-104011.87582353453,True
6684,158.08,47.424,158.08,398816.2319999995,6716.119163965457,53.34105833333333,-104019.91793603453,True
6685,160.29,48.087,160.29,398864.3189999995,6668.032163965458,53.31059583333334,-103951.45419020121,True
6686,151.33,45.399,151.33,398909.71799999947,6622.633163965482,53.287175000000005,-103894.96778603453,True
6687,160.49,48.147,160.49,398957.86499999947,6574.486163965485,53.283683333333336,-103882.58938603452,True
6688,145.42,43.626,145.42,399001.49099999946,6530.860163965495,53.265183333333326,-103834.59970270116,True
6689,131.65,39.495,131.65,399040.98599999945,6491.3651639655,53.23125,-103750.55358603451,True
6690,138.38,41.514,138.38,399082.4999999995,6449.851163965475,53.20312916666667,-103680.62621103453,True
6691,139.58,41.874,139.58,399124.3739999995,6407.977163965465,53.174591666666664,-103610.25299436787,True
6692,161.69,48.507,161.69,399172.88099999947,6359.470163965481,53.160612500000006,-103576.67648603453,True
6693,150.79,45.237,150.79,399218.1179999995,6314.2331639654585,53.14671249999999,-103540.02157353453,True
6694,217.23,65.169,217.23,399283.2869999995,6249.064163965464,53.15763749999999,-103574.61491103451,True
6695,173.71,52.113,173.71,399335.3999999995,6196.951163965452,53.145149999999994,-103547.78358603454,True
6696,153.57,46.071,153.57,399381.4709999995,6150.880163965456,53.13277083333333,-103515.15883603455,True
6697,160.88,48.264,160.88,399429.7349999995,6102.616163965431,53.10656250000001,-103456.22227353459,True
6698,159.88,47.964,159.88,399477.6989999995,6054.652163965453,53.08595000000001,-103408.57673603456,True
6699,153.55,46.065000000000005,153.55,399523.7639999995,6008.587163965451,53.07126249999999,-103371.28484853453,True
6700,144.97,43.491,144.97,399567.2549999995,5965.096163965471,53.05526666666667,-103328.75316936786,True
6701,146.34,43.902,146.34,399611.1569999995,5921.194163965469,53.04835,-103305.35848603453,True
6702,172.98,51.894,172.98,399663.05099999945,5869.300163965498,53.041575,-103290.2611860345,True
6703,127.53,38.259,127.53,399701.3099999995,5831.041163965478,53.007145833333325,-103204.65781520118,True
6704,164.54,49.362,164.54,399750.6719999995,5781.679163965455,52.99524583333333,-103176.54626936787,True
6705,139.97,41.991,139.97,399792.6629999995,5739.688163965475,52.96720416666667,-103107.91639853452,True
6706,139.83,41.949000000000005,139.83,399834.6119999995,5697.7391639654525,52.956900000000005,-103075.73343603456,True
6707,136.7,41.01,136.7,399875.6219999995,5656.729163965443,52.93590833333333,-103020.69064436789,True
6708,138.71,41.613,138.71,399917.2349999995,5615.116163965431,52.920637500000005,-102978.03198603458,True
6709,123.88,37.164,123.88,399954.3989999995,5577.952163965441,52.89163333333334,-102902.78780270123,True
6710,136.57,40.971,136.57,399995.36999999953,5536.981163965422,52.86256666666666,-102831.28050270122,True
6711,136.11,40.833000000000006,136.11,400036.2029999995,5496.148163965438,52.849845833333326,-102793.18594853455,True
6712,144.69,43.407,144.69,400079.6099999995,5452.741163965431,52.83374583333334,-102750.77030270125,True
6713,162.93,48.879,162.93,400128.48899999954,5403.862163965416,52.81430833333333,-102707.02699436792,True
6714,180.95,54.285,180.95,400182.7739999995,5349.577163965441,52.802350000000004,-102684.03093603457,True
6715,181.53,54.459,181.53,400237.2329999995,5295.118163965468,52.803312500000004,-102687.65589853455,True
6716,175.09,52.527,175.09,400289.7599999995,5242.591163965466,52.79945,-102679.48463603454,True
6717,214.12,64.236,214.12,400353.99599999946,5178.355163965491,52.8135375,-102719.70194853451,True
6718,173.93,52.179,173.93,400406.17499999946,5126.176163965487,52.803712499999996,-102699.0047610345,True
6719,147.47,44.241,147.47,400450.41599999944,5081.935163965507,52.768904166666665,-102619.39824020116,True
6720,136.58,40.974,136.58,400491.38999999943,5040.9611639655195,52.74990833333334,-102568.85183603449,True
6721,165.73,49.719,165.73,400541.1089999994,4991.242163965537,52.73328333333333,-102531.92255270113,True
6722,156.06,46.818,156.06,400587.92699999944,4944.424163965508,52.69805833333333,-102454.21871936781,True
6723,139.22,41.766,139.22,400629.69299999945,4902.658163965505,52.66726666666667,-102380.5640360345,True
6724,143.72,43.116,143.72,400672.8089999994,4859.542163965525,52.63993333333333,-102315.36210270114,True
6725,185.87,55.761,185.87,400728.5699999994,4803.7811639655265,52.6378,-102314.14183603447,True
6726,134.49,40.347,134.49,400768.91699999943,4763.434163965518,52.6246875,-102275.18021103449,True
6727,182.11,54.633,182.11,400823.5499999994,4708.801163965545,52.61190833333333,-102251.20847770112,True
6728,151.07,45.321,151.07,400868.8709999994,4663.480163965549,52.6048,-102229.47343603444,True
6729,162.78,48.834,162.78,400917.7049999994,4614.646163965575,52.59547083333332,-102206.7550985344,True
6730,169.54,50.862,169.54,400968.5669999994,4563.784163965553,52.58402083333333,-102181.7781277011,True
6731,224.24,67.272,224.24,401035.8389999994,4496.512163965555,52.59600416666667,-102220.78029020112,True
6732,156.33,46.899,156.33,401082.7379999994,4449.61316396558,52.583333333333336,-102189.38683603442,True
6733,149.69,44.907,149.69,401127.6449999994,4404.706163965573,52.573133333333324,-102161.03510270108,True
6734,146.66,43.998,146.66,401171.6429999994,4360.708163965552,52.54763333333332,-102100.79696936776,True
6735,133.26,39.978,133.26,401211.6209999994,4320.730163965549,52.509379166666676,-102010.76264853447,True
6736,137.65,41.295,137.65,401252.9159999994,4279.435163965565,52.50199166666667,-101984.59596936777,True
6737,166.94,50.082,166.94,401302.9979999994,4229.35316396557,52.49169583333333,-101961.34750686777,True
6738,181.83,54.549,181.83,401357.5469999994,4174.804163965571,52.473225,-101926.05678603443,True
6739,205.58,61.674,205.58,401419.2209999994,4113.130163965572,52.45125,-101890.84608603443,True
6740,147.86,44.358,147.86,401463.5789999994,4068.7721639655647,52.43533333333334,-101850.60116936779,True
6741,158.98,47.694,158.98,401511.2729999994,4021.078163965547,52.40299583333334,-101780.57042353447,True
6742,192.76,57.828,192.76,401569.1009999994,3963.2501639655675,52.40249583333333,-101784.9864277011,True
6743,149.86,44.958000000000006,149.86,401614.05899999937,3918.2921639655833,52.39256666666667,-101757.51480270109,True
6744,149.94,44.982,149.94,401659.0409999994,3873.310163965565,52.36669166666666,-101697.94023603442,True
6745,150.26,45.078,150.26,401704.11899999937,3828.2321639655856,52.33766666666667,-101632.16616936776,True
6746,152.51,45.75299999999999,152.51,401749.8719999994,3782.4791639655596,52.321083333333334,-101592.18266936777,True
6747,156.65,46.995,156.65,401796.8669999994,3735.484163965564,52.29291666666667,-101530.15708603444,True
6748,172.82,51.846,172.82,401848.7129999994,3683.6381639655447,52.2450875,-101433.47788603445,True
6749,135.14,40.542,135.14,401889.2549999994,3643.096163965529,52.22,-101371.32383603447,True
6750,133.75,40.125,133.75,401929.3799999994,3602.971163965529,52.203854166666666,-101326.77571103447,True
6751,141.12,42.336,141.12,401971.71599999943,3560.6351639655186,52.19070833333334,-101290.49787770116,True
6752,132.76,39.828,132.76,402011.5439999994,3520.807163965539,52.176420833333324,-101249.44586936777,True
6753,153.99,46.197,153.99,402057.7409999994,3474.6101639655535,52.163845833333326,-101218.22842353443,True
6754,147.8,44.34,147.8,402102.0809999994,3430.270163965528,52.1479875,-101178.59276103447,True
6755,152.75,45.825,152.75,402147.90599999944,3384.4451639655163,52.13635416666666,-101148.94494020114,True
6756,126.42,37.926,126.42,402185.8319999994,3346.5191639655386,52.11959583333333,-101101.15088603445,True
6757,168.74,50.622,168.74,402236.4539999994,3295.8971639655647,52.067475,-100995.25526103444,True
6758,134.38,40.314,134.38,402276.7679999994,3255.5831639655516,52.049524999999996,-100947.56588603444,True
6759,146.63,43.989,146.63,402320.7569999994,3211.5941639655503,52.046370833333334,-100933.19387353444,True
6760,137.02,41.106,137.02,402361.86299999943,3170.4881639655214,52.028445833333336,-100886.40350270116,True
6761,144.11,43.233,144.11,402405.09599999944,3127.255163965514,52.015012500000005,-100850.7548235345,True
6762,158.61,47.583000000000006,158.61,402452.6789999994,3079.6721639655298,51.98929166666667,-100794.93258603447,True
6763,152.35,45.705,152.35,402498.38399999944,3033.9671639655135,51.97100833333333,-100752.13647770115,True
6764,150.84,45.252,150.84,402543.6359999994,2988.715163965535,51.930508333333336,-100664.5794693678,True
6765,134.22,40.266,134.22,402583.9019999994,2948.4491639655316,51.88946249999999,-100571.02852353445,True
6766,133.49,40.047,133.49,402623.94899999944,2908.402163965511,51.870270833333336,-100520.91787770115,True
6767,203.78,61.134,203.78,402685.08299999946,2847.268163965491,51.86469583333333,-100519.07063186783,True
6768,118.45,35.535,118.45,402720.61799999943,2811.7331639655167,51.830974999999995,-100435.56903603447,True
6769,172.22,51.666,172.22,402772.28399999946,2760.06716396549,51.82607083333333,-100425.63986520117,True
6770,180.05,54.015,180.05,402826.2989999995,2706.052163965476,51.80864166666667,-100393.14475270119,True
6771,158.25,47.475,158.25,402873.77399999945,2658.5771639654995,51.78904583333333,-100349.8349985345,True
6772,169.92,50.97599999999999,169.92,402924.7499999995,2607.6011639654753,51.772866666666665,-100316.85776936785,True
6773,174.17,52.251,174.17,402977.00099999947,2555.350163965486,51.7666,-100304.8840360345,True
6774,138.57,41.571,138.57,403018.57199999946,2513.7791639654897,51.74557916666667,-100252.94106103452,True
6775,154.97,46.491,154.97,403065.06299999944,2467.2881639655097,51.74309583333333,-100242.75706520115,True
6776,182.95,54.885,182.95,403119.94799999945,2412.4031639655004,51.73695,-100233.7056360345,True
6777,132.65,39.795,132.65,403159.74299999943,2372.6081639655167,51.70581249999999,-100160.01802353447,True
6778,139.4,41.82,139.4,403201.56299999944,2330.7881639655097,51.67979166666666,-100098.5589193678,True
6779,173.04,51.912,173.04,403253.47499999945,2278.8761639654986,51.67567916666667,-100090.64426520118,True
6780,128.28,38.484,128.28,403291.95899999945,2240.392163965502,51.64991666666666,-100026.44283603449,True
6781,130.05,39.015,130.05,403330.97399999946,2201.377163965488,51.63699583333333,-99988.23759020117,True
6782,143.28,42.984,143.28,403373.95799999946,2158.393163965491,51.59772083333334,-99901.89864436786,True
6783,139.57,41.871,139.57,403415.82899999944,2116.5221639655065,51.57499166666666,-99847.23636103449,True
6784,162.34,48.702,162.34,403464.53099999944,2067.8201639655163,51.57252083333333,-99839.48100270114,True
6785,144.57,43.371,144.57,403507.9019999994,2024.4491639655316,51.54667083333333,-99780.2257318678,True
6786,180.51,54.153,180.51,403562.0549999994,1970.2961639655405,51.552308333333336,-99793.96048603447,True
6787,149.73,44.919,149.73,403606.9739999994,1925.377163965546,51.531995833333326,-99747.2506152011,True
6788,144.73,43.419,144.73,403650.3929999994,1881.9581639655516,51.5098,-99695.36743603444,True
6789,165.49,49.647,165.49,403700.0399999994,1832.3111639655544,51.50166666666667,-99677.47383603446,True
6790,144.39,43.31699999999999,144.39,403743.3569999994,1788.9941639655735,51.48155416666666,-99629.66754436775,True
6791,166.76,50.028,166.76,403793.38499999937,1738.9661639655824,51.46386666666666,-99593.38730270107,True
6792,158.13,47.439,158.13,403840.8239999994,1691.5271639655693,51.446200000000005,-99554.59443603444,True
6793,161.94,48.582,161.94,403889.4059999994,1642.9451639655745,51.4389125,-99537.39572353443,True
6794,156.66,46.998,156.66,403936.4039999994,1595.947163965553,51.423424999999995,-99502.50638603444,True
6795,159.09,47.727,159.09,403984.1309999994,1548.2201639655395,51.3981375,-99449.12002353446,True
6796,170.5,51.15,170.5,404035.28099999944,1497.0701639655163,51.39949166666666,-99451.53146936781,True
6797,136.12,40.836,136.12,404076.11699999945,1456.234163965506,51.34899583333333,-99341.84465686783,True
6798,160.21,48.063,160.21,404124.17999999947,1408.1711639654823,51.342354166666674,-99325.52771103453,True
6799,119.01,35.703,119.01,404159.88299999945,1372.4681639655028,51.31350416666666,-99253.31350686782,True
6800,131.66,39.498,131.66,404199.38099999947,1332.9701639654813,51.279162500000005,-99174.18833603452,True
6801,128.16,38.448,128.16,404237.82899999944,1294.5221639655065,51.24590416666667,-99096.2040985345,True
6802,153.51,46.053,153.51,404283.88199999946,1248.469163965492,51.23240416666666,-99064.57819436783,True
6803,130.57,39.171,130.57,404323.05299999943,1209.298163965519,51.20550416666667,-98999.87349020115,True
6804,144.22,43.266,144.22,404366.31899999944,1166.0321639655158,51.17704166666667,-98936.26133603448,True
6805,144.17,43.251,144.17,404409.5699999994,1122.7811639655265,51.161720833333334,-98898.38306520114,True
6806,164.43,49.329,164.43,404458.89899999945,1073.4521639654995,51.16877916666667,-98910.34232770116,True
6807,147.33,44.199000000000005,147.33,404503.0979999995,1029.2531639654771,51.14754166666667,-98861.89571103452,True
6808,139.17,41.751,139.17,404544.84899999946,987.5021639654879,51.136962499999996,-98831.8486360345,True
6809,146.81,44.043,146.81,404588.89199999947,943.4591639654827,51.121100000000006,-98793.80693603453,True
6810,149.33,44.799,149.33,404633.69099999947,898.6601639654837,51.10916666666667,-98764.21483603452,True
6811,169.93,50.979,169.93,404684.66999999946,847.6811639654916,51.103654166666665,-98753.34080686784,True
6812,145.82,43.746,145.82,404728.41599999944,803.935163965507,51.080079166666664,-98700.05905270115,True
6813,145.46,43.638,145.46,404772.0539999994,760.2971639655298,51.05979166666666,-98653.11721103446,True
6814,171.52,51.456,171.52,404823.5099999994,708.8411639655242,51.040395833333335,-98615.76912770115,True
6815,140.58,42.174,140.58,404865.6839999994,666.6671639655251,51.01203333333334,-98551.73766936782,True
6816,158.66,47.598,158.66,404913.2819999994,619.069163965527,50.99597083333334,-98517.09813603449,True
6817,140.1,42.03,140.1,404955.31199999945,577.039163965499,50.9573375,-98433.0675985345,True
6818,143.4,43.02,143.4,404998.3319999995,534.0191639654804,50.936045833333324,-98383.78184436784,True
6819,151.64,45.492,151.64,405043.8239999995,488.5271639654529,50.90514166666667,-98318.35281103457,True
6820,154.22,46.266,154.22,405090.0899999995,442.26116396544967,50.896070833333326,-98296.1162527012,True
6821,142.5,42.75,142.5,405132.8399999995,399.51116396544967,50.86595,-98229.56588603454,True
6822,112.98,33.894,112.98,405166.7339999995,365.61716396547854,50.84256666666667,-98167.27703603453,True
6823,121.06,36.318,121.06,405203.0519999995,329.29916396545013,50.83233333333333,-98132.93050270122,True
6824,163.69,49.107,163.69,405252.1589999995,280.192163965432,50.83314166666667,-98132.77010270124,True
6825,130.12,39.036,130.12,405291.19499999954,241.1561639654101,50.81246666666667,-98080.9668360346,True
6826,145.6,43.68,145.6,405334.87499999953,197.47616396541707,50.80786666666667,-98064.93796936792,True
6827,170.68,51.204,170.68,405386.07899999956,146.27216396539006,50.81410416666667,-98077.39119020128,True
6828,137.28,41.184,137.28,405427.26299999957,105.08816396538168,50.8049875,-98050.14768603463,True
6829,165.45,49.635,165.45,405476.8979999996,55.45316396537237,50.772337500000006,-97985.93054853464,True
6830,140.83,42.249,140.83,405519.1469999996,13.204163965361658,50.76505833333333,-97963.35841936796,True
6831,148.19,44.457,148.19,405563.6039999996,-31.25283603463322,50.74707916666667,-97922.36854853465,True
6832,126.95,38.085,126.95,405601.6889999996,-69.33783603465417,50.72057916666667,-97858.61446936798,True
6833,156.66,46.998,156.66,405648.6869999996,-116.3358360346756,50.718445833333334,-97850.78095686801,True
6834,208.89,62.667,208.89,405711.35399999964,-179.00283603469143,50.71369166666667,-97853.57298603469,True
6835,154.57,46.371,154.57,405757.7249999996,-225.37383603467606,50.697916666666664,-97818.863419368,True
6836,179.15,53.745,179.15,405811.4699999996,-279.1188360346714,50.679012500000006,-97785.53888603469,True
6837,163.36,49.008,163.36,405860.4779999996,-328.12683603464393,50.65989166666666,-97747.09851103464,True
6838,151.51,45.453,151.51,405905.9309999996,-373.57983603462344,50.648466666666664,-97719.93276936795,True
6839,150.87,45.261,150.87,405951.1919999996,-418.84083603462204,50.63976666666667,-97697.8326027013,True
6840,142.76,42.828,142.76,405994.01999999955,-461.66883603460155,50.617425000000004,-97647.1248360346,True
6841,184.5,55.35,184.5,406049.36999999953,-517.0188360345783,50.621945833333335,-97660.53289020126,True
6842,146.05,43.815000000000005,146.05,406093.18499999953,-560.8338360345806,50.61647083333333,-97643.22489436792,True
6843,135.97,40.791,135.97,406133.97599999956,-601.6248360346071,50.59585416666667,-97593.87727353461,True
6844,150.11,45.033,150.11,406179.00899999955,-646.657836034603,50.57548333333333,-97549.28390270127,True
6845,132.2,39.66,132.2,406218.6689999995,-686.3178360345773,50.53281666666666,-97456.66175270123,True
6846,158.74,47.622,158.74,406266.2909999995,-733.9398360345513,50.52850416666667,-97445.49681103457,True
6847,210.03,63.009,210.03,406329.2999999995,-796.9488360345713,50.54362916666667,-97486.9114318679,True
6848,143.17,42.95099999999999,143.17,406372.2509999995,-839.8998360345722,50.534187499999994,-97461.26633603456,True
6849,112.98,33.894,112.98,406406.1449999995,-873.7938360345433,50.49697916666666,-97373.52102353453,True
6850,126.33,37.899,126.33,406444.04399999947,-911.6928360345191,50.48,-97328.49283603451,True
6851,110.62,33.186,110.62,406477.22999999946,-944.8788360345061,50.44830416666666,-97250.69149020116,True
6852,140.99,42.297,140.99,406519.5269999995,-987.1758360345266,50.43982083333333,-97226.35398603452,True
6853,150.43,45.129,150.43,406564.6559999995,-1032.304836034542,50.41005416666666,-97164.27813186786,True
6854,181.14,54.34199999999999,181.14,406618.9979999995,-1086.6468360345461,50.39912916666667,-97147.38702770122,True
6855,149.38,44.814,149.38,406663.8119999995,-1131.4608360345592,50.385895833333336,-97116.59239853456,True
6856,144.14,43.242,144.14,406707.05399999954,-1174.7028360345867,50.363504166666665,-97066.81476936792,True
6857,119.36,35.808,119.36,406742.86199999956,-1210.5108360346057,50.33025416666667,-96988.98451520127,True
6858,112.05,33.614999999999995,112.05,406776.47699999955,-1244.1258360345964,50.30838750000001,-96930.67886103461,True
6859,146.51,43.953,146.51,406820.4299999995,-1288.078836034576,50.29752083333334,-96903.66594020124,True
6860,153.08,45.924,153.08,406866.3539999995,-1334.002836034575,50.292049999999996,-96888.89783603456,True
6861,161.3,48.39,161.3,406914.74399999954,-1382.392836034589,50.28502083333334,-96873.64739853461,True
6862,136.87,41.061,136.87,406955.8049999995,-1423.453836034576,50.27024166666667,-96836.37251936791,True
6863,158.67,47.60099999999999,158.67,407003.40599999955,-1471.0548360346002,50.25598749999999,-96806.66312353458,True
6864,158.2,47.46,158.2,407050.8659999996,-1518.514836034621,50.24323749999999,-96779.6931360346,True
6865,172.05,51.615,172.05,407102.48099999956,-1570.1298360346118,50.23440000000001,-96764.31783603462,True
6866,163.03,48.909,163.03,407151.38999999955,-1619.038836034597,50.206504166666676,-96710.15772770128,True
6867,161.11,48.333000000000006,161.11,407199.72299999953,-1667.371836034581,50.20551666666667,-96706.41488603459,True
6868,143.62,43.086,143.62,407242.80899999954,-1710.4578360345913,50.147450000000006,-96589.4332360346,True
6869,134.32,40.296,134.32,407283.1049999995,-1750.7538360345643,50.12136666666667,-96530.25820270122,True
6870,138.86,41.658,138.86,407324.7629999995,-1792.41183603456,50.11084166666667,-96501.90258603457,True
6871,125.5,37.65,125.5,407362.41299999953,-1830.0618360345834,50.09346666666667,-96456.62036936793,True
6872,161.04,48.312,161.04,407410.7249999995,-1878.3738360345596,50.084470833333334,-96437.8547693679,True
6873,172.53,51.759,172.53,407462.48399999953,-1930.1328360345797,50.08409583333333,-96438.82167353458,True
6874,153.62,46.086,153.62,407508.56999999954,-1976.21883603459,50.07954166666667,-96426.23441936793,True
6875,159.08,47.724,159.08,407556.2939999995,-2023.9428360345773,50.08076666666666,-96426.18800270124,True
6876,136.72,41.016,136.72,407597.30999999953,-2064.9588360345806,50.07012916666667,-96397.08218603459,True
6877,131.31,39.393,131.31,407636.7029999995,-2104.3518360345624,50.05754583333333,-96362.71064020121,True
6878,136.91,41.073,136.91,407677.7759999995,-2145.4248360345373,50.03163333333333,-96304.95876936786,True
6879,137.79,41.337,137.79,407719.1129999995,-2186.761836034537,50.01776666666667,-96270.18093603454,True
6880,136.11,40.833000000000006,136.11,407759.9459999995,-2227.594836034521,50.004958333333335,-96236.91650270119,True
6881,172.45,51.73499999999999,172.45,407811.68099999946,-2279.329836034507,49.99625416666667,-96222.29141520118,True
6882,122.7,36.81,122.7,407848.49099999946,-2316.1398360345047,49.97150833333333,-96162.6324860345,True
6883,154.62,46.386,154.62,407894.87699999945,-2362.5258360345033,49.95774166666667,-96133.20694436785,True
6884,172.74,51.822,172.74,407946.69899999944,-2414.347836034489,49.952695833333344,-96125.60521936785,True
6885,151.97,45.591,151.97,407992.28999999946,-2459.9388360345038,49.923316666666665,-96066.1575860345,True
6886,143.92,43.176,143.92,408035.46599999943,-2503.1148360344814,49.88692916666667,-95991.22009436782,True
6887,147.0,44.1,147.0,408079.5659999994,-2547.214836034458,49.83404166666667,-95886.37487770114,True
6888,152.97,45.891,152.97,408125.4569999994,-2593.1058360344614,49.819854166666666,-95855.87283603445,True
6889,157.26,47.178,157.26,408172.6349999994,-2640.283836034476,49.82032083333333,-95854.10411520113,True
6890,168.47,50.541,168.47,408223.17599999945,-2690.8248360345024,49.8132625,-95841.6257110345,True
6891,145.29,43.587,145.29,408266.76299999945,-2734.411836034502,49.79070000000001,-95793.23013603452,True
6892,159.33,47.799,159.33,408314.56199999945,-2782.210836034501,49.76968333333333,-95751.97930270116,True
6893,125.42,37.626,125.42,408352.18799999944,-2819.8368360344903,49.74187916666666,-95687.92524020115,True
6894,131.21,39.363,131.21,408391.55099999945,-2859.1998360345024,49.71308333333333,-95623.8133360345,True
6895,139.66,41.898,139.66,408433.44899999944,-2901.097836034489,49.680125000000004,-95554.5309610345,True
6896,128.01,38.403,128.01,408471.85199999943,-2939.50083603448,49.644262499999996,-95476.40613603448,True
6897,145.36,43.608,145.36,408515.45999999944,-2983.1088360344875,49.64350416666667,-95468.9570985345,True
6898,137.02,41.106,137.02,408556.56599999947,-3024.2148360345163,49.61730416666667,-95411.63519436786,True
6899,148.94,44.682,148.94,408601.24799999944,-3068.896836034488,49.60582083333333,-95385.32940686782,True
6900,131.44,39.432,131.44,408640.6799999994,-3108.3288360344595,49.58969166666667,-95345.15533603446,True
6901,116.94,35.082,116.94,408675.7619999994,-3143.4108360344544,49.56238333333333,-95279.88145270111,True
6902,144.33,43.299,144.33,408719.0609999994,-3186.7098360344535,49.54619166666666,-95243.53395270111,True
6903,144.75,43.425,144.75,408762.4859999994,-3230.134836034442,49.53145416666666,-95210.04522353443,True
6904,127.55,38.265,127.55,408800.7509999994,-3268.399836034456,49.51573333333334,-95169.60090270113,True
6905,119.65,35.895,119.65,408836.6459999994,-3304.2948360344744,49.50146666666667,-95129.51550270115,True
6906,155.94,46.782,155.94,408883.42799999943,-3351.076836034481,49.494641666666666,-95114.14248603449,True
6907,158.7,47.60999999999999,158.7,408931.0379999994,-3398.686836034467,49.47657916666667,-95078.7880318678,True
6908,151.64,45.492,151.64,408976.52999999945,-3444.1788360344945,49.47990416666667,-95080.96135270117,True
6909,135.03,40.509,135.03,409017.03899999947,-3484.6878360345145,49.454070833333326,-95024.1729485345,True
6910,175.54,52.662,175.54,409069.7009999995,-3537.3498360345257,49.45277083333334,-95024.9758777012,True
6911,189.98,56.99399999999999,189.98,409126.6949999995,-3594.3438360345317,49.460483333333336,-95046.77751936787,True
6912,157.7,47.31,157.7,409174.0049999995,-3641.6538360345294,49.43461666666666,-94996.82543603452,True
6913,116.47,34.940999999999995,116.47,409208.9459999995,-3676.594836034521,49.411854166666664,-94940.28948186785,True
6914,155.77,46.731,155.77,409255.6769999995,-3723.32583603455,49.40115,-94917.84873603455,True
6915,150.1,45.03,150.1,409300.70699999953,-3768.355836034578,49.39778333333333,-94907.26608603456,True
6916,151.61,45.483,151.61,409346.18999999954,-3813.8388360345853,49.3829875,-94876.06778603459,True
6917,140.35,42.105,140.35,409388.2949999995,-3855.9438360345666,49.37167916666666,-94847.94854020122,True
6918,131.29,39.38699999999999,131.29,409427.6819999995,-3895.3308360345545,49.355925000000006,-94808.94468603456,True
6919,149.8,44.940000000000005,149.8,409472.6219999995,-3940.270836034557,49.34157083333333,-94778.10274020121,True
6920,149.9,44.97,149.9,409517.5919999995,-3985.240836034529,49.34372916666667,-94777.7025027012,True
6921,147.21,44.163,147.21,409561.7549999995,-4029.4038360345294,49.33185,-94750.67598603453,True
6922,140.87,42.261,140.87,409604.0159999995,-4071.664836034528,49.324412499999994,-94729.93501103451,True
6923,125.3,37.59,125.3,409641.6059999995,-4109.254836034554,49.3025,-94677.94733603456,True
6924,136.19,40.857,136.19,409682.4629999995,-4150.111836034572,49.28631666666667,-94639.78923603459,True
6925,138.09,41.427,138.09,409723.88999999955,-4191.538836034597,49.27262083333334,-94606.79806520128,True
6926,138.34,41.502,138.34,409765.3919999995,-4233.0408360345755,49.247825,-94553.55188603458,True
6927,132.25,39.675,132.25,409805.0669999995,-4272.715836034564,49.220925,-94494.67136103456,True
6928,157.96,47.388,157.96,409852.4549999995,-4320.103836034541,49.222316666666664,-94495.38796936788,True
6929,134.05,40.215,134.05,409892.6699999995,-4360.318836034567,49.17384166666666,-94397.62292770122,True
6930,154.8,46.440000000000005,154.8,409939.1099999995,-4406.758836034569,49.15437083333334,-94359.25746103458,True
6931,153.67,46.10099999999999,153.67,409985.21099999954,-4452.859836034593,49.145875,-94340.66521103459,True
6932,157.66,47.298,157.66,410032.50899999955,-4500.157836034603,49.13545833333333,-94319.77566936794,True
6933,126.26,37.878,126.26,410070.3869999996,-4538.035836034629,49.11965416666666,-94279.64399853462,True
6934,128.07,38.421,128.07,410108.80799999955,-4576.456836034602,49.08755,-94210.3231360346,True
6935,163.09,48.927,163.09,410157.7349999996,-4625.383836034627,49.086941666666675,-94209.05237770131,True
6936,156.46,46.938,156.46,410204.6729999996,-4672.321836034651,49.040366666666664,-94121.95063603464,True
6937,170.7,51.21,170.7,410255.8829999996,-4723.531836034672,49.021225,-94089.22501103468,True
6938,135.53,40.659,135.53,410296.5419999996,-4764.190836034657,49.00791249999999,-94056.60741103464,True
6939,145.08,43.524,145.08,410340.0659999996,-4807.714836034633,48.98315,-94006.03098603463,True
6940,154.94,46.482,154.94,410386.5479999996,-4854.196836034651,48.97526666666666,-93989.18216936798,True
6941,153.41,46.023,153.41,410432.5709999996,-4900.219836034637,48.95585416666666,-93950.9185652013,True
6942,164.4,49.32,164.4,410481.8909999996,-4949.539836034644,48.93997916666666,-93922.42196103463,True
6943,142.73,42.819,142.73,410524.7099999996,-4992.358836034662,48.88689166666666,-93819.84099436799,True
6944,128.21,38.463,128.21,410563.1729999996,-5030.821836034651,48.85552083333333,-93752.44766936798,True
6945,123.48,37.044,123.48,410600.2169999996,-5067.865836034645,48.84495416666667,-93721.45764853465,True
6946,126.05,37.815,126.05,410638.0319999996,-5105.680836034648,48.832970833333334,-93688.68992770131,True
6947,133.36,40.008,133.36,410678.0399999996,-5145.68883603462,48.818558333333335,-93653.73509436796,True
6948,119.43,35.829,119.43,410713.8689999996,-5181.517836034647,48.7571125,-93529.40568603465,True
6949,120.51,36.153,120.51,410750.0219999996,-5217.670836034638,48.7409125,-93487.46337353464,True
6950,117.53,35.259,117.53,410785.2809999996,-5252.929836034658,48.71122083333333,-93420.23954436799,True
6951,117.64,35.292,117.64,410820.5729999996,-5288.221836034674,48.68042083333333,-93351.10312353466,True
6952,135.28,40.584,135.28,410861.1569999996,-5328.805836034648,48.654870833333334,-93296.81230270132,True
6953,127.48,38.244,127.48,410899.4009999996,-5367.049836034654,48.63867916666667,-93257.14309020132,True
6954,120.48,36.144,120.48,410935.5449999996,-5403.193836034625,48.61799583333334,-93207.29431103464,True
6955,138.85,41.655,138.85,410977.1999999996,-5444.848836034653,48.601866666666666,-93171.21816936799,True
6956,169.16,50.748,169.16,411027.9479999996,-5495.596836034674,48.572583333333334,-93120.537169368,True
6957,196.03,58.809,196.03,411086.75699999963,-5554.405836034683,48.58995,-93162.08568603468,True
6958,151.79,45.537,151.79,411132.29399999965,-5599.942836034694,48.57875833333333,-93138.86535270137,True
6959,143.16,42.948,143.16,411175.2419999996,-5642.890836034669,48.56425,-93107.10508603467,True
6960,156.84,47.052,156.84,411222.29399999965,-5689.942836034694,48.53699583333333,-93056.53533603469,True
6961,116.92,35.076,116.92,411257.36999999965,-5725.018836034695,48.50561666666666,-92986.62321936802,True
6962,171.22,51.366,171.22,411308.7359999996,-5776.384836034675,48.490295833333334,-92961.93674436801,True
6963,145.13,43.539,145.13,411352.2749999996,-5819.923836034664,48.478229166666665,-92935.30164853466,True
6964,129.59,38.877,129.59,411391.1519999996,-5858.800836034643,48.45918333333332,-92891.49410270128,True
6965,140.91,42.273,140.91,411433.4249999996,-5901.0738360346295,48.43950833333333,-92849.99129436795,True
6966,114.72,34.416,114.72,411467.8409999996,-5935.489836034656,48.413179166666666,-92788.73326103465,True
6967,165.43,49.629,165.43,411517.4699999996,-5985.118836034671,48.400287500000005,-92766.83432353468,True
6968,102.83,30.849,102.83,411548.3189999996,-6015.967836034659,48.38189583333333,-92716.32516936799,True
6969,128.05,38.415,128.05,411586.7339999996,-6054.382836034638,48.3625375,-92671.68749853464,True
6970,113.35,34.004999999999995,113.35,411620.7389999996,-6088.3878360346425,48.32563333333333,-92591.2715027013,True
6971,114.31,34.293,114.31,411655.0319999996,-6122.680836034648,48.29910416666667,-92529.77819020132,True
6972,155.93,46.779,155.93,411701.8109999996,-6169.459836034628,48.279462499999994,-92493.13878603461,True
6973,125.78,37.734,125.78,411739.5449999996,-6207.193836034625,48.26537916666667,-92457.42640686796,True
6974,126.48,37.944,126.48,411777.4889999996,-6245.1378360346425,48.253699999999995,-92426.24603603463,True
6975,141.64,42.492,141.64,411819.9809999996,-6287.62983603467,48.241179166666676,-92398.13464853469,True
6976,125.82,37.746,125.82,411857.7269999996,-6325.375836034655,48.21977916666667,-92349.461869368,True
6977,146.98,44.094,146.98,411901.8209999996,-6369.469836034637,48.201454166666664,-92312.6626152013,True
6978,128.58,38.574000000000005,128.58,411940.3949999996,-6408.04383603466,48.17474166666666,-92255.43348603466,True
6979,179.7,53.91,179.7,411994.3049999996,-6461.953836034634,48.173950000000005,-92259.75878603464,True
6980,123.95,37.185,123.95,412031.4899999996,-6499.138836034632,48.14449583333333,-92196.34141936796,True
6981,154.42,46.32599999999999,154.42,412077.8159999996,-6545.464836034633,48.13945833333334,-92185.56121103464,True
6982,152.88,45.864,152.88,412123.6799999996,-6591.328836034634,48.10839583333334,-92128.05662770131,True
6983,218.51,65.553,218.51,412189.2329999996,-6656.881836034649,48.12175833333334,-92169.24639436799,True
6984,176.87,53.061,176.87,412242.2939999996,-6709.942836034636,48.09399583333333,-92124.87943603464,True
6985,140.88,42.264,140.88,412284.5579999996,-6752.20683603466,48.070366666666665,-92077.107669368,True
6986,163.19,48.957,163.19,412333.5149999996,-6801.163836034655,48.06162916666666,-92062.49397770132,True
6987,153.45,46.035,153.45,412379.5499999996,-6847.1988360346295,48.059133333333335,-92056.04223603463,True
6988,141.95,42.585,141.95,412422.1349999996,-6889.78383603465,48.04779583333333,-92030.47805270132,True
6989,159.67,47.901,159.67,412470.0359999996,-6937.684836034663,48.05121666666667,-92036.38955270134,True
6990,125.49,37.647,125.49,412507.6829999996,-6975.33183603466,48.023266666666665,-91976.51383603466,True
6991,136.66,40.998,136.66,412548.68099999963,-7016.329836034682,47.98802916666667,-91907.15343186802,True
6992,129.96,38.988,129.96,412587.66899999965,-7055.317836034694,47.960270833333325,-91849.07666936802,True
6993,112.42,33.726,112.42,412621.39499999967,-7089.043836034718,47.94835833333333,-91813.79301103471,True
6994,135.62,40.686,135.62,412662.08099999966,-7129.729836034705,47.92894583333334,-91772.24817770137,True
6995,120.03,36.009,120.03,412698.0899999997,-7165.738836034725,47.9071125,-91721.79239853472,True
6996,127.49,38.247,127.49,412736.33699999965,-7203.985836034699,47.87617916666667,-91657.5658860347,True
6997,128.51,38.553,128.51,412774.88999999966,-7242.538836034713,47.86678333333334,-91631.67785270138,True
6998,152.55,45.765,152.55,412820.6549999997,-7288.303836034727,47.860729166666665,-91618.90862770138,True
6999,132.56,39.768,132.56,412860.42299999966,-7328.071836034709,47.81657916666666,-91533.0677485347,True
7000,148.26,44.478,148.26,412904.90099999966,-7372.549836034712,47.816179166666664,-91529.02516936805,True
7001,131.25,39.375,131.25,412944.27599999966,-7411.924836034712,47.80064583333334,-91493.26085686806,True
7002,132.51,39.75299999999999,132.51,412984.0289999997,-7451.677836034738,47.79100833333333,-91468.27048603473,True
7003,154.64,46.392,154.64,413030.4209999997,-7498.0698360347305,47.78577083333333,-91457.6691902014,True
7004,150.93,45.279,150.93,413075.69999999966,-7543.348836034711,47.7684,-91424.65923603471,True
7005,155.15,46.545,155.15,413122.24499999965,-7589.893836034695,47.75944583333333,-91407.72127353468,True
7006,165.67,49.70099999999999,165.67,413171.94599999965,-7639.594836034696,47.74922083333333,-91391.72817770136,True
7007,173.38,52.014,173.38,413223.9599999997,-7691.60883603472,47.72242916666667,-91349.02716520139,True
7008,181.66,54.498,181.66,413278.4579999997,-7746.106836034742,47.72985416666667,-91368.81133603475,True
7009,136.35,40.905,136.35,413319.3629999997,-7787.01183603477,47.70727083333333,-91322.44306520144,True
7010,151.0,45.3,151.0,413364.6629999997,-7832.311836034758,47.69019166666667,-91290.14725270143,True
7011,138.03,41.409,138.03,413406.0719999997,-7873.720836034743,47.66752083333334,-91244.21477353475,True
7012,152.99,45.897,152.99,413451.9689999997,-7919.61783603474,47.66482083333334,-91237.7246527014,True
7013,128.76,38.62799999999999,128.76,413490.5969999997,-7958.245836034766,47.65396249999999,-91209.71832353475,True
7014,118.72,35.616,118.72,413526.2129999997,-7993.861836034746,47.632891666666666,-91160.89068603475,True
7015,145.7,43.71,145.7,413569.9229999997,-8037.571836034767,47.62035833333333,-91135.09712770143,True
7016,132.91,39.873,132.91,413609.79599999974,-8077.444836034789,47.59560833333333,-91084.18576936812,True
7017,129.89,38.96699999999999,129.89,413648.76299999974,-8116.411836034793,47.57942083333334,-91047.3423485348,True
7018,153.28,45.984,153.28,413694.74699999974,-8162.39583603479,47.57384166666667,-91036.02801936812,True
7019,153.12,45.936,153.12,413740.6829999997,-8208.331836034777,47.57002916666667,-91027.75261520145,True
7020,134.35,40.305,134.35,413780.9879999997,-8248.63683603477,47.560408333333335,-91003.74733603478,True
7021,114.53,34.359,114.53,413815.3469999997,-8282.995836034766,47.52965,-90937.05718603476,True
7022,133.59,40.077,133.59,413855.4239999997,-8323.072836034757,47.50428333333333,-90885.5172693681,True
7023,106.59,31.977,106.59,413887.4009999997,-8355.04983603477,47.45484166666666,-90784.10981103475,True
7024,145.79,43.737,145.79,413931.13799999974,-8398.786836034793,47.445529166666674,-90764.22546936813,True
7025,113.67,34.101,113.67,413965.23899999977,-8432.887836034817,47.43494166666666,-90732.51162770147,True
7026,108.71,32.613,108.71,413997.8519999998,-8465.50083603483,47.3962625,-90650.62001103483,True
7027,131.53,39.459,131.53,414037.31099999975,-8504.959836034803,47.389983333333326,-90631.80095270145,True
7028,146.46,43.938,146.46,414081.2489999998,-8548.897836034826,47.37519583333333,-90602.73701936816,True
7029,143.12,42.936,143.12,414124.18499999976,-8591.833836034813,47.35304583333333,-90559.95617353481,True
7030,158.88,47.664,158.88,414171.84899999975,-8639.497836034803,47.3372125,-90532.8754610348,True
7031,128.56,38.568,128.56,414210.4169999998,-8678.065836034832,47.319329166666655,-90493.18596520148,True
7032,125.84,37.752,125.84,414248.16899999976,-8715.81783603481,47.297666666666665,-90446.18583603481,True
7033,140.11,42.033,140.11,414290.20199999976,-8757.850836034806,47.27513333333333,-90402.00610270146,True
7034,146.22,43.866,146.22,414334.06799999974,-8801.716836034786,47.278445833333336,-90404.31434436812,True
7035,145.28,43.584,145.28,414377.6519999997,-8845.30083603476,47.265375,-90378.07271103475,True
7036,136.2,40.85999999999999,136.2,414418.5119999997,-8886.160836034745,47.25920416666667,-90361.02881936809,True
7037,124.75,37.425,124.75,414455.9369999997,-8923.585836034734,47.243270833333334,-90323.74148186807,True
7038,127.61,38.283,127.61,414494.2199999997,-8961.86883603473,47.21795416666667,-90271.18591103474,True
7039,164.09,49.227,164.09,414543.4469999997,-9011.095836034743,47.227387500000006,-90289.42972353475,True
7040,150.94,45.282,150.94,414588.7289999997,-9056.37783603475,47.20834166666667,-90254.72550270142,True
7041,128.59,38.577,128.59,414627.3059999997,-9094.95483603474,47.1851625,-90206.24917353473,True
7042,141.97,42.591,141.97,414669.8969999997,-9137.545836034755,47.16876666666667,-90173.4869693681,True
7043,110.95,33.285,110.95,414703.1819999997,-9170.83083603473,47.152233333333335,-90131.21546936806,True
7044,115.46,34.638,115.46,414737.81999999966,-9205.468836034706,47.11324583333334,-90051.79868603472,True
7045,131.35,39.405,131.35,414777.2249999997,-9244.873836034734,47.11454583333333,-90046.3199402014,True
7046,142.29,42.687,142.29,414819.91199999966,-9287.56083603471,47.1046,-90024.8452360347,True
7047,117.39,35.217,117.39,414855.12899999967,-9322.777836034715,47.086175000000004,-89981.39561103472,True
7048,125.46,37.638,125.46,414892.76699999964,-9360.415836034692,47.0712125,-89946.3316360347,True
7049,130.44,39.132,130.44,414931.8989999996,-9399.547836034675,47.0369375,-89879.74789853468,True
7050,126.57,37.971,126.57,414969.86999999965,-9437.518836034695,47.03015,-89859.07533603469,True
7051,138.65,41.595,138.65,415011.4649999996,-9479.113836034667,47.002475,-89806.34361103467,True
7052,163.26,48.978,163.26,415060.4429999996,-9528.09183603467,46.98641666666667,-89780.89150270134,True
7053,133.62,40.086,133.62,415100.52899999963,-9568.17783603468,46.9635625,-89734.97902353469,True
7054,159.19,47.757,159.19,415148.2859999996,-9615.934836034663,46.94864583333334,-89710.32462770134,True
7055,146.83,44.049,146.83,415192.3349999996,-9659.983836034662,46.923412500000005,-89664.40214853467,True
7056,126.3,37.89,126.3,415230.2249999996,-9697.873836034676,46.907962500000004,-89629.04193603469,True
7057,125.46,37.638,125.46,415267.8629999996,-9735.511836034653,46.88184583333333,-89575.29529020132,True
7058,125.29,37.587,125.29,415305.4499999996,-9773.098836034653,46.862895833333326,-89533.74754436797,True
7059,182.45,54.73499999999999,182.45,415360.1849999996,-9827.833836034639,46.84862083333333,-89517.33787353463,True
7060,170.91,51.273,170.91,415411.4579999996,-9879.106836034625,46.84271666666667,-89511.72516936796,True
7061,133.57,40.071,133.57,415451.5289999996,-9919.177836034622,46.80324166666666,-89437.88542770127,True
7062,130.34,39.102,130.34,415490.6309999996,-9958.279836034635,46.784924999999994,-89399.08248603462,True
7063,131.04,39.312,131.04,415529.94299999956,-9997.591836034611,46.76472916666667,-89357.33723186795,True
7064,116.46,34.937999999999995,116.46,415564.8809999996,-10032.529836034635,46.74502083333333,-89312.08516936796,True
7065,127.85,38.355,127.85,415603.23599999957,-10070.884836034616,46.73240833333334,-89282.31696103462,True
7066,122.3,36.69,122.3,415639.92599999957,-10107.574836034619,46.717079166666664,-89246.30694436794,True
7067,134.5,40.35,134.5,415680.27599999955,-10147.924836034596,46.70575,-89220.7595860346,True
7068,120.78,36.234,120.78,415716.50999999954,-10184.158836034592,46.66470416666667,-89140.83828603459,True
7069,150.28,45.084,150.28,415761.5939999995,-10229.242836034566,46.657716666666666,-89127.4417193679,True
7070,127.44,38.232,127.44,415799.82599999954,-10267.474836034584,46.64062916666667,-89090.13812770126,True
7071,134.12,40.236,134.12,415840.0619999995,-10307.71083603456,46.620625,-89049.94646103456,True
7072,154.35,46.305,154.35,415886.3669999995,-10354.015836034552,46.6203625,-89049.18773603455,True
7073,168.64,50.59199999999999,168.64,415936.9589999995,-10404.607836034556,46.624395833333324,-89059.96360686788,True
7074,154.24,46.272,154.24,415983.2309999995,-10450.879836034554,46.62109583333333,-89054.04741103454,True
7075,180.16,54.048,180.16,416037.2789999995,-10504.927836034563,46.61645416666666,-89053.65310686787,True
7076,124.86,37.458,124.86,416074.7369999995,-10542.385836034548,46.60690416666667,-89028.41245270123,True
7077,139.6,41.88,139.6,416116.6169999995,-10584.265836034552,46.60440833333333,-89019.48506103455,True
7078,132.89,39.867,132.89,416156.48399999953,-10624.13283603458,46.5949625,-88996.85976103458,True
7079,116.89,35.067,116.89,416191.5509999995,-10659.19983603456,46.55473333333334,-88917.7065693679,True
7080,134.13,40.239,134.13,416231.7899999995,-10699.438836034562,46.54102083333334,-88888.35383603457,True
7081,119.34,35.802,119.34,416267.59199999954,-10735.240836034587,46.5148125,-88833.61102353458,True
7082,152.02,45.606,152.02,416313.19799999957,-10780.846836034616,46.502775,-88812.50328603461,True
7083,112.87,33.861,112.87,416347.05899999954,-10814.707836034591,46.47885416666667,-88759.7462735346,True
7084,126.74,38.022,126.74,416385.08099999954,-10852.729836034589,46.424529166666666,-88660.24071936792,True
7085,138.8,41.64,138.8,416426.72099999955,-10894.369836034602,46.417699999999996,-88644.0173360346,True
7086,143.47,43.041,143.47,416469.7619999996,-10937.410836034629,46.40978333333332,-88627.38813603461,True
7087,132.29,39.687,132.29,416509.44899999956,-10977.097836034605,46.39586666666667,-88597.38276936795,True
7088,112.95,33.885,112.95,416543.33399999957,-11010.982836034615,46.369724999999995,-88541.1630360346,True
7089,121.42,36.426,121.42,416579.75999999954,-11047.408836034592,46.36492083333333,-88523.19154853458,True
7090,130.57,39.171,130.57,416618.9309999995,-11086.579836034565,46.35477083333333,-88499.04712770123,True
7091,137.34,41.202,137.34,416660.1329999995,-11127.781836034555,46.35568333333333,-88495.41731936789,True
7092,123.8,37.14,123.8,416697.2729999995,-11164.92183603457,46.340816666666676,-88461.40403603458,True
7093,143.61,43.083000000000006,143.61,416740.3559999995,-11208.004836034554,46.32514583333334,-88432.02294020123,True
7094,112.57,33.770999999999994,112.57,416774.1269999995,-11241.775836034562,46.310258333333344,-88394.66621936791,True
7095,124.45,37.335,124.45,416811.46199999953,-11279.110836034582,46.30197916666667,-88371.90614853459,True
7096,134.75,40.425,134.75,416851.8869999995,-11319.53583603457,46.283975,-88336.07023603457,True
7097,119.33,35.799,119.33,416887.6859999995,-11355.33483603457,46.26847083333333,-88299.8018318679,True
7098,130.85,39.255,130.85,416926.9409999995,-11394.589836034575,46.24281250000001,-88250.14421103458,True
7099,147.73,44.319,147.73,416971.25999999954,-11438.908836034592,46.239225,-88242.26156103458,True
7100,113.63,34.089,113.63,417005.3489999995,-11472.99783603457,46.20358333333333,-88170.94616936789,True
7101,136.55,40.965,136.55,417046.31399999955,-11513.962836034596,46.169574999999995,-88109.28776103459,True
7102,163.43,49.029,163.43,417095.3429999995,-11562.991836034576,46.166137500000005,-88106.44781103458,True
7103,117.62,35.286,117.62,417130.62899999955,-11598.277836034598,46.14368333333334,-88058.36111936795,True
7104,138.06,41.418,138.06,417172.04699999955,-11639.695836034603,46.11634166666667,-88008.3576360346,True
7105,137.44,41.232,137.44,417213.2789999996,-11680.927836034622,46.10143333333333,-87978.80000270129,True
7106,159.68,47.904,159.68,417261.18299999955,-11728.831836034602,46.106833333333334,-87989.53416936794,True
7107,153.82,46.146,153.82,417307.32899999956,-11774.97783603461,46.07740833333333,-87940.9338110346,True
7108,112.38,33.714,112.38,417341.04299999954,-11808.691836034588,46.05637083333333,-87893.81645270126,True
7109,129.25,38.775,129.25,417379.81799999956,-11847.466836034611,46.04024166666667,-87859.90582770128,True
7110,146.71,44.013,146.71,417423.83099999954,-11891.479836034589,46.020387500000005,-87825.1192110346,True
7111,131.55,39.465,131.55,417463.29599999957,-11930.944836034614,45.9874625,-87764.2704985346,True
7112,110.96,33.288,110.96,417496.58399999957,-11964.232836034615,45.965962499999996,-87716.13903603461,True
7113,107.6,32.279999999999994,107.6,417528.8639999996,-11996.512836034643,45.9439625,-87666.21907353464,True
7114,143.8,43.14,143.8,417572.0039999996,-12039.652836034657,45.94476250000001,-87664.73191103467,True
7115,109.19,32.757,109.19,417604.7609999996,-12072.40983603464,45.925179166666666,-87619.3295652013,True
7116,127.42,38.226,127.42,417642.9869999996,-12110.635836034664,45.894937500000005,-87561.91308603468,True
7117,117.05,35.114999999999995,117.05,417678.1019999996,-12145.750836034655,45.871316666666665,-87512.32411936799,True
7118,119.1,35.73,119.1,417713.8319999996,-12181.480836034636,45.84917083333333,-87465.81934436796,True
7119,131.81,39.543,131.81,417753.3749999996,-12221.023836034641,45.83098333333334,-87429.66748603465,True
7120,122.92,36.876,122.92,417790.2509999996,-12257.89983603463,45.81590416666667,-87395.98266936796,True
7121,121.96,36.588,121.96,417826.83899999957,-12294.48783603462,45.77995416666667,-87327.8327152013,True
7122,148.02,44.406,148.02,417871.2449999996,-12338.893836034636,45.76752499999999,-87306.09978603463,True
7123,143.2,42.96,143.2,417914.2049999996,-12381.853836034657,45.75222916666666,-87278.25298186798,True
7124,121.8,36.54,121.8,417950.7449999996,-12418.393836034636,45.73155416666666,-87235.2164527013,True
7125,141.08,42.324000000000005,141.08,417993.0689999996,-12460.717836034659,45.728049999999996,-87226.07958603466,True
7126,141.84,42.552,141.84,418035.62099999964,-12503.269836034684,45.70425416666667,-87184.02114436803,True
7127,152.21,45.663,152.21,418081.28399999964,-12548.932836034684,45.700495833333335,-87177.84253186802,True
7128,188.41,56.523,188.41,418137.8069999996,-12605.455836034671,45.68546250000001,-87164.13063603468,True
7129,151.5,45.45,151.5,418183.25699999963,-12650.905836034683,45.679575,-87154.29266103468,True
7130,181.21,54.363,181.21,418237.61999999965,-12705.268836034695,45.694675,-87187.58908603468,True
7131,130.38,39.114,130.38,418276.73399999965,-12744.382836034696,45.65586666666667,-87117.7896360347,True
7132,134.74,40.422,134.74,418317.15599999967,-12784.804836034717,45.62799999999999,-87067.18883603471,True
7133,125.75,37.725,125.75,418354.88099999964,-12822.529836034693,45.605774999999994,-87023.12576103468,True
7134,136.16,40.848,136.16,418395.72899999964,-12863.377836034691,45.56707083333333,-86955.43501103469,True
7135,109.86,32.958,109.86,418428.6869999996,-12896.335836034676,45.541683333333324,-86901.57125270132,True
7136,127.56,38.268,127.56,418466.9549999996,-12934.603836034657,45.53480833333333,-86883.13256936798,True
7137,133.76,40.12799999999999,133.76,418507.08299999963,-12974.731836034684,45.5227375,-86858.13479853468,True
7138,86.93,26.079,86.93,418533.16199999966,-13000.81083603471,45.493316666666665,-86790.97046936804,True
7139,128.58,38.574000000000005,128.58,418571.7359999997,-13039.384836034733,45.487362499999996,-86774.39944853472,True
7140,127.24,38.172,127.24,418609.9079999997,-13077.556836034753,45.478904166666666,-86753.38158603475,True
7141,127.41,38.223,127.41,418648.1309999997,-13115.779836034751,45.47104166666667,-86733.3962943681,True
7142,144.48,43.344,144.48,418691.4749999997,-13159.123836034734,45.4640875,-86720.01741103473,True
7143,133.32,39.996,133.32,418731.47099999967,-13199.119836034719,45.4540875,-86698.37932353473,True
7144,127.26,38.178,127.26,418769.6489999997,-13237.297836034733,45.44605833333333,-86678.1281027014,True
7145,140.95,42.285,140.95,418811.93399999966,-13279.582836034708,45.44648333333333,-86675.65341936804,True
7146,138.43,41.529,138.43,418853.46299999964,-13321.111836034688,45.4415,-86663.69283603468,True
7147,114.37,34.311,114.37,418887.7739999996,-13355.422836034675,45.420162499999996,-86618.14494853467,True
7148,138.23,41.469,138.23,418929.2429999996,-13396.891836034658,45.40573333333334,-86590.933969368,True
7149,137.79,41.337,137.79,418970.5799999996,-13438.228836034657,45.38115833333333,-86547.27491103465,True
7150,178.17,53.45099999999999,178.17,419024.0309999996,-13491.679836034658,45.38413333333334,-86560.13450270133,True
7151,130.29,39.087,130.29,419063.1179999996,-13530.766836034658,45.374520833333335,-86538.370856868,True
7152,159.83,47.949000000000005,159.83,419111.06699999963,-13578.71583603468,45.37099166666667,-86535.27043603468,True
7153,155.12,46.536,155.12,419157.60299999965,-13625.251836034702,45.348058333333334,-86499.58157770136,True
7154,127.12,38.136,127.12,419195.73899999965,-13663.3878360347,45.320116666666664,-86447.49520270136,True
7155,128.72,38.616,128.72,419234.35499999963,-13702.00383603468,45.29858333333333,-86406.23008603469,True
7156,111.93,33.579,111.93,419267.93399999966,-13735.582836034708,45.279095833333336,-86363.25255270138,True
7157,113.25,33.975,113.25,419301.90899999964,-13769.557836034684,45.254912499999996,-86313.18257353468,True
7158,128.63,38.589,128.63,419340.4979999996,-13808.146836034663,45.246449999999996,-86292.95973603465,True
7159,130.59,39.177,130.59,419379.67499999964,-13847.323836034688,45.2306375,-86261.57447353468,True
7160,142.56,42.768,142.56,419422.4429999996,-13890.09183603467,45.21986666666667,-86241.87850270134,True
7161,110.6,33.18,110.6,419455.6229999996,-13923.271836034663,45.194429166666666,-86189.16407353466,True
7162,115.21,34.562999999999995,115.21,419490.18599999964,-13957.834836034686,45.18085416666667,-86156.83979436803,True
7163,124.27,37.281,124.27,419527.46699999965,-13995.115836034704,45.149975,-86099.6259110347,True
7164,116.79,35.037,116.79,419562.50399999967,-14030.152836034715,45.13727083333333,-86069.23708603471,True
7165,117.99,35.397,117.99,419597.90099999966,-14065.549836034712,45.120954166666664,-86033.47173186803,True
7166,131.06,39.318,131.06,419637.2189999997,-14104.86783603474,45.112675,-86014.47178603474,True
7167,107.79,32.337,107.79,419669.5559999997,-14137.20483603474,45.09299583333333,-85970.34719853474,True
7168,153.77,46.131,153.77,419715.6869999997,-14183.335836034734,45.08883333333333,-85964.7585027014,True
7169,109.79,32.937,109.79,419748.62399999966,-14216.27283603471,45.06352083333333,-85912.33448186803,True
7170,125.5,37.65,125.5,419786.2739999997,-14253.922836034733,45.02480416666667,-85843.36146103474,True
7171,126.35,37.905,126.35,419824.1789999997,-14291.827836034761,45.0148375,-85820.40462353476,True
7172,124.57,37.371,124.57,419861.5499999997,-14329.198836034746,44.97929166666667,-85756.31400270142,True
7173,141.8,42.54,141.8,419904.0899999997,-14371.738836034725,44.95565,-85716.35538603472,True
7174,143.19,42.957,143.19,419947.0469999997,-14414.69583603472,44.94339166666667,-85694.91501936805,True
7175,116.26,34.878,116.26,419981.9249999997,-14449.573836034746,44.917612500000004,-85643.98964853476,True
7176,116.18,34.854,116.18,420016.7789999997,-14484.427836034738,44.88647916666667,-85584.61083603474,True
7177,135.55,40.665,135.55,420057.44399999967,-14525.092836034717,44.86467916666667,-85545.87995686806,True
7178,156.0,46.8,156.0,420104.24399999966,-14571.892836034705,44.86472083333334,-85547.88119436805,True
7179,130.89,39.267,130.89,420143.51099999965,-14611.159836034698,44.839283333333334,-85502.0667860347,True
7180,125.84,37.752,125.84,420181.2629999996,-14648.911836034677,44.83207916666667,-85483.596919368,True
7181,126.21,37.863,126.21,420219.12599999964,-14686.774836034689,44.817191666666666,-85453.12047770135,True
7182,138.65,41.595,138.65,420260.7209999996,-14728.36983603466,44.81163333333333,-85441.12723603466,True
7183,166.74,50.022,166.74,420310.7429999996,-14778.391836034658,44.81028333333334,-85444.20865270133,True
7184,117.15,35.145,117.15,420345.8879999996,-14813.536836034677,44.79761250000001,-85414.57413603469,True
7185,122.02,36.606,122.02,420382.49399999966,-14850.142836034705,44.78306666666667,-85383.4728360347,True
7186,124.97,37.491,124.97,420419.98499999964,-14887.633836034685,44.7420625,-85311.6402110347,True
7187,118.97,35.690999999999995,118.97,420455.6759999996,-14923.324836034677,44.732904166666664,-85288.18309020135,True
7188,146.82,44.046,146.82,420499.7219999996,-14967.37083603465,44.74089166666666,-85300.05253603465,True
7189,147.36,44.208000000000006,147.36,420543.9299999996,-15011.578836034634,44.7470375,-85309.17474853463,True
7190,125.07,37.521,125.07,420581.4509999996,-15049.099836034642,44.73475,-85282.65733603464,True
7191,139.41,41.823,139.41,420623.27399999957,-15090.922836034617,44.734925000000004,-85280.02016103463,True
7192,137.82,41.346,137.82,420664.6199999996,-15132.268836034636,44.724408333333336,-85260.14110270131,True
7193,132.94,39.882,132.94,420704.5019999996,-15172.15083603462,44.69597916666667,-85210.75019020129,True
7194,144.4,43.32,144.4,420747.8219999996,-15215.470836034627,44.689708333333336,-85199.55408603464,True
7195,114.79,34.437,114.79,420782.25899999955,-15249.907836034603,44.6668625,-85153.5476485346,True
7196,122.06,36.618,122.06,420818.8769999996,-15286.52583603462,44.6545,-85126.16383603461,True
7197,164.32,49.296,164.32,420868.17299999954,-15335.821836034593,44.65080833333334,-85125.0352610346,True
7198,177.01,53.103,177.01,420921.27599999955,-15388.924836034596,44.64666666666666,-85127.01816936792,True
7199,133.41,40.023,133.41,420961.29899999953,-15428.947836034582,44.627404166666665,-85092.32574020124,True
7200,122.37,36.711,122.37,420998.00999999954,-15465.658836034592,44.591300000000004,-85028.08683603459,True
7201,124.65,37.395,124.65,421035.40499999956,-15503.05383603461,44.561370833333335,-84974.23096520128,True
7202,119.71,35.913,119.71,421071.31799999956,-15538.966836034611,44.535149999999994,-84924.7305360346,True
7203,117.26,35.178,117.26,421106.4959999996,-15574.144836034626,44.5191625,-84890.48084853463,True
7204,141.18,42.354,141.18,421148.84999999957,-15616.498836034618,44.51237916666667,-84877.76081936795,True
7205,142.97,42.891,142.97,421191.7409999996,-15659.389836034621,44.4984375,-84854.46014853462,True
7206,115.21,34.562999999999995,115.21,421226.3039999996,-15693.952836034645,44.486041666666665,-84825.26158603464,True
7207,138.04,41.412,138.04,421267.7159999996,-15735.364836034656,44.475029166666666,-84805.08513186799,True
7208,127.73,38.319,127.73,421306.0349999996,-15773.683836034674,44.453941666666665,-84766.20130270135,True
7209,123.56,37.068,123.56,421343.10299999965,-15810.751836034702,44.439770833333334,-84736.83639853471,True
7210,148.59,44.577,148.59,421387.67999999964,-15855.328836034692,44.443979166666665,-84743.49654436803,True
7211,134.34,40.302,134.34,421427.98199999967,-15895.630836034718,44.43249583333333,-84721.56688186804,True
7212,118.29,35.487,118.29,421463.4689999997,-15931.11783603474,44.42015416666666,-84693.51648603473,True
7213,117.23,35.169,117.23,421498.6379999997,-15966.286836034735,44.40403333333334,-84659.32640270141,True
7214,126.52,37.956,126.52,421536.5939999997,-16004.24283603474,44.385979166666665,-84624.9666277014,True
7215,149.19,44.757,149.19,421581.3509999997,-16048.999836034724,44.3671375,-84596.22727353472,True
7216,192.23,57.669,192.23,421639.01999999967,-16106.668836034718,44.378366666666665,-84626.86696936804,True
7217,118.85,35.654999999999994,118.85,421674.6749999997,-16142.323836034746,44.3657375,-84598.65679853475,True
7218,136.35,40.905,136.35,421715.5799999997,-16183.228836034774,44.35787916666666,-84583.07851103476,True
7219,213.86,64.158,213.86,421779.7379999997,-16247.38683603477,44.38559166666667,-84645.5835943681,True
7220,110.46,33.138,110.46,421812.8759999997,-16280.524836034747,44.367075,-84605.82033603474,True
7221,145.2,43.56,145.2,421856.4359999997,-16324.084836034745,44.34766666666667,-84575.14383603475,True
7222,127.1,38.13,127.1,421894.5659999997,-16362.21483603475,44.34361666666667,-84562.69726936809,True
7223,127.41,38.223,127.41,421932.7889999997,-16400.437836034747,44.329504166666666,-84534.88574020141,True
7224,142.51,42.75299999999999,142.51,421975.5419999997,-16443.190836034773,44.325245833333334,-84526.76843603478,True
7225,129.01,38.703,129.01,422014.2449999997,-16481.893836034753,44.30305416666667,-84487.08198186809,True
7226,146.01,43.803,146.01,422058.0479999997,-16525.696836034767,44.275329166666666,-84444.05177770143,True
7227,135.79,40.737,135.79,422098.78499999974,-16566.43383603479,44.267525,-84428.54966103479,True
7228,142.31,42.693,142.31,422141.47799999977,-16609.12683603482,44.26337916666667,-84420.62371936816,True
7229,125.06,37.518,125.06,422178.99599999975,-16646.6448360348,44.247954166666666,-84390.26266520147,True
7230,166.41,49.923,166.41,422228.91899999976,-16696.56783603481,44.23014166666667,-84368.68458603481,True
7231,108.56,32.568,108.56,422261.4869999998,-16729.13583603484,44.21265833333334,-84330.2904277015,True
7232,116.92,35.076,116.92,422296.5629999998,-16764.21183603484,44.198483333333336,-84299.49436936817,True
7233,133.82,40.146,133.82,422336.7089999998,-16804.357836034847,44.18369583333334,-84272.86137353485,True
7234,120.13,36.039,120.13,422372.7479999998,-16840.396836034837,44.162641666666666,-84232.58801936817,True
7235,96.69,29.007,96.69,422401.7549999998,-16869.40383603482,44.1306375,-84168.62602353482,True
7236,98.67,29.601,98.67,422431.3559999998,-16899.004836034845,44.093424999999996,-84097.38453603484,True
7237,135.64,40.69199999999999,135.64,422472.0479999998,-16939.696836034826,44.072275,-84061.77166103483,True
7238,92.51,27.753,92.51,422499.8009999998,-16967.44983603485,44.05153333333333,-84013.88356936818,True
7239,121.23,36.369,121.23,422536.1699999998,-17003.818836034858,44.043,-83993.22183603486,True
7240,111.34,33.402,111.34,422569.5719999998,-17037.22083603486,44.017116666666666,-83943.2381693682,True
7241,132.0,39.6,132.0,422609.1719999998,-17076.820836034836,44.01,-83928.01083603484,True
7242,118.03,35.409,118.03,422644.5809999998,-17112.22983603482,43.99348333333334,-83894.33753603483,True
7243,160.92,48.276,160.92,422692.8569999998,-17160.505836034834,43.9908,-83894.54943603484,True
7244,147.72,44.316,147.72,422737.1729999998,-17204.821836034826,43.975575,-83871.79353603482,True
7245,124.05,37.215,124.05,422774.3879999998,-17242.03683603485,43.9574875,-83837.63039853485,True
7246,141.55,42.465,141.55,422816.8529999998,-17284.501836034877,43.933679166666664,-83800.0920943682,True
7247,136.16,40.848,136.16,422857.7009999998,-17325.349836034875,43.9206375,-83777.27437353488,True
7248,131.8,39.54,131.8,422897.2409999998,-17364.889836034854,43.91417083333334,-83763.11613603486,True
7249,173.03,51.909,173.03,422949.1499999998,-17416.79883603484,43.91187083333333,-83767.63566520151,True
7250,131.22,39.366,131.22,422988.51599999977,-17456.16483603482,43.8982625,-83742.54121103483,True
7251,131.6,39.48,131.6,423027.99599999975,-17495.6448360348,43.88652916666667,-83720.4173485348,True
7252,129.33,38.799,129.33,423066.79499999975,-17534.4438360348,43.87478333333333,-83697.61710270146,True
7253,109.05,32.715,109.05,423099.5099999998,-17567.158836034825,43.856320833333335,-83658.63433186816,True
7254,133.69,40.107,133.69,423139.6169999998,-17607.265836034843,43.84615,-83639.56773603485,True
7255,122.26,36.678,122.26,423176.2949999998,-17643.943836034858,43.826375,-83602.63821103485,True
7256,99.11,29.733,99.11,423206.0279999998,-17673.676836034865,43.79100416666667,-83535.34710270153,True
7257,136.17,40.85099999999999,136.17,423246.87899999984,-17714.52783603489,43.78855,-83528.7184860349,True
7258,114.25,34.275,114.25,423281.15399999986,-17748.802836034913,43.76788333333333,-83488.16360270158,True
7259,133.6,40.08,133.6,423321.2339999999,-17788.88283603493,43.75987083333333,-83472.44895686826,True
7260,107.27,32.181,107.27,423353.41499999986,-17821.06383603491,43.7231125,-83405.73258603491,True
7261,98.2,29.46,98.2,423382.8749999999,-17850.523836034932,43.70321666666666,-83361.64561936827,True
7262,103.77,31.131,103.77,423414.0059999999,-17881.654836034926,43.6915125,-83331.54056103493,True
7263,136.21,40.863,136.21,423454.8689999999,-17922.51783603494,43.693158333333336,-83331.17586103495,True
7264,105.56,31.668,105.56,423486.5369999999,-17954.185836034943,43.66709583333333,-83280.1612027016,True
7265,130.67,39.20099999999999,130.67,423525.7379999999,-17993.386836034944,43.65804583333333,-83262.16535686827,True
7266,137.12,41.136,137.12,423566.8739999999,-18034.522836034943,43.6535375,-83252.90786103494,True
7267,115.54,34.662,115.54,423601.5359999999,-18069.184836034954,43.647245833333336,-83234.52286520162,True
7268,127.21,38.163,127.21,423639.6989999999,-18107.347836034955,43.621433333333336,-83190.5263693683,True
7269,144.37,43.311,144.37,423683.0099999999,-18150.65883603494,43.61577916666667,-83181.78557353494,True
7270,137.57,41.271,137.57,423724.2809999999,-18191.92983603495,43.612587500000004,-83174.68521103496,True
7271,140.22,42.066,140.22,423766.3469999999,-18233.99583603494,43.58819166666667,-83136.81322770161,True
7272,146.91,44.073,146.91,423810.41999999987,-18278.068836034916,43.58443333333334,-83131.70563603492,True
7273,129.82,38.946,129.82,423849.36599999986,-18317.014836034912,43.56386666666667,-83096.48456936824,True
7274,142.64,42.792,142.64,423892.1579999999,-18359.806836034928,43.55107916666667,-83076.71047770159,True
7275,122.63,36.789,122.63,423928.94699999987,-18396.595836034918,43.53654583333333,-83048.36639853491,True
7276,151.99,45.597,151.99,423974.5439999999,-18442.192836034927,43.52189583333333,-83028.68625270159,True
7277,114.42,34.326,114.42,424008.8699999999,-18476.518836034928,43.50024583333333,-82987.38340686826,True
7278,124.72,37.416,124.72,424046.2859999999,-18513.934836034954,43.48479583333334,-82958.40226103496,True
7279,102.78,30.834,102.78,424077.1199999999,-18544.768836034928,43.466975000000005,-82919.35881103494,True
7280,130.12,39.036,130.12,424116.1559999999,-18583.80483603495,43.453916666666665,-82895.60150270161,True
7281,136.79,41.037,136.79,424157.1929999999,-18624.84183603496,43.43428333333333,-82864.14688603496,True
7282,97.27,29.181,97.27,424186.3739999999,-18654.022836034943,43.4134375,-82819.08346103494,True
7283,143.07,42.921,143.07,424229.29499999987,-18696.943836034916,43.4077875,-82810.24597353491,True
7284,139.16,41.748,139.16,424271.0429999999,-18738.691836034937,43.40165416666667,-82799.53338603493,True
7285,114.99,34.497,114.99,424305.53999999986,-18773.18883603491,43.38894166666667,-82771.87779436825,True
7286,107.19,32.157,107.19,424337.69699999987,-18805.345836034918,43.380424999999995,-82748.09228603491,True
7287,142.54,42.76199999999999,142.54,424380.45899999986,-18848.107836034906,43.380295833333335,-82747.28359853491,True
7288,170.85,51.255,170.85,424431.71399999986,-18899.36283603491,43.384479166666665,-82761.31616936825,True
7289,119.45,35.835,119.45,424467.5489999999,-18935.19783603493,43.34509583333333,-82695.83380686826,True
7290,105.19,31.557,105.19,424499.10599999985,-18966.754836034903,43.31545833333333,-82640.47858603491,True
7291,148.15,44.445,148.15,424543.55099999986,-19011.19983603491,43.3149,-82640.7879360349,True
7292,135.09,40.527,135.09,424584.07799999986,-19051.72683603491,43.30107916666667,-82617.71105270158,True
7293,133.35,40.005,133.35,424624.08299999987,-19091.731836034916,43.28121666666667,-82585.27668603492,True
7294,131.65,39.495,131.65,424663.57799999986,-19131.22683603491,43.232375000000005,-82509.88858603491,True
7295,147.52,44.256,147.52,424707.83399999986,-19175.482836034906,43.228975,-82505.93121103491,True
7296,128.96,38.688,128.96,424746.5219999999,-19214.17083603493,43.2166875,-82483.40133603493,True
7297,139.34,41.802,139.34,424788.3239999999,-19255.972836034955,43.19759583333333,-82454.05554020162,True
7298,117.02,35.105999999999995,117.02,424823.42999999993,-19291.078836034983,43.170725,-82406.67878603499,True
7299,137.88,41.364,137.88,424864.79399999994,-19332.442836034985,43.164429166666665,-82395.67384853499,True
7300,159.34,47.802,159.34,424912.59599999996,-19380.24483603501,43.162908333333334,-82398.09100270168,True
7301,130.05,39.015,130.05,424951.611,-19419.259836035024,43.15925,-82388.60558603503,True
7302,117.79,35.337,117.79,424986.948,-19454.596836035023,43.146274999999996,-82361.86578603502,True
7303,151.18,45.354,151.18,425032.30199999997,-19499.950836035016,43.1524375,-82373.05227353501,True
7304,115.59,34.677,115.59,425066.979,-19534.62783603504,43.140587499999995,-82347.32323603504,True
7305,131.28,39.384,131.28,425106.363,-19574.01183603506,43.12725416666667,-82324.16664853506,True
7306,100.51,30.153,100.51,425136.516,-19604.164836035052,43.1115625,-82288.37671103505,True
7307,138.74,41.622,138.74,425178.138,-19645.786836035026,43.11023333333333,-82284.95586936836,True
7308,136.74,41.022,136.74,425219.16,-19686.808836035023,43.10456666666666,-82274.63963603502,True
7309,106.21,31.863,106.21,425251.023,-19718.671836035035,43.09332916666666,-82247.09245686835,True
7310,131.85,39.555,131.85,425290.578,-19758.226836035028,43.088879166666665,-82237.10162770169,True
7311,99.53,29.859,99.53,425320.437,-19788.085836035025,43.079275,-82209.95531103504,True
7312,104.4,31.32,104.4,425351.757,-19819.405836035032,43.05222916666666,-82159.03366936836,True
7313,126.28,37.884,126.28,425389.641,-19857.289836035052,43.03782916666666,-82133.02864020171,True
7314,126.55,37.965,126.55,425427.606,-19895.254836035077,43.0191375,-82100.92766103508,True
7315,123.02,36.906,123.02,425464.51200000005,-19932.160836035095,42.997262500000005,-82063.20514853511,True
7316,146.95,44.085,146.95,425508.59700000007,-19976.245836035116,42.9805875,-82040.21418603511,True
7317,121.36,36.408,121.36,425545.00500000006,-20012.65383603511,42.96494583333333,-82011.07067353511,True
7318,132.75,39.825,132.75,425584.8300000001,-20052.478836035123,42.952708333333334,-81990.2842527018,True
7319,134.79,40.437,134.79,425625.26700000005,-20092.9158360351,42.94234583333333,-81972.83618186842,True
7320,155.18,46.554,155.18,425671.82100000005,-20139.469836035103,42.93414583333333,-81964.6398360351,True
7321,149.14,44.742,149.14,425716.5630000001,-20184.21183603513,42.93284583333333,-81964.5769902018,True
7322,142.28,42.684,142.28,425759.2470000001,-20226.89583603514,42.93333749999999,-81965.03516103514,True
7323,116.79,35.037,116.79,425794.2840000001,-20261.93283603515,42.896966666666664,-81904.87393603515,True
7324,113.32,33.995999999999995,113.32,425828.2800000001,-20295.928836035135,42.867629166666674,-81853.84431936848,True
7325,115.41,34.623,115.41,425862.9030000001,-20330.551836035156,42.84412916666667,-81811.87719020183,True
7326,139.75,41.925,139.75,425904.8280000001,-20372.476836035145,42.8454375,-81812.83421103515,True
7327,123.81,37.143,123.81,425941.9710000001,-20409.619836035126,42.83060833333333,-81785.88157770179,True
7328,119.01,35.703,119.01,425977.67400000006,-20445.322836035106,42.797604166666666,-81731.49200270177,True
7329,105.64,31.692,105.64,426009.36600000004,-20477.014836035087,42.77115833333333,-81682.54241103509,True
7330,103.94,31.182,103.94,426040.548,-20508.19683603506,42.73899166666667,-81624.9549193684,True
7331,100.35,30.105,100.35,426070.653,-20538.30183603504,42.7146125,-81577.48309853504,True
7332,118.4,35.52,118.4,426106.173,-20573.82183603506,42.70124166666667,-81551.19493603506,True
7333,96.32,28.896,96.32,426135.069,-20602.717836035066,42.674304166666666,-81498.94988186841,True
7334,104.66,31.398,104.66,426166.467,-20634.115836035053,42.657962500000004,-81464.37036103505,True
7335,99.53,29.859,99.53,426196.326,-20663.97483603505,42.6395125,-81425.28014853505,True
7336,102.12,30.636,102.12,426226.962,-20694.610836035048,42.6200125,-81385.50863603505,True
7337,122.63,36.789,122.63,426263.751,-20731.399836035038,42.60350416666666,-81356.18626520169,True
7338,164.6,49.38,164.6,426313.131,-20780.779836035043,42.61900416666667,-81385.00376103504,True
7339,150.88,45.264,150.88,426358.395,-20826.043836035067,42.59745,-81357.02028603507,True
7340,135.37,40.611,135.37,426399.006,-20866.654836035043,42.582575000000006,-81333.91133603506,True
7341,112.75,33.825,112.75,426432.831,-20900.479836035054,42.546683333333334,-81274.22348603506,True
7342,179.32,53.796,179.32,426486.627,-20954.275836035027,42.55560416666667,-81298.12254436837,True
7343,124.21,37.263,124.21,426523.88999999996,-20991.538836035004,42.5409375,-81272.047273535,True
7344,131.46,39.438,131.46,426563.328,-21030.976836035028,42.516262499999996,-81234.00453603502,True
7345,133.4,40.02,133.4,426603.348,-21070.996836035047,42.51077083333333,-81223.7375652017,True
7346,137.17,41.151,137.17,426644.499,-21112.14783603506,42.476058333333334,-81173.2943193684,True
7347,124.17,37.251,124.17,426681.75,-21149.39883603505,42.45439583333333,-81137.46014853504,True
7348,102.73,30.819,102.73,426712.569,-21180.217836035066,42.40282083333333,-81053.00085270172,True
7349,109.06,32.718,109.06,426745.287,-21212.93583603506,42.375504166666666,-81004.77221520172,True
7350,107.66,32.297999999999995,107.66,426777.585,-21245.23383603507,42.36658333333334,-80982.11633603508,True
7351,114.26,34.278,114.26,426811.863,-21279.51183603506,42.34634166666667,-80945.5072443684,True
7352,115.31,34.593,115.31,426846.456,-21314.104836035054,42.330933333333334,-80916.05896936839,True
7353,108.66,32.598,108.66,426879.054,-21346.702836035052,42.30875833333334,-80875.12581103506,True
7354,112.02,33.605999999999995,112.02,426912.66000000003,-21380.30883603508,42.27503333333333,-80819.00570270175,True
7355,124.31,37.293,124.31,426949.95300000004,-21417.601836035086,42.2654875,-80800.61177353509,True
7356,105.85,31.754999999999995,105.85,426981.70800000004,-21449.35683603509,42.243387500000004,-80759.0728860351,True
7357,133.33,39.999,133.33,427021.70700000005,-21489.3558360351,42.24065,-80752.98778603511,True
7358,129.58,38.874,129.58,427060.58100000006,-21528.229836035112,42.23985,-80748.49953603512,True
7359,109.9,32.97,109.9,427093.55100000004,-21561.199836035084,42.21140833333333,-80699.38291103508,True
7360,168.71,50.613,168.71,427144.16400000005,-21611.812836035097,42.21416666666667,-80711.64616936844,True
7361,109.79,32.937,109.79,427177.101,-21644.749836035073,42.19532916666667,-80676.01534020173,True
7362,112.9,33.87,112.9,427210.971,-21678.619836035068,42.1758375,-80640.44066103507,True
7363,115.76,34.728,115.76,427245.699,-21713.34783603507,42.1577,-80607.65473603507,True
7364,154.01,46.203,154.01,427291.902,-21759.55083603505,42.15419583333333,-80606.80821936838,True
7365,133.35,40.005,133.35,427331.907,-21799.555836035055,42.145158333333335,-80592.05171103505,True
7366,129.1,38.73,129.1,427370.637,-21838.285836035036,42.12607083333334,-80562.02857770171,True
7367,117.28,35.184,117.28,427405.821,-21873.469836035045,42.113575,-80537.67981103505,True
7368,123.17,36.951,123.17,427442.772,-21910.420836035046,42.095324999999995,-80507.11323603505,True
7369,118.91,35.672999999999995,118.91,427478.445,-21946.093836035056,42.0724875,-80468.92394853506,True
7370,115.56,34.668,115.56,427513.113,-21980.76183603506,42.046458333333334,-80425.3389193684,True
7371,138.98,41.694,138.98,427554.80700000003,-22022.45583603508,42.03456666666666,-80408.46893603507,True
7372,118.41,35.523,118.41,427590.33,-22057.978836035065,42.012683333333335,-80371.58330270174,True
7373,134.78,40.434,134.78,427630.764,-22098.412836035073,42.00380833333334,-80357.69499436842,True
7374,114.39,34.317,114.39,427665.081,-22132.729836035054,41.98897916666667,-80329.45496103505,True
7375,115.29,34.587,115.29,427699.668,-22167.316836035054,41.9811375,-80311.19227353507,True
7376,116.52,34.956,116.52,427734.624,-22202.27283603506,41.96588333333333,-80283.05536936839,True
7377,133.48,40.044,133.48,427774.668,-22242.316836035054,41.9556875,-80267.03264853507,True
7378,163.79,49.13699999999999,163.79,427823.805,-22291.45383603504,41.969899999999996,-80293.85563603503,True
7379,124.39,37.317,124.39,427861.122,-22328.770836035023,41.95034999999999,-80262.20418603501,True
7380,119.58,35.873999999999995,119.58,427896.996,-22364.644836035033,41.949825,-80255.40333603503,True
7381,155.45,46.635,155.45,427943.631,-22411.279836035043,41.952845833333335,-80264.25424020171,True
7382,106.11,31.833,106.11,427975.464,-22443.112836035027,41.92525833333333,-80216.11881936836,True
7383,121.69,36.507,121.69,428011.97099999996,-22479.61983603501,41.9105625,-80190.464398535,True
7384,114.62,34.386,114.62,428046.35699999996,-22514.00583603501,41.890166666666666,-80154.87516936834,True
7385,130.41,39.123,130.41,428085.48,-22553.12883603503,41.879149999999996,-80136.96008603502,True
7386,141.0,42.3,141.0,428127.77999999997,-22595.42883603502,41.8766875,-80133.99746103503,True
7387,119.72,35.916,119.72,428163.696,-22631.344836035045,41.864466666666665,-80111.25756936838,True
7388,157.81,47.343,157.81,428211.039,-22678.68783603504,41.862745833333335,-80114.37511936837,True
7389,158.33,47.499,158.33,428258.538,-22726.18683603505,41.8654625,-80123.73592353505,True
7390,150.89,45.267,150.89,428303.805,-22771.45383603504,41.86880833333333,-80131.7212527017,True
7391,129.63,38.889,129.63,428342.694,-22810.342836035066,41.84864583333333,-80101.1389818684,True
7392,142.7,42.81,142.7,428385.504,-22853.152836035064,41.84047916666667,-80090.92833603507,True
7393,109.59,32.877,109.59,428418.381,-22886.029836035043,41.81118333333333,-80041.91745270172,True
7394,169.86,50.958000000000006,169.86,428469.339,-22936.987836035027,41.8235625,-80067.97421103503,True
7395,136.11,40.833000000000006,136.11,428510.17199999996,-22977.82083603501,41.81503333333333,-80055.34133603501,True
7396,107.91,32.373,107.91,428542.545,-23010.193836035032,41.793795833333334,-80016.93135270171,True
7397,148.1,44.43,148.1,428586.975,-23054.623836035025,41.789791666666666,-80014.10987770169,True
7398,105.7,31.71,105.7,428618.685,-23086.333836035046,41.773875,-79982.35158603505,True
7399,137.4,41.22,137.4,428659.90499999997,-23127.55383603502,41.767745833333336,-79973.45591520169,True
7400,114.41,34.323,114.41,428694.22799999994,-23161.876836034993,41.75497083333334,-79948.63716936833,True
7401,120.96,36.288,120.96,428730.51599999995,-23198.164836034994,41.740695833333334,-79923.770473535,True
7402,109.64,32.892,109.64,428763.40799999994,-23231.056836034986,41.724975,-79893.57288603499,True
7403,106.89,32.067,106.89,428795.4749999999,-23263.123836034967,41.70370416666667,-79855.05039020164,True
7404,80.87,24.261,80.87,428819.7359999999,-23287.384836034966,41.671533333333336,-79793.98403603496,True
7405,99.33,29.799,99.33,428849.5349999999,-23317.183836034965,41.64613333333333,-79747.69450270163,True
7406,133.27,39.981,133.27,428889.51599999995,-23357.164836034994,41.63860833333333,-79735.84051936833,True
7407,109.6,32.879999999999995,109.6,428922.39599999995,-23390.044836035,41.61740416666667,-79698.392673535,True
7408,131.99,39.597,131.99,428961.99299999996,-23429.641836035007,41.611808333333336,-79688.80670270168,True
7409,108.8,32.64,108.8,428994.633,-23462.28183603502,41.6022875,-79666.97224853502,True
7410,104.92,31.476,104.92,429026.109,-23493.757836035045,41.588345833333335,-79638.02471103505,True
7411,144.68,43.404,144.68,429069.513,-23537.161836035026,41.590470833333335,-79642.7069902017,True
7412,133.22,39.966,133.22,429109.479,-23577.12783603504,41.57860833333333,-79625.09186936836,True
7413,116.61,34.983,116.61,429144.462,-23612.110836035048,41.564366666666665,-79599.31273603505,True
7414,143.4,43.02,143.4,429187.482,-23655.130836035067,41.53360416666666,-79559.3620443684,True
7415,139.03,41.709,139.03,429229.191,-23696.83983603504,41.51915416666667,-79540.10219020171,True
7416,129.69,38.907,129.69,429268.098,-23735.746836035047,41.50920416666667,-79524.11723603506,True
7417,135.82,40.746,135.82,429308.844,-23776.49283603503,41.4987625,-79509.33087353503,True
7418,153.48,46.044,153.48,429354.888,-23822.536836035026,41.496095833333335,-79510.29744436836,True
7419,134.94,40.482,134.94,429395.37,-23863.018836035044,41.48834166666666,-79498.88501103505,True
7420,133.0,39.9,133.0,429435.27,-23902.918836035067,41.483354166666665,-79490.6134193684,True
7421,113.88,34.163999999999994,113.88,429469.434,-23937.082836035057,41.46982916666666,-79465.18409020171,True
7422,123.48,37.044,123.48,429506.478,-23974.12683603505,41.44920416666667,-79433.16201103505,True
7423,130.88,39.264,130.88,429545.742,-24013.390836035076,41.4506,-79432.84303603508,True
7424,109.43,32.829,109.43,429578.57100000005,-24046.219836035103,41.427637499999996,-79393.5435360351,True
7425,116.55,34.965,116.55,429613.5360000001,-24081.18483603513,41.417879166666665,-79374.05352353513,True
7426,112.51,33.753,112.51,429647.2890000001,-24114.937836035155,41.40649583333333,-79351.20327770182,True
7427,131.45,39.435,131.45,429686.7240000001,-24154.372836035152,41.40430833333333,-79346.31584436848,True
7428,124.05,37.215,124.05,429723.93900000013,-24191.587836035178,41.3982,-79333.99023603518,True
7429,119.13,35.739,119.13,429759.67800000013,-24227.32683603518,41.39622083333333,-79325.69676520184,True
7430,122.65,36.795,122.65,429796.4730000001,-24264.121836035163,41.39042083333333,-79313.38154436849,True
7431,104.69,31.407,104.69,429827.8800000001,-24295.52883603517,41.37732916666667,-79285.99929853517,True
7432,88.38,26.514,88.38,429854.39400000015,-24322.042836035194,41.35386666666667,-79239.97776936853,True
7433,109.11,32.733,109.11,429887.12700000015,-24354.7758360352,41.33144166666666,-79201.59892770187,True
7434,123.84,37.152,123.84,429924.27900000016,-24391.927836035204,41.30764583333333,-79165.8662110352,True
7435,144.26,43.278,144.26,429967.55700000015,-24435.205836035195,41.292116666666665,-79147.26041936853,True
7436,121.63,36.489,121.63,430004.04600000015,-24471.694836035196,41.269841666666665,-79112.96520270186,True
7437,118.61,35.583,118.61,430039.62900000013,-24507.27783603518,41.23004583333333,-79054.62847353518,True
7438,130.15,39.045,130.15,430078.6740000001,-24546.322836035164,41.21180416666667,-79028.3279443685,True
7439,143.05,42.915,143.05,430121.5890000001,-24589.237836035143,41.209962499999996,-79027.59829853513,True
7440,116.85,35.055,116.85,430156.6440000001,-24624.292836035136,41.20174166666666,-79010.59183603514,True
7441,114.82,34.446,114.82,430191.0900000001,-24658.738836035132,41.180529166666666,-78975.85680686845,True
7442,111.97,33.591,111.97,430224.6810000001,-24692.329836035147,41.16215833333334,-78944.05451936848,True
7443,117.63,35.288999999999994,117.63,430259.9700000001,-24727.618836035137,41.1531625,-78926.33384853514,True
7444,104.64,31.392,104.64,430291.3620000001,-24759.01083603513,41.13687916666667,-78895.14381936847,True
7445,109.31,32.793,109.31,430324.1550000001,-24791.803836035135,41.10497916666667,-78844.8514402018,True
7446,114.07,34.221,114.07,430358.3760000001,-24826.024836035154,41.096470833333335,-78826.78751103516,True
7447,103.72,31.116,103.72,430389.4920000001,-24857.140836035134,41.063808333333334,-78773.92117770179,True
7448,108.22,32.466,108.22,430421.9580000001,-24889.60683603515,41.04595416666667,-78741.89870270182,True
7449,121.99,36.597,121.99,430458.5550000001,-24926.203836035158,41.02895833333333,-78715.16821103515,True
7450,130.3,39.09,130.3,430497.64500000014,-24965.293836035184,41.01260833333333,-78691.81075270186,True
7451,134.1,40.23,134.1,430537.8750000001,-25005.523836035165,40.97505,-78641.86428603517,True
7452,99.22,29.766,99.22,430567.6410000001,-25035.28983603517,40.951254166666665,-78599.53028603517,True
7453,118.4,35.52,118.4,430603.16100000014,-25070.809836035187,40.93821666666667,-78577.05901936852,True
7454,96.57,28.971,96.57,430632.13200000016,-25099.780836035206,40.917345833333336,-78537.83449436855,True
7455,122.13,36.639,122.13,430668.7710000002,-25136.41983603523,40.91270833333333,-78527.50421103522,True
7456,99.75,29.925,99.75,430698.6960000002,-25166.34483603522,40.89691666666666,-78495.92416936855,True
7457,127.08,38.124,127.08,430736.8200000002,-25204.46883603523,40.88030833333333,-78471.51059436856,True
7458,107.62,32.286,107.62,430769.1060000002,-25236.754836035252,40.8493875,-78422.65736103525,True
7459,113.95,34.185,113.95,430803.2910000002,-25270.93983603525,40.81120833333333,-78366.3218777019,True
7460,114.16,34.248,114.16,430837.5390000002,-25305.18783603527,40.79716666666666,-78341.50450270192,True
7461,160.19,48.057,160.19,430885.5960000002,-25353.244836035243,40.797670833333335,-78349.41924853524,True
7462,116.53,34.959,116.53,430920.55500000017,-25388.203836035216,40.76590833333333,-78302.35285270188,True
7463,176.53,52.959,176.53,430973.51400000014,-25441.16283603519,40.77702083333334,-78328.95885686853,True
7464,126.37,37.911,126.37,431011.42500000016,-25479.07383603521,40.767199999999995,-78313.3650360352,True
7465,126.29,37.887,126.29,431049.31200000015,-25516.9608360352,40.7572125,-78297.5510235352,True
7466,126.18,37.854,126.18,431087.16600000014,-25554.81483603519,40.74624166666666,-78280.45155270185,True
7467,133.88,40.164,133.88,431127.33000000013,-25594.97883603518,40.736754166666664,-78267.60197353517,True
7468,114.97,34.491,114.97,431161.8210000001,-25629.46983603516,40.712650000000004,-78230.21363603516,True
7469,144.49,43.347,144.49,431205.1680000001,-25672.81683603517,40.716545833333335,-78237.8775068685,True
7470,112.9,33.87,112.9,431239.0380000001,-25706.686836035165,40.707858333333334,-78219.82408603517,True
7471,93.53,28.059,93.53,431267.0970000001,-25734.745836035174,40.68802916666667,-78181.6154318685,True
7472,121.79,36.537,121.79,431303.63400000014,-25771.282836035185,40.683458333333334,-78171.57716936851,True
7473,111.53,33.459,111.53,431337.0930000001,-25804.74183603516,40.66576666666666,-78141.58353603515,True
7474,96.92,29.076,96.92,431366.1690000001,-25833.81783603516,40.64456666666667,-78102.73056936849,True
7475,97.34,29.202,97.34,431395.3710000001,-25863.01983603515,40.62147916666667,-78061.62056520183,True
7476,110.86,33.258,110.86,431428.6290000001,-25896.277836035122,40.61499583333333,-78045.93248603512,True
7477,127.69,38.307,127.69,431466.93600000005,-25934.584836035094,40.59789166666667,-78021.67984436842,True
7478,122.38,36.714,122.38,431503.65,-25971.298836035072,40.59289166666667,-78011.38595270173,True
7479,105.46,31.638,105.46,431535.288,-26002.93683603505,40.575737499999995,-77980.45657353505,True
7480,106.33,31.899,106.33,431567.187,-26034.835836035025,40.56295,-77955.41183603503,True
7481,109.95,32.985,109.95,431600.17199999996,-26067.82083603501,40.54871666666667,-77929.62945270169,True
7482,111.79,33.537,111.79,431633.709,-26101.357836035022,40.52920833333334,-77897.68608603503,True
7483,157.71,47.313,157.71,431681.022,-26148.670836035046,40.531441666666666,-77907.32184436839,True
7484,124.63,37.389,124.63,431718.411,-26186.05983603507,40.52052083333333,-77890.24441936839,True
7485,134.8,40.440000000000005,134.8,431758.851,-26226.499836035073,40.520762500000004,-77890.47202353508,True
7486,136.16,40.848,136.16,431799.699,-26267.34783603507,40.521875,-77892.21658603507,True
7487,111.7,33.51,111.7,431833.20900000003,-26300.85783603508,40.48350833333333,-77836.36394436841,True
7488,132.12,39.636,132.12,431872.84500000003,-26340.49383603508,40.48920416666667,-77842.76153603508,True
7489,152.06,45.618,152.06,431918.46300000005,-26386.111836035096,40.480804166666665,-77837.21393186843,True
7490,154.46,46.338,154.46,431964.80100000004,-26432.449836035084,40.47014166666666,-77829.52975270175,True
7491,119.07,35.721,119.07,432000.52200000006,-26468.170836035104,40.45381666666667,-77804.0641860351,True
7492,146.23,43.86899999999999,146.23,432044.39100000006,-26512.03983603511,40.44394583333333,-77794.96315270176,True
7493,117.35,35.205,117.35,432079.5960000001,-26547.244836035126,40.42027083333333,-77759.72798186846,True
7494,136.45,40.935,136.45,432120.5310000001,-26588.179836035124,40.419387500000006,-77759.12441103513,True
7495,97.02,29.106,97.02,432149.6370000001,-26617.285836035153,40.39524166666667,-77717.2665443685,True
7496,113.33,33.998999999999995,113.33,432183.6360000001,-26651.284836035164,40.366233333333334,-77674.2037693685,True
7497,131.32,39.396,131.32,432223.0320000001,-26690.68083603517,40.36567916666666,-77672.53362353516,True
7498,123.7,37.11,123.7,432260.1420000001,-26727.790836035158,40.359137499999996,-77661.02236103515,True
7499,110.55,33.165,110.55,432293.3070000001,-26760.955836035137,40.333099999999995,-77620.99493603513,True
7500,92.81,27.843,92.81,432321.1500000001,-26788.79883603513,40.31832083333333,-77589.88308603513,True
7501,141.44,42.432,141.44,432363.58200000005,-26831.2308360351,40.32306666666667,-77597.97176936844,True
7502,122.97,36.891,122.97,432400.47300000006,-26868.121836035105,40.31460416666667,-77583.89387770178,True
7503,124.46,37.338,124.46,432437.81100000005,-26905.459836035094,40.308308333333336,-77573.0034110351,True
7504,117.59,35.277,117.59,432473.08800000005,-26940.736836035096,40.2896625,-77544.55293603509,True
7505,133.71,40.113,133.71,432513.20100000006,-26980.849836035108,40.2851375,-77538.6973985351,True
7506,128.74,38.622,128.74,432551.82300000003,-27019.47183603508,40.26356666666667,-77509.98443603508,True
7507,113.78,34.134,113.78,432585.95700000005,-27053.6058360351,40.2485875,-77485.08597353511,True
7508,132.53,39.759,132.53,432625.7160000001,-27093.36483603512,40.24350416666667,-77478.23205270179,True
7509,124.98,37.494,124.98,432663.2100000001,-27130.858836035128,40.226625000000006,-77454.36671103514,True
7510,106.73,32.019,106.73,432695.22900000005,-27162.8778360351,40.21093333333333,-77426.54450270176,True
7511,140.04,42.01199999999999,140.04,432737.24100000004,-27204.889836035087,40.199799999999996,-77414.44003603508,True
7512,130.7,39.21,130.7,432776.45100000006,-27244.099836035108,40.18837083333334,-77399.18663603511,True
7513,110.88,33.264,110.88,432809.7150000001,-27277.363836035132,40.16709583333333,-77365.7323402018,True
7514,112.22,33.666,112.22,432843.3810000001,-27311.02983603516,40.148579166666664,-77336.15947770182,True
7515,122.49,36.747,122.49,432880.1280000001,-27347.776836035133,40.13332916666666,-77313.77164853513,True
7516,111.88,33.564,111.88,432913.6920000001,-27381.340836035146,40.10890416666667,-77276.81761936849,True
7517,121.01,36.303,121.01,432949.9950000001,-27417.64383603516,40.102608333333336,-77265.1859943685,True
7518,99.09,29.727,99.09,432979.7220000001,-27447.370836035174,40.07714166666667,-77223.18078603517,True
7519,164.11,49.233,164.11,433028.95500000013,-27496.60383603518,40.095933333333335,-77255.65710270185,True
7520,130.3,39.09,130.3,433068.04500000016,-27535.693836035207,40.09536666666667,-77253.94850270188,True
7521,104.44,31.332,104.44,433099.37700000015,-27567.0258360352,40.08548333333333,-77232.9396860352,True
7522,99.92,29.976,99.92,433129.3530000002,-27597.001836035226,40.06315416666667,-77195.18669436857,True
7523,99.81,29.943,99.81,433159.2960000002,-27626.944836035254,40.050337500000005,-77169.21232353526,True
7524,105.92,31.776,105.92,433191.0720000002,-27658.720836035267,40.03437916666667,-77141.21348603527,True
7525,91.5,27.45,91.5,433218.52200000023,-27686.17083603528,40.012433333333334,-77101.52600270195,True
7526,111.97,33.591,111.97,433252.11300000024,-27719.761836035294,39.990575,-77068.1313860353,True
7527,116.26,34.878,116.26,433286.9910000003,-27754.63983603532,39.97762916666667,-77047.05659853532,True
7528,94.66,28.398,94.66,433315.38900000026,-27783.037836035306,39.95908333333333,-77012.62850270196,True
7529,96.68,29.004,96.68,433344.3930000003,-27812.04183603532,39.93819583333333,-76975.96090686866,True
7530,119.22,35.766,119.22,433380.1590000003,-27847.807836035325,39.92565,-76956.35733603532,True
7531,137.04,41.112,137.04,433421.2710000003,-27888.919836035348,39.911945833333334,-76940.70126520202,True
7532,120.79,36.237,120.79,433457.5080000003,-27925.15683603537,39.901516666666666,-76924.21930270203,True
7533,110.65,33.195,110.65,433490.7030000003,-27958.351836035377,39.887012500000004,-76899.71617353539,True
7534,126.45,37.935,126.45,433528.6380000003,-27996.286836035375,39.868233333333336,-76874.74090270205,True
7535,122.54,36.762,122.54,433565.4000000003,-28033.048836035363,39.86071666666667,-76862.42675270204,True
7536,117.34,35.202,117.34,433600.6020000003,-28068.250836035353,39.8435,-76836.69483603534,True
7537,115.08,34.524,115.08,433635.1260000003,-28102.77483603533,39.833075,-76818.62556103533,True
7538,139.69,41.907,139.69,433677.0330000003,-28144.681836035335,39.83152916666666,-76818.810477702,True
7539,148.77,44.631,148.77,433721.6640000003,-28189.31283603533,39.830333333333336,-76822.14983603533,True
7540,141.42,42.426,141.42,433764.09000000026,-28231.738836035307,39.825,-76818.2388360353,True
7541,116.72,35.016,116.72,433799.10600000026,-28266.75483603531,39.814258333333335,-76800.33574436864,True
7542,116.0,34.8,116.0,433833.90600000025,-28301.5548360353,39.81551666666667,-76796.8541360353,True
7543,120.05,36.015,120.05,433869.92100000026,-28337.569836035313,39.81509583333334,-76792.54146520198,True
7544,119.03,35.709,119.03,433905.63000000024,-28373.278836035286,39.796487500000005,-76765.80763603529,True
7545,84.91,25.473,84.91,433931.10300000024,-28398.751836035284,39.77765,-76728.59658603529,True
7546,98.12,29.436,98.12,433960.5390000002,-28428.18783603527,39.757866666666665,-76694.23796936861,True
7547,113.54,34.062,113.54,433994.6010000002,-28462.249836035247,39.73405833333334,-76659.6625943686,True
7548,99.55,29.865,99.55,434024.4660000002,-28492.114836035238,39.7183375,-76630.73988603524,True
7549,102.38,30.714,102.38,434055.18000000017,-28522.828836035216,39.692058333333335,-76589.91147770188,True
7550,114.06,34.218,114.06,434089.39800000016,-28557.04683603521,39.680904166666664,-76570.94087770188,True
7551,104.37,31.311,104.37,434120.70900000015,-28588.357836035197,39.662645833333336,-76540.49664853519,True
7552,109.24,32.772,109.24,434153.48100000015,-28621.129836035194,39.65526666666666,-76524.69196936852,True
7553,109.31,32.793,109.31,434186.27400000015,-28653.9228360352,39.6355375,-76494.0165985352,True
7554,108.27,32.480999999999995,108.27,434218.7550000002,-28686.403836035228,39.5936125,-76436.30051103522,True
7555,121.1,36.33,121.1,434255.0850000002,-28722.733836035244,39.57966666666667,-76416.23216936858,True
7556,110.47,33.141,110.47,434288.2260000002,-28755.874836035247,39.551050000000004,-76375.33903603525,True
7557,101.09,30.327,101.09,434318.5530000002,-28786.201836035238,39.525104166666665,-76334.90214853524,True
7558,124.85,37.455,124.85,434356.0080000002,-28823.656836035254,39.51399583333333,-76319.47982770193,True
7559,123.42,37.026,123.42,434393.0340000002,-28860.682836035267,39.502558333333326,-76303.25539436859,True
7560,142.42,42.72599999999999,142.42,434435.76000000024,-28903.40883603529,39.50241666666667,-76306.30883603528,True
7561,162.98,48.894,162.98,434484.6540000002,-28952.302836035262,39.49345,-76304.94938603527,True
7562,129.08,38.724,129.08,434523.3780000002,-28991.02683603525,39.486379166666666,-76295.70907770192,True
7563,112.31,33.693,112.31,434557.07100000023,-29024.719836035278,39.47652083333333,-76278.11527353528,True
7564,123.03,36.909,123.03,434593.9800000002,-29061.628836035263,39.46523749999999,-76262.05288603526,True
7565,139.02,41.706,139.02,434635.6860000002,-29103.33483603527,39.46807916666667,-76267.68944020194,True
7566,112.33,33.699,112.33,434669.38500000024,-29137.03383603529,39.44874166666667,-76238.8313860353,True
7567,98.93,29.679,98.93,434699.06400000025,-29166.712836035294,39.40245,-76173.8356860353,True
7568,98.36,29.508,98.36,434728.5720000002,-29196.220836035267,39.38377916666666,-76141.68560270194,True
7569,102.88,30.864,102.88,434759.4360000002,-29227.08483603527,39.37957083333333,-76128.15369853526,True
7570,123.07,36.921,123.07,434796.3570000002,-29264.00583603524,39.3782125,-76124.07871103524,True
7571,111.05,33.315,111.05,434829.6720000002,-29297.320836035244,39.37839166666667,-76118.22852770193,True
7572,139.05,41.715,139.05,434871.3870000002,-29339.03583603527,39.377583333333334,-76119.60483603527,True
7573,98.41,29.523,98.41,434900.9100000002,-29368.558836035256,39.35590833333333,-76084.02202770193,True
7574,103.41,31.023,103.41,434931.9330000002,-29399.581836035242,39.32352083333333,-76037.27754436858,True
7575,113.19,33.957,113.19,434965.8900000002,-29433.538836035237,39.30844166666667,-76014.04221103524,True
7576,122.6,36.78,122.6,435002.6700000002,-29470.318836035265,39.29946666666667,-76000.8873693686,True
7577,109.19,32.757,109.19,435035.4270000002,-29503.07583603525,39.295229166666665,-75989.33194020191,True
7578,103.51,31.053,103.51,435066.4800000002,-29534.128836035263,39.29167083333333,-75976.88376103525,True
7579,112.86,33.858,112.86,435100.3380000002,-29567.98683603527,39.27765,-75954.89148603528,True
7580,116.28,34.884,116.28,435135.22200000024,-29602.87083603529,39.26231666666666,-75932.40450270195,True
7581,106.41,31.923,106.41,435167.14500000025,-29634.7938360353,39.23944583333333,-75898.10047353529,True
7582,131.08,39.324000000000005,131.08,435206.4690000003,-29674.117836035322,39.237033333333336,-75895.343102702,True
7583,140.36,42.108,140.36,435248.5770000003,-29716.22583603533,39.22940416666666,-75889.23454020199,True
7584,117.87,35.361,117.87,435283.93800000026,-29751.586836035305,39.2126,-75865.6044360353,True
7585,109.46,32.837999999999994,109.46,435316.77600000025,-29784.424836035294,39.18652083333333,-75828.58681520197,True
7586,107.23,32.169,107.23,435348.94500000024,-29816.59383603529,39.16327083333333,-75794.27379436861,True
7587,128.13,38.439,128.13,435387.38400000025,-29855.0328360353,39.14952916666667,-75777.43054853531,True
7588,132.62,39.786,132.62,435427.1700000003,-29894.818836035323,39.14494583333333,-75772.695352702,True
7589,95.58,28.674,95.58,435455.8440000003,-29923.492836035322,39.12880416666667,-75743.32251520199,True
7590,131.14,39.34199999999999,131.14,435495.1860000003,-29962.834836035327,39.1255875,-75739.77221103534,True
7591,96.59,28.977,96.59,435524.1630000003,-29991.81183603534,39.11354166666667,-75715.54204436867,True
7592,104.92,31.476,104.92,435555.6390000003,-30023.287836035364,39.09015833333333,-75680.5927693687,True
7593,111.77,33.531,111.77,435589.17000000033,-30056.81883603538,39.064841666666666,-75645.48906103539,True
7594,96.32,28.896,96.32,435618.06600000034,-30085.71483603539,39.04096666666667,-75607.48196936873,True
7595,102.16,30.648,102.16,435648.7140000003,-30116.362836035376,39.01725,-75571.45908603538,True
7596,100.68,30.204,100.68,435678.91800000035,-30146.566836035403,39.002233333333336,-75545.1664360354,True
7597,124.55,37.365,124.55,435716.28300000035,-30183.931836035394,38.99941666666666,-75540.25341936873,True
7598,111.61,33.483,111.61,435749.76600000035,-30217.4148360354,38.988875,-75522.4875860354,True
7599,108.41,32.523,108.41,435782.28900000034,-30249.937836035388,38.97663333333333,-75501.80913603539,True
7600,109.42,32.826,109.42,435815.11500000034,-30282.76383603539,38.9655125,-75482.75833603539,True
7601,115.05,34.515,115.05,435849.63000000035,-30317.278836035402,38.94159583333333,-75450.58840686873,True
7602,110.36,33.108,110.36,435882.73800000036,-30350.38683603541,38.936454166666664,-75438.80076103541,True
7603,106.74,32.022,106.74,435914.76000000036,-30382.408836035407,38.91650416666667,-75408.80415686875,True
7604,109.43,32.829,109.43,435947.5890000004,-30415.237836035434,38.890125,-75372.22233603543,True
7605,105.19,31.557,105.19,435979.14600000036,-30446.794836035406,38.87063333333333,-75342.3763360354,True
7606,115.76,34.728,115.76,436013.87400000036,-30481.52283603541,38.8589,-75324.6934360354,True
7607,183.97,55.191,183.97,436069.06500000035,-30536.7138360354,38.87430416666667,-75358.78654020207,True
7608,90.75,27.225,90.75,436096.2900000003,-30563.938836035377,38.84837916666667,-75317.27163603538,True
7609,107.51,32.253,107.51,436128.54300000035,-30596.191836035403,38.82765,-75286.81698603541,True
7610,120.82,36.246,120.82,436164.78900000034,-30632.437836035388,38.80779583333334,-75261.40304436872,True
7611,114.8,34.44,114.8,436199.22900000034,-30666.87783603539,38.795091666666664,-75242.43816103539,True
7612,105.3,31.59,105.3,436230.81900000037,-30698.467836035416,38.77257916666667,-75209.38871936876,True
7613,123.72,37.116,123.72,436267.93500000035,-30735.583836035396,38.77187083333333,-75206.91968186872,True
7614,117.2,35.16,117.2,436303.0950000003,-30770.74383603537,38.76603333333333,-75196.61803603536,True
7615,112.44,33.732,112.44,436336.82700000034,-30804.475836035388,38.754691666666666,-75178.59779436872,True
7616,96.01,28.803,96.01,436365.63000000035,-30833.278836035402,38.74135833333333,-75153.39276936873,True
7617,93.57,28.071,93.57,436393.70100000035,-30861.3498360354,38.71977916666666,-75118.05742353539,True
7618,116.07,34.821,116.07,436428.52200000035,-30896.170836035395,38.71105,-75104.1899360354,True
7619,92.13,27.639,92.13,436456.1610000004,-30923.80983603542,38.687379166666666,-75066.10946520208,True
7620,96.8,29.04,96.8,436485.20100000035,-30952.8498360354,38.67294583333334,-75040.0080860354,True
7621,119.68,35.904,119.68,436521.10500000033,-30988.75383603538,38.6740875,-75038.53949853538,True
7622,135.92,40.776,135.92,436561.88100000034,-31029.52983603539,38.67058333333333,-75036.65366936872,True
7623,92.35,27.705,92.35,436589.58600000036,-31057.234836035408,38.64875,-75000.86358603541,True
7624,118.46,35.538,118.46,436625.12400000036,-31092.77283603541,38.6449625,-74993.45023603541,True
7625,114.16,34.248,114.16,436659.3720000004,-31127.02083603543,38.642675,-74986.45696103544,True
7626,114.03,34.209,114.03,436693.58100000035,-31161.229836035403,38.6252125,-74962.2208110354,True
7627,119.91,35.973,119.91,436729.55400000035,-31197.2028360354,38.609049999999996,-74941.25648603539,True
7628,134.44,40.332,134.44,436769.88600000035,-31237.534836035396,38.60188333333333,-74934.86676936873,True
7629,111.79,33.537,111.79,436803.42300000036,-31271.071836035408,38.592200000000005,-74918.85003603541,True
7630,109.14,32.742,109.14,436836.1650000004,-31303.813836035435,38.56453333333333,-74881.7365027021,True
7631,125.56,37.668,125.56,436873.8330000004,-31341.48183603544,38.53769166666667,-74850.53572770211,True
7632,118.18,35.454,118.18,436909.2870000004,-31376.935836035467,38.521225,-74828.87763603547,True
7633,142.38,42.714,142.38,436952.0010000004,-31419.649836035445,38.532020833333334,-74845.2373152021,True
7634,121.79,36.537,121.79,436988.5380000004,-31456.186836035457,38.5178625,-74827.30001103546,True
7635,108.34,32.502,108.34,437021.0400000004,-31488.688836035435,38.5004625,-74801.70914853543,True
7636,109.75,32.925,109.75,437053.9650000004,-31521.613836035423,38.48302083333333,-74776.52925270208,True
7637,113.04,33.912,113.04,437087.8770000004,-31555.525836035435,38.47164166666666,-74759.1794277021,True
7638,102.71,30.812999999999995,102.71,437118.6900000004,-31586.33883603546,38.45973333333333,-74738.15963603546,True
7639,110.07,33.020999999999994,110.07,437151.7110000004,-31619.359836035466,38.44317916666666,-74714.16368186878,True
7640,99.7,29.91,99.7,437181.6210000004,-31649.26983603544,38.422262499999995,-74682.20383603543,True
7641,121.99,36.597,121.99,437218.2180000004,-31685.86683603545,38.41175416666667,-74668.61974853545,True
7642,104.79,31.437,104.79,437249.6550000004,-31717.303836035426,38.39672083333334,-74644.8377277021,True
7643,117.46,35.238,117.46,437284.8930000004,-31752.541836035438,38.393454166666665,-74638.0301402021,True
7644,103.98,31.194,103.98,437316.0870000004,-31783.735836035456,38.38003333333333,-74615.85303603545,True
7645,91.11,27.333,91.11,437343.4200000004,-31811.06883603544,38.360458333333334,-74582.9798777021,True
7646,125.71,37.713,125.71,437381.1330000004,-31848.78183603543,38.35519583333333,-74576.46999436876,True
7647,89.69,26.907,89.69,437408.0400000004,-31875.688836035435,38.3374625,-74545.28459853544,True
7648,123.23,36.969,123.23,437445.00900000037,-31912.657836035418,38.32299166666667,-74527.82456936875,True
7649,144.81,43.443,144.81,437488.4520000004,-31956.100836035446,38.327475,-74537.92556103544,True
7650,131.51,39.453,131.51,437527.9050000004,-31995.553836035426,38.317770833333334,-74528.27946103542,True
7651,124.31,37.293,124.31,437565.1980000004,-32032.84683603543,38.3055375,-74513.68792353543,True
7652,104.44,31.332,104.44,437596.5300000004,-32064.178836035426,38.2833625,-74482.14448603542,True
7653,122.82,36.846,122.82,437633.3760000004,-32101.024836035445,38.281929166666664,-74479.12042353544,True
7654,110.08,33.024,110.08,437666.4000000004,-32134.04883603542,38.274433333333334,-74465.57210270209,True
7655,119.2,35.76,119.2,437702.1600000004,-32169.80883603543,38.256145833333335,-74442.84998186876,True
7656,136.69,41.007,136.69,437743.16700000037,-32210.815836035414,38.247908333333335,-74436.50663603542,True
7657,138.67,41.60099999999999,138.67,437784.7680000004,-32252.416836035438,38.234562499999996,-74425.13927353543,True
7658,103.55,31.065,103.55,437815.8330000004,-32283.48183603544,38.2212375,-74403.28556103545,True
7659,121.86,36.558,121.86,437852.3910000004,-32320.03983603546,38.2115625,-74390.97014853546,True
7660,141.34,42.402,141.34,437894.7930000004,-32362.44183603546,38.20589583333333,-74388.92725270212,True
7661,107.62,32.286,107.62,437927.07900000043,-32394.727836035483,38.18681666666667,-74362.03935270215,True
7662,112.89,33.867,112.89,437960.94600000046,-32428.59483603551,38.16535416666667,-74334.15371103551,True
7663,132.99,39.897,132.99,438000.84300000046,-32468.491836035508,38.161295833333334,-74331.43336520217,True
7664,117.97,35.391,117.97,438036.23400000046,-32503.88283603551,38.15702916666666,-74323.98680270217,True
7665,98.54,29.562,98.54,438065.79600000044,-32533.444836035487,38.146637500000004,-74304.0128985355,True
7666,108.93,32.679,108.93,438098.47500000044,-32566.12383603549,38.13950416666667,-74290.74139436883,True
7667,149.46,44.838,149.46,438143.31300000043,-32610.96183603548,38.146212500000004,-74304.77209853548,True
7668,118.28,35.484,118.28,438178.7970000004,-32646.445836035477,38.14573333333333,-74301.58663603547,True
7669,75.78,22.734,75.78,438201.5310000004,-32669.179836035473,38.127095833333335,-74265.84139020214,True
7670,96.99,29.097,96.99,438230.62800000043,-32698.276836035482,38.118537499999995,-74247.48271103547,True
7671,89.7,26.91,89.7,438257.5380000004,-32725.186836035457,38.10689583333333,-74223.59639853545,True
7672,80.58,24.174,80.58,438281.7120000004,-32749.360836035456,38.08410416666666,-74184.86616936879,True
7673,142.95,42.885,142.95,438324.5970000004,-32792.245836035465,38.09055,-74196.67368603547,True
7674,102.74,30.822,102.74,438355.4190000004,-32823.06783603545,38.08315833333333,-74181.37778603545,True
7675,114.35,34.305,114.35,438389.7240000004,-32857.37283603544,38.07295,-74166.52358603544,True
7676,110.61,33.183,110.61,438422.9070000004,-32890.55583603546,38.04855416666666,-74135.18855270212,True
7677,115.26,34.578,115.26,438457.4850000004,-32925.13383603544,38.0149,-74095.27053603544,True
7678,125.64,37.692,125.64,438495.1770000004,-32962.82583603542,38.00400416666666,-74083.15834436874,True
7679,125.36,37.608,125.36,438532.7850000004,-33000.43383603543,37.9965875,-74074.74492353543,True
7680,111.07,33.321,111.07,438566.1060000004,-33033.75483603543,37.977516666666666,-74049.47283603542,True
7681,116.41,34.922999999999995,116.41,438601.0290000004,-33068.67783603544,37.97730416666666,-74046.18903186877,True
7682,120.32,36.096,120.32,438637.1250000004,-33104.773836035456,37.95609583333333,-74021.44514436879,True
7683,149.01,44.703,149.01,438681.8280000004,-33149.476836035436,37.9577125,-74029.93319853544,True
7684,119.22,35.766,119.22,438717.5940000004,-33185.24283603544,37.95339166666667,-74023.09226936878,True
7685,114.95,34.485,114.95,438752.0790000004,-33219.727836035425,37.942575,-74007.99596103543,True
7686,115.69,34.707,115.69,438786.7860000004,-33254.43483603542,37.94297916666667,-74005.19446103543,True
7687,90.63,27.189,90.63,438813.9750000004,-33281.62383603543,37.9118125,-73960.99864853543,True
7688,93.47,28.041,93.47,438842.0160000004,-33309.66483603546,37.9079125,-73946.94703603546,True
7689,140.68,42.204,140.68,438884.22000000044,-33351.868836035486,37.913175,-73956.87926103549,True
7690,108.64,32.592,108.64,438916.81200000044,-33384.46083603549,37.9112125,-73949.4582110355,True
7691,98.33,29.499,98.33,438946.31100000045,-33413.9598360355,37.904554166666664,-73933.92824020216,True
7692,121.95,36.585,121.95,438982.8960000005,-33450.54483603552,37.89039583333333,-73917.48758603551,True
7693,93.39,28.017,93.39,439010.91300000047,-33478.561836035515,37.8769,-73893.21413603552,True
7694,96.6,28.98,96.6,439039.89300000045,-33507.541836035496,37.86445,-73871.0455360355,True
7695,97.45,29.235,97.45,439069.12800000043,-33536.77683603548,37.8460375,-73842.80677353549,True
7696,122.34,36.702,122.34,439105.8300000004,-33573.47883603547,37.844587499999996,-73840.11993603547,True
7697,103.88,31.164,103.88,439136.9940000004,-33604.64283603546,37.82662916666667,-73814.34964020213,True
7698,114.78,34.434,114.78,439171.4280000004,-33639.07683603547,37.820879166666664,-73804.85051103547,True
7699,101.17,30.351,101.17,439201.77900000045,-33669.427836035495,37.788158333333335,-73762.66382770217,True
7700,112.0,33.6,112.0,439235.3790000004,-33703.02783603547,37.78317916666666,-73753.19775270214,True
7701,142.12,42.636,142.12,439278.0150000004,-33745.66383603547,37.778054166666664,-73752.62319853547,True
7702,148.58,44.574000000000005,148.58,439322.58900000044,-33790.23783603549,37.7762625,-73757.52356103549,True
7703,129.51,38.853,129.51,439361.44200000045,-33829.090836035495,37.73917916666667,-73719.40321520217,True
7704,113.82,34.145999999999994,113.82,439395.58800000045,-33863.2368360355,37.71290833333333,-73688.0680360355,True
7705,118.73,35.619,118.73,439431.20700000046,-33898.85583603551,37.70367916666667,-73676.23735686883,True
7706,93.17,27.951,93.17,439459.15800000046,-33926.80683603551,37.674504166666665,-73635.73422770217,True
7707,101.22,30.366,101.22,439489.52400000044,-33957.17283603549,37.652741666666664,-73605.50981103549,True
7708,118.83,35.649,118.83,439525.1730000004,-33992.821836035466,37.64310833333333,-73593.37180270214,True
7709,112.84,33.852,112.84,439559.02500000043,-34026.67383603548,37.62359583333333,-73569.0730568688,True
7710,149.71,44.913,149.71,439603.93800000043,-34071.58683603548,37.6336875,-73586.95871103548,True
7711,94.15,28.245,94.15,439632.1830000004,-34099.831836035475,37.615975,-73558.98961103547,True
7712,82.53,24.759,82.53,439656.94200000045,-34124.590836035495,37.5962125,-73525.42153603549,True
7713,103.34,31.002,103.34,439687.9440000004,-34155.592836035474,37.59242916666666,-73514.86617353547,True
7714,114.88,34.464,114.88,439722.4080000004,-34190.05683603545,37.5837875,-73502.69856103545,True
7715,112.57,33.770999999999994,112.57,439756.1790000004,-34223.82783603546,37.58067916666667,-73495.63756520214,True
7716,82.57,24.771,82.57,439780.9500000004,-34248.59883603547,37.5619625,-73463.28768603547,True
7717,89.95,26.985,89.95,439807.9350000004,-34275.583836035454,37.54589583333333,-73435.95319020213,True
7718,108.29,32.487,108.29,439840.4220000004,-34308.07083603548,37.527454166666665,-73411.67807770215,True
7719,124.36,37.308,124.36,439877.73000000045,-34345.378836035496,37.5240375,-73407.90187353549,True
7720,108.03,32.409,108.03,439910.13900000043,-34377.78783603548,37.507275,-73385.35383603547,True
7721,118.15,35.445,118.15,439945.58400000044,-34413.23283603549,37.50181666666667,-73377.62035270216,True
7722,109.27,32.781,109.27,439978.36500000046,-34446.013836035505,37.492133333333335,-73362.8482360355,True
7723,175.07,52.521,175.07,440030.88600000046,-34498.53483603551,37.50064583333334,-73386.70456520218,True
7724,110.26,33.078,110.26,440063.96400000044,-34531.61283603549,37.4837,-73364.72603603548,True
7725,103.92,31.176,103.92,440095.1400000004,-34562.78883603547,37.462354166666664,-73336.32539853547,True
7726,122.97,36.891,122.97,440132.0310000004,-34599.67983603547,37.4445625,-73317.35746103548,True
7727,125.13,37.539,125.13,440169.5700000004,-34637.21883603546,37.42445833333333,-73296.68429436878,True
7728,113.97,34.190999999999995,113.97,440203.7610000004,-34671.409836035455,37.396254166666665,-73264.34413603545,True
7729,116.91,35.073,116.91,440238.8340000004,-34706.48283603543,37.388154166666666,-73253.66978186875,True
7730,110.38,33.114,110.38,440271.9480000004,-34739.59683603543,37.371229166666666,-73231.9628777021,True
7731,123.12,36.936,123.12,440308.88400000037,-34776.53283603542,37.36501666666667,-73225.13498603542,True
7732,114.42,34.326,114.42,440343.21000000037,-34810.85883603542,37.34894583333334,-73205.57515270209,True
7733,126.98,38.094,126.98,440381.30400000035,-34848.9528360354,37.34820416666666,-73205.55851520206,True
7734,88.88,26.664,88.88,440407.96800000034,-34875.61683603539,37.335770833333335,-73182.11771103539,True
7735,117.61,35.283,117.61,440443.25100000034,-34910.89983603539,37.32406666666667,-73168.06816936872,True
7736,92.18,27.654,92.18,440470.9050000003,-34938.55383603537,37.307095833333335,-73141.0199693687,True
7737,94.81,28.443,94.81,440499.34800000035,-34966.996836035396,37.292479166666666,-73117.2030235354,True
7738,92.5,27.75,92.5,440527.09800000035,-34994.746836035396,37.26715416666667,-73081.77839436874,True
7739,106.55,31.965,106.55,440559.0630000004,-35026.71183603542,37.24775,-73056.66458603542,True
7740,98.67,29.601,98.67,440588.6640000004,-35056.312836035446,37.232883333333334,-73033.85383603544,True
7741,101.7,30.51,101.7,440619.1740000004,-35086.822836035455,37.227537500000004,-73021.68354853545,True
7742,136.94,41.082,136.94,440660.2560000004,-35127.90483603545,37.22893333333333,-73026.95896936877,True
7743,100.32,30.096,100.32,440690.3520000004,-35158.00083603547,37.22632083333333,-73017.16912353547,True
7744,109.68,32.904,109.68,440723.2560000004,-35190.90483603545,37.211275,-72997.56023603545,True
7745,99.61,29.883,99.61,440753.1390000004,-35220.78783603542,37.205416666666665,-72984.2857527021,True
7746,96.55,28.965,96.55,440782.1040000004,-35249.75283603545,37.20034999999999,-72970.90773603544,True
7747,95.15,28.545,95.15,440810.6490000004,-35278.29783603543,37.18519166666667,-72946.89699436877,True
7748,120.87,36.261,120.87,440846.9100000004,-35314.55883603543,37.174529166666666,-72935.1823527021,True
7749,114.28,34.284,114.28,440881.19400000037,-35348.842836035416,37.1625125,-72920.1429735354,True
7750,121.1,36.33,121.1,440917.5240000004,-35385.17283603543,37.146770833333335,-72903.4113777021,True
7751,104.45,31.335,104.45,440948.8590000004,-35416.50783603545,37.136725,-72887.46336103545,True
7752,137.48,41.24399999999999,137.48,440990.1030000004,-35457.75183603546,37.141574999999996,-72896.45943603545,True
7753,118.75,35.625,118.75,441025.7280000004,-35493.37683603546,37.132675,-72885.98056103545,True
7754,117.61,35.283,117.61,441061.0110000004,-35528.659836035455,37.120754166666664,-72872.13852770212,True
7755,112.08,33.623999999999995,112.08,441094.6350000004,-35562.283836035465,37.106920833333334,-72854.73927353547,True
7756,111.64,33.492,111.64,441128.12700000044,-35595.77583603549,37.096687499999994,-72840.8500860355,True
7757,105.29,31.587,105.29,441159.71400000044,-35627.36283603549,37.08857916666666,-72827.20774020215,True
7758,113.38,34.014,113.38,441193.72800000047,-35661.37683603552,37.082649999999994,-72818.1921360355,True
7759,167.37,50.211,167.37,441243.9390000005,-35711.58783603553,37.08401666666667,-72832.68851936886,True
7760,95.21,28.563,95.21,441272.5020000005,-35740.15083603555,37.06079583333333,-72800.94666936889,True
7761,120.38,36.114,120.38,441308.6160000005,-35776.26483603555,37.057375,-72796.58246103555,True
7762,134.96,40.488,134.96,441349.1040000005,-35816.752836035565,37.054454166666666,-72797.0980943689,True
7763,94.8,28.44,94.8,441377.5440000005,-35845.19283603557,37.047725,-72781.77466103557,True
7764,80.93,24.279,80.93,441401.8230000005,-35869.47183603555,37.0333375,-72754.67598603555,True
7765,93.92,28.176,93.92,441429.9990000005,-35897.647836035525,37.017741666666666,-72730.30079436886,True
7766,82.09,24.627,82.09,441454.62600000045,-35922.2748360355,36.99265833333333,-72692.97721936883,True
7767,119.95,35.985,119.95,441490.61100000044,-35958.25983603549,36.993725,-72693.02876103549,True
7768,103.71,31.113,103.71,441521.72400000045,-35989.3728360355,36.984662500000006,-72678.15803603551,True
7769,116.73,35.019,116.73,441556.7430000004,-36024.39183603547,36.978950000000005,-72670.53128603548,True
7770,118.47,35.541,118.47,441592.28400000045,-36059.9328360355,36.975575,-72665.7520860355,True
7771,108.4,32.52,108.4,441624.80400000047,-36092.45283603552,36.96297083333333,-72648.83099020217,True
7772,109.45,32.835,109.45,441657.6390000005,-36125.28783603554,36.940549999999995,-72622.55123603554,True
7773,98.87,29.661,98.87,441687.3000000005,-36154.94883603556,36.92607083333333,-72600.98074853556,True
7774,122.63,36.789,122.63,441724.0890000005,-36191.73783603555,36.9108375,-72585.82361103555,True
7775,118.71,35.613,118.71,441759.7020000005,-36227.35083603556,36.89912083333333,-72572.98485686889,True
7776,91.64,27.492,91.64,441787.19400000054,-36254.84283603559,36.884679166666665,-72549.36713603558,True
7777,121.39,36.417,121.39,441823.61100000056,-36291.259836035606,36.882983333333335,-72547.23245270227,True
7778,117.78,35.334,117.78,441858.94500000053,-36326.59383603558,36.87985416666667,-72542.61062770225,True
7779,125.3,37.59,125.3,441896.53500000056,-36364.183836035605,36.85604166666666,-72519.9607110356,True
7780,109.93,32.979,109.93,441929.51400000055,-36397.1628360356,36.83063333333333,-72491.18350270226,True
7781,109.05,32.715,109.05,441962.2290000006,-36429.87783603562,36.82041666666666,-72477.06575270228,True
7782,112.52,33.756,112.52,441995.98500000057,-36463.63383603562,36.81299166666667,-72466.73968603561,True
7783,122.86,36.858,122.86,442032.8430000006,-36500.491836035624,36.80958333333333,-72463.4547527023,True
7784,103.17,30.951,103.17,442063.7940000006,-36531.442836035625,36.80404583333333,-72452.19156936897,True
7785,78.69,23.607,78.69,442087.4010000006,-36555.04983603564,36.7835625,-72419.02327353565,True
7786,88.9,26.67,88.9,442114.0710000006,-36581.71983603563,36.769645833333335,-72395.3548777023,True
7787,97.17,29.151,97.17,442143.2220000006,-36610.87083603564,36.75409166666667,-72372.6020277023,True
7788,105.78,31.734,105.78,442174.9560000006,-36642.604836035636,36.747841666666666,-72361.50693603564,True
7789,130.08,39.024,130.08,442213.98000000056,-36681.62883603561,36.739425,-72355.6105110356,True
7790,129.75,38.925,129.75,442252.90500000055,-36720.5538360356,36.740387500000004,-72358.7297110356,True
7791,103.18,30.954,103.18,442283.8590000006,-36751.50783603563,36.72749583333333,-72340.45129853563,True
7792,118.46,35.538,118.46,442319.3970000006,-36787.04583603563,36.71254166666667,-72324.78616936896,True
7793,104.05,31.215,104.05,442350.6120000006,-36818.26083603565,36.685629166666665,-72293.26424020232,True
7794,94.5,28.35,94.5,442378.9620000006,-36846.61083603563,36.660737499999996,-72260.88326103563,True
7795,122.74,36.822,122.74,442415.78400000057,-36883.432836035616,36.6368125,-72237.95689853562,True
7796,104.82,31.446,104.82,442447.23000000056,-36914.87883603561,36.6284625,-72224.71668603561,True
7797,129.9,38.97,129.9,442486.20000000054,-36953.848836035584,36.62442083333333,-72223.16609853558,True
7798,106.32,31.896,106.32,442518.09600000054,-36985.74483603559,36.613350000000004,-72207.7875360356,True
7799,113.02,33.906,113.02,442552.00200000056,-37019.65083603561,36.611737500000004,-72203.53057353562,True
7800,124.08,37.224,124.08,442589.22600000055,-37056.8748360356,36.60755,-72200.1228360356,True
7801,98.24,29.472,98.24,442618.69800000056,-37086.346836035606,36.598758333333336,-72184.55607770228,True
7802,104.58,31.374,104.58,442650.07200000057,-37117.720836035616,36.57899166666667,-72160.39485270227,True
7803,125.97,37.791,125.97,442687.8630000006,-37155.51183603564,36.58445,-72166.83048603564,True
7804,128.97,38.691,128.97,442726.5540000006,-37194.202836035634,36.58537916666666,-72169.82531936897,True
7805,101.49,30.447,101.49,442757.0010000006,-37224.64983603562,36.569833333333335,-72148.84066936895,True
7806,127.75,38.325,127.75,442795.3260000006,-37262.97483603563,36.56328333333333,-72144.34713603562,True
7807,127.73,38.319,127.73,442833.6450000006,-37301.29383603565,36.56138333333333,-72144.29215270231,True
7808,84.57,25.371,84.57,442859.0160000006,-37326.664836035634,36.54955833333333,-72121.84436936896,True
7809,95.25,28.575,95.25,442887.5910000006,-37355.239836035646,36.53865416666667,-72103.49994853564,True
7810,87.25,26.175,87.25,442913.7660000006,-37381.414836035634,36.520604166666665,-72075.98879436897,True
7811,93.02,27.906,93.02,442941.6720000006,-37409.32083603565,36.5021375,-72049.84932353566,True
7812,101.46,30.437999999999995,101.46,442972.1100000006,-37439.758836035675,36.49282916666667,-72034.96088603567,True
7813,109.79,32.937,109.79,443005.0470000006,-37472.69583603565,36.4787375,-72018.06024853565,True
7814,109.32,32.796,109.32,443037.8430000006,-37505.491836035624,36.477383333333336,-72013.09646936896,True
7815,123.85,37.155,123.85,443074.9980000006,-37542.64683603565,36.477133333333335,-72013.53783603566,True
7816,101.9,30.57,101.9,443105.5680000006,-37573.21683603566,36.46344583333333,-71994.70970270233,True
7817,120.98,36.294,120.98,443141.8620000006,-37609.51083603565,36.46413333333333,-71995.18856936898,True
7818,90.06,27.018,90.06,443168.8800000006,-37636.528836035635,36.4471375,-71969.73236103563,True
7819,105.19,31.557,105.19,443200.43700000056,-37668.08583603561,36.4294125,-71948.16299853561,True
7820,128.3,38.49,128.3,443238.92700000055,-37706.5758360356,36.435525,-71955.9693360356,True
7821,106.23,31.869,106.23,443270.79600000056,-37738.444836035604,36.422891666666665,-71939.5401110356,True
7822,105.82,31.745999999999995,105.82,443302.54200000054,-37770.19083603559,36.3988875,-71912.34731103558,True
7823,97.65,29.295,97.65,443331.8370000005,-37799.48583603557,36.390566666666665,-71897.44680270224,True
7824,144.35,43.305,144.35,443375.1420000005,-37842.790836035565,36.393187499999996,-71906.81433603556,True
7825,130.83,39.249,130.83,443414.3910000005,-37882.039836035576,36.39043333333333,-71907.09500270223,True
7826,97.7,29.31,97.7,443443.7010000005,-37911.34983603557,36.36460833333334,-71875.89401936892,True
7827,117.23,35.169,117.23,443478.8700000005,-37946.51883603557,36.3493625,-71860.47404853557,True
7828,112.43,33.729,112.43,443512.5990000005,-37980.24783603556,36.349383333333336,-71857.87310270223,True
7829,116.7,35.01,116.7,443547.6090000005,-38015.25783603557,36.34415416666666,-71851.66536520224,True
7830,103.99,31.197,103.99,443578.8060000005,-38046.454836035555,36.32635416666666,-71829.96421103555,True
7831,87.33,26.199,87.33,443605.0050000005,-38072.65383603558,36.30792916666667,-71802.72003186891,True
7832,104.56,31.368,104.56,443636.37300000055,-38104.021836035594,36.3052625,-71795.30543603559,True
7833,82.93,24.879,82.93,443661.25200000056,-38128.90083603561,36.294983333333334,-71774.3503860356,True
7834,94.73,28.419,94.73,443689.67100000056,-38157.319836035604,36.2745375,-71747.54156103561,True
7835,106.88,32.064,106.88,443721.73500000057,-38189.38383603562,36.273575,-71742.44071103563,True
7836,104.63,31.389,104.63,443753.1240000006,-38220.77283603564,36.26407916666666,-71728.78198603564,True
7837,84.62,25.386,84.62,443778.5100000006,-38246.15883603564,36.250566666666664,-71705.43186936897,True
7838,93.0,27.9,93.0,443806.4100000006,-38274.05883603566,36.239691666666666,-71687.05455270232,True
7839,101.56,30.468,101.56,443836.8780000006,-38304.52683603566,36.2270875,-71669.67442353566,True
7840,96.77,29.031,96.77,443865.9090000006,-38333.557836035674,36.21619166666667,-71652.45416936901,True
7841,126.78,38.034,126.78,443903.9430000006,-38371.59183603566,36.218199999999996,-71656.11763603566,True
7842,110.86,33.258,110.86,443937.2010000006,-38404.84983603563,36.20271666666667,-71638.94373603564,True
7843,125.47,37.641,125.47,443974.8420000006,-38442.490836035635,36.19532916666667,-71633.60768186898,True
7844,99.8,29.94,99.8,444004.7820000006,-38472.43083603564,36.186162499999995,-71618.95568603562,True
7845,109.22,32.766,109.22,444037.5480000006,-38505.19683603564,36.1728875,-71603.38889853563,True
7846,104.54,31.362,104.54,444068.9100000006,-38536.55883603566,36.15734583333333,-71584.37292770232,True
7847,107.44,32.232,107.44,444101.14200000063,-38568.79083603568,36.138691666666666,-71563.41632770235,True
7848,151.01,45.303,151.01,444146.44500000065,-38614.093836035696,36.123108333333334,-71558.3686360357,True
7849,110.92,33.276,110.92,444179.72100000066,-38647.36983603571,36.1062,-71540.11803603571,True
7850,105.14,31.542,105.14,444211.2630000007,-38678.911836035724,36.074504166666664,-71506.71062770238,True
7851,100.93,30.279,100.93,444241.54200000066,-38709.190836035705,36.06223333333333,-71489.7609360357,True
7852,83.21,24.963,83.21,444266.50500000064,-38734.15383603569,36.0407625,-71459.1661860357,True
7853,114.12,34.236,114.12,444300.7410000006,-38768.38983603567,36.035916666666665,-71452.96625270233,True
7854,119.74,35.922,119.74,444336.66300000064,-38804.31183603569,36.029075,-71446.65378603569,True
7855,116.9,35.07,116.9,444371.73300000065,-38839.381836035696,36.03200833333333,-71448.34937770237,True
7856,93.45,28.035,93.45,444399.7680000006,-38867.41683603567,36.01779583333333,-71427.504269369,True
7857,95.75,28.725,95.75,444428.4930000006,-38896.14183603565,36.001958333333334,-71405.91021103565,True
7858,101.56,30.468,101.56,444458.9610000006,-38926.60983603564,36.00805416666667,-71405.87469436898,True
7859,81.67,24.501,81.67,444483.4620000006,-38951.11083603563,35.98850833333333,-71376.75684436897,True
7860,105.94,31.782,105.94,444515.2440000006,-38982.89283603564,35.97963333333334,-71364.56283603565,True
7861,97.34,29.202,97.34,444544.4460000006,-39012.09483603563,35.967104166666665,-71346.52148186896,True
7862,106.71,32.013,106.71,444576.45900000056,-39044.107836035604,35.951366666666665,-71328.43510270226,True
7863,94.08,28.224,94.08,444604.68300000054,-39072.33183603559,35.93501666666667,-71306.0417860356,True
7864,113.44,34.032,113.44,444638.71500000055,-39106.3638360356,35.92925833333333,-71298.97930270227,True
7865,110.37,33.111,110.37,444671.8260000005,-39139.47483603557,35.916516666666666,-71284.75725270224,True
7866,109.2,32.76,109.2,444704.58600000053,-39172.23483603558,35.9043375,-71270.71256103559,True
7867,120.75,36.225,120.75,444740.8110000005,-39208.45983603556,35.90699583333333,-71273.40711520222,True
7868,118.02,35.406,118.02,444776.2170000005,-39243.86583603558,35.898575,-71265.39473603558,True
7869,115.8,34.739999999999995,115.8,444810.9570000005,-39278.60583603557,35.8894125,-71256.07237353557,True
7870,113.62,34.086,113.62,444845.0430000005,-39312.69183603558,35.862516666666664,-71230.33166936891,True
7871,133.96,40.188,133.96,444885.23100000055,-39352.8798360356,35.86404583333333,-71236.01658186893,True
7872,98.4,29.52,98.4,444914.7510000006,-39382.39983603562,35.838449999999995,-71206.94343603561,True
7873,126.93,38.079,126.93,444952.8300000006,-39420.47883603565,35.826704166666666,-71198.76543186897,True
7874,118.19,35.457,118.19,444988.2870000006,-39455.93583603564,35.82298333333333,-71195.09906936897,True
7875,114.81,34.443,114.81,445022.7300000006,-39490.37883603567,35.8171875,-71188.58977353567,True
7876,148.0,44.4,148.0,445067.13000000064,-39534.77883603569,35.83221666666667,-71210.45836936904,True
7877,93.49,28.047,93.49,445095.17700000067,-39562.825836035714,35.82398333333333,-71195.40311936905,True
7878,134.48,40.344,134.48,445135.52100000065,-39603.1698360357,35.82642083333334,-71202.0730110357,True
7879,93.66,28.098,93.66,445163.61900000065,-39631.267836035695,35.811033333333334,-71180.78820270236,True
7880,107.55,32.265,107.55,445195.88400000066,-39663.53283603571,35.79644583333333,-71164.40516936904,True
7881,78.94,23.682,78.94,445219.56600000063,-39687.21483603568,35.78325416666667,-71140.69524853569,True
7882,110.63,33.189,110.63,445252.75500000064,-39720.40383603569,35.78134583333333,-71136.42547770236,True
7883,89.97,26.991,89.97,445279.7460000006,-39747.39483603567,35.76705416666667,-71115.10134020234,True
7884,97.9,29.37,97.9,445309.1160000006,-39776.76483603567,35.75918333333333,-71101.80943603566,True
7885,93.66,28.098,93.66,445337.2140000006,-39804.86283603567,35.749045833333334,-71085.27794020233,True
7886,100.54,30.162,100.54,445367.37600000063,-39835.02483603568,35.736329166666664,-71068.57652770235,True
7887,100.9,30.27,100.9,445397.64600000065,-39865.2948360357,35.73345833333333,-71060.6039610357,True
7888,126.76,38.028,126.76,445435.67400000064,-39903.32283603569,35.72220416666667,-71053.08486936902,True
7889,94.14,28.242,94.14,445463.91600000067,-39931.564836035715,35.71568333333334,-71039.92501936905,True
7890,101.41,30.423,101.41,445494.3390000007,-39961.987836035725,35.70564583333333,-71025.89971103572,True
7891,106.21,31.863,106.21,445526.2020000007,-39993.85083603574,35.69725416666667,-71014.76470686907,True
7892,103.06,30.918,103.06,445557.1200000007,-40024.76883603574,35.688291666666665,-71002.20600270241,True
7893,119.01,35.703,119.01,445592.8230000007,-40060.47183603572,35.67879583333333,-70993.98782353572,True
7894,93.84,28.152,93.84,445620.9750000007,-40088.623836035724,35.658233333333335,-70968.6539027024,True
7895,166.68,50.004,166.68,445670.9790000007,-40138.62783603574,35.67924166666666,-71001.1718777024,True
7896,117.22,35.166,117.22,445706.1450000007,-40173.793836035766,35.679674999999996,-71001.03303603576,True
7897,95.53,28.659,95.53,445734.8040000007,-40202.45283603575,35.663000000000004,-70979.62183603575,True
7898,154.97,46.491,154.97,445781.2950000007,-40248.94383603573,35.662570833333334,-70990.07989436906,True
7899,90.82,27.246,90.82,445808.54100000067,-40276.189836035715,35.645875,-70967.28821103572,True
7900,108.2,32.46,108.2,445841.0010000007,-40308.64983603574,35.638524999999994,-70957.78133603572,True
7901,96.9,29.07,96.9,445870.0710000007,-40337.71983603574,35.6263125,-70940.72227353574,True
7902,116.52,34.956,116.52,445905.0270000007,-40372.67583603575,35.61709166666667,-70932.14048603576,True
7903,104.91,31.473,104.91,445936.5000000007,-40404.14883603575,35.59132916666666,-70905.91793186907,True
7904,108.3,32.489999999999995,108.3,445968.9900000007,-40436.63883603574,35.58764166666666,-70899.6601027024,True
7905,92.82,27.846,92.82,445996.8360000007,-40464.48483603576,35.575475,-70881.51596103575,True
7906,94.9,28.47,94.9,446025.3060000007,-40492.95483603573,35.56294583333333,-70863.7105777024,True
7907,108.34,32.502,108.34,446057.80800000066,-40525.45683603571,35.55851666666667,-70856.87155270237,True
7908,113.12,33.936,113.12,446091.74400000065,-40559.392836035695,35.544475,-70843.28553603569,True
7909,136.41,40.923,136.41,446132.66700000066,-40600.315836035705,35.5399125,-70844.7813735357,True
7910,84.82,25.446,84.82,446158.11300000065,-40625.7618360357,35.52314166666667,-70820.43225270236,True
7911,110.62,33.186,110.62,446191.29900000064,-40658.94783603569,35.51114583333334,-70807.91064853569,True
7912,103.81,31.143,103.81,446222.4420000006,-40690.09083603567,35.496975,-70791.52563603567,True
7913,104.71,31.413,104.71,446253.8550000006,-40721.50383603567,35.485212499999996,-70777.47882353567,True
7914,125.58,37.674,125.58,446291.5290000006,-40759.17783603567,35.47737083333334,-70773.03356103567,True
7915,103.8,31.14,103.8,446322.66900000063,-40790.31783603568,35.472791666666666,-70764.82679436902,True
7916,116.45,34.935,116.45,446357.60400000063,-40825.25283603568,35.47045416666666,-70762.31615270235,True
7917,98.45,29.535,98.45,446387.1390000006,-40854.787836035655,35.44300833333333,-70733.24386103565,True
7918,95.01,28.503,95.01,446415.64200000063,-40883.29083603568,35.40884166666667,-70697.53551936902,True
7919,95.77,28.731,95.77,446444.37300000066,-40912.02183603571,35.39315833333333,-70677.66799436904,True
7920,116.43,34.929,116.43,446479.30200000067,-40946.950836035714,35.39068333333333,-70675.12483603571,True
7921,99.88,29.964,99.88,446509.26600000064,-40976.91483603569,35.3803625,-70661.03897353569,True
7922,135.44,40.632,135.44,446549.8980000006,-41017.546836035675,35.386916666666664,-70671.78300270234,True
7923,129.11,38.733,129.11,446588.63100000063,-41056.27983603568,35.39185416666666,-70679.26177353568,True
7924,119.44,35.832,119.44,446624.46300000063,-41092.11183603568,35.38279583333333,-70672.12915270234,True
7925,109.38,32.814,109.38,446657.27700000064,-41124.92583603569,35.3688,-70657.8738360357,True
7926,100.34,30.102,100.34,446687.37900000066,-41155.027836035704,35.36260416666667,-70647.43971103571,True
7927,97.48,29.244,97.48,446716.62300000066,-41184.27183603571,35.345704166666664,-70627.24340686903,True
7928,111.34,33.402,111.34,446750.02500000066,-41217.67383603571,35.338875,-70619.61783603572,True
7929,74.8,22.44,74.8,446772.46500000067,-41240.113836035714,35.31855833333333,-70589.83581103571,True
7930,98.12,29.436,98.12,446801.90100000065,-41269.5498360357,35.29752916666667,-70566.49904436903,True
7931,94.71,28.413,94.71,446830.31400000065,-41297.9628360357,35.28101666666667,-70545.92565270237,True
7932,108.82,32.645999999999994,108.82,446862.96000000066,-41330.60883603571,35.27707083333333,-70540.0234860357,True
7933,96.41,28.923,96.41,446891.8830000007,-41359.53183603572,35.26839583333333,-70526.49519020237,True
7934,91.05,27.315,91.05,446919.1980000007,-41386.84683603572,35.253616666666666,-70506.33420270239,True
7935,97.54,29.262,97.54,446948.46000000066,-41416.10883603571,35.23209583333333,-70482.58789853571,True
7936,102.83,30.849,102.83,446979.30900000065,-41446.9578360357,35.19484583333333,-70447.51080270237,True
7937,96.94,29.082,96.94,447008.39100000064,-41476.03983603569,35.185716666666664,-70433.88465270236,True
7938,97.4,29.22,97.4,447037.6110000006,-41505.259836035664,35.169487499999995,-70414.57856103565,True
7939,105.27,31.581,105.27,447069.1920000006,-41536.84083603567,35.12424166666667,-70373.84324436901,True
7940,113.08,33.924,113.08,447103.1160000006,-41570.76483603567,35.12533333333334,-70373.53816936901,True
7941,102.81,30.843,102.81,447133.9590000006,-41601.60783603566,35.10767083333334,-70354.79024853566,True
7942,94.4,28.32,94.4,447162.2790000006,-41629.92783603567,35.09404583333333,-70336.85732770234,True
7943,123.52,37.056,123.52,447199.3350000006,-41666.98383603565,35.092425000000006,-70337.49506103566,True
7944,125.21,37.563,125.21,447236.8980000006,-41704.546836035675,35.08521666666667,-70334.08363603568,True
7945,121.84,36.552,121.84,447273.45000000065,-41741.0988360357,35.082229166666664,-70333.11560686903,True
7946,116.88,35.064,116.88,447308.51400000066,-41776.16283603571,35.07009166666666,-70323.21745270237,True
7947,119.29,35.787,119.29,447344.3010000007,-41811.949836035725,35.06321666666667,-70318.34498603572,True
7948,116.96,35.087999999999994,116.96,447379.38900000066,-41847.03783603571,35.05265416666666,-70309.79301936904,True
7949,115.81,34.743,115.81,447414.1320000007,-41881.78083603573,35.0488,-70306.35763603573,True
7950,121.98,36.594,121.98,447450.72600000066,-41918.37483603571,35.0302875,-70292.90771103572,True
7951,97.79,29.337,97.79,447480.06300000066,-41947.71183603571,35.025800000000004,-70283.58403603571,True
7952,102.76,30.828,102.76,447510.89100000064,-41978.53983603569,35.0199,-70274.6190360357,True
7953,99.07,29.721,99.07,447540.61200000066,-42008.26083603571,35.00542083333333,-70257.63544853572,True
7954,96.98,29.094,96.98,447569.70600000065,-42037.354836035694,34.995775,-70243.9494860357,True
7955,124.64,37.392,124.64,447607.09800000064,-42074.74683603569,35.007420833333335,-70255.72060686903,True
7956,97.92,29.376,97.92,447636.4740000006,-42104.122836035676,35.007108333333335,-70249.83793603568,True
7957,90.06,27.018,90.06,447663.4920000006,-42131.14083603566,34.98811666666666,-70226.59851936898,True
7958,93.43,28.029,93.43,447691.5210000006,-42159.16983603564,34.9885,-70219.94683603564,True
7959,107.54,32.262,107.54,447723.7830000006,-42191.43183603563,34.98279583333333,-70212.65129853562,True
7960,121.34,36.402,121.34,447760.1850000006,-42227.83383603563,34.986962500000004,-70217.40383603564,True
7961,125.08,37.524,125.08,447797.70900000056,-42265.357836035604,34.98407916666667,-70217.63709020228,True
7962,91.4,27.42,91.4,447825.12900000054,-42292.77783603559,34.97298333333333,-70201.2185360356,True
7963,113.84,34.152,113.84,447859.28100000054,-42326.92983603559,34.95336666666667,-70184.76306936893,True
7964,112.6,33.779999999999994,112.6,447893.06100000057,-42360.70983603562,34.93873333333333,-70171.94156936895,True
7965,114.38,34.314,114.38,447927.3750000006,-42395.02383603563,34.93470416666666,-70168.11364853563,True
7966,99.19,29.757,99.19,447957.13200000057,-42424.780836035614,34.91705416666667,-70148.92184436895,True
7967,112.36,33.708,112.36,447990.84000000055,-42458.4888360356,34.9071375,-70139.8488735356,True
7968,112.91,33.873,112.91,448024.7130000006,-42492.36183603562,34.89926666666666,-70132.58103603561,True
7969,113.38,34.014,113.38,448058.7270000006,-42526.375836035644,34.8744125,-70112.03612353564,True
7970,135.77,40.731,135.77,448099.4580000006,-42567.10683603567,34.876308333333334,-70119.39041936901,True
7971,133.33,39.999,133.33,448139.45700000064,-42607.105836035684,34.87702916666667,-70125.08184853569,True
7972,102.74,30.822,102.74,448170.2790000006,-42637.92783603567,34.86595,-70112.29643603567,True
7973,95.21,28.563,95.21,448198.84200000064,-42666.49083603569,34.86018333333333,-70101.45511936903,True
7974,85.83,25.749,85.83,448224.59100000066,-42692.239836035704,34.840241666666664,-70076.6697860357,True
7975,97.4,29.22,97.4,448253.8110000006,-42721.459836035676,34.829883333333335,-70062.91825270234,True
7976,93.1,27.93,93.1,448281.7410000006,-42749.38983603567,34.82737916666667,-70054.05510270233,True
7977,106.79,32.037,106.79,448313.77800000063,-42781.42683603568,34.8151375,-70041.67949853568,True
7978,88.86,26.658,88.86,448340.4360000006,-42808.084836035676,34.80455833333333,-70025.24945270234,True
7979,90.24,27.072,90.24,448367.5080000006,-42835.15683603566,34.78649166666667,-70003.40682770233,True
7980,126.18,37.854,126.18,448405.3620000006,-42873.01083603565,34.79437083333333,-70012.62008603565,True
7981,90.4,27.12,90.4,448432.4820000006,-42900.13083603565,34.79112083333333,-70002.41396520232,True
7982,94.64,28.392,94.64,448460.8740000006,-42928.52283603564,34.78731666666666,-69993.05520270231,True
7983,108.45,32.535,108.45,448493.40900000057,-42961.057836035616,34.775749999999995,-69981.8155860356,True
7984,97.6,29.28,97.6,448522.6890000006,-42990.337836035644,34.77243333333334,-69973.74610270231,True
7985,89.97,26.991,89.97,448549.6800000006,-43017.328836035624,34.755475,-69952.82196103562,True
7986,99.29,29.787,99.29,448579.4670000006,-43047.115836035635,34.7397125,-69935.65331103564,True
7987,116.0,34.8,116.0,448614.2670000006,-43081.91583603562,34.73990416666667,-69935.86175686895,True
7988,110.69,33.207,110.69,448647.47400000057,-43115.12283603562,34.733020833333335,-69929.01491936896,True
7989,92.18,27.654,92.18,448675.12800000055,-43142.7768360356,34.711275,-69905.1698610356,True
7990,97.52,29.256,97.52,448704.38400000054,-43172.03283603559,34.6945875,-69886.86521103559,True
7991,141.43,42.429,141.43,448746.81300000055,-43214.461836035596,34.69509166666667,-69894.98732770227,True
7992,96.49,28.947,96.49,448775.76000000053,-43243.40883603558,34.674083333333336,-69873.10483603558,True
7993,123.87,37.161,123.87,448812.92100000056,-43280.569836035604,34.67160416666667,-69873.69023186894,True
7994,107.29,32.187,107.29,448845.10800000053,-43312.75683603558,34.656875,-69859.92308603557,True
7995,106.67,32.001,106.67,448877.1090000005,-43344.75783603557,34.650225,-69852.17996103557,True
7996,86.25,25.875,86.25,448902.9840000005,-43370.63283603557,34.62283333333333,-69822.47750270224,True
7997,124.87,37.461,124.87,448940.44500000053,-43408.09383603558,34.6271875,-69828.63789853558,True
7998,102.81,30.843,102.81,448971.2880000005,-43438.93683603557,34.61805833333334,-69817.89728603557,True
7999,99.14,29.742,99.14,449001.03000000055,-43468.6788360356,34.61654166666666,-69811.86704436893,True
8000,92.13,27.639,92.13,449028.6690000006,-43496.317836035625,34.6007125,-69792.85933603562,True
8001,92.75,27.825,92.75,449056.4940000006,-43524.14283603564,34.5823625,-69772.15597353564,True
8002,79.73,23.919,79.73,449080.4130000006,-43548.06183603563,34.57505416666667,-69755.95289436897,True
8003,102.06,30.618,102.06,449111.0310000006,-43578.67983603565,34.557966666666665,-69739.06060270232,True
8004,99.58,29.874,99.58,449140.9050000006,-43608.55383603566,34.541475,-69721.90893603566,True
8005,103.26,30.978,103.26,449171.8830000006,-43639.53183603566,34.5365875,-69714.65539853566,True
8006,95.16,28.548,95.16,449200.4310000006,-43668.07983603567,34.531575000000004,-69704.88738603567,True
8007,95.21,28.563,95.21,449228.99400000065,-43696.642836035695,34.511854166666666,-69684.0690235357,True
8008,101.03,30.309,101.03,449259.30300000065,-43726.9518360357,34.4827625,-69657.9892360357,True
8009,97.9,29.37,97.9,449288.67300000065,-43756.3218360357,34.47378333333333,-69646.13311936903,True
8010,92.11,27.633,92.11,449316.3060000006,-43783.95483603567,34.468333333333334,-69635.20483603567,True
8011,142.24,42.672,142.24,449358.97800000064,-43826.62683603569,34.465870833333334,-69641.56409020236,True
8012,96.99,29.097,96.99,449388.07500000065,-43855.7238360357,34.44999583333333,-69624.32071936903,True
8013,109.68,32.904,109.68,449420.97900000063,-43888.62783603568,34.44013333333333,-69615.40743603568,True
8014,123.91,37.173,123.91,449458.15200000064,-43925.80083603569,34.436908333333335,-69615.73445270237,True
8015,97.42,29.226,97.42,449487.37800000067,-43955.026836035715,34.41603333333333,-69594.97166936904,True
8016,115.09,34.527,115.09,449521.90500000067,-43989.55383603572,34.41025416666667,-69590.78293603571,True
8017,120.8,36.24,120.8,449558.14500000066,-44025.79383603571,34.40252916666667,-69586.87300686905,True
8018,88.75,26.625,88.75,449584.77000000066,-44052.41883603571,34.39075,-69570.3553360357,True
8019,113.24,33.971999999999994,113.24,449618.74200000067,-44086.390836035716,34.38048333333333,-69562.32898603572,True
8020,100.93,30.279,100.93,449649.02100000065,-44116.6698360357,34.35614583333333,-69540.21775270236,True
8021,105.39,31.617,105.39,449680.6380000007,-44148.286836035724,34.345870833333336,-69529.88538186905,True
8022,86.51,25.953,86.51,449706.59100000066,-44174.239836035704,34.3328375,-69511.8739110357,True
8023,118.56,35.568,118.56,449742.1590000007,-44209.80783603573,34.31924583333333,-69503.09201520239,True
8024,109.91,32.973,109.91,449775.1320000007,-44242.78083603573,34.316879166666666,-69500.00390270239,True
8025,84.95,25.485,84.95,449800.61700000067,-44268.265836035716,34.297575,-69476.98346103572,True
8026,89.29,26.787000000000003,89.29,449827.4040000007,-44295.05283603573,34.2929,-69466.04143603572,True
8027,78.86,23.658,78.86,449851.0620000007,-44318.71083603572,34.26795,-69437.11818603572,True
8028,85.49,25.647,85.49,449876.7090000007,-44344.35783603572,34.24659583333334,-69412.86598603573,True
8029,84.21,25.263,84.21,449901.97200000065,-44369.6208360357,34.237429166666665,-69397.18155686904,True
8030,79.32,23.796,79.32,449925.7680000006,-44393.41683603567,34.21554166666667,-69370.76225270233,True
8031,82.81,24.843,82.81,449950.6110000006,-44418.259836035664,34.208574999999996,-69356.31101103566,True
8032,79.75,23.925,79.75,449974.5360000006,-44442.18483603565,34.19830416666667,-69338.55026936898,True
8033,88.62,26.586,88.62,450001.1220000006,-44468.77083603566,34.1826125,-69319.53012353566,True
8034,94.62,28.386,94.62,450029.5080000006,-44497.15683603566,34.16930833333333,-69304.07468603566,True
8035,168.54,50.562,168.54,450080.0700000006,-44547.71883603564,34.188275,-69334.21821103564,True
8036,112.06,33.618,112.06,450113.6880000006,-44581.336836035654,34.1737375,-69323.12278603566,True
8037,127.03,38.109,127.03,450151.7970000006,-44619.44583603565,34.176100000000005,-69328.76613603566,True
8038,103.61,31.083,103.61,450182.8800000006,-44650.528836035635,34.16395833333333,-69316.9067527023,True
8039,97.76,29.328,97.76,450212.20800000057,-44679.856836035615,34.14852916666667,-69300.94636520228,True
8040,108.56,32.568,108.56,450244.7760000006,-44712.42483603564,34.12910416666667,-69285.37983603564,True
8041,102.46,30.738,102.46,450275.5140000006,-44743.162836035655,34.109654166666665,-69268.00418186898,True
8042,104.58,31.374,104.58,450306.8880000006,-44774.536836035666,34.093945833333336,-69253.98994436901,True
8043,114.08,34.224,114.08,450341.1120000006,-44808.76083603565,34.09281666666667,-69253.31038603565,True
8044,109.88,32.964,109.88,450374.0760000006,-44841.72483603563,34.09138333333333,-69251.1553027023,True
8045,102.87,30.861,102.87,450404.93700000056,-44872.58583603561,34.08615833333333,-69244.18904436893,True
8046,121.99,36.597,121.99,450441.53400000057,-44909.182836035616,34.07875833333333,-69241.41628603562,True
8047,101.07,30.321,101.07,450471.85500000056,-44939.50383603561,34.06928333333333,-69230.90285270227,True
8048,86.96,26.088,86.96,450497.94300000055,-44965.5918360356,34.055929166666665,-69213.41340270227,True
8049,88.19,26.457,88.19,450524.40000000055,-44992.048836035596,34.048658333333336,-69200.6449110356,True
8050,84.75,25.425,84.75,450549.82500000054,-45017.473836035584,34.040662499999996,-69186.34421103558,True
8051,88.88,26.664,88.88,450576.4890000005,-45044.137836035574,34.03588333333333,-69175.57911936891,True
8052,92.5,27.75,92.5,450604.2390000005,-45071.887836035574,34.02509166666667,-69161.65273603558,True
8053,81.06,24.318,81.06,450628.55700000055,-45096.2058360356,34.01873333333334,-69147.45030270227,True
8054,103.01,30.903,103.01,450659.46000000054,-45127.10883603559,34.01804583333334,-69143.84919436893,True
8055,94.16,28.248,94.16,450687.70800000057,-45155.356836035615,34.01580833333333,-69136.50171103561,True
8056,109.81,32.943,109.81,450720.6510000006,-45188.29983603564,34.0190125,-69137.68463603564,True
8057,78.48,23.544,78.48,450744.1950000006,-45211.84383603564,34.000616666666666,-69114.27735270231,True
8058,91.3,27.39,91.3,450771.5850000006,-45239.23383603565,33.970075,-69086.22648603565,True
8059,90.81,27.243,90.81,450798.8280000006,-45266.47683603567,33.94504583333333,-69061.95396520234,True
8060,110.05,33.015,110.05,450831.84300000063,-45299.49183603568,33.93449583333333,-69053.63891936901,True
8061,117.11,35.133,117.11,450866.9760000006,-45334.624836035655,33.9363125,-69056.10727353566,True
8062,89.82,26.946,89.82,450893.9220000006,-45361.57083603565,33.89902083333334,-69023.08737770232,True
8063,99.61,29.883,99.61,450923.8050000006,-45391.453836035624,33.88877083333333,-69011.92710686896,True
8064,110.78,33.234,110.78,450957.0390000006,-45424.68783603562,33.880154166666664,-69005.27513603562,True
8065,130.75,39.225,130.75,450996.26400000055,-45463.9128360356,33.87905,-69009.8525860356,True
8066,104.81,31.443,104.81,451027.7070000006,-45495.355836035626,33.86556666666667,-68998.0591027023,True
8067,112.27,33.681,112.27,451061.38800000056,-45529.03683603561,33.86060833333334,-68994.4384110356,True
8068,107.01,32.103,107.01,451093.49100000056,-45561.13983603561,33.86239166666667,-68993.91486936895,True
8069,93.97,28.191,93.97,451121.68200000055,-45589.3308360356,33.85610416666667,-68983.89881520226,True
8070,83.31,24.993,83.31,451146.67500000057,-45614.32383603562,33.84595833333333,-68968.03508603561,True
8071,92.37,27.711,92.37,451174.3860000006,-45642.03483603563,33.8368375,-68955.61587353563,True
8072,126.05,37.815,126.05,451212.2010000006,-45679.84983603563,33.8413125,-68962.67283603564,True
8073,118.28,35.484,118.28,451247.6850000006,-45715.33383603563,33.84532083333333,-68967.06924853563,True
8074,80.78,24.234,80.78,451271.9190000006,-45739.567836035625,33.83230416666667,-68948.52849436896,True
8075,94.89,28.467,94.89,451300.3860000006,-45768.03483603563,33.82004583333333,-68934.76623186897,True
8076,85.66,25.698,85.66,451326.08400000056,-45793.732836035604,33.81163333333333,-68920.8900360356,True
8077,81.72,24.516,81.72,451350.60000000056,-45818.24883603561,33.79012916666667,-68896.90705686895,True
8078,96.21,28.863,96.21,451379.4630000006,-45847.11183603562,33.776225,-68882.49728603562,True
8079,72.37,21.711,72.37,451401.1740000006,-45868.82283603563,33.76058750000001,-68859.78292353563,True
8080,108.82,32.645999999999994,108.82,451433.8200000006,-45901.46883603564,33.73563333333333,-68841.69950270231,True
8081,112.72,33.815999999999995,112.72,451467.6360000006,-45935.28483603563,33.73685416666667,-68842.6088152023,True
8082,89.96,26.988,89.96,451494.6240000006,-45962.27283603564,33.72729583333333,-68829.37941103564,True
8083,117.51,35.253,117.51,451529.8770000006,-45997.52583603567,33.728025,-68831.39876103567,True
8084,100.55,30.165,100.55,451560.0420000006,-46027.69083603565,33.70575,-68812.77783603565,True
8085,104.63,31.389,104.63,451591.4310000006,-46059.07983603567,33.693783333333336,-68802.38358603568,True
8086,98.63,29.589,98.63,451621.0200000006,-46088.66883603565,33.6810875,-68789.72181103565,True
8087,100.79,30.237,100.79,451651.2570000006,-46118.90583603567,33.674216666666666,-68781.65365270234,True
8088,96.05,28.815,96.05,451680.0720000006,-46147.720836035674,33.66291666666667,-68769.20083603567,True
8089,119.67,35.901,119.67,451715.97300000064,-46183.62183603569,33.66323333333334,-68771.65140270235,True
8090,100.51,30.153,100.51,451746.12600000063,-46213.77483603568,33.6569625,-68763.93971103568,True
8091,71.1,21.33,71.1,451767.45600000065,-46235.104836035694,33.62867916666667,-68732.6911985357,True
8092,105.83,31.749,105.83,451799.20500000066,-46266.853836035705,33.6234375,-68727.31008603571,True
8093,114.32,34.296,114.32,451833.50100000063,-46301.14983603568,33.614912499999996,-68722.29647353568,True
8094,101.35,30.405,101.35,451863.90600000066,-46331.554836035706,33.60947916666667,-68715.4679610357,True
8095,105.09,31.527,105.09,451895.43300000066,-46363.08183603571,33.60522916666667,-68710.55923186905,True
8096,102.27,30.681,102.27,451926.11400000064,-46393.76283603569,33.599291666666666,-68703.69250270235,True
8097,97.45,29.235,97.45,451955.3490000006,-46422.997836035676,33.58427916666667,-68689.37492353568,True
8098,82.75,24.825,82.75,451980.17400000064,-46447.82283603569,33.5505125,-68658.26211103568,True
8099,73.83,22.149,73.83,452002.3230000006,-46469.971836035664,33.529445833333334,-68632.93553186899,True
8100,83.98,25.194,83.98,452027.51700000063,-46495.16583603568,33.5146125,-68614.81008603568,True
8101,115.91,34.773,115.91,452062.2900000006,-46529.93883603567,33.4981375,-68605.21144853567,True
8102,136.98,41.094,136.98,452103.3840000006,-46571.03283603565,33.511,-68621.27083603565,True
8103,83.42,25.026,83.42,452128.4100000006,-46596.05883603566,33.49505416666666,-68602.30942353565,True
8104,92.56,27.768,92.56,452156.1780000006,-46623.826836035645,33.4858625,-68590.55263603565,True
8105,109.13,32.739,109.13,452188.9170000006,-46656.56583603565,33.47699583333333,-68583.99810686898,True
8106,92.99,27.897,92.99,452216.8140000006,-46684.462836035644,33.45699166666667,-68565.33538603564,True
8107,94.33,28.299,94.33,452245.1130000006,-46712.76183603564,33.4464125,-68553.26919853565,True
8108,132.63,39.789,132.63,452284.9020000006,-46752.55083603563,33.435920833333334,-68552.77121936897,True
8109,112.48,33.744,112.48,452318.6460000006,-46786.29483603564,33.41681666666667,-68540.64248603565,True
8110,144.13,43.239,144.13,452361.8850000006,-46829.53383603564,33.414,-68548.63383603565,True
8111,112.53,33.759,112.53,452395.6440000006,-46863.29283603566,33.406875,-68544.35471103566,True
8112,132.33,39.699000000000005,132.33,452435.34300000063,-46902.99183603568,33.40255416666667,-68547.84693603568,True
8113,112.51,33.753,112.51,452469.09600000066,-46936.74483603571,33.40377083333333,-68548.98456520238,True
8114,112.65,33.795,112.65,452502.89100000064,-46970.53983603569,33.379933333333334,-68533.97676936902,True
8115,126.37,37.911,126.37,452540.80200000067,-47008.450836035714,33.37587499999999,-68535.8902110357,True
8116,96.68,29.004,96.68,452569.8060000007,-47037.45483603573,33.37119583333333,-68528.5049527024,True
8117,120.95,36.285,120.95,452606.09100000066,-47073.739836035704,33.35988333333333,-68524.14481936903,True
8118,106.28,31.884,106.28,452637.9750000007,-47105.623836035724,33.360125000000004,-68522.82408603572,True
8119,94.1,28.23,94.1,452666.20500000066,-47133.853836035705,33.342083333333335,-68506.12925270238,True
8120,83.42,25.026,83.42,452691.23100000067,-47158.87983603572,33.32917083333333,-68489.54916936904,True
8121,82.76,24.828,82.76,452716.05900000065,-47183.7078360357,33.31325416666667,-68470.87724853569,True
8122,96.89,29.067,96.89,452745.12600000063,-47212.77483603568,33.307941666666665,-68463.24161936902,True
8123,102.89,30.867,102.89,452775.99300000066,-47243.641836035706,33.306275,-68459.73901103571,True
8124,82.5,24.75,82.5,452800.74300000066,-47268.391836035706,33.30695416666667,-68451.61468603571,True
8125,94.65,28.395,94.65,452829.1380000007,-47296.786836035724,33.30500416666667,-68445.46448186906,True
8126,81.15,24.345,81.15,452853.48300000065,-47321.131836035696,33.2832875,-68422.7361110357,True
8127,75.8,22.74,75.8,452876.22300000064,-47343.87183603569,33.26920416666667,-68403.27807353568,True
8128,84.19,25.257,84.19,452901.4800000006,-47369.12883603567,33.249287499999994,-68382.67853603567,True
8129,107.03,32.109,107.03,452933.5890000006,-47401.23783603567,33.248549999999994,-68381.07288603566,True
8130,108.15,32.445,108.15,452966.0340000006,-47433.682836035674,33.24989583333333,-68381.11721103567,True
8131,121.46,36.438,121.46,453002.47200000065,-47470.1208360357,33.24022083333333,-68378.21974020236,True
8132,110.72,33.216,110.72,453035.68800000066,-47503.33683603571,33.23084583333333,-68372.30801936905,True
8133,121.72,36.516,121.72,453072.20400000067,-47539.852836035716,33.232975,-68376.92816103571,True
8134,98.4,29.52,98.4,453101.7240000007,-47569.372836035735,33.214225000000006,-68361.47768603574,True
8135,102.74,30.822,102.74,453132.5460000007,-47600.19483603572,33.199104166666665,-68349.63494020238,True
8136,122.25,36.675,122.25,453169.22100000066,-47636.86983603571,33.19600416666667,-68351.1764360357,True
8137,100.6,30.18,100.6,453199.40100000065,-47667.0498360357,33.181329166666664,-68339.01790686903,True
8138,100.03,30.009,100.03,453229.4100000007,-47697.05883603572,33.15905833333333,-68321.99311936906,True
8139,88.23,26.469,88.23,453255.87900000066,-47723.527836035704,33.13959583333333,-68303.2168485357,True
8140,103.64,31.092,103.64,453286.97100000066,-47754.61983603571,33.127362500000004,-68293.58458603571,True
8141,88.03,26.409,88.03,453313.38000000064,-47781.02883603569,33.116591666666665,-68280.19907770236,True
8142,94.72,28.416,94.72,453341.7960000007,-47809.44483603572,33.10460833333333,-68268.09278603572,True
8143,92.2,27.66,92.2,453369.45600000065,-47837.104836035694,33.08849166666667,-68252.70419436903,True
8144,121.74,36.522,121.74,453405.97800000064,-47873.62683603569,33.09362083333333,-68259.29726936902,True
8145,91.13,27.339,91.13,453433.3170000006,-47900.96583603567,33.08302916666667,-68247.02877353567,True
8146,102.26,30.678,102.26,453463.99500000064,-47931.643836035684,33.07875833333333,-68242.00145270236,True
8147,82.9,24.87,82.9,453488.86500000063,-47956.51383603568,33.058529166666666,-68221.39221520234,True
8148,99.39,29.817,99.39,453518.6820000006,-47986.33083603566,33.048254166666666,-68211.86238603566,True
8149,87.38,26.214,87.38,453544.8960000006,-48012.54483603564,33.035025000000005,-68196.94511103565,True
8150,82.68,24.804,82.68,453569.7000000006,-48037.34883603564,33.01837083333333,-68178.55504436897,True
8151,89.12,26.736,89.12,453596.43600000057,-48064.08483603562,33.01188333333334,-68168.32178603562,True
8152,103.92,31.176,103.92,453627.61200000055,-48095.260836035595,33.01835833333333,-68170.42270270226,True
8153,86.72,26.016,86.72,453653.62800000055,-48121.2768360356,33.009029166666664,-68157.75754020226,True
8154,104.18,31.254,104.18,453684.88200000057,-48152.530836035614,33.000837499999996,-68151.03836103561,True
8155,101.3,30.39,101.3,453715.2720000006,-48182.92083603563,32.9829375,-68137.59802353563,True
8156,106.28,31.884,106.28,453747.1560000006,-48214.80483603565,32.97654166666667,-68132.63600270232,True
8157,108.43,32.529,108.43,453779.6850000006,-48247.33383603563,32.972300000000004,-68129.63073603563,True
8158,97.97,29.391,97.97,453809.0760000006,-48276.72483603563,32.958891666666666,-68117.97761936896,True
8159,118.02,35.406,118.02,453844.4820000006,-48312.13083603565,32.9484625,-68114.15679853565,True
8160,105.98,31.794,105.98,453876.2760000006,-48343.92483603564,32.943933333333334,-68110.28483603564,True
8161,92.68,27.804,92.68,453904.0800000006,-48371.72883603565,32.93470833333333,-68099.61912770232,True
8162,122.61,36.783,122.61,453940.8630000006,-48408.51183603564,32.939141666666664,-68106.1185527023,True
8163,92.87,27.861,92.87,453968.72400000057,-48436.37283603562,32.928825,-68094.88136103562,True
8164,90.41,27.123,90.41,453995.8470000006,-48463.49583603564,32.922895833333335,-68085.54175270231,True
8165,81.92,24.576,81.92,454020.4230000006,-48488.07183603564,32.91148333333334,-68070.40441936898,True
8166,96.34,28.902,96.34,454049.3250000006,-48516.97383603564,32.904095833333336,-68062.00676103565,True
8167,107.42,32.226,107.42,454081.5510000006,-48549.19983603567,32.9056375,-68062.24287353567,True
8168,110.41,33.123,110.41,454114.67400000064,-48582.32283603569,32.90655,-68063.00043603568,True
8169,93.65,28.095,93.65,454142.7690000006,-48610.41783603566,32.89474166666667,-68051.21016103566,True
8170,94.28,28.284,94.28,454171.0530000006,-48638.701836035645,32.879733333333334,-68037.74450270232,True
8171,107.22,32.166,107.22,454203.2190000006,-48670.86783603567,32.86853333333333,-68030.43396936901,True
8172,90.59,27.177,90.59,454230.39600000065,-48698.0448360357,32.8649375,-68022.6280860357,True
8173,88.75,26.625,88.75,454257.02100000065,-48724.6698360357,32.852583333333335,-68009.13625270236,True
8174,82.94,24.882,82.94,454281.90300000063,-48749.55183603568,32.84690416666667,-67997.83767770235,True
8175,104.93,31.479,104.93,454313.3820000006,-48781.03083603567,32.8397375,-67992.27727353567,True
8176,86.12,25.836,86.12,454339.21800000063,-48806.86683603568,32.83405833333333,-67981.95690270234,True
8177,97.65,29.295,97.65,454368.5130000006,-48836.161836035666,32.82179583333334,-67971.268806869,True
8178,103.71,31.113,103.71,454399.62600000063,-48867.27483603568,32.820166666666665,-67968.61183603568,True
8179,92.74,27.822,92.74,454427.4480000006,-48895.096836035664,32.81132916666667,-67958.479081869,True
8180,94.67,28.401,94.67,454455.8490000006,-48923.497836035676,32.80320833333334,-67949.35866936902,True
8181,113.05,33.915,113.05,454489.7640000006,-48957.412836035655,32.783566666666665,-67939.09793603566,True
8182,96.81,29.043,96.81,454518.8070000006,-48986.45583603566,32.77535,-67930.60813603566,True
8183,99.62,29.886,99.62,454548.6930000006,-49016.34183603566,32.74330416666666,-67909.22834020233,True
8184,111.07,33.321,111.07,454582.0140000006,-49049.662836035655,32.73692916666667,-67906.13403603566,True
8185,112.66,33.797999999999995,112.66,454615.8120000006,-49083.460836035665,32.73125,-67903.92958603567,True
8186,94.09,28.227,94.09,454644.03900000063,-49111.68783603568,32.71787916666666,-67891.75047770234,True
8187,104.89,31.467,104.89,454675.50600000063,-49143.15483603568,32.705799999999996,-67883.57823603568,True
8188,86.91,26.073,86.91,454701.5790000006,-49169.22783603566,32.69410833333333,-67870.25780270233,True
8189,107.66,32.297999999999995,107.66,454733.8770000006,-49201.52583603567,32.6787625,-67861.09922353567,True
8190,88.71,26.613,88.71,454760.49000000063,-49228.13883603568,32.668683333333334,-67849.28833603568,True
8191,84.13,25.239,84.13,454785.72900000063,-49253.37783603568,32.664766666666665,-67839.63006936901,True
8192,89.95,26.985,89.95,454812.7140000006,-49280.36283603567,32.6515,-67826.41483603566,True
8193,111.38,33.413999999999994,111.38,454846.1280000006,-49313.77683603566,32.6514375,-67827.14189853566,True
8194,89.11,26.733,89.11,454872.8610000006,-49340.509836035664,32.648183333333336,-67819.38160270233,True
8195,81.19,24.357,81.19,454897.21800000063,-49364.86683603568,32.64145416666666,-67807.28844020235,True
8196,97.94,29.382,97.94,454926.6000000006,-49394.248836035666,32.636070833333335,-67800.99278603567,True
8197,108.62,32.586,108.62,454959.1860000006,-49426.834836035676,32.628125,-67796.46921103567,True
8198,94.43,28.329,94.43,454987.51500000065,-49455.1638360357,32.616479166666664,-67785.62512770237,True
8199,90.13,27.039,90.13,455014.55400000064,-49482.20283603569,32.61009166666667,-67776.4642610357,True
8200,94.86,28.458,94.86,455043.0120000006,-49510.66083603568,32.605312500000004,-67769.63583603568,True
8201,112.35,33.705,112.35,455076.71700000064,-49544.36583603569,32.606312499999994,-67771.29452353569,True
8202,86.22,25.866,86.22,455102.5830000006,-49570.23183603567,32.59565833333333,-67758.60918603567,True
8203,113.3,33.989999999999995,113.3,455136.5730000006,-49604.221836035664,32.577154166666666,-67749.696706869,True
8204,96.31,28.893,96.31,455165.4660000006,-49633.114836035646,32.565354166666665,-67739.45175270231,True
8205,106.61,31.983,106.61,455197.4490000006,-49665.09783603565,32.55360833333333,-67732.35046103565,True
8206,117.85,35.355,117.85,455232.8040000006,-49700.452836035634,32.54597916666667,-67730.92529436896,True
8207,106.04,31.812,106.04,455264.61600000056,-49732.26483603561,32.543620833333335,-67728.88715686895,True
8208,113.47,34.041,113.47,455298.6570000006,-49766.30583603564,32.535849999999996,-67726.09503603564,True
8209,105.29,31.587,105.29,455330.2440000006,-49797.89283603564,32.51636250000001,-67714.40857353565,True
8210,105.53,31.659,105.53,455361.9030000006,-49829.55183603562,32.495975,-67702.33808603563,True
8211,104.77,31.431,104.77,455393.33400000056,-49860.982836035604,32.49001666666667,-67698.00198603561,True
8212,86.56,25.968,86.56,455419.30200000055,-49886.9508360356,32.465154166666665,-67677.85531936893,True
8213,107.68,32.304,107.68,455451.60600000055,-49919.2548360356,32.461124999999996,-67675.49021103559,True
8214,103.11,30.933,103.11,455482.5390000006,-49950.18783603562,32.44723333333333,-67666.37723603562,True
8215,91.59,27.477,91.59,455510.0160000006,-49977.664836035634,32.44497083333333,-67660.1739402023,True
8216,104.24,31.272,104.24,455541.2880000006,-50008.93683603563,32.44118333333333,-67656.94056936896,True
8217,101.4,30.42,101.4,455571.70800000057,-50039.356836035615,32.42871666666667,-67648.14998603563,True
8218,84.89,25.467,84.89,455597.17500000057,-50064.82383603562,32.41254583333333,-67632.42367770229,True
8219,89.97,26.991,89.97,455624.16600000055,-50091.8148360356,32.40397083333333,-67622.36305686893,True
8220,120.0,36.0,120.0,455660.16600000055,-50127.8148360356,32.4153,-67632.0768360356,True
8221,108.68,32.604,108.68,455692.77000000054,-50160.41883603559,32.40165,-67624.9081860356,True
8222,103.11,30.933,103.11,455723.70300000056,-50191.35183603561,32.393375,-67618.98758603561,True
8223,84.42,25.326,84.42,455749.02900000056,-50216.67783603561,32.376691666666666,-67602.96126103561,True
8224,82.62,24.786,82.62,455773.8150000006,-50241.46383603563,32.362120833333336,-67587.5606027023,True
8225,99.21,29.763,99.21,455803.57800000056,-50271.22683603561,32.347745833333335,-67577.27085686894,True
8226,86.83,26.049,86.83,455829.62700000056,-50297.27583603561,32.330283333333334,-67561.64713603561,True
8227,118.05,35.415,118.05,455865.04200000054,-50332.69083603559,32.3320625,-67565.68014853558,True
8228,105.3,31.59,105.3,455896.63200000057,-50364.280836035614,32.32071666666667,-67558.90210270228,True
8229,100.01,30.003,100.01,455926.6350000006,-50394.28383603564,32.3103125,-67551.05977353564,True
8230,101.65,30.495,101.65,455957.1300000006,-50424.778836035635,32.308195833333336,-67548.12262770231,True
8231,98.91,29.673,98.91,455986.8030000006,-50454.451836035645,32.29105833333333,-67536.42169436898,True
8232,112.27,33.681,112.27,456020.4840000006,-50488.13283603563,32.28337916666666,-67533.75703603562,True
8233,103.89,31.167,103.89,456051.6510000006,-50519.29983603564,32.28046666666667,-67531.10576936898,True
8234,104.42,31.326,104.42,456082.9770000006,-50550.625836035644,32.27721666666667,-67528.44180270232,True
8235,111.95,33.585,111.95,456116.5620000006,-50584.210836035665,32.272825000000005,-67527.44396103566,True
8236,101.24,30.372,101.24,456146.9340000006,-50614.58283603564,32.268391666666666,-67523.22006936898,True
8237,92.75,27.825,92.75,456174.7590000006,-50642.40783603565,32.256616666666666,-67512.61835270232,True
8238,93.86,28.158,93.86,456202.9170000006,-50670.56583603565,32.2544375,-67507.38221103564,True
8239,113.25,33.975,113.25,456236.8920000006,-50704.54083603562,32.23324583333333,-67498.06191520228,True
8240,95.5,28.65,95.5,456265.5420000006,-50733.19083603565,32.21874583333333,-67486.93866936897,True
8241,98.26,29.478,98.26,456295.0200000006,-50762.66883603565,32.21617083333334,-67482.86149853565,True
8242,99.42,29.826,99.42,456324.8460000006,-50792.49483603565,32.215962499999996,-67480.36341103565,True
8243,80.57,24.171,80.57,456349.0170000006,-50816.66583603562,32.20794583333333,-67468.17383186896,True
8244,83.2,24.96,83.2,456373.9770000006,-50841.625836035644,32.19847916666667,-67456.04108603565,True
8245,107.61,32.283,107.61,456406.2600000006,-50873.90883603564,32.20519166666667,-67459.58254436898,True
8246,83.82,25.146,83.82,456431.4060000006,-50899.05483603565,32.1934625,-67446.49456103565,True
8247,103.71,31.113,103.71,456462.5190000006,-50930.16783603566,32.18823333333333,-67442.73153603566,True
8248,88.33,26.499,88.33,456489.0180000006,-50956.66683603567,32.18559583333333,-67435.69190270234,True
8249,86.74,26.022,86.74,456515.0400000006,-50982.68883603567,32.18145416666667,-67427.41191520233,True
8250,103.64,31.092,103.64,456546.1320000006,-51013.78083603567,32.1749625,-67423.01171103568,True
8251,114.21,34.263,114.21,456580.3950000006,-51048.04383603565,32.16545,-67420.25788603564,True
8252,98.56,29.568,98.56,456609.96300000063,-51077.61183603568,32.156187499999994,-67412.95508603567,True
8253,84.18,25.254,84.18,456635.21700000064,-51102.86583603569,32.145158333333335,-67400.4611110357,True
8254,112.32,33.696,112.32,456668.91300000064,-51136.56183603569,32.13927083333333,-67399.03287770235,True
8255,109.25,32.775,109.25,456701.68800000066,-51169.33683603571,32.13373333333333,-67396.87216936905,True
8256,98.94,29.682,98.94,456731.37000000064,-51199.018836035684,32.12606666666667,-67390.55643603568,True
8257,113.28,33.984,113.28,456765.35400000063,-51233.00283603568,32.12531666666666,-67392.03711936901,True
8258,109.45,32.835,109.45,456798.18900000065,-51265.8378360357,32.11271666666667,-67386.42160270236,True
8259,132.9,39.87,132.9,456838.05900000065,-51305.7078360357,32.10610416666667,-67390.8660235357,True
8260,120.73,36.219,120.73,456874.27800000063,-51341.92683603568,32.09748333333334,-67390.66850270235,True
8261,97.44,29.232,97.44,456903.51000000065,-51371.1588360357,32.08945000000001,-67383.7943860357,True
8262,85.3,25.59,85.3,456929.1000000007,-51396.748836035724,32.076658333333334,-67370.92468603572,True
8263,89.17,26.751,89.17,456955.85100000066,-51423.49983603571,32.06379166666667,-67359.20429436905,True
8264,92.34,27.702,92.34,456983.55300000065,-51451.2018360357,32.05267083333333,-67349.32656936903,True
8265,102.92,30.876,102.92,457014.42900000064,-51482.07783603569,32.060174999999994,-67351.86446103569,True
8266,79.93,23.979000000000003,79.93,457038.40800000064,-51506.056836035685,32.052595833333335,-67340.03917770235,True
8267,102.69,30.807,102.69,457069.2150000006,-51536.863836035656,32.048075,-67336.56481103566,True
8268,90.65,27.195,90.65,457096.4100000006,-51564.05883603566,32.04436666666667,-67329.88723603566,True
8269,82.87,24.861,82.87,457121.2710000006,-51588.91983603564,32.0362375,-67318.71244853563,True
8270,89.71,26.913,89.71,457148.1840000006,-51615.83283603564,32.026091666666666,-67308.61775270231,True
8271,97.6,29.28,97.6,457177.4640000006,-51645.11283603567,32.02327083333333,-67304.49227353567,True
8272,62.03,18.609,62.03,457196.0730000006,-51663.721836035664,32.0036,-67281.47863603567,True
8273,85.16,25.548,85.16,457221.6210000006,-51689.26983603567,31.9935375,-67270.12259853567,True
8274,94.38,28.314,94.38,457249.93500000064,-51717.58383603569,31.987750000000002,-67263.63033603568,True
8275,96.72,29.016,96.72,457278.95100000064,-51746.59983603569,31.977591666666665,-67255.73179436903,True
8276,98.88,29.664,98.88,457308.61500000063,-51776.26383603568,31.972762499999998,-67251.08088603568,True
8277,125.67,37.701,125.67,457346.31600000063,-51813.96483603568,31.98300416666667,-67261.75584853569,True
8278,111.85,33.555,111.85,457379.8710000006,-51847.51983603567,31.977587499999995,-67260.71701103567,True
8279,92.88,27.864,92.88,457407.7350000006,-51875.383836035675,31.964862500000002,-67250.48269853568,True
8280,102.86,30.858,102.86,457438.59300000063,-51906.24183603568,31.948379166666665,-67241.46383603568,True
8281,108.35,32.504999999999995,108.35,457471.09800000064,-51938.74683603569,31.925616666666667,-67231.11721936901,True
8282,106.82,32.046,106.82,457503.1440000006,-51970.79283603566,31.916341666666668,-67226.80415270233,True
8283,107.52,32.256,107.52,457535.4000000006,-52003.048836035654,31.914345833333336,-67226.19179853566,True
8284,87.24,26.172,87.24,457561.5720000006,-52029.220836035674,31.899433333333334,-67213.35110270235,True
8285,84.8,25.44,84.8,457587.0120000006,-52054.66083603568,31.876841666666667,-67196.16062770234,True
8286,100.41,30.123,100.41,457617.13500000065,-52084.7838360357,31.871875,-67192.0525860357,True
8287,79.0,23.7,79.0,457640.83500000066,-52108.48383603571,31.86357083333333,-67179.95284020237,True
8288,89.93,26.979000000000003,89.93,457667.81400000065,-52135.4628360357,31.860058333333335,-67173.41036936904,True
8289,90.32,27.096,90.32,457694.9100000007,-52162.55883603572,31.854824999999998,-67166.18141103572,True
8290,98.23,29.469,98.23,457724.37900000066,-52192.027836035704,31.844475000000003,-67158.9310860357,True
8291,80.73,24.219,80.73,457748.59800000064,-52216.24683603569,31.831841666666666,-67145.38057770235,True
8292,82.67,24.801,82.67,457773.3990000006,-52241.047836035665,31.808349999999997,-67127.35563603566,True
8293,81.97,24.591,81.97,457797.99000000063,-52265.63883603568,31.8015,-67116.93933603568,True
8294,86.05,25.815,86.05,457823.80500000063,-52291.45383603568,31.794266666666665,-67107.58210270235,True
8295,109.14,32.742,109.14,457856.54700000066,-52324.19583603571,31.79257916666667,-67107.74514853572,True
8296,82.12,24.636,82.12,457881.18300000066,-52348.83183603571,31.775712499999997,-67092.7624360357,True
8297,84.9,25.47,84.9,457906.65300000063,-52374.30183603568,31.76559166666667,-67081.77077770235,True
8298,99.34,29.802,99.34,457936.45500000066,-52404.103836035705,31.76385416666667,-67079.0044610357,True
8299,99.89,29.967,99.89,457966.42200000066,-52434.07083603571,31.758450000000003,-67074.7162860357,True
8300,96.1,28.83,96.1,457995.2520000007,-52462.900836035726,31.750041666666664,-67067.92000270239,True
8301,98.16,29.448,98.16,458024.70000000065,-52492.3488360357,31.746604166666668,-67064.0401485357,True
8302,93.83,28.149,93.83,458052.8490000006,-52520.497836035676,31.731083333333334,-67053.33400270235,True
8303,118.88,35.663999999999994,118.88,458088.5130000006,-52556.161836035666,31.722133333333336,-67053.176769369,True
8304,101.94,30.582,101.94,458119.0950000006,-52586.74383603566,31.715495833333332,-67049.00993603565,True
8305,101.19,30.357,101.19,458149.45200000063,-52617.10083603568,31.712049999999998,-67046.08358603567,True
8306,112.09,33.627,112.09,458183.0790000006,-52650.72783603566,31.714075,-67048.91788603566,True
8307,97.95,29.385,97.95,458212.4640000006,-52680.11283603567,31.701499999999996,-67040.89233603567,True
8308,97.95,29.385,97.95,458241.8490000006,-52709.497836035676,31.687054166666666,-67032.04631936901,True
8309,107.37,32.211,107.37,458274.06000000064,-52741.70883603569,31.691966666666666,-67034.78580270235,True
8310,112.98,33.894,112.98,458307.9540000006,-52775.60283603566,31.6844,-67033.58283603565,True
8311,99.57,29.870999999999995,99.57,458337.8250000006,-52805.47383603564,31.685641666666665,-67032.32694436898,True
8312,77.5,23.25,77.5,458361.0750000006,-52828.72383603564,31.67421666666667,-67018.77290270232,True
8313,95.17,28.551,95.17,458389.6260000006,-52857.27483603562,31.667299999999997,-67012.55793603562,True
8314,93.27,27.981,93.27,458417.6070000006,-52885.25583603565,31.666029166666664,-67008.30484436898,True
8315,85.85,25.755,85.85,458443.3620000006,-52911.01083603565,31.659233333333336,-66999.36966936899,True
8316,105.93,31.779,105.93,458475.1410000006,-52942.789836035634,31.66142083333333,-67000.46068603563,True
8317,113.0,33.9,113.0,458509.0410000006,-52976.68983603566,31.656608333333335,-67000.56732770233,True
8318,66.52,19.956,66.52,458528.9970000006,-52996.64583603566,31.637820833333333,-66980.562644369,True
8319,87.15,26.145,87.15,458555.14200000063,-53022.79083603568,31.6289625,-66971.16329853568,True
8320,82.04,24.612,82.04,458579.75400000066,-53047.402836035704,31.617554166666665,-66959.12666936904,True
8321,149.37,44.811,149.37,458624.56500000064,-53092.21383603569,31.631854166666667,-66978.59781520236,True
8322,129.86,38.958000000000006,129.86,458663.5230000006,-53131.171836035675,31.639979166666667,-66989.48271103567,True
8323,115.55,34.665,115.55,458698.1880000006,-53165.836836035654,31.64365,-66994.11188603565,True
8324,105.11,31.533,105.11,458729.7210000006,-53197.36983603565,31.64185,-66993.21643603565,True
8325,97.04,29.112,97.04,458758.8330000006,-53226.48183603567,31.63845416666667,-66989.20939853568,True
8326,122.8,36.84,122.8,458795.67300000065,-53263.3218360357,31.641387500000004,-66995.6840110357,True
8327,103.88,31.164,103.88,458826.83700000064,-53294.48583603569,31.608016666666664,-66980.75705270235,True
8328,121.14,36.342,121.14,458863.17900000064,-53330.82783603569,31.620679166666665,-66990.96123603568,True
8329,105.13,31.539,105.13,458894.71800000063,-53362.36683603568,31.619687499999998,-66990.45214853568,True
8330,105.93,31.779,105.93,458926.4970000006,-53394.14583603566,31.61348333333333,-66987.943669369,True
8331,85.69,25.707,85.69,458952.2040000006,-53419.85283603566,31.60135416666667,-66976.83377353566,True
8332,79.79,23.937,79.79,458976.1410000006,-53443.789836035634,31.590725,-66964.62013603564,True
8333,83.15,24.945,83.15,459001.0860000006,-53468.73483603564,31.57382083333333,-66950.75633186896,True
8334,77.27,23.181,77.27,459024.2670000006,-53491.91583603562,31.55718333333333,-66935.27593603563,True
8335,106.15,31.845,106.15,459056.11200000055,-53523.760836035595,31.5545625,-66934.44989853559,True
8336,98.79,29.637,98.79,459085.74900000053,-53553.39783603558,31.555720833333332,-66933.02346936891,True
8337,93.52,28.056,93.52,459113.8050000005,-53581.453836035565,31.555699999999998,-66929.51493603556,True
8338,132.66,39.798,132.66,459153.6030000005,-53621.251836035575,31.562612499999997,-66940.67431103557,True
8339,75.27,22.581,75.27,459176.18400000053,-53643.83283603558,31.5555875,-66928.73517353558,True
8340,70.07,21.021,70.07,459197.20500000054,-53664.85383603559,31.54445,-66913.52283603558,True
8341,88.02,26.406,88.02,459223.61100000056,-53691.259836035606,31.531258333333334,-66902.85707770227,True
8342,91.5,27.45,91.5,459251.06100000057,-53718.70983603562,31.51275,-66891.03933603561,True
8343,102.37,30.711,102.37,459281.7720000006,-53749.42083603563,31.516925,-66891.97856103563,True
8344,108.24,32.471999999999994,108.24,459314.2440000006,-53781.89283603564,31.51266666666667,-66891.16216936897,True
8345,85.72,25.716,85.72,459339.9600000006,-53807.60883603565,31.500816666666665,-66880.44775270231,True
8346,134.42,40.32599999999999,134.42,459380.2860000006,-53847.93483603565,31.509312499999997,-66892.79021103565,True
8347,100.08,30.024,100.08,459410.3100000006,-53877.95883603563,31.501050000000003,-66887.89248603563,True
8348,108.78,32.634,108.78,459442.9440000006,-53910.59283603565,31.49035833333333,-66884.62046936898,True
8349,115.68,34.704,115.68,459477.6480000006,-53945.296836035675,31.491979166666663,-66888.50027353567,True
8350,115.1,34.529999999999994,115.1,459512.17800000065,-53979.8268360357,31.494462499999997,-66892.5564610357,True
8351,119.62,35.886,119.62,459548.06400000065,-54015.7128360357,31.4919875,-66895.9357235357,True
8352,93.46,28.038,93.46,459576.10200000065,-54043.7508360357,31.481687500000003,-66888.2793360357,True
8353,116.4,34.92,116.4,459611.02200000064,-54078.670836035686,31.470862500000003,-66887.31187353568,True
8354,118.7,35.61,118.7,459646.6320000006,-54114.28083603567,31.469575000000003,-66890.92828603568,True
8355,111.96,33.587999999999994,111.96,459680.2200000006,-54147.86883603566,31.471083333333333,-66893.65758603567,True
8356,129.19,38.757,129.19,459718.9770000006,-54186.625836035644,31.479183333333335,-66904.21590270232,True
8357,84.66,25.398,84.66,459744.3750000006,-54212.02383603563,31.467358333333333,-66893.36924436897,True
8358,78.22,23.466,78.22,459767.8410000006,-54235.489836035646,31.457154166666665,-66881.26581103564,True
8359,89.57,26.871,89.57,459794.7120000006,-54262.36083603563,31.4486125,-66873.25444853563,True
8360,89.28,26.784,89.28,459821.49600000057,-54289.144836035615,31.444270833333334,-66866.85316936894,True
8361,91.24,27.372,91.24,459848.86800000054,-54316.51683603559,31.431458333333335,-66857.66871103559,True
8362,78.42,23.526,78.42,459872.39400000055,-54340.0428360356,31.42047083333333,-66845.39022770227,True
8363,96.4,28.92,96.4,459901.31400000054,-54368.962836035585,31.411695833333336,-66839.40608186892,True
8364,83.48,25.044,83.48,459926.35800000053,-54394.00683603558,31.403154166666667,-66829.65588603559,True
8365,92.86,27.858,92.86,459954.21600000054,-54421.86483603559,31.403883333333333,-66826.39875270225,True
8366,92.31,27.693,92.31,459981.90900000057,-54449.557836035616,31.389966666666663,-66817.20470270228,True
8367,100.19,30.057,100.19,460011.96600000054,-54479.61483603559,31.394341666666666,-66817.59111103558,True
8368,92.21,27.663,92.21,460039.62900000054,-54507.27783603559,31.381416666666667,-66808.79316936892,True
8369,106.3,31.89,106.3,460071.51900000055,-54539.1678360356,31.365370833333333,-66803.02783186894,True
8370,96.77,29.031,96.77,460100.55000000057,-54568.19883603562,31.35089583333333,-66795.04821103561,True
8371,116.35,34.904999999999994,116.35,460135.4550000006,-54603.10383603565,31.34757916666667,-66797.31213186898,True
8372,100.63,30.189,100.63,460165.6440000006,-54633.29283603566,31.345991666666663,-66795.53760270233,True
8373,98.07,29.421,98.07,460195.0650000006,-54662.71383603563,31.33567916666667,-66789.62167353563,True
8374,140.11,42.033,140.11,460237.0980000006,-54704.74683603563,31.34819166666667,-66805.14881936896,True
8375,90.37,27.111,90.37,460264.20900000056,-54731.857836035604,31.33617916666667,-66796.28681520227,True
8376,147.38,44.214,147.38,460308.42300000053,-54776.07183603558,31.340633333333336,-66810.87503603558,True
8377,100.12,30.036,100.12,460338.45900000056,-54806.107836035604,31.324570833333336,-66803.41846520227,True
8378,115.98,34.794,115.98,460373.25300000055,-54840.9018360356,31.329749999999997,-66808.8663360356,True
8379,83.28,24.984,83.28,460398.23700000055,-54865.885836035595,31.313675000000003,-66796.3960110356,True
8380,120.11,36.033,120.11,460434.27000000054,-54901.91883603559,31.304829166666664,-66797.75391936893,True
8381,94.79,28.437,94.79,460462.7070000005,-54930.35583603557,31.299483333333335,-66792.8600193689,True
8382,82.29,24.687,82.29,460487.3940000005,-54955.04283603554,31.286733333333334,-66781.42803603555,True
8383,106.19,31.857,106.19,460519.2510000005,-54986.89983603556,31.275566666666666,-66777.7884693689,True
8384,90.9,27.27,90.9,460546.52100000053,-55014.16983603558,31.264287500000002,-66769.54193603559,True
8385,107.96,32.388,107.96,460578.9090000005,-55046.55783603556,31.268212499999997,-66772.13752353555,True
8386,108.12,32.436,108.12,460611.3450000005,-55078.993836035545,31.267875,-66773.17908603554,True
8387,85.31,25.593,85.31,460636.9380000005,-55104.58683603554,31.241145833333334,-66757.53423186886,True
8388,80.31,24.093,80.31,460661.0310000005,-55128.67983603553,31.225324999999994,-66744.50073603552,True
8389,89.94,26.982,89.94,460688.0130000005,-55155.66183603555,31.231225,-66742.44631103554,True
8390,101.96,30.588,101.96,460718.6010000005,-55186.24983603554,31.233295833333337,-66742.56929436888,True
8391,93.21,27.963,93.21,460746.5640000005,-55214.21283603553,31.234758333333335,-66739.83866103552,True
8392,96.37,28.911,96.37,460775.4750000005,-55243.12383603555,31.241337500000004,-66739.93603603555,True
8393,119.98,35.994,119.98,460811.4690000005,-55279.117836035555,31.231766666666665,-66741.17620270222,True
8394,95.86,28.758,95.86,460840.2270000005,-55307.87583603553,31.228900000000003,-66737.65323603553,True
8395,108.93,32.679,108.93,460872.9060000005,-55340.55483603553,31.226641666666662,-66738.27904436886,True
8396,100.45,30.135,100.45,460903.0410000005,-55370.68983603554,31.222408333333338,-66735.64646936888,True
8397,97.68,29.304,97.68,460932.3450000005,-55399.993836035545,31.215083333333332,-66731.06908603554,True
8398,125.02,37.506,125.02,460969.8510000005,-55437.49983603554,31.214825000000005,-66737.26648603554,True
8399,107.84,32.352,107.84,461002.2030000005,-55469.85183603555,31.207525,-66735.76836103556,True
8400,113.43,34.029,113.43,461036.2320000005,-55503.88083603553,31.208508333333334,-66738.94383603553,True
8401,89.19,26.757,89.19,461062.98900000047,-55530.637836035516,31.197166666666664,-66730.42066936885,True
8402,137.35,41.205,137.35,461104.1940000005,-55571.84283603553,31.2042625,-66742.96881103553,True
8403,111.28,33.384,111.28,461137.5780000005,-55605.22683603555,31.188541666666666,-66739.53621103555,True
8404,103.92,31.176,103.92,461168.7540000005,-55636.40283603553,31.182166666666667,-66737.25416936887,True
8405,100.06,30.018,100.06,461198.77200000046,-55666.42083603551,31.1759625,-66733.88752353551,True
8406,96.61,28.983,96.61,461227.75500000047,-55695.40383603552,31.1680125,-66728.88026103552,True
8407,105.35,31.605,105.35,461259.36000000045,-55727.0088360355,31.17414583333333,-66731.48231520217,True
8408,78.22,23.466,78.22,461282.82600000047,-55750.474836035515,31.16779166666667,-66721.53750270218,True
8409,100.66,30.198,100.66,461313.02400000044,-55780.67283603549,31.151116666666667,-66714.71478603549,True
8410,69.84,20.952,69.84,461333.97600000043,-55801.62483603548,31.13495,-66698.85733603548,True
8411,89.08,26.724,89.08,461360.7000000004,-55828.34883603547,31.131095833333333,-66693.1012818688,True
8412,89.75,26.925,89.75,461387.6250000004,-55855.273836035456,31.117679166666665,-66684.22618603546,True
8413,98.97,29.691,98.97,461417.3160000004,-55884.96483603545,31.120004166666668,-66683.60628186878,True
8414,80.19,24.057,80.19,461441.37300000037,-55909.02183603542,31.113166666666665,-66674.17750270208,True
8415,98.61,29.583,98.61,461470.95600000035,-55938.6048360354,31.113650000000003,-66672.8140860354,True
8416,91.34,27.402,91.34,461498.35800000036,-55966.006836035405,31.10073333333333,-66664.65910270208,True
8417,102.57,30.771,102.57,461529.12900000036,-55996.77783603541,31.100187499999997,-66664.14214853541,True
8418,80.92,24.276,80.92,461553.4050000004,-56021.053836035426,31.08607916666667,-66652.49291103543,True
8419,99.58,29.874,99.58,461583.2790000004,-56050.92783603544,31.085416666666667,-66651.05491936876,True
8420,106.53,31.959,106.53,461615.23800000036,-56082.88683603541,31.0831375,-66651.1535860354,True
8421,96.68,29.004,96.68,461644.2420000004,-56111.890836035425,31.06420416666667,-66642.65604853543,True
8422,105.59,31.677,105.59,461675.9190000004,-56143.56783603545,31.04629166666667,-66637.21441936879,True
8423,85.49,25.647,85.49,461701.5660000004,-56169.21483603545,31.02795,-66625.63398603545,True
8424,125.57,37.671,125.57,461739.2370000004,-56206.88583603542,31.032845833333337,-66633.92203603542,True
8425,88.24,26.472,88.24,461765.7090000004,-56233.35783603543,31.020141666666667,-66625.10529436877,True
8426,105.58,31.674,105.58,461797.3830000004,-56265.03183603543,31.025312500000002,-66627.48621103543,True
8427,94.4,28.32,94.4,461825.7030000004,-56293.351836035436,31.022470833333333,-66623.83462353544,True
8428,82.4,24.72,82.4,461850.42300000036,-56318.07183603541,31.007291666666667,-66612.49266936874,True
8429,88.9,26.67,88.9,461877.09300000034,-56344.74183603539,30.997316666666666,-66604.85365270206,True
8430,97.42,29.226,97.42,461906.31900000037,-56373.967836035416,30.975529166666664,-66595.89246103542,True
8431,104.31,31.293,104.31,461937.6120000004,-56405.26083603542,30.9797625,-66597.60269853543,True
8432,100.95,30.285,100.95,461967.89700000035,-56435.545836035395,30.9874375,-66599.42533603539,True
8433,92.09,27.627,92.09,461995.5240000003,-56463.17283603537,30.982750000000003,-66594.53208603538,True
8434,102.28,30.684,102.28,462026.20800000033,-56493.85683603538,30.977500000000003,-66592.52183603539,True
8435,66.17,19.851,66.17,462046.05900000036,-56513.707836035406,30.958166666666667,-66575.11200270208,True
8436,83.76,25.128,83.76,462071.1870000004,-56538.83583603543,30.958662500000003,-66569.44248603543,True
8437,104.3,31.29,104.3,462102.47700000036,-56570.12583603541,30.96464166666667,-66571.70509436875,True
8438,75.01,22.503,75.01,462124.9800000004,-56592.62883603544,30.950774999999997,-66558.77838603544,True
8439,102.81,30.843,102.81,462155.8230000004,-56623.47183603543,30.941795833333334,-66555.78829853544,True
8440,96.45,28.935,96.45,462184.7580000004,-56652.40683603543,30.936970833333337,-66552.2375027021,True
8441,86.1,25.83,86.1,462210.5880000004,-56678.236836035445,30.923616666666664,-66542.87055270211,True
8442,89.02,26.706,89.02,462237.2940000004,-56704.94283603545,30.915179166666668,-66535.96981103545,True
8443,89.6,26.88,89.6,462264.1740000004,-56731.822836035455,30.879566666666662,-66520.64546936878,True
8444,91.39,27.417,91.39,462291.5910000004,-56759.23983603547,30.871704166666667,-66514.69835270214,True
8445,102.94,30.882,102.94,462322.4730000004,-56790.121836035454,30.87129583333334,-66514.58002353545,True
8446,100.73,30.219,100.73,462352.6920000004,-56820.34083603544,30.862029166666662,-66511.01799436877,True
8447,97.55,29.265,97.55,462381.9570000004,-56849.60583603545,30.850537500000005,-66505.82407353545,True
8448,106.85,32.055,106.85,462414.0120000004,-56881.660836035444,30.847570833333332,-66506.10293603544,True
8449,88.49,26.547,88.49,462440.5590000004,-56908.207836035464,30.835729166666663,-66498.1196068688,True
8450,93.28,27.984,93.28,462468.5430000004,-56936.19183603546,30.82860416666667,-66493.05912770213,True
8451,112.08,33.623999999999995,112.08,462502.1670000004,-56969.81583603547,30.824004166666665,-66494.43312353548,True
8452,116.38,34.913999999999994,116.38,462537.0810000004,-57004.72983603546,30.824820833333334,-66498.77465270212,True
8453,101.11,30.333,101.11,462567.4140000004,-57035.062836035446,30.814041666666668,-66494.97362770211,True
8454,104.41,31.323,104.41,462598.7370000004,-57066.38583603542,30.8205125,-66497.46266103542,True
8455,94.79,28.437,94.79,462627.17400000035,-57094.8228360354,30.811004166666667,-66492.17910686873,True
8456,84.48,25.344,84.48,462652.51800000033,-57120.16683603538,30.80779583333333,-66485.73676936871,True
8457,85.25,25.575,85.25,462678.09300000034,-57145.74183603539,30.8038125,-66479.29702353539,True
8458,100.74,30.222,100.74,462708.31500000035,-57175.9638360354,30.807245833333333,-66479.75207770207,True
8459,91.14,27.342,91.14,462735.65700000036,-57203.305836035404,30.800824999999996,-66474.3541610354,True
8460,92.56,27.768,92.56,462763.42500000034,-57231.073836035386,30.798279166666664,-66470.55758603539,True
8461,95.82,28.746,95.82,462792.1710000003,-57259.81983603537,30.795829166666667,-66467.77275686871,True
8462,111.59,33.477,111.59,462825.64800000034,-57293.296836035384,30.785266666666665,-66467.30630270205,True
8463,103.16,30.948,103.16,462856.5960000003,-57324.24483603536,30.78645,-66467.82048603536,True
8464,83.76,25.128,83.76,462881.72400000034,-57349.372836035385,30.775650000000002,-66458.96523603538,True
8465,90.49,27.147,90.49,462908.87100000033,-57376.51983603538,30.77185,-66454.21558603538,True
8466,93.72,28.116,93.72,462936.9870000003,-57404.63583603536,30.770670833333334,-66451.21306103536,True
8467,106.15,31.845,106.15,462968.8320000003,-57436.480836035335,30.775254166666667,-66453.63030686867,True
8468,105.67,31.701,105.67,463000.5330000003,-57468.181836035335,30.768920833333333,-66452.70671936867,True
8469,94.56,28.368,94.56,463028.9010000003,-57496.54983603535,30.76070416666667,-66447.91474853535,True
8470,94.68,28.404,94.68,463057.3050000003,-57524.95383603533,30.74969583333333,-66442.365627702,True
8471,107.79,32.337,107.79,463089.6420000003,-57557.29083603533,30.7510875,-66444.35512353534,True
8472,95.27,28.581,95.27,463118.2230000003,-57585.87183603534,30.733500000000003,-66437.11983603534,True
8473,91.34,27.402,91.34,463145.6250000003,-57613.27383603534,30.722079166666667,-66430.51055686867,True
8474,109.09,32.727,109.09,463178.3520000003,-57646.00083603535,30.718529166666666,-66431.50017770202,True
8475,135.87,40.761,135.87,463219.1130000003,-57686.76183603535,30.728441666666665,-66444.36771103535,True
8476,110.51,33.153,110.51,463252.2660000003,-57719.91483603534,30.727970833333334,-66446.658552702,True
8477,80.64,24.192,80.64,463276.4580000003,-57744.106836035324,30.717700000000004,-66437.21593603533,True
8478,105.07,31.521,105.07,463307.9790000003,-57775.62783603533,30.7142375,-66437.04281103532,True
8479,87.95,26.385,87.95,463334.3640000003,-57802.01283603534,30.681145833333332,-66423.414815202,True
8480,96.44,28.932,96.44,463363.29600000026,-57830.94483603531,30.681658333333335,-66421.80916936864,True
8481,84.19,25.257,84.19,463388.55300000025,-57856.201836035296,30.666579166666665,-66412.1774235353,True
8482,99.6,29.879999999999995,99.6,463418.43300000025,-57886.0818360353,30.651845833333336,-66407.29497770197,True
8483,92.09,27.627,92.09,463446.06000000023,-57913.70883603528,30.650716666666668,-66403.95735270195,True
8484,88.39,26.517,88.39,463472.5770000002,-57940.22583603527,30.653825,-66400.68153603528,True
8485,77.24,23.172,77.24,463495.74900000024,-57963.39783603529,30.646875,-66391.28846103529,True
8486,94.07,28.221,94.07,463523.97000000026,-57991.61883603531,30.651866666666667,-66390.23030270198,True
8487,83.19,24.957,83.19,463548.92700000026,-58016.57583603531,30.63655,-66380.3539860353,True
8488,95.14,28.542,95.14,463577.4690000003,-58045.11783603532,30.632979166666665,-66377.28816936865,True
8489,108.0,32.4,108.0,463609.8690000003,-58077.517836035346,30.62934166666667,-66378.06942770201,True
8490,88.26,26.478,88.26,463636.3470000003,-58103.99583603535,30.61675416666667,-66370.51946103535,True
8491,78.15,23.445,78.15,463659.7920000003,-58127.440836035355,30.60415,-66359.95718603536,True
8492,93.05,27.915,93.05,463687.7070000003,-58155.355836035335,30.59731666666667,-66355.436702702,True
8493,105.38,31.614,105.38,463719.3210000003,-58186.969836035336,30.60002916666667,-66357.17762353533,True
8494,123.96,37.188,123.96,463756.5090000003,-58224.15783603536,30.600583333333336,-66363.91300270203,True
8495,117.32,35.196,117.32,463791.7050000003,-58259.353836035356,30.60000416666667,-66368.35494020203,True
8496,100.96,30.288,100.96,463821.9930000003,-58289.64183603536,30.603887500000003,-66369.06813603536,True
8497,94.47,28.341,94.47,463850.3340000003,-58317.98283603537,30.592670833333337,-66363.85526520204,True
8498,99.29,29.787,99.29,463880.12100000033,-58347.76983603538,30.584966666666666,-66361.03110270205,True
8499,116.7,35.01,116.7,463915.13100000034,-58382.77983603539,30.581383333333335,-66364.52088603539,True
8500,91.22,27.366,91.22,463942.4970000003,-58410.14583603537,30.5735875,-66359.27858603538,True
8501,96.45,28.935,96.45,463971.4320000003,-58439.08083603537,30.568337500000002,-66356.28024853537,True
8502,97.02,29.106,97.02,464000.53800000035,-58468.1868360354,30.561879166666667,-66353.1516610354,True
8503,92.21,27.663,92.21,464028.20100000035,-58495.8498360354,30.549108333333333,-66346.97067770206,True
8504,92.96,27.888,92.96,464056.0890000003,-58523.737836035376,30.544854166666664,-66343.22050270204,True
8505,109.02,32.706,109.02,464088.79500000033,-58556.44383603538,30.557491666666667,-66348.60421103539,True
8506,90.77,27.231,90.77,464116.02600000036,-58583.67483603541,30.558270833333335,-66345.47562770208,True
8507,129.14,38.742,129.14,464154.7680000004,-58622.41683603544,30.571591666666663,-66357.0295277021,True
8508,96.49,28.947,96.49,464183.7150000004,-58651.36383603542,30.567720833333333,-66354.42948603543,True
8509,99.74,29.922,99.74,464213.6370000004,-58681.285836035444,30.55507916666667,-66350.61070686879,True
8510,112.2,33.66,112.2,464247.29700000037,-58714.94583603542,30.547766666666668,-66351.88750270208,True
8511,94.01,28.203,94.01,464275.50000000035,-58743.1488360354,30.543945833333332,-66348.5913485354,True
8512,91.82,27.546,91.82,464303.0460000003,-58770.69483603537,30.532845833333337,-66342.84060270204,True
8513,91.6,27.48,91.6,464330.5260000003,-58798.17483603535,30.527658333333335,-66338.50644436869,True
8514,74.42,22.326,74.42,464352.8520000003,-58820.50083603535,30.51929166666667,-66328.24658603535,True
8515,122.46,36.738,122.46,464389.5900000003,-58857.238836035365,30.519175,-66334.43671103536,True
8516,114.38,34.314,114.38,464423.90400000033,-58891.55283603538,30.52315833333334,-66339.20346936872,True
8517,87.0,26.1,87.0,464450.0040000003,-58917.652836035355,30.505283333333335,-66330.43668603536,True
8518,108.18,32.454,108.18,464482.45800000033,-58950.10683603538,30.506058333333335,-66332.57295270204,True
8519,104.67,31.401,104.67,464513.85900000035,-58981.507836035395,30.502579166666667,-66332.62941520206,True
8520,118.76,35.628,118.76,464549.4870000004,-59017.13583603542,30.500362499999998,-66337.22283603542,True
8521,108.25,32.475,108.25,464581.96200000035,-59049.6108360354,30.50453333333333,-66340.19430270206,True
8522,102.0,30.6,102.0,464612.5620000003,-59080.210836035374,30.503458333333334,-66340.03391936871,True
8523,97.1,29.129999999999995,97.1,464641.69200000033,-59109.34083603538,30.491429166666663,-66335.80954853538,True
8524,80.34,24.102,80.34,464665.79400000034,-59133.44283603539,30.47116666666667,-66324.63816936873,True
8525,110.22,33.065999999999995,110.22,464698.86000000034,-59166.508836035384,30.47480416666667,-66328.08781520205,True
8526,114.29,34.287,114.29,464733.14700000035,-59200.795836035395,30.469195833333334,-66330.58766103539,True
8527,75.69,22.707,75.69,464755.85400000034,-59223.50283603539,30.4475125,-66317.77324853539,True
8528,92.83,27.849,92.83,464783.7030000003,-59251.35183603538,30.45095416666667,-66315.97320270205,True
8529,92.82,27.846,92.82,464811.54900000035,-59279.1978360354,30.449941666666664,-66313.1343610354,True
8530,89.92,26.976,89.92,464838.5250000004,-59306.17383603542,30.45105416666667,-66309.91629436876,True
8531,80.53,24.159,80.53,464862.68400000036,-59330.332836035406,30.44585,-66302.43248603541,True
8532,92.53,27.759,92.53,464890.4430000004,-59358.091836035426,30.442129166666664,-66298.89728603543,True
8533,91.65,27.495,91.65,464917.9380000004,-59385.58683603542,30.434570833333332,-66294.23441520208,True
8534,98.1,29.43,98.1,464947.36800000037,-59415.016836035415,30.429895833333337,-66292.17329436875,True
8535,98.14,29.442,98.14,464976.81000000035,-59444.458836035396,30.419183333333336,-66288.7750860354,True
8536,79.04,23.712,79.04,465000.52200000035,-59468.170836035395,30.409658333333336,-66279.93430270207,True
8537,70.28,21.084,70.28,465021.6060000003,-59489.25483603537,30.38853333333333,-66265.8977693687,True
8538,94.3,28.29,94.3,465049.8960000003,-59517.54483603535,30.3903,-66264.19143603535,True
8539,92.15,27.645,92.15,465077.5410000003,-59545.189836035366,30.384866666666667,-66260.2453693687,True
8540,110.16,33.047999999999995,110.16,465110.5890000003,-59578.237836035376,30.377308333333335,-66261.24566936871,True
8541,116.85,35.055,116.85,465145.6440000003,-59613.29283603537,30.38173333333333,-66266.89243603537,True
8542,100.44,30.132,100.44,465175.7760000003,-59643.42483603535,30.379491666666667,-66266.15401936868,True
8543,108.74,32.622,108.74,465208.3980000003,-59676.046836035326,30.3841125,-66269.39924853532,True
8544,94.89,28.467,94.89,465236.8650000003,-59704.51383603533,30.36350416666667,-66263.03073603533,True
8545,110.37,33.111,110.37,465269.97600000026,-59737.624836035306,30.35497916666667,-66263.94535686864,True
8546,117.21,35.163,117.21,465305.13900000026,-59772.787836035306,30.36310833333333,-66270.49301936865,True
8547,77.64,23.292,77.64,465328.4310000003,-59796.07983603532,30.346612499999996,-66259.90829853532,True
8548,100.56,30.168,100.56,465358.5990000003,-59826.24783603533,30.341666666666665,-66258.68116936866,True
8549,98.93,29.679,98.93,465388.2780000003,-59855.92683603533,30.3342625,-66256.45622353534,True
8550,91.89,27.567,91.89,465415.84500000026,-59883.49383603531,30.329220833333334,-66252.63021103531,True
8551,86.29,25.887,86.29,465441.73200000025,-59909.3808360353,30.328787499999997,-66248.0974235353,True
8552,115.36,34.608,115.36,465476.34000000026,-59943.98883603531,30.3332875,-66253.3126360353,True
8553,76.75,23.025,76.75,465499.3650000003,-59967.01383603533,30.3307125,-66245.47132353533,True
8554,70.4,21.12,70.4,465520.4850000003,-59988.133836035326,30.320574999999998,-66234.17228603532,True
8555,93.73,28.119,93.73,465548.6040000003,-60016.25283603533,30.31509583333333,-66230.84748186867,True
8556,95.54,28.662000000000003,95.54,465577.2660000003,-60044.91483603534,30.311308333333333,-66228.42173603535,True
8557,71.04,21.312,71.04,465598.57800000027,-60066.22683603532,30.30565,-66218.27378603532,True
8558,91.28,27.384,91.28,465625.9620000003,-60093.61083603534,30.304933333333334,-66215.20736936867,True
8559,92.11,27.633,92.11,465653.59500000026,-60121.24383603531,30.300995833333335,-66211.74399853531,True
8560,78.85,23.655,78.85,465677.2500000003,-60144.89883603534,30.293529166666666,-66203.60466936868,True
8561,97.44,29.232,97.44,465706.4820000003,-60174.13083603536,30.28130416666667,-66200.11036520202,True
8562,95.66,28.698,95.66,465735.1800000003,-60202.82883603533,30.27497083333333,-66197.27306103533,True
8563,95.48,28.644,95.48,465763.82400000026,-60231.472836035304,30.262475,-66193.1804110353,True
8564,101.68,30.504,101.68,465794.32800000027,-60261.97683603532,30.263258333333336,-66193.57546936865,True
8565,101.42,30.426,101.42,465824.75400000025,-60292.4028360353,30.26000833333333,-66193.1044610353,True
8566,108.02,32.406,108.02,465857.16000000027,-60324.808836035314,30.261458333333334,-66195.53175270198,True
8567,108.6,32.58,108.6,465889.7400000003,-60357.38883603533,30.26194166666667,-66197.943577702,True
8568,118.23,35.469,118.23,465925.20900000026,-60392.85783603531,30.248283333333337,-66200.52823603532,True
8569,127.12,38.136,127.12,465963.34500000026,-60430.99383603531,30.255033333333333,-66209.70520270198,True
8570,126.28,37.884,126.28,466001.2290000003,-60468.87783603533,30.26384166666666,-66219.007752702,True
8571,90.84,27.252,90.84,466028.48100000026,-60496.12983603531,30.259637499999997,-66215.20132353531,True
8572,117.67,35.301,117.67,466063.78200000024,-60531.43083603529,30.27399583333333,-66222.94205270195,True
8573,95.48,28.644,95.48,466092.4260000002,-60560.07483603526,30.266229166666662,-66219.85969020192,True
8574,106.35,31.905,106.35,466124.33100000024,-60591.97983603529,30.260650000000002,-66220.46073603528,True
8575,100.36,30.108,100.36,466154.43900000025,-60622.087836035294,30.253758333333337,-66219.03312770196,True
8576,111.22,33.366,111.22,466187.8050000002,-60655.453836035274,30.2611625,-66223.50773603527,True
8577,99.59,29.877,99.59,466217.6820000002,-60685.33083603525,30.262762499999997,-66223.41637353525,True
8578,81.06,24.318,81.06,466242.00000000023,-60709.64883603528,30.254220833333335,-66215.91702770194,True
8579,76.54,22.962,76.54,466264.96200000023,-60732.61083603528,30.252083333333335,-66208.23791936862,True
8580,107.57,32.270999999999994,107.57,466297.23300000024,-60764.88183603529,30.252762499999996,-66210.37908603529,True
8581,117.76,35.328,117.76,466332.5610000002,-60800.20983603527,30.261270833333334,-66216.97731520193,True
8582,97.55,29.265,97.55,466361.82600000023,-60829.47483603528,30.257454166666665,-66215.30167770195,True
8583,99.85,29.955,99.85,466391.78100000025,-60859.4298360353,30.25985833333333,-66215.4247610353,True
8584,119.39,35.817,119.39,466427.59800000023,-60895.24683603528,30.2623375,-66221.41823603529,True
8585,81.71,24.513,81.71,466452.1110000002,-60919.75983603526,30.250395833333332,-66213.5791068686,True
8586,93.06,27.918,93.06,466480.0290000002,-60947.67783603526,30.243670833333336,-66210.07656103527,True
8587,100.77,30.231,100.77,466510.26000000024,-60977.90883603529,30.235345833333334,-66208.62366520196,True
8588,93.86,28.158,93.86,466538.41800000024,-61006.06683603529,30.225279166666667,-66204.81485270195,True
8589,117.07,35.120999999999995,117.07,466573.5390000002,-61041.18783603527,30.22580833333333,-66209.80106103526,True
8590,104.89,31.467,104.89,466605.0060000002,-61072.654836035275,30.222170833333333,-66210.42387770195,True
8591,111.37,33.411,111.37,466638.41700000025,-61106.0658360353,30.212758333333337,-66212.02199436864,True
8592,109.47,32.841,109.47,466671.25800000026,-61138.90683603531,30.217370833333334,-66215.42513603531,True
8593,105.93,31.779,105.93,466703.03700000024,-61170.68583603529,30.20862083333333,-66215.52551520195,True
8594,90.41,27.123,90.41,466730.16000000027,-61197.808836035314,30.197045833333334,-66210.51844436864,True
8595,106.18,31.854,106.18,466762.01400000026,-61229.662836035306,30.19345,-66211.58208603531,True
8596,92.34,27.702,92.34,466789.71600000025,-61257.364836035296,30.170258333333333,-66205.28720270196,True
8597,92.52,27.756,92.52,466817.47200000024,-61285.12083603529,30.16985416666667,-66202.80706520195,True
8598,96.06,28.818,96.06,466846.29000000027,-61313.93883603532,30.153845833333335,-66198.86186103532,True
8599,105.49,31.647,105.49,466877.93700000027,-61345.585836035316,30.158775,-66201.14861103531,True
8600,88.49,26.547,88.49,466904.4840000003,-61372.13283603534,30.15083333333333,-66196.26616936867,True
8601,81.25,24.375,81.25,466928.8590000003,-61396.50783603534,30.15179583333333,-66190.64337353533,True
8602,96.22,28.866,96.22,466957.72500000027,-61425.373836035316,30.145791666666668,-66188.40891936865,True
8603,83.6,25.08,83.6,466982.8050000003,-61450.45383603533,30.1431375,-66182.92642353533,True
8604,64.07,19.221,64.07,467002.0260000003,-61469.67483603535,30.129041666666666,-66169.80533603535,True
8605,97.64,29.292,97.64,467031.3180000003,-61498.96683603537,30.130699999999997,-66169.22533603536,True
8606,61.15,18.345,61.15,467049.6630000003,-61517.31183603534,30.1142875,-66154.91211103534,True
8607,118.59,35.577,118.59,467085.2400000003,-61552.88883603533,30.121658333333336,-66161.50256103533,True
8608,89.02,26.706,89.02,467111.9460000003,-61579.594836035336,30.10593333333333,-66155.696702702,True
8609,109.62,32.886,109.62,467144.8320000003,-61612.480836035335,30.112383333333334,-66159.45071936867,True
8610,76.3,22.89,76.3,467167.7220000003,-61635.37083603535,30.101920833333335,-66150.65896103535,True
8611,103.5,31.05,103.5,467198.7720000003,-61666.42083603534,30.100791666666666,-66151.43879436867,True
8612,116.54,34.962,116.54,467233.7340000003,-61701.38283603534,30.10640833333333,-66157.13126936866,True
8613,108.89,32.667,108.89,467266.4010000003,-61734.04983603535,30.10219166666667,-66159.07201103536,True
8614,106.83,32.049,106.83,467298.4500000003,-61766.09883603535,30.107604166666665,-66161.80904436868,True
8615,144.26,43.278,144.26,467341.7280000003,-61809.37683603534,30.0982625,-66173.62489853534,True
8616,104.83,31.449,104.83,467373.1770000003,-61840.825836035365,30.0931,-66174.23223603537,True
8617,125.83,37.749,125.83,467410.9260000003,-61878.574836035375,30.105725,-66183.69351103538,True
8618,120.41,36.123,120.41,467447.04900000035,-61914.6978360354,30.091324999999998,-66187.6659860354,True
8619,128.88,38.664,128.88,467485.71300000034,-61953.36183603539,30.10718333333333,-66198.47468603539,True
8620,95.17,28.551,95.17,467514.2640000003,-61981.912836035364,30.101754166666666,-66196.1584193687,True
8621,88.86,26.658,88.86,467540.9220000003,-62008.57083603536,30.09840416666667,-66192.24901520203,True
8622,103.19,30.957,103.19,467571.8790000003,-62039.527836035355,30.09285,-66192.34113603535,True
8623,91.74,27.522,91.74,467599.4010000003,-62067.04983603535,30.0873625,-66189.01849853536,True
8624,98.45,29.535,98.45,467628.9360000003,-62096.58483603533,30.083258333333333,-66187.90796936867,True
8625,90.35,27.105,90.35,467656.04100000026,-62123.68983603531,30.082229166666668,-66184.79077353531,True
8626,89.86,26.958,89.86,467682.99900000024,-62150.64783603529,30.080129166666666,-66181.38514436863,True
8627,111.96,33.587999999999994,111.96,467716.58700000023,-62184.23583603528,30.0816375,-66185.09362353529,True
8628,94.76,28.428,94.76,467745.01500000025,-62212.663836035295,30.073987499999994,-66182.4301860353,True
8629,78.39,23.517,78.39,467768.53200000024,-62236.18083603529,30.049812499999998,-66172.70627353528,True
8630,86.48,25.944,86.48,467794.47600000026,-62262.124836035306,30.05050416666667,-66168.69037770198,True
8631,89.91,26.973,89.91,467821.44900000026,-62289.097836035304,30.041874999999997,-66164.4997110353,True
8632,114.56,34.368,114.56,467855.8170000003,-62323.46583603532,30.04635416666666,-66169.39916936865,True
8633,89.29,26.787000000000003,89.29,467882.6040000003,-62350.25283603533,30.039929166666667,-66165.32384020199,True
8634,108.3,32.489999999999995,108.3,467915.0940000003,-62382.74283603532,30.032729166666666,-66166.86671103533,True
8635,90.66,27.198,90.66,467942.29200000025,-62409.9408360353,30.027254166666665,-66163.34760686863,True
8636,96.03,28.809,96.03,467971.10100000026,-62438.749836035306,30.018745833333337,-66161.07431936864,True
8637,103.9,31.17,103.9,468002.27100000024,-62469.91983603529,30.021016666666668,-66162.50488603528,True
8638,116.55,34.965,116.55,468037.23600000027,-62504.884836035315,30.029991666666668,-66168.54381936864,True
8639,100.38,30.114,100.38,468067.35000000027,-62534.998836035316,30.031912500000004,-66168.86024853532,True
8640,109.06,32.718,109.06,468100.06800000026,-62567.71683603531,30.028841666666665,-66171.1778360353,True
8641,89.07,26.721,89.07,468126.7890000003,-62594.43783603533,30.0243375,-66167.33399853532,True
8642,109.05,32.715,109.05,468159.5040000003,-62627.152836035355,30.013341666666665,-66168.72715270202,True
8643,120.58,36.174,120.58,468195.6780000003,-62663.326836035354,30.009787499999998,-66174.47197353536,True
8644,94.6,28.38,94.6,468224.0580000003,-62691.70683603536,29.999437500000003,-66171.64158603536,True
8645,104.38,31.314,104.38,468255.3720000003,-62723.02083603537,29.997354166666664,-66172.71656520203,True
8646,87.68,26.304,87.68,468281.6760000003,-62749.324836035375,29.992079166666663,-66168.42186103537,True
8647,87.43,26.229000000000003,87.43,468307.9050000003,-62775.55383603537,29.98789166666667,-66164.1855943687,True
8648,92.34,27.702,92.34,468335.6070000003,-62803.25583603536,29.979975,-66161.01303603535,True
8649,92.86,27.858,92.86,468363.4650000003,-62831.113836035365,29.9875,-66159.72633603537,True
8650,81.36,24.408,81.36,468387.8730000003,-62855.52183603536,29.980516666666663,-66153.3786693687,True
8651,78.11,23.433,78.11,468411.30600000033,-62878.95483603538,29.973599999999998,-66146.07723603537,True
8652,83.85,25.155,83.85,468436.46100000036,-62904.10983603541,29.96319583333333,-66140.13498603541,True
8653,94.81,28.443,94.81,468464.9040000004,-62932.55283603544,29.962529166666666,-66138.54345686876,True
8654,93.28,27.984,93.28,468492.8880000004,-62960.53683603543,29.963458333333335,-66136.66341936876,True
8655,100.21,30.062999999999995,100.21,468522.9510000004,-62990.59983603546,29.96457083333333,-66136.87977353546,True
8656,100.68,30.204,100.68,468553.15500000044,-63020.803836035484,29.963675000000002,-66137.02603603549,True
8657,95.08,28.524,95.08,468581.6790000004,-63049.32783603546,29.9629,-66135.50653603546,True
8658,92.19,27.657,92.19,468609.3360000004,-63076.984836035466,29.960729166666663,-66132.97921103546,True
8659,92.77,27.831,92.77,468637.1670000004,-63104.81583603547,29.95552083333333,-66130.32344020213,True
8660,107.07,32.120999999999995,107.07,468669.2880000004,-63136.93683603546,29.953016666666663,-66132.23850270212,True
8661,104.28,31.284,104.28,468700.5720000004,-63168.22083603544,29.953629166666662,-66133.63012353545,True
8662,97.37,29.211,97.37,468729.7830000004,-63197.43183603545,29.954866666666664,-66133.00876936878,True
8663,98.71,29.613,98.71,468759.3960000004,-63227.044836035464,29.944529166666662,-66131.66416520214,True
8664,106.14,31.842,106.14,468791.2380000004,-63258.88683603547,29.936583333333335,-66132.79883603546,True
8665,119.56,35.868,119.56,468827.10600000044,-63294.754836035485,29.93563333333333,-66138.64000270214,True
8666,123.76,37.128,123.76,468864.23400000046,-63331.88283603551,29.9385,-66146.10183603551,True
8667,92.43,27.729000000000003,92.43,468891.96300000045,-63359.6118360355,29.927308333333333,-66142.85151103551,True
8668,118.71,35.613,118.71,468927.57600000047,-63395.224836035515,29.928037500000002,-66148.60428603552,True
8669,110.19,33.056999999999995,110.19,468960.63300000044,-63428.28183603549,29.925695833333332,-66151.52015686882,True
8670,90.62,27.186,90.62,468987.8190000004,-63455.467836035474,29.91262916666666,-66147.60446103547,True
8671,95.94,28.782,95.94,469016.60100000043,-63484.24983603548,29.911858333333335,-66146.40522770214,True
8672,87.0,26.1,87.0,469042.7010000004,-63510.34983603546,29.905291666666667,-66142.01550270212,True
8673,77.45,23.235,77.45,469065.9360000004,-63533.58483603544,29.896283333333333,-66134.56148603544,True
8674,86.93,26.079,86.93,469092.0150000004,-63559.66383603547,29.89209583333333,-66130.38407770214,True
8675,96.02,28.806,96.02,469120.8210000004,-63588.46983603545,29.88017083333333,-66128.28435686878,True
8676,126.25,37.875,126.25,469158.6960000004,-63626.34483603545,29.891975,-66137.27073603545,True
8677,92.82,27.846,92.82,469186.5420000004,-63654.19083603547,29.893124999999998,-66135.32021103548,True
8678,99.77,29.931,99.77,469216.4730000004,-63684.121836035454,29.895766666666667,-66135.57470270211,True
8679,87.91,26.373,87.91,469242.8460000004,-63710.494836035476,29.887587500000002,-66131.38942353548,True
8680,91.44,27.432,91.44,469270.2780000004,-63737.92683603545,29.875129166666667,-66127.93716936879,True
8681,92.99,27.897,92.99,469298.1750000004,-63765.823836035444,29.861758333333327,-66124.90274436878,True
8682,76.41,22.923,76.41,469321.0980000004,-63788.746836035454,29.8555125,-66117.47681103545,True
8683,100.96,30.288,100.96,469351.3860000004,-63819.034836035455,29.850145833333332,-66117.49606520213,True
8684,74.55,22.365,74.55,469373.7510000004,-63841.399836035445,29.834291666666665,-66108.80600270211,True
8685,112.4,33.72,112.4,469407.47100000037,-63875.11983603542,29.83346666666667,-66112.62983603541,True
8686,105.26,31.578,105.26,469439.04900000035,-63906.6978360354,29.83599583333333,-66114.56152770207,True
8687,108.06,32.418,108.06,469471.46700000035,-63939.1158360354,29.834204166666666,-66117.01274020207,True
8688,99.66,29.898,99.66,469501.36500000034,-63969.01383603539,29.828683333333338,-66116.67903603539,True
8689,132.38,39.714,132.38,469541.0790000003,-64008.72783603537,29.836599999999997,-66127.12643603537,True
8690,105.79,31.737,105.79,469572.81600000034,-64040.46483603539,29.824108333333335,-66128.15241936872,True
8691,104.7,31.41,104.7,469604.2260000003,-64071.874836035364,29.812179166666667,-66128.91519853537,True
8692,91.96,27.588,91.96,469631.8140000003,-64099.46283603535,29.8076875,-66126.38558603535,True
8693,104.69,31.407,104.69,469663.2210000003,-64130.86983603536,29.8116375,-66128.24954853536,True
8694,87.5,26.25,87.5,469689.4710000003,-64157.11983603536,29.812333333333335,-66124.73383603536,True
8695,85.06,25.518,85.06,469714.9890000003,-64182.63783603534,29.807191666666668,-66120.10529436868,True
8696,94.78,28.434,94.78,469743.4230000003,-64211.07183603535,29.807891666666666,-66118.77690270201,True
8697,94.63,28.389,94.63,469771.8120000003,-64239.460836035374,29.802825,-66117.03881103537,True
8698,78.45,23.535,78.45,469795.3470000003,-64262.99583603535,29.7984875,-66110.50206103535,True
8699,115.9,34.77,115.9,469830.1170000003,-64297.76583603537,29.809179166666667,-66116.12576520203,True
8700,103.63,31.089,103.63,469861.2060000003,-64328.854836035345,29.799783333333334,-66116.84183603534,True
8701,89.0,26.7,89.0,469887.9060000003,-64355.55483603536,29.7992,-66113.70763603535,True
8702,95.44,28.632,95.44,469916.5380000003,-64384.18683603534,29.799533333333333,-66112.55976936867,True
8703,90.15,27.045,90.15,469943.5830000003,-64411.231836035324,29.791908333333335,-66109.37061103532,True
8704,108.5,32.55,108.5,469976.13300000026,-64443.78183603531,29.79645,-66112.38303603532,True
8705,94.19,28.257,94.19,470004.39000000025,-64472.038836035295,29.79820833333333,-66110.94029436863,True
8706,99.08,29.724,99.08,470034.11400000023,-64501.76283603528,29.798120833333336,-66110.86136103528,True
8707,86.93,26.079,86.93,470060.19300000026,-64527.84183603531,29.78600833333333,-66106.50027770197,True
8708,104.74,31.422,104.74,470091.6150000003,-64559.26383603533,29.783529166666668,-66108.007352702,True
8709,103.7,31.11,103.7,470122.72500000027,-64590.373836035316,29.788329166666667,-66109.57862353532,True
8710,132.57,39.771,132.57,470162.4960000003,-64630.144836035324,29.80293333333333,-66120.29150270199,True
8711,112.22,33.666,112.22,470196.1620000003,-64663.81083603535,29.790762499999996,-66123.55819853535,True
8712,96.75,29.025,96.75,470225.1870000003,-64692.835836035374,29.790870833333333,-66122.79763603538,True
8713,110.52,33.156,110.52,470258.34300000034,-64725.99183603539,29.785308333333333,-66125.90132770206,True
8714,101.88,30.564,101.88,470288.90700000036,-64756.555836035404,29.783054166666666,-66126.57632770207,True
8715,120.91,36.273,120.91,470325.18000000034,-64792.82883603539,29.7889875,-66133.33327353539,True
8716,104.18,31.254,104.18,470356.43400000036,-64824.082836035406,29.796458333333334,-66135.12700270207,True
8717,92.76,27.828,92.76,470384.26200000034,-64851.910836035386,29.78307916666667,-66132.58324020205,True
8718,86.68,26.004,86.68,470410.26600000035,-64877.9148360354,29.77635833333333,-66128.5218860354,True
8719,97.49,29.247,97.49,470439.5130000003,-64907.161836035375,29.77567083333333,-66127.96434020204,True
8720,117.28,35.184,117.28,470474.69700000033,-64942.34583603538,29.78615,-66133.79183603538,True
8721,71.85,21.555,71.85,470496.2520000003,-64963.90083603538,29.777441666666665,-66125.22106103538,True
8722,87.42,26.226,87.42,470522.47800000035,-64990.1268360354,29.78064583333333,-66121.79137770207,True
8723,101.63,30.489,101.63,470552.96700000035,-65020.6158360354,29.780466666666662,-66122.49310270206,True
8724,89.06,26.718,89.06,470579.68500000035,-65047.333836035396,29.776083333333332,-66119.2728360354,True
8725,86.68,26.004,86.68,470605.68900000036,-65073.33783603541,29.769175,-66115.2589610354,True
8726,81.6,24.48,81.6,470630.16900000034,-65097.81783603539,29.763525,-66109.77768603539,True
8727,100.21,30.062999999999995,100.21,470660.23200000037,-65127.880836035416,29.76560833333333,-66110.14591103542,True
8728,92.19,27.657,92.19,470687.8890000004,-65155.53783603542,29.761924999999998,-66107.91943603542,True
8729,110.07,33.020999999999994,110.07,470720.9100000004,-65188.55883603543,29.76699583333333,-66111.33570686876,True
8730,85.13,25.539,85.13,470746.4490000004,-65214.09783603542,29.7640875,-66107.02046103543,True
8731,99.0,29.7,99.0,470776.1490000004,-65243.79783603543,29.746070833333338,-66106.4338902021,True
8732,99.49,29.847,99.49,470805.9960000004,-65273.64483603544,29.747112499999997,-66106.56398603544,True
8733,102.04,30.612,102.04,470836.6080000004,-65304.25683603546,29.743929166666668,-66107.34292353547,True
8734,106.0,31.8,106.0,470868.4080000004,-65336.05683603545,29.736466666666665,-66109.20496936879,True
8735,130.15,39.045,130.15,470907.4530000004,-65375.101836035436,29.750104166666667,-66118.8544402021,True
8736,93.49,28.047,93.49,470935.5000000004,-65403.148836035456,29.741104166666663,-66116.93533603546,True
8737,101.86,30.558,101.86,470966.0580000004,-65433.706836035475,29.7332125,-66117.57072353548,True
8738,149.89,44.96699999999999,149.89,471011.02500000043,-65478.67383603548,29.7586875,-66133.36496103548,True
8739,84.74,25.422,84.74,471036.44700000045,-65504.0958360355,29.746812499999997,-66128.7788985355,True
8740,91.81,27.543,91.81,471063.99000000046,-65531.638836035505,29.743012500000003,-66126.4990860355,True
8741,111.73,33.519,111.73,471097.5090000004,-65565.15783603548,29.745654166666665,-66130.32526520215,True
8742,99.03,29.709,99.03,471127.2180000004,-65594.86683603545,29.750870833333334,-66130.38251103545,True
8743,120.17,36.051,120.17,471163.2690000004,-65630.91783603543,29.751541666666668,-66136.69404436876,True
8744,96.43,28.929,96.43,471192.1980000004,-65659.84683603543,29.745925,-66135.78163603543,True
8745,104.3,31.29,104.3,471223.48800000036,-65691.13683603541,29.753987499999997,-66137.4466485354,True
8746,78.98,23.694,78.98,471247.1820000004,-65714.83083603543,29.749691666666664,-66131.32651936875,True
8747,83.09,24.927,83.09,471272.1090000004,-65739.75783603545,29.751454166666665,-66126.52674020211,True
8748,94.49,28.347,94.49,471300.4560000004,-65768.10483603546,29.755204166666665,-66125.16728603546,True
8749,97.39,29.217,97.39,471329.6730000004,-65797.32183603547,29.760695833333333,-66124.68949020213,True
8750,109.26,32.778,109.26,471362.4510000004,-65830.09983603546,29.773170833333335,-66127.83154436879,True
8751,95.32,28.596,95.32,471391.0470000004,-65858.69583603548,29.778383333333334,-66126.70128603547,True
8752,91.45,27.435,91.45,471418.4820000004,-65886.13083603547,29.783258333333333,-66124.39690270214,True
8753,106.48,31.944,106.48,471450.42600000044,-65918.07483603549,29.7907,-66126.60973603549,True
8754,87.81,26.343,87.81,471476.76900000044,-65944.41783603549,29.7878625,-66123.14501103549,True
8755,95.98,28.794,95.98,471505.56300000043,-65973.21183603548,29.75762916666667,-66121.99998186881,True
8756,91.37,27.411,91.37,471532.97400000045,-66000.6228360355,29.749008333333332,-66119.61886936883,True
8757,101.93,30.579,101.93,471563.5530000005,-66031.20183603553,29.738549999999996,-66120.41748603553,True
8758,123.97,37.191,123.97,471600.7440000005,-66068.39283603552,29.747033333333334,-66127.88690270219,True
8759,100.16,30.048,100.16,471630.7920000005,-66098.44083603553,29.748033333333332,-66128.18886936887,True
