hour_index,day_of_year,hour_of_day,temperature_c,wind_speed_ms,solar_irradiance_wm2,is_polar_night,is_polar_day,heating_degree_hours,load_kw,critical_load_floor_kw
0,1,0,1.26,14.22,0.0,False,True,13.74,118.28,20.0
1,1,1,-1.36,12.36,45.4,False,True,16.36,128.88,20.0
2,1,2,2.42,14.15,104.2,False,True,12.58,110.86,20.0
3,1,3,3.12,24.13,110.6,False,True,11.88,122.45,20.0
4,1,4,-2.25,5.56,187.8,False,True,17.25,112.77,20.0
5,1,5,-0.47,5.77,148.0,False,True,15.47,103.93,20.0
6,1,6,2.9,6.58,367.9,False,True,12.1,95.9,20.0
7,1,7,2.53,2.6,462.6,False,True,12.47,95.13,20.0
8,1,8,3.61,9.96,426.3,False,True,11.39,96.5,20.0
9,1,9,2.36,8.54,491.2,False,True,12.64,99.16,20.0
10,1,10,6.14,7.09,410.4,False,True,8.86,84.73,20.0
11,1,11,6.14,7.96,306.4,False,True,8.86,85.36,20.0
12,1,12,4.78,6.16,499.5,False,True,10.22,87.57,20.0
13,1,13,6.83,15.58,344.8,False,True,8.17,86.52,20.0
14,1,14,5.32,3.25,391.6,False,True,9.68,80.58,20.0
15,1,15,2.34,2.82,521.3,False,True,12.66,93.65,20.0
16,1,16,4.39,11.94,324.1,False,True,10.61,92.58,20.0
17,1,17,1.25,7.99,273.1,False,True,13.75,103.65,20.0
18,1,18,4.41,13.02,177.8,False,True,10.59,91.97,20.0
19,1,19,2.03,9.23,299.8,False,True,12.97,99.3,20.0
20,1,20,1.28,10.68,158.7,False,True,13.72,103.52,20.0
21,1,21,-0.13,6.63,179.9,False,True,15.13,107.52,20.0
22,1,22,3.36,12.59,96.3,False,True,11.64,99.16,20.0
23,1,23,0.41,4.82,68.3,False,True,14.59,103.32,20.0
24,2,0,-0.27,8.76,0.0,False,True,15.27,114.56,20.0
25,2,1,-0.05,5.51,42.4,False,True,15.05,104.85,20.0
26,2,2,1.92,9.07,135.9,False,True,13.08,94.58,20.0
27,2,3,1.9,16.34,112.9,False,True,13.1,116.87,20.0
28,2,4,2.41,7.0,145.4,False,True,12.59,98.31,20.0
29,2,5,2.93,6.69,240.0,False,True,12.07,96.19,20.0
30,2,6,6.87,10.59,252.3,False,True,8.13,77.81,20.0
31,2,7,2.29,6.32,472.3,False,True,12.71,95.81,20.0
32,2,8,2.56,10.65,458.5,False,True,12.44,100.77,20.0
33,2,9,2.37,8.14,517.8,False,True,12.63,97.6,20.0
34,2,10,5.55,2.41,279.1,False,True,9.45,82.9,20.0
35,2,11,6.77,2.61,492.8,False,True,8.23,71.33,20.0
36,2,12,4.36,3.72,457.5,False,True,10.64,84.86,20.0
37,2,13,2.84,3.73,273.4,False,True,12.16,94.25,20.0
38,2,14,2.67,7.86,507.8,False,True,12.33,96.66,20.0
39,2,15,5.3,2.95,505.7,False,True,9.7,79.89,20.0
40,2,16,5.07,2.04,492.8,False,True,9.93,80.26,20.0
41,2,17,4.19,5.34,458.8,False,True,10.81,88.51,20.0
42,2,18,1.25,13.5,197.1,False,True,13.75,111.94,20.0
43,2,19,2.53,6.76,339.4,False,True,12.47,97.85,20.0
44,2,20,1.82,8.93,290.2,False,True,13.18,110.27,20.0
45,2,21,1.61,13.15,187.0,False,True,13.39,108.07,20.0
46,2,22,2.6,3.66,79.2,False,True,12.4,94.93,20.0
47,2,23,1.1,17.51,50.2,False,True,13.9,126.47,20.0
48,3,0,1.87,3.76,0.0,False,True,13.13,91.86,20.0
49,3,1,0.72,20.8,31.5,False,True,14.28,143.25,20.0
50,3,2,1.36,14.88,147.8,False,True,13.64,122.14,20.0
51,3,3,2.36,5.97,225.8,False,True,12.64,91.97,20.0
52,3,4,-1.4,18.3,285.5,False,True,16.4,142.8,20.0
53,3,5,1.36,14.09,201.8,False,True,13.64,119.78,20.0
54,3,6,1.58,5.51,327.8,False,True,13.42,98.28,20.0
55,3,7,1.76,14.38,333.1,False,True,13.24,118.66,20.0
56,3,8,2.97,2.24,362.5,False,True,12.03,87.27,20.0
57,3,9,6.92,6.88,364.2,False,True,8.08,81.86,20.0
58,3,10,2.52,8.38,559.1,False,True,12.48,106.38,20.0
59,3,11,6.38,5.69,520.2,False,True,8.62,77.24,20.0
60,3,12,1.15,5.58,544.9,False,True,13.85,101.73,20.0
61,3,13,3.78,8.04,250.3,False,True,11.22,92.58,20.0
62,3,14,4.57,15.16,375.1,False,True,10.43,102.6,20.0
63,3,15,5.1,16.58,420.6,False,True,9.9,96.55,20.0
64,3,16,4.94,5.43,413.2,False,True,10.06,83.07,20.0
65,3,17,4.62,5.33,446.0,False,True,10.38,85.73,20.0
66,3,18,1.82,10.45,212.2,False,True,13.18,111.43,20.0
67,3,19,1.07,25.41,165.8,False,True,13.93,147.25,20.0
68,3,20,3.23,13.35,280.8,False,True,11.77,100.94,20.0
69,3,21,0.72,13.52,161.6,False,True,14.28,116.48,20.0
70,3,22,-1.77,4.5,112.4,False,True,16.77,112.57,20.0
71,3,23,-1.68,2.9,73.1,False,True,16.68,97.66,20.0
72,4,0,-1.4,9.72,0.0,False,True,16.4,119.54,20.0
73,4,1,1.5,8.08,65.7,False,True,13.5,104.17,20.0
74,4,2,0.99,2.04,79.4,False,True,14.01,99.15,20.0
75,4,3,2.41,2.86,177.5,False,True,12.59,93.45,20.0
76,4,4,0.59,9.48,201.0,False,True,14.41,110.29,20.0
77,4,5,2.24,6.74,280.0,False,True,12.76,97.26,20.0
78,4,6,3.69,9.59,316.2,False,True,11.31,96.46,20.0
79,4,7,2.34,3.89,197.9,False,True,12.66,98.99,20.0
80,4,8,4.36,9.94,315.1,False,True,10.64,93.2,20.0
81,4,9,2.53,8.59,374.0,False,True,12.47,99.76,20.0
82,4,10,3.45,10.31,405.8,False,True,11.55,101.23,20.0
83,4,11,3.61,5.64,273.4,False,True,11.39,90.6,20.0
84,4,12,2.05,4.99,563.5,False,True,12.95,95.34,20.0
85,4,13,5.35,3.13,357.3,False,True,9.65,75.95,20.0
86,4,14,3.24,6.14,402.0,False,True,11.76,93.42,20.0
87,4,15,3.88,12.16,442.5,False,True,11.12,99.09,20.0
88,4,16,4.4,13.82,432.0,False,True,10.6,105.56,20.0
89,4,17,3.85,3.69,298.4,False,True,11.15,89.46,20.0
90,4,18,3.77,7.06,202.6,False,True,11.23,92.73,20.0
91,4,19,1.73,15.27,191.5,False,True,13.27,120.53,20.0
92,4,20,0.6,16.3,149.7,False,True,14.4,124.93,20.0
93,4,21,0.87,6.01,125.5,False,True,14.13,107.16,20.0
94,4,22,-2.66,12.69,118.4,False,True,17.66,135.11,20.0
95,4,23,-2.38,11.63,56.5,False,True,17.38,133.27,20.0
96,5,0,-2.28,11.16,0.0,False,True,17.28,124.06,20.0
97,5,1,-1.56,17.61,63.4,False,True,16.56,143.12,20.0
98,5,2,1.43,5.25,68.1,False,True,13.57,92.36,20.0
99,5,3,-0.86,6.67,217.2,False,True,15.86,103.48,20.0
100,5,4,0.61,6.56,221.9,False,True,14.39,103.99,20.0
101,5,5,4.44,7.02,275.5,False,True,10.56,86.31,20.0
102,5,6,1.65,17.18,242.5,False,True,13.35,122.78,20.0
103,5,7,4.36,6.12,336.5,False,True,10.64,97.79,20.0
104,5,8,1.5,8.8,340.7,False,True,13.5,102.69,20.0
105,5,9,3.37,8.64,537.9,False,True,11.63,94.79,20.0
106,5,10,2.2,7.07,258.3,False,True,12.8,100.36,20.0
107,5,11,3.62,3.83,401.7,False,True,11.38,89.93,20.0
108,5,12,6.04,7.56,524.9,False,True,8.96,83.13,20.0
109,5,13,0.84,2.01,432.3,False,True,14.16,93.76,20.0
110,5,14,4.96,9.25,428.4,False,True,10.04,93.87,20.0
111,5,15,4.25,1.79,524.8,False,True,10.75,84.37,20.0
112,5,16,2.17,8.83,325.0,False,True,12.83,98.91,20.0
113,5,17,-0.01,5.1,191.0,False,True,15.01,104.2,20.0
114,5,18,2.51,4.14,405.3,False,True,12.49,92.87,20.0
115,5,19,0.79,10.53,153.3,False,True,14.21,108.7,20.0
116,5,20,1.83,5.75,263.5,False,True,13.17,99.54,20.0
117,5,21,0.99,7.36,111.1,False,True,14.01,101.87,20.0
118,5,22,3.83,2.67,64.0,False,True,11.17,89.11,20.0
119,5,23,-0.05,14.33,48.0,False,True,15.05,126.28,20.0
120,6,0,-1.77,7.74,0.0,False,True,16.77,118.49,20.0
121,6,1,0.71,7.73,33.1,False,True,14.29,104.93,20.0
122,6,2,0.99,12.88,86.6,False,True,14.01,116.42,20.0
123,6,3,3.58,9.35,130.3,False,True,11.42,89.57,20.0
124,6,4,2.95,1.28,137.1,False,True,12.05,81.35,20.0
125,6,5,2.47,15.05,166.4,False,True,12.53,114.83,20.0
126,6,6,5.21,6.0,400.9,False,True,9.79,76.62,20.0
127,6,7,0.42,14.6,389.0,False,True,14.58,126.97,20.0
128,6,8,2.0,5.89,304.8,False,True,13.0,91.1,20.0
129,6,9,1.84,5.18,301.0,False,True,13.16,100.36,20.0
130,6,10,3.23,9.03,246.7,False,True,11.77,95.22,20.0
131,6,11,1.46,18.9,366.0,False,True,13.54,129.83,20.0
132,6,12,5.55,12.68,348.4,False,True,9.45,93.74,20.0
133,6,13,3.77,9.53,565.3,False,True,11.23,90.84,20.0
134,6,14,1.07,8.95,308.5,False,True,13.93,113.27,20.0
135,6,15,1.66,7.53,356.5,False,True,13.34,108.52,20.0
136,6,16,3.91,14.27,420.5,False,True,11.09,103.96,20.0
137,6,17,4.47,10.67,282.1,False,True,10.53,94.45,20.0
138,6,18,6.27,18.09,368.7,False,True,8.73,95.99,20.0
139,6,19,7.59,4.15,305.3,False,True,7.41,69.42,20.0
140,6,20,2.11,9.7,126.4,False,True,12.89,109.4,20.0
141,6,21,-1.11,3.74,209.7,False,True,16.11,103.42,20.0
142,6,22,-3.72,7.71,96.0,False,True,18.72,126.35,20.0
143,6,23,0.88,11.11,35.8,False,True,14.12,110.54,20.0
144,7,0,-1.44,9.06,0.0,False,True,16.44,117.45,20.0
145,7,1,-0.57,3.4,66.4,False,True,15.57,97.65,20.0
146,7,2,-0.77,4.29,68.7,False,True,15.77,110.64,20.0
147,7,3,0.49,9.2,140.6,False,True,14.51,110.84,20.0
148,7,4,3.32,17.86,281.2,False,True,11.68,117.53,20.0
149,7,5,1.99,6.89,292.8,False,True,13.01,100.13,20.0
150,7,6,1.87,26.31,305.6,False,True,13.13,136.06,20.0
151,7,7,0.64,9.1,334.4,False,True,14.36,109.25,20.0
152,7,8,-0.16,5.07,397.5,False,True,15.16,102.8,20.0
153,7,9,2.63,11.37,438.9,False,True,12.37,105.71,20.0
154,7,10,3.81,2.62,255.8,False,True,11.19,83.7,20.0
155,7,11,7.66,10.96,357.2,False,True,7.34,79.36,20.0
156,7,12,4.45,9.38,429.6,False,True,10.55,88.09,20.0
157,7,13,6.09,5.34,498.6,False,True,8.91,77.42,20.0
158,7,14,2.92,3.94,490.1,False,True,12.08,97.41,20.0
159,7,15,1.23,5.6,423.1,False,True,13.77,97.95,20.0
160,7,16,1.26,4.86,390.7,False,True,13.74,94.77,20.0
161,7,17,1.26,6.3,295.4,False,True,13.74,103.3,20.0
162,7,18,6.45,5.92,382.2,False,True,8.55,85.58,20.0
163,7,19,0.03,5.34,346.9,False,True,14.97,99.08,20.0
164,7,20,2.87,2.55,272.3,False,True,12.13,87.62,20.0
165,7,21,-1.03,3.61,212.0,False,True,16.03,102.45,20.0
166,7,22,2.32,12.28,146.8,False,True,12.68,101.89,20.0
167,7,23,1.03,5.43,40.8,False,True,13.97,104.02,20.0
168,8,0,-0.22,6.37,0.0,False,True,15.22,108.15,20.0
169,8,1,0.08,5.75,56.4,False,True,14.92,105.9,20.0
170,8,2,-0.95,14.44,107.3,False,True,15.95,127.58,20.0
171,8,3,1.57,4.79,208.7,False,True,13.43,99.44,20.0
172,8,4,0.18,4.6,178.5,False,True,14.82,100.49,20.0
173,8,5,-0.87,9.49,181.5,False,True,15.87,117.8,20.0
174,8,6,-0.46,8.02,239.5,False,True,15.46,108.64,20.0
175,8,7,2.96,9.62,231.3,False,True,12.04,96.04,20.0
176,8,8,6.25,9.32,334.0,False,True,8.75,90.57,20.0
177,8,9,3.83,11.52,260.6,False,True,11.17,98.02,20.0
178,8,10,3.59,3.35,262.3,False,True,11.41,88.41,20.0
179,8,11,4.6,9.03,398.9,False,True,10.4,92.23,20.0
180,8,12,6.71,4.62,456.4,False,True,8.29,75.51,20.0
181,8,13,4.47,2.08,454.8,False,True,10.53,79.95,20.0
182,8,14,3.01,9.29,263.9,False,True,11.99,102.6,20.0
183,8,15,5.72,9.01,544.9,False,True,9.28,86.03,20.0
184,8,16,3.95,7.21,245.8,False,True,11.05,91.7,20.0
185,8,17,5.68,11.62,379.0,False,True,9.32,91.16,20.0
186,8,18,2.46,4.64,395.9,False,True,12.54,98.56,20.0
187,8,19,-0.87,10.05,340.0,False,True,15.87,122.43,20.0
188,8,20,-1.64,6.67,212.2,False,True,16.64,116.43,20.0
189,8,21,3.98,6.94,130.1,False,True,11.02,89.48,20.0
190,8,22,3.81,2.28,139.3,False,True,11.19,79.11,20.0
191,8,23,-0.2,11.68,60.1,False,True,15.2,124.07,20.0
192,9,0,-0.77,8.84,0.0,False,True,15.77,120.24,20.0
193,9,1,2.99,9.86,50.1,False,True,12.01,100.63,20.0
194,9,2,-1.95,4.28,147.2,False,True,16.95,112.29,20.0
195,9,3,-1.21,8.32,219.9,False,True,16.21,120.23,20.0
196,9,4,2.28,6.66,252.7,False,True,12.72,101.74,20.0
197,9,5,0.69,9.07,352.7,False,True,14.31,113.95,20.0
198,9,6,1.99,8.13,285.1,False,True,13.01,100.68,20.0
199,9,7,2.19,15.83,245.9,False,True,12.81,122.47,20.0
200,9,8,3.67,13.42,412.3,False,True,11.33,99.08,20.0
201,9,9,6.22,6.27,439.0,False,True,8.78,84.8,20.0
202,9,10,3.91,9.28,402.7,False,True,11.09,97.9,20.0
203,9,11,5.22,5.99,331.0,False,True,9.78,88.58,20.0
204,9,12,-0.1,11.47,464.8,False,True,15.1,126.82,20.0
205,9,13,3.83,6.81,302.5,False,True,11.17,98.09,20.0
206,9,14,2.04,5.56,493.8,False,True,12.96,92.7,20.0
207,9,15,0.97,8.27,523.3,False,True,14.03,100.55,20.0
208,9,16,1.24,12.9,259.8,False,True,13.76,118.93,20.0
209,9,17,1.84,11.91,424.7,False,True,13.16,106.56,20.0
210,9,18,3.83,5.73,220.2,False,True,11.17,90.29,20.0
211,9,19,-1.18,15.14,255.8,False,True,16.18,136.88,20.0
212,9,20,1.06,4.43,287.3,False,True,13.94,92.3,20.0
213,9,21,-0.39,5.2,103.2,False,True,15.39,97.81,20.0
214,9,22,-0.39,11.23,70.5,False,True,15.39,121.21,20.0
215,9,23,2.07,2.09,76.4,False,True,12.93,90.61,20.0
216,10,0,0.97,7.37,0.0,False,True,14.03,104.42,20.0
217,10,1,2.63,6.25,47.4,False,True,12.37,96.34,20.0
218,10,2,-0.15,15.58,104.9,False,True,15.15,125.44,20.0
219,10,3,-0.92,3.98,92.8,False,True,15.92,99.39,20.0
220,10,4,0.44,4.24,153.9,False,True,14.56,100.19,20.0
221,10,5,1.86,16.64,327.7,False,True,13.14,115.96,20.0
222,10,6,2.24,6.29,301.8,False,True,12.76,91.3,20.0
223,10,7,0.24,12.66,302.9,False,True,14.76,122.28,20.0
224,10,8,3.07,5.76,420.5,False,True,11.93,93.24,20.0
225,10,9,3.76,5.08,329.7,False,True,11.24,91.16,20.0
226,10,10,8.66,27.97,384.3,False,True,6.34,87.93,20.0
227,10,11,7.58,18.63,592.6,False,True,7.42,86.85,20.0
228,10,12,2.18,13.46,518.7,False,True,12.82,107.91,20.0
229,10,13,3.25,5.57,435.7,False,True,11.75,88.87,20.0
230,10,14,0.7,7.21,415.0,False,True,14.3,107.01,20.0
231,10,15,2.12,4.34,502.5,False,True,12.88,91.47,20.0
232,10,16,3.52,4.76,395.2,False,True,11.48,91.36,20.0
233,10,17,4.82,4.63,287.3,False,True,10.18,86.01,20.0
234,10,18,0.43,5.84,276.1,False,True,14.57,112.49,20.0
235,10,19,0.06,7.81,186.3,False,True,14.94,104.74,20.0
236,10,20,-3.4,7.36,292.7,False,True,18.4,127.75,20.0
237,10,21,0.15,10.43,181.7,False,True,14.85,115.39,20.0
238,10,22,-1.97,8.01,99.3,False,True,16.97,119.64,20.0
239,10,23,-1.1,9.94,48.2,False,True,16.1,114.73,20.0
240,11,0,-1.97,10.73,0.0,False,True,16.97,124.78,20.0
241,11,1,-0.34,5.62,48.3,False,True,15.34,109.99,20.0
242,11,2,-3.47,6.74,132.6,False,True,18.47,122.45,20.0
243,11,3,-2.57,27.99,206.9,False,True,17.57,175.32,20.0
244,11,4,5.04,5.37,283.8,False,True,9.96,83.73,20.0
245,11,5,-1.31,10.23,227.9,False,True,16.31,126.84,20.0
246,11,6,-0.41,3.49,364.5,False,True,15.41,102.29,20.0
247,11,7,5.97,10.88,283.8,False,True,9.03,79.83,20.0
248,11,8,8.59,4.9,502.2,False,True,6.41,67.46,20.0
249,11,9,0.85,7.49,225.4,False,True,14.15,98.3,20.0
250,11,10,2.78,3.15,430.1,False,True,12.22,76.87,20.0
251,11,11,4.4,7.11,420.0,False,True,10.6,88.1,20.0
252,11,12,7.24,7.19,555.9,False,True,7.76,83.54,20.0
253,11,13,1.74,6.61,315.2,False,True,13.26,100.77,20.0
254,11,14,3.02,9.12,262.2,False,True,11.98,95.03,20.0
255,11,15,4.75,12.42,503.3,False,True,10.25,93.13,20.0
256,11,16,3.65,4.22,317.0,False,True,11.35,93.03,20.0
257,11,17,1.55,6.69,283.2,False,True,13.45,102.17,20.0
258,11,18,1.51,18.28,196.5,False,True,13.49,125.35,20.0
259,11,19,-1.49,2.41,347.7,False,True,16.49,103.52,20.0
260,11,20,0.3,7.96,233.9,False,True,14.7,109.75,20.0
261,11,21,-0.17,4.04,187.2,False,True,15.17,105.96,20.0
262,11,22,0.51,7.32,145.8,False,True,14.49,109.49,20.0
263,11,23,-1.26,8.13,71.0,False,True,16.26,117.72,20.0
264,12,0,0.61,2.68,0.0,False,True,14.39,92.66,20.0
265,12,1,1.76,8.76,38.8,False,True,13.24,106.81,20.0
266,12,2,0.25,12.13,124.8,False,True,14.75,116.3,20.0
267,12,3,0.96,9.76,181.5,False,True,14.04,114.86,20.0
268,12,4,0.77,4.28,128.5,False,True,14.23,94.59,20.0
269,12,5,1.15,7.08,343.2,False,True,13.85,103.48,20.0
270,12,6,0.22,7.5,255.0,False,True,14.78,108.89,20.0
271,12,7,2.82,6.76,312.9,False,True,12.18,91.03,20.0
272,12,8,2.47,3.39,368.0,False,True,12.53,98.36,20.0
273,12,9,7.27,4.67,525.1,False,True,7.73,80.99,20.0
274,12,10,6.55,6.45,291.1,False,True,8.45,78.36,20.0
275,12,11,4.37,8.07,369.5,False,True,10.63,94.97,20.0
276,12,12,2.14,5.36,420.5,False,True,12.86,98.01,20.0
277,12,13,1.37,1.45,592.0,False,True,13.63,81.13,20.0
278,12,14,5.78,2.24,384.7,False,True,9.22,78.6,20.0
279,12,15,3.61,5.53,354.3,False,True,11.39,90.65,20.0
280,12,16,3.63,15.82,499.4,False,True,11.37,108.7,20.0
281,12,17,-1.3,8.79,379.3,False,True,16.3,114.34,20.0
282,12,18,3.52,7.95,211.3,False,True,11.48,94.35,20.0
283,12,19,2.06,4.63,184.6,False,True,12.94,94.68,20.0
284,12,20,-1.55,5.67,236.0,False,True,16.55,116.79,20.0
285,12,21,-0.69,2.14,156.2,False,True,15.69,101.58,20.0
286,12,22,0.46,4.46,63.0,False,True,14.54,101.23,20.0
287,12,23,-0.16,8.56,52.4,False,True,15.16,119.09,20.0
288,13,0,-1.04,7.98,0.0,False,True,16.04,113.31,20.0
289,13,1,-0.59,5.08,66.4,False,True,15.59,105.21,20.0
290,13,2,-0.69,6.76,114.2,False,True,15.69,103.85,20.0
291,13,3,0.44,7.36,118.7,False,True,14.56,113.94,20.0
292,13,4,3.49,5.23,180.4,False,True,11.51,94.72,20.0
293,13,5,-4.1,9.04,364.5,False,True,19.1,135.69,20.0
294,13,6,1.07,7.91,337.5,False,True,13.93,108.78,20.0
295,13,7,2.42,5.78,269.3,False,True,12.58,96.6,20.0
296,13,8,3.14,3.52,437.9,False,True,11.86,90.08,20.0
297,13,9,2.22,5.56,252.1,False,True,12.78,95.55,20.0
298,13,10,-0.23,5.36,360.7,False,True,15.23,105.17,20.0
299,13,11,4.13,5.08,319.7,False,True,10.87,88.28,20.0
300,13,12,7.0,2.75,562.6,False,True,8.0,79.95,20.0
301,13,13,0.41,13.73,500.3,False,True,14.59,123.96,20.0
302,13,14,5.01,13.4,404.8,False,True,9.99,96.81,20.0
303,13,15,2.3,6.63,357.4,False,True,12.7,95.95,20.0
304,13,16,2.42,8.05,475.5,False,True,12.58,97.91,20.0
305,13,17,-0.04,8.96,246.2,False,True,15.04,119.75,20.0
306,13,18,0.88,6.69,188.7,False,True,14.12,106.38,20.0
307,13,19,3.63,8.34,332.8,False,True,11.37,95.88,20.0
308,13,20,1.71,9.6,274.2,False,True,13.29,105.28,20.0
309,13,21,3.6,7.76,125.3,False,True,11.4,90.31,20.0
310,13,22,2.17,10.44,80.3,False,True,12.83,105.88,20.0
311,13,23,0.49,4.98,65.2,False,True,14.51,105.77,20.0
312,14,0,2.91,7.08,0.0,False,True,12.09,94.96,20.0
313,14,1,0.37,23.12,60.6,False,True,14.63,141.64,20.0
314,14,2,1.35,11.65,127.5,False,True,13.65,111.65,20.0
315,14,3,-0.58,7.85,177.5,False,True,15.58,113.64,20.0
316,14,4,0.56,4.23,196.8,False,True,14.44,94.0,20.0
317,14,5,-0.49,7.27,325.0,False,True,15.49,110.52,20.0
318,14,6,3.4,11.27,406.4,False,True,11.6,98.31,20.0
319,14,7,-0.42,10.13,392.0,False,True,15.42,121.31,20.0
320,14,8,3.99,2.36,338.5,False,True,11.01,81.05,20.0
321,14,9,2.46,2.82,552.9,False,True,12.54,92.74,20.0
322,14,10,5.5,2.9,388.1,False,True,9.5,85.63,20.0
323,14,11,4.86,9.03,279.4,False,True,10.14,89.93,20.0
324,14,12,7.06,2.92,305.7,False,True,7.94,71.48,20.0
325,14,13,4.82,4.13,362.1,False,True,10.18,84.65,20.0
326,14,14,0.01,6.56,291.3,False,True,14.99,107.71,20.0
327,14,15,2.7,12.19,480.6,False,True,12.3,102.88,20.0
328,14,16,0.08,9.25,212.2,False,True,14.92,115.29,20.0
329,14,17,0.9,6.15,306.3,False,True,14.1,111.19,20.0
330,14,18,4.45,10.59,393.3,False,True,10.55,94.49,20.0
331,14,19,2.18,18.1,171.9,False,True,12.82,120.02,20.0
332,14,20,-0.98,7.3,223.7,False,True,15.98,109.45,20.0
333,14,21,-2.02,3.4,220.5,False,True,17.02,109.42,20.0
334,14,22,-0.24,4.21,68.8,False,True,15.24,98.4,20.0
335,14,23,-2.94,4.19,47.8,False,True,17.94,109.26,20.0
336,15,0,-2.05,4.72,0.0,False,True,17.05,116.75,20.0
337,15,1,-0.01,5.93,63.4,False,True,15.01,102.76,20.0
338,15,2,1.87,8.19,101.0,False,True,13.13,107.47,20.0
339,15,3,1.1,3.1,222.4,False,True,13.9,102.04,20.0
340,15,4,-4.29,3.45,244.4,False,True,19.29,117.75,20.0
341,15,5,1.38,9.56,278.0,False,True,13.62,110.33,20.0
342,15,6,1.44,5.38,401.4,False,True,13.56,107.14,20.0
343,15,7,2.64,4.44,227.4,False,True,12.36,92.0,20.0
344,15,8,5.53,21.29,452.1,False,True,9.47,103.17,20.0
345,15,9,-1.42,13.24,464.5,False,True,16.42,124.74,20.0
346,15,10,1.84,10.22,465.9,False,True,13.16,107.45,20.0
347,15,11,4.41,9.87,465.7,False,True,10.59,100.48,20.0
348,15,12,0.13,15.52,284.8,False,True,14.87,131.04,20.0
349,15,13,6.18,8.38,528.5,False,True,8.82,80.54,20.0
350,15,14,3.76,31.22,452.7,False,True,11.24,130.18,20.0
351,15,15,4.4,16.87,478.3,False,True,10.6,103.73,20.0
352,15,16,1.15,3.16,481.0,False,True,13.85,97.05,20.0
353,15,17,3.44,2.65,345.3,False,True,11.56,85.77,20.0
354,15,18,3.43,4.03,413.3,False,True,11.57,89.88,20.0
355,15,19,1.24,12.59,170.0,False,True,13.76,116.2,20.0
356,15,20,0.76,6.35,120.7,False,True,14.24,102.94,20.0
357,15,21,0.42,5.94,137.3,False,True,14.58,104.49,20.0
358,15,22,-2.17,10.73,82.3,False,True,17.17,128.41,20.0
359,15,23,-0.93,5.23,57.3,False,True,15.93,108.14,20.0
360,16,0,-1.15,7.84,0.0,False,True,16.15,117.69,20.0
361,16,1,-0.01,9.56,63.7,False,True,15.01,122.04,20.0
362,16,2,1.43,4.24,150.2,False,True,13.57,99.42,20.0
363,16,3,-2.37,3.71,197.8,False,True,17.37,110.47,20.0
364,16,4,-0.09,7.28,195.6,False,True,15.09,103.02,20.0
365,16,5,3.6,7.76,362.1,False,True,11.4,96.3,20.0
366,16,6,-0.33,10.32,366.0,False,True,15.33,110.0,20.0
367,16,7,0.03,3.98,422.0,False,True,14.97,96.2,20.0
368,16,8,2.56,4.8,271.7,False,True,12.44,97.18,20.0
369,16,9,4.26,16.78,450.2,False,True,10.74,109.23,20.0
370,16,10,2.91,11.52,256.4,False,True,12.09,103.98,20.0
371,16,11,5.75,6.67,321.9,False,True,9.25,77.01,20.0
372,16,12,4.87,12.44,245.9,False,True,10.13,94.83,20.0
373,16,13,4.77,3.98,489.7,False,True,10.23,81.13,20.0
374,16,14,4.0,6.27,239.1,False,True,11.0,93.09,20.0
375,16,15,7.23,0.96,371.1,False,True,7.77,80.01,20.0
376,16,16,1.75,7.73,410.1,False,True,13.25,103.63,20.0
377,16,17,-2.33,5.9,277.5,False,True,17.33,112.68,20.0
378,16,18,4.37,6.01,263.2,False,True,10.63,83.92,20.0
379,16,19,-0.27,10.06,336.4,False,True,15.27,116.68,20.0
380,16,20,0.38,11.6,282.3,False,True,14.62,116.52,20.0
381,16,21,2.36,5.57,210.1,False,True,12.64,91.4,20.0
382,16,22,-3.78,3.26,132.0,False,True,18.78,114.74,20.0
383,16,23,-3.28,2.87,44.4,False,True,18.28,106.76,20.0
384,17,0,-4.18,2.0,0.0,False,True,19.18,116.58,20.0
385,17,1,-2.5,15.39,54.3,False,True,17.5,145.65,20.0
386,17,2,0.17,10.08,148.2,False,True,14.83,119.22,20.0
387,17,3,0.65,8.99,122.6,False,True,14.35,108.37,20.0
388,17,4,0.57,5.18,157.7,False,True,14.43,104.45,20.0
389,17,5,-2.32,5.17,317.0,False,True,17.32,113.33,20.0
390,17,6,-3.6,26.79,320.4,False,True,18.6,177.71,20.0
391,17,7,1.65,2.66,305.9,False,True,13.35,91.69,20.0
392,17,8,1.08,5.7,476.8,False,True,13.92,96.25,20.0
393,17,9,3.35,12.64,415.5,False,True,11.65,98.59,20.0
394,17,10,4.16,5.69,551.8,False,True,10.84,92.12,20.0
395,17,11,3.23,9.83,369.3,False,True,11.77,99.25,20.0
396,17,12,4.54,6.81,399.9,False,True,10.46,90.02,20.0
397,17,13,3.41,1.18,264.5,False,True,11.59,88.15,20.0
398,17,14,3.81,6.66,359.7,False,True,11.19,85.05,20.0
399,17,15,1.03,7.35,281.5,False,True,13.97,101.97,20.0
400,17,16,1.66,6.39,218.1,False,True,13.34,101.18,20.0
401,17,17,1.93,3.6,263.5,False,True,13.07,95.45,20.0
402,17,18,2.66,6.43,294.6,False,True,12.34,94.88,20.0
403,17,19,-0.28,2.09,200.3,False,True,15.28,102.8,20.0
404,17,20,1.06,5.66,139.6,False,True,13.94,102.28,20.0
405,17,21,-0.93,10.22,154.1,False,True,15.93,115.54,20.0
406,17,22,-0.95,14.96,75.9,False,True,15.95,128.11,20.0
407,17,23,0.75,28.73,35.4,False,True,14.25,155.23,20.0
408,18,0,-5.11,3.92,0.0,False,True,20.11,123.03,20.0
409,18,1,-3.65,2.95,53.7,False,True,18.65,105.34,20.0
410,18,2,-3.82,7.73,136.9,False,True,18.82,132.44,20.0
411,18,3,-5.2,7.11,115.4,False,True,20.2,133.58,20.0
412,18,4,-1.48,9.46,203.1,False,True,16.48,126.49,20.0
413,18,5,1.86,4.95,165.8,False,True,13.14,95.27,20.0
414,18,6,0.31,7.22,274.5,False,True,14.69,106.73,20.0
415,18,7,1.79,7.02,426.4,False,True,13.21,96.68,20.0
416,18,8,4.06,5.76,486.2,False,True,10.94,99.61,20.0
417,18,9,4.95,2.55,394.4,False,True,10.05,80.3,20.0
418,18,10,2.47,10.15,331.4,False,True,12.53,110.52,20.0
419,18,11,5.52,7.76,499.7,False,True,9.48,83.78,20.0
420,18,12,3.06,10.51,470.0,False,True,11.94,102.69,20.0
421,18,13,1.13,11.79,405.9,False,True,13.87,107.23,20.0
422,18,14,1.42,6.7,397.1,False,True,13.58,100.57,20.0
423,18,15,-0.67,10.18,385.8,False,True,15.67,123.01,20.0
424,18,16,0.1,15.14,313.6,False,True,14.9,121.51,20.0
425,18,17,0.68,17.59,338.6,False,True,14.32,132.9,20.0
426,18,18,2.48,8.24,184.3,False,True,12.52,101.89,20.0
427,18,19,3.8,8.58,271.1,False,True,11.2,91.08,20.0
428,18,20,-2.89,8.17,209.3,False,True,17.89,122.17,20.0
429,18,21,0.25,9.29,149.8,False,True,14.75,110.92,20.0
430,18,22,-2.94,11.53,92.3,False,True,17.94,133.24,20.0
431,18,23,-0.11,8.09,60.5,False,True,15.11,109.54,20.0
432,19,0,-1.53,17.08,0.0,False,True,16.53,136.94,20.0
433,19,1,-4.87,15.86,36.1,False,True,19.87,154.64,20.0
434,19,2,0.85,7.34,97.0,False,True,14.15,101.75,20.0
435,19,3,-1.9,7.32,102.4,False,True,16.9,112.48,20.0
436,19,4,-1.34,5.53,188.3,False,True,16.34,110.65,20.0
437,19,5,-1.93,24.55,262.9,False,True,16.93,165.05,20.0
438,19,6,-0.58,6.04,269.2,False,True,15.58,102.85,20.0
439,19,7,2.1,5.39,288.0,False,True,12.9,96.72,20.0
440,19,8,1.35,9.44,295.5,False,True,13.65,105.41,20.0
441,19,9,2.8,3.8,348.7,False,True,12.2,87.09,20.0
442,19,10,3.18,11.63,255.9,False,True,11.82,106.86,20.0
443,19,11,5.3,9.64,592.7,False,True,9.7,87.99,20.0
444,19,12,2.04,15.45,439.9,False,True,12.96,122.5,20.0
445,19,13,-0.29,8.32,465.0,False,True,15.29,109.89,20.0
446,19,14,4.6,10.4,295.5,False,True,10.4,96.05,20.0
447,19,15,1.48,1.53,528.9,False,True,13.52,90.46,20.0
448,19,16,3.96,11.09,385.9,False,True,11.04,95.68,20.0
449,19,17,2.01,13.18,308.8,False,True,12.99,114.6,20.0
450,19,18,0.47,7.85,351.3,False,True,14.53,107.99,20.0
451,19,19,0.91,5.51,212.8,False,True,14.09,104.15,20.0
452,19,20,3.63,8.42,288.2,False,True,11.37,95.56,20.0
453,19,21,3.47,11.62,115.2,False,True,11.53,97.65,20.0
454,19,22,-0.86,12.4,139.7,False,True,15.86,124.84,20.0
455,19,23,-0.88,2.56,76.7,False,True,15.88,102.12,20.0
456,20,0,0.73,24.98,0.0,False,True,14.27,147.97,20.0
457,20,1,-3.05,5.41,72.5,False,True,18.05,113.78,20.0
458,20,2,-0.49,10.49,68.8,False,True,15.49,118.78,20.0
459,20,3,-0.89,13.93,177.3,False,True,15.89,122.16,20.0
460,20,4,0.2,6.99,184.1,False,True,14.8,110.48,20.0
461,20,5,-1.61,12.65,225.9,False,True,16.61,125.34,20.0
462,20,6,-2.6,2.55,284.3,False,True,17.6,100.83,20.0
463,20,7,-3.05,1.96,360.8,False,True,18.05,107.83,20.0
464,20,8,-0.66,12.88,399.9,False,True,15.66,129.79,20.0
465,20,9,1.07,12.09,314.3,False,True,13.93,108.74,20.0
466,20,10,1.72,8.97,365.3,False,True,13.28,101.01,20.0
467,20,11,6.38,11.64,327.0,False,True,8.62,84.66,20.0
468,20,12,4.79,16.08,467.7,False,True,10.21,97.78,20.0
469,20,13,0.58,14.15,274.4,False,True,14.42,123.27,20.0
470,20,14,3.0,7.21,379.1,False,True,12.0,93.15,20.0
471,20,15,1.18,8.38,547.2,False,True,13.82,103.71,20.0
472,20,16,1.01,6.57,516.1,False,True,13.99,105.89,20.0
473,20,17,1.46,6.12,338.3,False,True,13.54,97.74,20.0
474,20,18,1.81,11.05,232.7,False,True,13.19,110.8,20.0
475,20,19,-0.62,6.53,274.0,False,True,15.62,106.4,20.0
476,20,20,1.7,11.04,207.9,False,True,13.3,104.74,20.0
477,20,21,-3.12,21.99,97.7,False,True,18.12,155.41,20.0
478,20,22,-1.14,7.53,154.3,False,True,16.14,122.32,20.0
479,20,23,3.84,4.61,46.7,False,True,11.16,87.15,20.0
480,21,0,-1.14,10.89,0.0,False,True,16.14,123.99,20.0
481,21,1,1.35,17.45,55.5,False,True,13.65,124.28,20.0
482,21,2,-1.13,13.13,144.1,False,True,16.13,129.02,20.0
483,21,3,0.17,20.41,201.9,False,True,14.83,138.06,20.0
484,21,4,-0.7,7.67,157.0,False,True,15.7,120.94,20.0
485,21,5,-0.44,7.49,303.1,False,True,15.44,107.6,20.0
486,21,6,-1.14,2.98,392.3,False,True,16.14,97.63,20.0
487,21,7,1.8,5.6,394.4,False,True,13.2,94.28,20.0
488,21,8,-0.29,11.71,251.2,False,True,15.29,115.45,20.0
489,21,9,3.16,12.55,401.0,False,True,11.84,108.16,20.0
490,21,10,4.32,8.18,523.4,False,True,10.68,95.56,20.0
491,21,11,3.08,11.36,307.8,False,True,11.92,99.61,20.0
492,21,12,1.85,4.67,433.9,False,True,13.15,90.73,20.0
493,21,13,3.26,9.17,476.9,False,True,11.74,97.3,20.0
494,21,14,1.53,14.82,452.8,False,True,13.47,123.61,20.0
495,21,15,3.7,10.09,257.2,False,True,11.3,86.98,20.0
496,21,16,-2.24,15.96,294.3,False,True,17.24,143.55,20.0
497,21,17,0.26,16.2,348.1,False,True,14.74,123.68,20.0
498,21,18,-3.56,9.48,222.8,False,True,18.56,134.95,20.0
499,21,19,-3.09,0.73,219.2,False,True,18.09,100.56,20.0
500,21,20,2.15,12.42,194.7,False,True,12.85,108.92,20.0
501,21,21,0.79,3.58,93.7,False,True,14.21,92.08,20.0
502,21,22,-2.75,1.28,109.7,False,True,17.75,101.3,20.0
503,21,23,-4.52,2.23,78.1,False,True,19.52,119.54,20.0
504,22,0,-7.67,12.86,0.0,False,True,22.67,164.56,20.0
505,22,1,-2.76,9.52,44.2,False,True,17.76,125.59,20.0
506,22,2,3.36,8.3,85.7,False,True,11.64,93.26,20.0
507,22,3,-0.29,9.98,162.8,False,True,15.29,109.24,20.0
508,22,4,-1.86,2.32,202.1,False,True,16.86,103.24,20.0
509,22,5,0.67,6.55,335.0,False,True,14.33,104.81,20.0
510,22,6,-2.87,5.12,332.4,False,True,17.87,115.57,20.0
511,22,7,0.18,7.97,304.3,False,True,14.82,109.77,20.0
512,22,8,1.45,8.11,328.1,False,True,13.55,100.36,20.0
513,22,9,1.5,9.77,403.7,False,True,13.5,107.72,20.0
514,22,10,3.57,10.53,319.9,False,True,11.43,99.47,20.0
515,22,11,2.88,2.4,388.9,False,True,12.12,93.31,20.0
516,22,12,3.59,6.6,342.6,False,True,11.41,100.27,20.0
517,22,13,0.81,7.41,421.9,False,True,14.19,105.63,20.0
518,22,14,3.78,3.52,421.9,False,True,11.22,83.76,20.0
519,22,15,4.93,3.3,503.4,False,True,10.07,81.95,20.0
520,22,16,-0.68,2.24,286.2,False,True,15.68,98.01,20.0
521,22,17,-1.0,3.02,448.8,False,True,16.0,100.48,20.0
522,22,18,2.93,11.32,306.0,False,True,12.07,103.88,20.0
523,22,19,-0.64,2.66,305.4,False,True,15.64,97.12,20.0
524,22,20,2.06,2.96,230.1,False,True,12.94,94.58,20.0
525,22,21,-2.04,7.79,206.1,False,True,17.04,119.02,20.0
526,22,22,1.43,9.15,123.9,False,True,13.57,108.05,20.0
527,22,23,-1.41,7.29,31.8,False,True,16.41,114.72,20.0
528,23,0,-1.39,3.94,0.0,False,True,16.39,104.23,20.0
529,23,1,1.29,3.35,75.4,False,True,13.71,91.97,20.0
530,23,2,-2.37,7.68,104.2,False,True,17.37,119.65,20.0
531,23,3,-3.21,6.86,206.0,False,True,18.21,119.82,20.0
532,23,4,-1.81,5.95,276.4,False,True,16.81,114.73,20.0
533,23,5,0.48,11.07,219.0,False,True,14.52,115.56,20.0
534,23,6,-3.04,6.62,388.0,False,True,18.04,115.19,20.0
535,23,7,1.88,3.17,298.2,False,True,13.12,93.49,20.0
536,23,8,0.01,5.97,215.8,False,True,14.99,101.02,20.0
537,23,9,3.8,9.69,452.7,False,True,11.2,94.65,20.0
538,23,10,-2.97,6.41,517.1,False,True,17.97,118.6,20.0
539,23,11,0.45,9.6,399.1,False,True,14.55,104.21,20.0
540,23,12,-1.28,10.58,302.4,False,True,16.28,123.3,20.0
541,23,13,0.37,6.64,457.6,False,True,14.63,106.99,20.0
542,23,14,2.32,7.27,488.5,False,True,12.68,98.77,20.0
543,23,15,1.14,6.19,439.5,False,True,13.86,100.52,20.0
544,23,16,0.58,9.71,318.8,False,True,14.42,110.65,20.0
545,23,17,0.29,6.09,295.6,False,True,14.71,101.6,20.0
546,23,18,0.5,9.22,309.5,False,True,14.5,110.37,20.0
547,23,19,-2.45,8.19,188.5,False,True,17.45,120.07,20.0
548,23,20,0.5,2.22,272.3,False,True,14.5,96.6,20.0
549,23,21,0.0,9.49,105.9,False,True,15.0,109.54,20.0
550,23,22,-0.87,7.79,107.5,False,True,15.87,115.27,20.0
551,23,23,-0.73,13.39,71.7,False,True,15.73,127.5,20.0
552,24,0,-1.49,3.62,0.0,False,True,16.49,106.16,20.0
553,24,1,2.06,8.25,67.1,False,True,12.94,100.66,20.0
554,24,2,-1.99,5.62,84.4,False,True,16.99,115.9,20.0
555,24,3,-2.11,2.39,153.2,False,True,17.11,99.23,20.0
556,24,4,-2.59,1.93,248.4,False,True,17.59,108.22,20.0
557,24,5,-2.66,14.76,340.8,False,True,17.66,141.58,20.0
558,24,6,-2.57,8.27,333.4,False,True,17.57,124.15,20.0
559,24,7,-1.34,6.52,259.7,False,True,16.34,114.8,20.0
560,24,8,0.78,2.83,253.5,False,True,14.22,93.93,20.0
561,24,9,2.0,14.32,501.6,False,True,13.0,113.49,20.0
562,24,10,1.75,4.82,424.5,False,True,13.25,99.53,20.0
563,24,11,0.32,8.47,303.6,False,True,14.68,112.35,20.0
564,24,12,3.72,7.63,414.8,False,True,11.28,94.83,20.0
565,24,13,3.33,17.7,283.0,False,True,11.67,107.27,20.0
566,24,14,1.33,7.18,268.4,False,True,13.67,105.62,20.0
567,24,15,0.03,5.42,527.7,False,True,14.97,109.75,20.0
568,24,16,2.01,8.33,377.6,False,True,12.99,106.84,20.0
569,24,17,0.81,8.8,261.5,False,True,14.19,110.07,20.0
570,24,18,-2.98,23.86,394.0,False,True,17.98,160.66,20.0
571,24,19,-0.74,7.11,365.0,False,True,15.74,115.92,20.0
572,24,20,-0.56,3.55,279.2,False,True,15.56,102.49,20.0
573,24,21,-3.3,5.95,194.8,False,True,18.3,109.76,20.0
574,24,22,-1.43,8.32,151.8,False,True,16.43,119.59,20.0
575,24,23,-4.92,9.12,40.6,False,True,19.92,130.03,20.0
576,25,0,0.41,2.66,0.0,False,True,14.59,92.32,20.0
577,25,1,0.31,5.56,48.2,False,True,14.69,101.72,20.0
578,25,2,-2.49,17.18,65.1,False,True,17.49,151.13,20.0
579,25,3,-0.95,4.29,96.3,False,True,15.95,104.82,20.0
580,25,4,-6.08,11.2,153.8,False,True,21.08,148.95,20.0
581,25,5,-3.09,6.06,316.9,False,True,18.09,126.32,20.0
582,25,6,-0.85,7.34,398.0,False,True,15.85,119.55,20.0
583,25,7,-1.88,2.88,227.0,False,True,16.88,105.89,20.0
584,25,8,2.17,6.38,471.4,False,True,12.83,97.37,20.0
585,25,9,5.15,8.27,473.0,False,True,9.85,83.7,20.0
586,25,10,-0.88,7.16,250.0,False,True,15.88,110.09,20.0
587,25,11,-0.0,6.6,499.0,False,True,15.0,109.55,20.0
588,25,12,2.21,9.74,253.8,False,True,12.79,106.2,20.0
589,25,13,4.9,3.34,331.7,False,True,10.1,82.82,20.0
590,25,14,-0.97,8.47,416.4,False,True,15.97,120.37,20.0
591,25,15,1.65,1.82,524.1,False,True,13.35,88.28,20.0
592,25,16,4.38,12.78,240.7,False,True,10.62,99.12,20.0
593,25,17,-3.04,6.72,289.9,False,True,18.04,123.84,20.0
594,25,18,-2.82,10.82,316.6,False,True,17.82,133.28,20.0
595,25,19,-1.62,1.02,308.3,False,True,16.62,105.01,20.0
596,25,20,-2.3,10.05,284.8,False,True,17.3,128.03,20.0
597,25,21,-0.05,4.73,156.4,False,True,15.05,102.6,20.0
598,25,22,-1.51,7.36,140.5,False,True,16.51,117.51,20.0
599,25,23,-5.74,10.13,60.3,False,True,20.74,138.87,20.0
600,26,0,-1.41,7.0,0.0,False,True,16.41,108.18,20.0
601,26,1,-3.52,9.52,58.6,False,True,18.52,133.03,20.0
602,26,2,0.38,6.11,91.4,False,True,14.62,104.96,20.0
603,26,3,-3.11,13.29,188.8,False,True,18.11,140.29,20.0
604,26,4,-2.71,6.71,171.2,False,True,17.71,112.71,20.0
605,26,5,0.13,6.78,203.7,False,True,14.87,106.25,20.0
606,26,6,1.09,6.85,410.4,False,True,13.91,101.41,20.0
607,26,7,0.98,7.25,449.9,False,True,14.02,101.65,20.0
608,26,8,-2.81,3.44,348.7,False,True,17.81,102.16,20.0
609,26,9,2.05,4.21,476.3,False,True,12.95,93.28,20.0
610,26,10,-0.77,11.63,573.3,False,True,15.77,126.56,20.0
611,26,11,1.96,10.82,269.6,False,True,13.04,109.42,20.0
612,26,12,-1.29,10.47,458.2,False,True,16.29,120.31,20.0
613,26,13,2.39,9.08,328.4,False,True,12.61,102.47,20.0
614,26,14,-0.32,5.49,510.0,False,True,15.32,109.67,20.0
615,26,15,-1.59,5.18,255.5,False,True,16.59,99.94,20.0
616,26,16,1.99,7.09,453.8,False,True,13.01,99.97,20.0
617,26,17,0.56,12.54,247.7,False,True,14.44,120.54,20.0
618,26,18,-1.67,8.03,285.8,False,True,16.67,121.15,20.0
619,26,19,1.95,4.09,324.5,False,True,13.05,101.57,20.0
620,26,20,-2.32,3.02,132.1,False,True,17.32,112.81,20.0
621,26,21,-1.79,10.99,219.7,False,True,16.79,127.66,20.0
622,26,22,-1.63,14.51,82.4,False,True,16.63,135.62,20.0
623,26,23,-3.61,2.58,54.9,False,True,18.61,114.9,20.0
624,27,0,-1.68,11.17,0.0,False,True,16.68,124.17,20.0
625,27,1,-3.62,8.98,37.1,False,True,18.62,129.5,20.0
626,27,2,-3.18,4.64,118.8,False,True,18.18,119.45,20.0
627,27,3,0.69,8.08,162.9,False,True,14.31,115.97,20.0
628,27,4,-3.7,3.71,225.5,False,True,18.7,114.61,20.0
629,27,5,-5.97,6.44,291.3,False,True,20.97,132.17,20.0
630,27,6,2.6,7.3,276.8,False,True,12.4,99.05,20.0
631,27,7,4.99,13.23,275.7,False,True,10.01,102.27,20.0
632,27,8,-0.43,6.27,265.2,False,True,15.43,108.77,20.0
633,27,9,-3.08,4.93,534.1,False,True,18.08,122.1,20.0
634,27,10,0.49,8.63,371.4,False,True,14.51,106.35,20.0
635,27,11,0.74,9.65,338.7,False,True,14.26,110.53,20.0
636,27,12,1.0,4.83,258.9,False,True,14.0,99.15,20.0
637,27,13,-0.92,4.0,506.1,False,True,15.92,108.64,20.0
638,27,14,2.27,4.2,415.3,False,True,12.73,97.94,20.0
639,27,15,1.84,13.25,285.2,False,True,13.16,107.23,20.0
640,27,16,-2.61,9.44,486.4,False,True,17.61,122.63,20.0
641,27,17,1.29,6.05,457.1,False,True,13.71,102.66,20.0
642,27,18,3.48,12.15,393.9,False,True,11.52,100.22,20.0
643,27,19,-0.8,4.81,269.0,False,True,15.8,100.87,20.0
644,27,20,-2.3,6.95,187.2,False,True,17.3,122.55,20.0
645,27,21,-2.32,3.68,114.1,False,True,17.32,111.96,20.0
646,27,22,-1.12,11.89,97.3,False,True,16.12,127.31,20.0
647,27,23,-6.02,4.59,60.1,False,True,21.02,124.83,20.0
648,28,0,-2.48,4.65,0.0,False,True,17.48,117.24,20.0
649,28,1,-3.52,8.73,53.1,False,True,18.52,127.56,20.0
650,28,2,1.15,1.71,115.5,False,True,13.85,97.26,20.0
651,28,3,-2.57,3.21,192.6,False,True,17.57,106.04,20.0
652,28,4,1.53,25.3,136.4,False,True,13.47,135.81,20.0
653,28,5,-3.54,4.16,336.1,False,True,18.54,116.72,20.0
654,28,6,0.36,20.58,285.8,False,True,14.64,134.23,20.0
655,28,7,0.35,7.87,356.6,False,True,14.65,111.88,20.0
656,28,8,-1.55,2.46,501.0,False,True,16.55,105.11,20.0
657,28,9,0.96,1.31,277.6,False,True,14.04,88.99,20.0
658,28,10,3.35,14.88,539.4,False,True,11.65,108.57,20.0
659,28,11,0.47,7.86,525.1,False,True,14.53,107.22,20.0
660,28,12,-2.19,6.53,597.8,False,True,17.19,120.51,20.0
661,28,13,1.09,7.85,378.2,False,True,13.91,103.36,20.0
662,28,14,-0.88,2.45,275.9,False,True,15.88,99.9,20.0
663,28,15,-0.08,7.07,226.4,False,True,15.08,114.09,20.0
664,28,16,0.03,4.33,455.0,False,True,14.97,111.58,20.0
665,28,17,-3.7,6.84,229.4,False,True,18.7,132.02,20.0
666,28,18,-4.04,5.57,247.6,False,True,19.04,122.09,20.0
667,28,19,-0.36,7.64,362.5,False,True,15.36,112.63,20.0
668,28,20,-2.86,6.05,199.6,False,True,17.86,124.49,20.0
669,28,21,-7.35,5.38,123.7,False,True,22.35,134.06,20.0
670,28,22,-0.97,4.06,132.3,False,True,15.97,101.92,20.0
671,28,23,-2.2,2.52,44.1,False,True,17.2,107.01,20.0
672,29,0,-4.43,2.19,0.0,False,True,19.43,115.36,20.0
673,29,1,-5.57,3.28,38.7,False,True,20.57,117.63,20.0
674,29,2,-1.06,9.9,105.1,False,True,16.06,113.66,20.0
675,29,3,-1.72,3.93,106.8,False,True,16.72,102.61,20.0
676,29,4,2.76,4.9,259.2,False,True,12.24,95.83,20.0
677,29,5,-0.68,4.92,226.1,False,True,15.68,103.71,20.0
678,29,6,-0.23,5.62,250.9,False,True,15.23,106.01,20.0
679,29,7,-0.82,9.04,474.2,False,True,15.82,117.93,20.0
680,29,8,1.63,6.02,466.5,False,True,13.37,102.33,20.0
681,29,9,1.66,10.84,406.0,False,True,13.34,108.04,20.0
682,29,10,3.23,3.3,560.2,False,True,11.77,90.49,20.0
683,29,11,-0.11,10.27,313.4,False,True,15.11,113.07,20.0
684,29,12,0.13,13.99,446.5,False,True,14.87,122.34,20.0
685,29,13,-0.03,7.02,569.5,False,True,15.03,104.82,20.0
686,29,14,2.31,3.77,429.9,False,True,12.69,97.31,20.0
687,29,15,3.41,9.14,324.2,False,True,11.59,97.87,20.0
688,29,16,-0.92,7.09,460.9,False,True,15.92,109.92,20.0
689,29,17,-1.34,8.33,230.0,False,True,16.34,116.3,20.0
690,29,18,-0.38,11.0,208.4,False,True,15.38,118.71,20.0
691,29,19,-2.01,5.77,306.3,False,True,17.01,116.96,20.0
692,29,20,-0.1,5.28,132.5,False,True,15.1,98.9,20.0
693,29,21,-6.92,22.62,98.8,False,True,21.92,185.37,20.0
694,29,22,-4.39,9.2,97.4,False,True,19.39,132.29,20.0
695,29,23,-4.5,11.97,50.0,False,True,19.5,152.54,20.0
696,30,0,-7.84,10.68,0.0,False,True,22.84,158.5,20.0
697,30,1,-5.06,12.05,66.1,False,True,20.06,145.0,20.0
698,30,2,-4.76,23.47,115.1,False,True,19.76,180.65,20.0
699,30,3,-3.02,11.32,190.1,False,True,18.02,141.49,20.0
700,30,4,0.03,4.91,129.0,False,True,14.97,102.99,20.0
701,30,5,-2.21,17.48,215.3,False,True,17.21,143.73,20.0
702,30,6,-3.26,4.23,415.7,False,True,18.26,119.87,20.0
703,30,7,-0.8,6.55,312.6,False,True,15.8,113.06,20.0
704,30,8,1.9,6.09,277.2,False,True,13.1,101.57,20.0
705,30,9,-1.74,7.11,551.7,False,True,16.74,114.39,20.0
706,30,10,-1.29,4.75,374.9,False,True,16.29,116.43,20.0
707,30,11,1.85,1.87,408.8,False,True,13.15,97.61,20.0
708,30,12,0.36,5.68,320.6,False,True,14.64,106.59,20.0
709,30,13,2.03,3.05,472.2,False,True,12.97,95.17,20.0
710,30,14,0.5,6.95,303.9,False,True,14.5,98.41,20.0
711,30,15,1.62,8.68,424.6,False,True,13.38,107.79,20.0
712,30,16,-2.27,5.62,444.0,False,True,17.27,114.05,20.0
713,30,17,-0.71,3.63,376.7,False,True,15.71,105.56,20.0
714,30,18,-1.62,7.3,192.7,False,True,16.62,119.11,20.0
715,30,19,-4.15,23.26,163.6,False,True,19.15,171.73,20.0
716,30,20,-5.33,9.19,271.6,False,True,20.33,131.32,20.0
717,30,21,-1.24,9.55,216.5,False,True,16.24,121.7,20.0
718,30,22,-3.63,5.3,74.8,False,True,18.63,116.46,20.0
719,30,23,-5.18,4.41,49.0,False,True,20.18,121.6,20.0
720,31,0,-3.59,27.06,0.0,False,True,18.59,177.53,20.0
721,31,1,-1.08,1.43,70.6,False,True,16.08,98.54,20.0
722,31,2,-7.69,4.67,146.8,False,True,22.69,124.26,20.0
723,31,3,-5.81,15.58,188.1,False,True,20.81,165.09,20.0
724,31,4,-4.25,6.73,146.5,False,True,19.25,127.05,20.0
725,31,5,1.0,2.69,314.5,False,True,14.0,99.89,20.0
726,31,6,-0.84,8.81,388.4,False,True,15.84,124.54,20.0
727,31,7,0.65,5.64,290.7,False,True,14.35,103.15,20.0
728,31,8,-2.68,2.31,361.9,False,True,17.68,100.49,20.0
729,31,9,-2.23,7.97,277.1,False,True,17.23,117.16,20.0
730,31,10,1.23,7.36,337.7,False,True,13.77,99.44,20.0
731,31,11,0.65,7.14,548.4,False,True,14.35,104.28,20.0
732,31,12,1.7,9.13,272.0,False,True,13.3,106.09,20.0
733,31,13,0.16,3.49,510.1,False,True,14.84,92.25,20.0
734,31,14,0.89,8.39,265.8,False,True,14.11,109.28,20.0
735,31,15,0.33,7.64,319.1,False,True,14.67,102.71,20.0
736,31,16,1.15,11.94,389.4,False,True,13.85,115.31,20.0
737,31,17,0.73,19.64,191.4,False,True,14.27,132.27,20.0
738,31,18,-4.64,13.0,341.6,False,True,19.64,144.89,20.0
739,31,19,-6.41,10.59,215.4,False,True,21.41,147.23,20.0
740,31,20,-0.4,6.59,254.7,False,True,15.4,107.34,20.0
741,31,21,-0.44,7.14,226.2,False,True,15.44,108.49,20.0
742,31,22,-5.17,1.52,100.9,False,True,20.17,107.41,20.0
743,31,23,-7.05,7.03,32.7,False,True,22.05,138.69,20.0
744,32,0,-3.41,10.22,0.0,False,True,18.41,139.52,20.0
745,32,1,-1.68,6.05,44.2,False,True,16.68,121.44,20.0
746,32,2,0.26,11.92,76.0,False,True,14.74,123.81,20.0
747,32,3,-1.99,8.89,213.0,False,True,16.99,124.85,20.0
748,32,4,-3.35,17.96,161.9,False,True,18.35,150.45,20.0
749,32,5,-3.91,4.82,278.8,False,True,18.91,124.95,20.0
750,32,6,-1.58,9.73,234.4,False,True,16.58,122.03,20.0
751,32,7,-1.69,3.11,393.9,False,True,16.69,105.92,20.0
752,32,8,-2.64,6.35,410.1,False,True,17.64,117.09,20.0
753,32,9,3.91,9.16,391.1,False,True,11.09,96.09,20.0
754,32,10,3.7,10.03,424.8,False,True,11.3,96.42,20.0
755,32,11,2.6,5.8,319.1,False,True,12.4,95.13,20.0
756,32,12,-1.45,12.57,247.9,False,True,16.45,124.32,20.0
757,32,13,2.04,13.95,523.7,False,True,12.96,112.1,20.0
758,32,14,1.41,4.85,541.1,False,True,13.59,107.5,20.0
759,32,15,0.69,6.46,480.4,False,True,14.31,104.38,20.0
760,32,16,1.89,6.1,428.6,False,True,13.11,97.99,20.0
761,32,17,0.18,5.3,325.2,False,True,14.82,106.34,20.0
762,32,18,-0.13,13.51,318.3,False,True,15.13,126.91,20.0
763,32,19,-0.85,13.43,297.7,False,True,15.85,123.19,20.0
764,32,20,-1.92,6.21,124.7,False,True,16.92,114.08,20.0
765,32,21,-6.59,9.7,150.2,False,True,21.59,149.17,20.0
766,32,22,-3.17,11.85,83.1,False,True,18.17,136.52,20.0
767,32,23,-4.65,8.02,48.5,False,True,19.65,132.01,20.0
768,33,0,-6.37,5.96,0.0,False,True,21.37,138.7,20.0
769,33,1,-0.38,4.66,48.4,False,True,15.38,102.26,20.0
770,33,2,-0.09,10.17,131.0,False,True,15.09,116.64,20.0
771,33,3,-0.51,3.27,225.7,False,True,15.51,100.16,20.0
772,33,4,-2.3,6.05,286.2,False,True,17.3,122.02,20.0
773,33,5,0.37,5.49,327.5,False,True,14.63,96.06,20.0
774,33,6,-1.79,3.15,386.8,False,True,16.79,103.98,20.0
775,33,7,-0.89,21.73,302.9,False,True,15.89,145.52,20.0
776,33,8,-3.0,6.38,435.9,False,True,18.0,122.48,20.0
777,33,9,0.39,4.12,443.6,False,True,14.61,103.21,20.0
778,33,10,0.04,13.25,573.6,False,True,14.96,128.19,20.0
779,33,11,-2.49,10.21,443.1,False,True,17.49,121.46,20.0
780,33,12,0.08,7.2,394.7,False,True,14.92,111.86,20.0
781,33,13,-0.04,11.0,536.8,False,True,15.04,116.77,20.0
782,33,14,3.51,12.32,492.5,False,True,11.49,100.34,20.0
783,33,15,1.39,13.55,263.3,False,True,13.61,118.37,20.0
784,33,16,-0.79,4.81,393.7,False,True,15.79,103.24,20.0
785,33,17,-0.8,11.0,359.6,False,True,15.8,113.32,20.0
786,33,18,-1.73,6.4,330.5,False,True,16.73,113.12,20.0
787,33,19,-2.74,7.88,352.4,False,True,17.74,116.75,20.0
788,33,20,-4.98,4.94,228.4,False,True,19.98,121.15,20.0
789,33,21,-3.53,7.02,211.7,False,True,18.53,125.29,20.0
790,33,22,-5.04,11.08,95.5,False,True,20.04,143.68,20.0
791,33,23,-6.25,15.28,34.0,False,True,21.25,168.05,20.0
792,34,0,-3.01,6.66,0.0,False,True,18.01,119.83,20.0
793,34,1,-3.18,4.2,56.4,False,True,18.18,108.5,20.0
794,34,2,-7.33,16.42,139.8,False,True,22.33,168.43,20.0
795,34,3,-3.69,4.7,178.9,False,True,18.69,114.31,20.0
796,34,4,-1.04,2.52,199.6,False,True,16.04,97.52,20.0
797,34,5,-0.43,5.16,247.3,False,True,15.43,108.06,20.0
798,34,6,0.02,1.62,423.4,False,True,14.98,94.0,20.0
799,34,7,-1.43,12.02,230.8,False,True,16.43,119.29,20.0
800,34,8,-2.72,2.21,271.9,False,True,17.72,110.37,20.0
801,34,9,-2.78,4.52,429.7,False,True,17.78,113.51,20.0
802,34,10,0.39,3.58,475.7,False,True,14.61,101.02,20.0
803,34,11,0.66,7.5,378.9,False,True,14.34,107.44,20.0
804,34,12,2.55,15.28,251.6,False,True,12.45,115.9,20.0
805,34,13,2.1,8.98,424.3,False,True,12.9,103.81,20.0
806,34,14,-0.56,3.24,282.0,False,True,15.56,107.3,20.0
807,34,15,-3.1,19.3,240.4,False,True,18.1,157.02,20.0
808,34,16,-1.67,8.44,315.3,False,True,16.67,121.02,20.0
809,34,17,-1.08,11.41,229.1,False,True,16.08,125.62,20.0
810,34,18,-2.43,2.82,281.5,False,True,17.43,102.32,20.0
811,34,19,-3.7,17.65,313.0,False,True,18.7,153.69,20.0
812,34,20,-2.52,5.74,128.5,False,True,17.52,115.11,20.0
813,34,21,-4.45,2.67,160.7,False,True,19.45,115.86,20.0
814,34,22,-5.02,7.97,108.4,False,True,20.02,127.56,20.0
815,34,23,-3.34,11.4,31.4,False,True,18.34,141.59,20.0
816,35,0,-5.05,9.68,0.0,False,True,20.05,138.69,20.0
817,35,1,-3.69,9.59,35.5,False,True,18.69,126.85,20.0
818,35,2,-3.43,9.24,149.0,False,True,18.43,122.68,20.0
819,35,3,-5.94,7.6,179.9,False,True,20.94,134.75,20.0
820,35,4,-4.21,2.81,171.8,False,True,19.21,114.21,20.0
821,35,5,0.11,6.35,348.9,False,True,14.89,103.96,20.0
822,35,6,-4.57,5.88,271.6,False,True,19.57,125.25,20.0
823,35,7,-5.96,13.58,264.7,False,True,20.96,152.2,20.0
824,35,8,-4.97,12.02,327.7,False,True,19.97,147.12,20.0
825,35,9,-0.77,5.47,425.1,False,True,15.77,105.51,20.0
826,35,10,-0.45,10.5,483.4,False,True,15.45,118.62,20.0
827,35,11,-0.55,6.84,474.2,False,True,15.55,114.63,20.0
828,35,12,2.18,2.53,571.6,False,True,12.82,101.18,20.0
829,35,13,-5.66,1.53,579.2,False,True,20.66,111.82,20.0
830,35,14,0.28,9.87,300.3,False,True,14.72,112.04,20.0
831,35,15,2.29,3.85,525.2,False,True,12.71,89.65,20.0
832,35,16,-3.5,3.84,241.1,False,True,18.5,117.99,20.0
833,35,17,-2.49,4.77,463.7,False,True,17.49,108.89,20.0
834,35,18,-3.75,9.98,235.7,False,True,18.75,131.13,20.0
835,35,19,-4.55,12.11,204.4,False,True,19.55,142.95,20.0
836,35,20,-3.9,11.98,195.9,False,True,18.9,135.53,20.0
837,35,21,-0.8,2.34,116.9,False,True,15.8,97.28,20.0
838,35,22,-0.3,4.66,139.2,False,True,15.3,102.75,20.0
839,35,23,-4.85,4.24,37.2,False,True,19.85,112.74,20.0
840,36,0,-0.66,9.97,0.0,False,True,15.66,112.75,20.0
841,36,1,-4.33,4.7,74.0,False,True,19.33,118.83,20.0
842,36,2,-0.69,6.58,121.3,False,True,15.69,111.29,20.0
843,36,3,-4.07,10.43,175.5,False,True,19.07,135.12,20.0
844,36,4,-3.2,7.26,299.0,False,True,18.2,115.96,20.0
845,36,5,-2.25,8.42,151.0,False,True,17.25,120.13,20.0
846,36,6,3.89,6.45,251.1,False,True,11.11,94.49,20.0
847,36,7,-0.25,11.48,226.1,False,True,15.25,122.28,20.0
848,36,8,-2.88,12.06,265.4,False,True,17.88,134.25,20.0
849,36,9,0.89,9.24,293.6,False,True,14.11,106.16,20.0
850,36,10,-1.46,27.08,449.8,False,True,16.46,167.06,20.0
851,36,11,-1.51,22.5,335.1,False,True,16.51,151.24,20.0
852,36,12,1.35,10.34,479.1,False,True,13.65,105.17,20.0
853,36,13,-0.47,6.96,501.4,False,True,15.47,107.45,20.0
854,36,14,-0.18,8.52,371.6,False,True,15.18,118.77,20.0
855,36,15,-1.02,12.7,400.1,False,True,16.02,127.66,20.0
856,36,16,-0.79,5.7,249.0,False,True,15.79,113.67,20.0
857,36,17,-1.1,5.45,405.4,False,True,16.1,107.76,20.0
858,36,18,-6.34,8.44,276.4,False,True,21.34,144.06,20.0
859,36,19,-1.65,6.89,329.0,False,True,16.65,113.08,20.0
860,36,20,-5.43,4.21,214.7,False,True,20.43,122.65,20.0
861,36,21,-6.76,7.78,187.8,False,True,21.76,149.97,20.0
862,36,22,-4.31,14.02,95.5,False,True,19.31,150.47,20.0
863,36,23,-4.23,9.08,48.8,False,True,19.23,130.72,20.0
864,37,0,-6.08,3.73,0.0,False,True,21.08,123.91,20.0
865,37,1,-2.96,9.82,61.2,False,True,17.96,130.23,20.0
866,37,2,-7.11,6.16,109.3,False,True,22.11,141.02,20.0
867,37,3,-4.92,18.76,202.6,False,True,19.92,162.84,20.0
868,37,4,-4.86,9.43,129.9,False,True,19.86,129.68,20.0
869,37,5,-3.3,5.14,343.5,False,True,18.3,116.55,20.0
870,37,6,-2.13,10.2,405.4,False,True,17.13,126.09,20.0
871,37,7,-4.19,8.07,260.1,False,True,19.19,130.08,20.0
872,37,8,-0.24,13.34,239.3,False,True,15.24,129.53,20.0
873,37,9,-1.15,5.43,411.9,False,True,16.15,111.1,20.0
874,37,10,-4.74,9.42,254.1,False,True,19.74,139.31,20.0
875,37,11,-4.67,2.82,319.9,False,True,19.67,111.86,20.0
876,37,12,-0.71,7.6,422.7,False,True,15.71,116.65,20.0
877,37,13,-1.2,3.67,457.0,False,True,16.2,114.14,20.0
878,37,14,-1.16,7.93,299.4,False,True,16.16,119.03,20.0
879,37,15,-1.33,8.85,532.0,False,True,16.33,119.95,20.0
880,37,16,-1.24,9.23,264.4,False,True,16.24,120.07,20.0
881,37,17,-0.28,5.43,234.3,False,True,15.28,113.49,20.0
882,37,18,-4.91,7.72,211.0,False,True,19.91,128.06,20.0
883,37,19,-5.55,12.52,349.8,False,True,20.55,148.91,20.0
884,37,20,-5.88,16.12,278.2,False,True,20.88,164.14,20.0
885,37,21,-3.53,7.86,96.4,False,True,18.53,129.12,20.0
886,37,22,-1.93,12.69,129.8,False,True,16.93,129.65,20.0
887,37,23,-5.48,4.42,34.8,False,True,20.48,125.34,20.0
888,38,0,-9.92,5.9,0.0,False,True,24.92,145.69,20.0
889,38,1,-8.26,8.31,34.9,False,True,23.26,148.91,20.0
890,38,2,-6.32,6.92,139.4,False,True,21.32,134.83,20.0
891,38,3,-5.45,6.54,150.7,False,True,20.45,125.94,20.0
892,38,4,-4.73,27.03,220.3,False,True,19.73,188.05,20.0
893,38,5,-3.36,4.02,152.9,False,True,18.36,118.33,20.0
894,38,6,-3.54,4.26,399.0,False,True,18.54,112.31,20.0
895,38,7,-0.3,3.34,470.9,False,True,15.3,100.66,20.0
896,38,8,-3.27,8.44,281.2,False,True,18.27,129.25,20.0
897,38,9,-3.23,6.15,440.1,False,True,18.23,115.87,20.0
898,38,10,-0.23,11.45,467.9,False,True,15.23,120.62,20.0
899,38,11,-4.06,8.07,582.8,False,True,19.06,124.82,20.0
900,38,12,-0.14,5.36,414.2,False,True,15.14,110.16,20.0
901,38,13,-0.78,4.92,322.9,False,True,15.78,116.39,20.0
902,38,14,-1.48,1.54,357.1,False,True,16.48,109.63,20.0
903,38,15,1.67,6.7,434.5,False,True,13.33,100.18,20.0
904,38,16,-3.16,3.71,355.2,False,True,18.16,116.18,20.0
905,38,17,1.72,12.17,213.1,False,True,13.28,112.22,20.0
906,38,18,-3.37,5.99,375.2,False,True,18.37,120.7,20.0
907,38,19,-5.99,3.0,335.5,False,True,20.99,127.8,20.0
908,38,20,-3.78,13.39,206.1,False,True,18.78,137.54,20.0
909,38,21,-6.48,6.75,164.0,False,True,21.48,139.71,20.0
910,38,22,-6.15,9.79,107.9,False,True,21.15,143.54,20.0
911,38,23,-4.06,5.4,56.2,False,True,19.06,127.06,20.0
912,39,0,-4.04,13.62,0.0,False,True,19.04,145.58,20.0
913,39,1,-6.32,4.56,51.7,False,True,21.32,125.12,20.0
914,39,2,-2.91,6.15,103.8,False,True,17.91,119.94,20.0
915,39,3,-2.25,2.43,229.3,False,True,17.25,109.43,20.0
916,39,4,-1.28,13.45,128.8,False,True,16.28,130.08,20.0
917,39,5,-2.61,5.04,214.5,False,True,17.61,116.62,20.0
918,39,6,-0.42,8.54,296.0,False,True,15.42,112.01,20.0
919,39,7,-6.39,9.16,432.4,False,True,21.39,134.3,20.0
920,39,8,-2.78,12.36,351.6,False,True,17.78,138.46,20.0
921,39,9,-3.47,8.22,318.5,False,True,18.47,129.67,20.0
922,39,10,-1.18,6.96,418.0,False,True,16.18,114.26,20.0
923,39,11,-2.36,11.73,344.0,False,True,17.36,131.37,20.0
924,39,12,-1.48,9.09,437.4,False,True,16.48,124.35,20.0
925,39,13,2.55,6.41,484.2,False,True,12.45,94.98,20.0
926,39,14,-1.76,13.75,416.4,False,True,16.76,130.37,20.0
927,39,15,-0.91,9.45,424.5,False,True,15.91,117.71,20.0
928,39,16,-2.61,3.52,219.9,False,True,17.61,115.41,20.0
929,39,17,-2.48,15.0,378.6,False,True,17.48,134.72,20.0
930,39,18,-3.14,5.33,416.5,False,True,18.14,122.32,20.0
931,39,19,-2.77,12.33,253.8,False,True,17.77,132.17,20.0
932,39,20,-1.82,3.03,264.5,False,True,16.82,102.07,20.0
933,39,21,-1.27,11.69,167.5,False,True,16.27,130.63,20.0
934,39,22,-4.26,3.65,127.7,False,True,19.26,116.79,20.0
935,39,23,-3.9,8.1,45.9,False,True,18.9,123.24,20.0
936,40,0,-7.69,9.31,0.0,False,True,22.69,147.86,20.0
937,40,1,-5.49,6.48,41.4,False,True,20.49,134.21,20.0
938,40,2,-3.24,7.4,76.9,False,True,18.24,128.38,20.0
939,40,3,-3.07,4.11,98.1,False,True,18.07,112.26,20.0
940,40,4,-3.96,11.08,217.4,False,True,18.96,138.81,20.0
941,40,5,-2.13,23.33,281.7,False,True,17.13,162.62,20.0
942,40,6,-2.4,4.54,335.0,False,True,17.4,109.95,20.0
943,40,7,-0.47,8.49,239.6,False,True,15.47,115.63,20.0
944,40,8,-1.81,8.62,410.9,False,True,16.81,120.4,20.0
945,40,9,-2.68,7.58,276.6,False,True,17.68,119.53,20.0
946,40,10,-0.98,1.55,494.4,False,True,15.98,97.88,20.0
947,40,11,-7.31,5.99,336.2,False,True,22.31,136.71,20.0
948,40,12,-0.62,11.0,391.9,False,True,15.62,120.88,20.0
949,40,13,-8.75,9.58,369.0,False,True,23.75,152.87,20.0
950,40,14,-5.1,9.43,359.7,False,True,20.1,136.05,20.0
951,40,15,-1.07,8.29,461.5,False,True,16.07,120.86,20.0
952,40,16,-1.43,11.64,518.9,False,True,16.43,127.12,20.0
953,40,17,-5.19,5.31,341.0,False,True,20.19,129.23,20.0
954,40,18,-4.81,4.71,271.8,False,True,19.81,127.2,20.0
955,40,19,-1.16,16.87,210.5,False,True,16.16,139.96,20.0
956,40,20,-5.35,5.01,232.4,False,True,20.35,134.5,20.0
957,40,21,-0.31,3.45,154.0,False,True,15.31,98.61,20.0
958,40,22,-5.12,6.42,134.1,False,True,20.12,131.99,20.0
959,40,23,-4.5,7.73,59.8,False,True,19.5,128.74,20.0
960,41,0,-2.39,11.67,0.0,False,False,17.39,138.51,20.0
961,41,1,-5.29,6.0,42.5,False,False,20.29,134.99,20.0
962,41,2,-7.36,5.97,50.7,False,False,22.36,128.76,20.0
963,41,3,-5.26,7.36,165.3,False,False,20.26,128.32,20.0
964,41,4,-4.69,5.46,179.6,False,False,19.69,126.79,20.0
965,41,5,-6.87,3.05,164.3,False,False,21.87,128.15,20.0
966,41,6,-4.13,3.61,187.1,False,False,19.13,119.52,20.0
967,41,7,-4.59,13.24,368.1,False,False,19.59,146.31,20.0
968,41,8,-0.77,10.44,250.8,False,False,15.77,121.98,20.0
969,41,9,-2.14,7.23,503.1,False,False,17.14,121.05,20.0
970,41,10,-2.46,9.56,339.0,False,False,17.46,125.6,20.0
971,41,11,-1.9,10.6,360.4,False,False,16.9,130.06,20.0
972,41,12,-1.18,5.15,477.6,False,False,16.18,100.24,20.0
973,41,13,-0.46,4.08,316.3,False,False,15.46,106.47,20.0
974,41,14,-3.89,12.56,233.6,False,False,18.89,136.9,20.0
975,41,15,-4.29,1.82,367.5,False,False,19.29,115.83,20.0
976,41,16,-0.41,9.64,367.8,False,False,15.41,115.68,20.0
977,41,17,-3.93,8.05,311.2,False,False,18.93,124.88,20.0
978,41,18,-6.46,11.94,277.1,False,False,21.46,153.6,20.0
979,41,19,-3.25,9.82,277.8,False,False,18.25,126.64,20.0
980,41,20,-3.7,9.53,252.1,False,False,18.7,127.92,20.0
981,41,21,-8.1,4.32,125.8,False,False,23.1,127.62,20.0
982,41,22,-4.9,10.8,108.9,False,False,19.9,140.81,20.0
983,41,23,-4.08,9.05,19.2,False,False,19.08,133.94,20.0
984,42,0,-5.12,4.64,0.0,False,False,20.12,127.48,20.0
985,42,1,-4.53,8.08,4.0,False,False,19.53,130.6,20.0
986,42,2,-8.4,3.82,61.9,False,False,23.4,137.48,20.0
987,42,3,-4.62,21.71,79.2,False,False,19.62,171.75,20.0
988,42,4,-5.47,20.29,122.5,False,False,20.47,172.43,20.0
989,42,5,-5.35,4.19,188.8,False,False,20.35,125.2,20.0
990,42,6,-2.12,3.03,223.1,False,False,17.12,111.8,20.0
991,42,7,-0.39,3.64,287.3,False,False,15.39,101.29,20.0
992,42,8,0.72,6.66,341.2,False,False,14.28,103.99,20.0
993,42,9,0.18,10.18,291.1,False,False,14.82,114.41,20.0
994,42,10,-2.35,7.47,444.4,False,False,17.35,120.29,20.0
995,42,11,-1.23,3.3,371.5,False,False,16.23,101.37,20.0
996,42,12,-0.33,10.11,261.6,False,False,15.33,121.42,20.0
997,42,13,-1.69,2.25,324.4,False,False,16.69,102.44,20.0
998,42,14,-1.87,3.52,424.0,False,False,16.87,109.74,20.0
999,42,15,-0.8,5.33,417.6,False,False,15.8,104.89,20.0
1000,42,16,-2.98,12.34,445.2,False,False,17.98,137.25,20.0
1001,42,17,-4.8,7.63,249.2,False,False,19.8,132.59,20.0
1002,42,18,-4.69,7.78,291.6,False,False,19.69,129.3,20.0
1003,42,19,-3.11,3.33,224.7,False,False,18.11,120.08,20.0
1004,42,20,-4.86,5.62,230.4,False,False,19.86,126.78,20.0
1005,42,21,-4.6,11.45,145.8,False,False,19.6,148.49,20.0
1006,42,22,-4.26,8.75,43.6,False,False,19.26,135.75,20.0
1007,42,23,-6.55,10.3,6.2,False,False,21.55,144.61,20.0
1008,43,0,-4.6,7.2,0.0,False,False,19.6,127.36,20.0
1009,43,1,-5.28,11.51,0.0,False,False,20.28,146.65,20.0
1010,43,2,-8.31,3.32,38.5,False,False,23.31,131.45,20.0
1011,43,3,-2.64,6.57,104.4,False,False,17.64,119.03,20.0
1012,43,4,-6.11,9.42,172.3,False,False,21.11,141.24,20.0
1013,43,5,-7.94,2.7,137.4,False,False,22.94,120.46,20.0
1014,43,6,-6.2,1.28,319.0,False,False,21.2,116.01,20.0
1015,43,7,-5.63,16.88,207.1,False,False,20.63,154.38,20.0
1016,43,8,-3.0,7.68,249.6,False,False,18.0,124.82,20.0
1017,43,9,-3.24,2.53,312.0,False,False,18.24,107.39,20.0
1018,43,10,-3.05,7.58,561.1,False,False,18.05,120.42,20.0
1019,43,11,-0.94,3.55,584.1,False,False,15.94,103.62,20.0
1020,43,12,-1.43,4.32,416.2,False,False,16.43,109.31,20.0
1021,43,13,-1.55,12.55,427.4,False,False,16.55,123.39,20.0
1022,43,14,-1.56,5.4,302.9,False,False,16.56,104.41,20.0
1023,43,15,-1.46,5.38,353.7,False,False,16.46,106.69,20.0
1024,43,16,-7.32,3.48,496.1,False,False,22.32,119.91,20.0
1025,43,17,-4.32,6.04,391.3,False,False,19.32,120.46,20.0
1026,43,18,-8.47,7.94,314.8,False,False,23.47,154.42,20.0
1027,43,19,-4.55,5.4,177.8,False,False,19.55,119.17,20.0
1028,43,20,-5.12,19.1,202.4,False,False,20.12,169.63,20.0
1029,43,21,-3.43,3.99,150.2,False,False,18.43,109.52,20.0
1030,43,22,-3.47,3.98,66.9,False,False,18.47,116.33,20.0
1031,43,23,-5.64,5.91,0.0,False,False,20.64,128.07,20.0
1032,44,0,-7.36,17.95,0.0,False,False,22.36,176.52,20.0
1033,44,1,-5.32,10.38,0.0,False,False,20.32,143.94,20.0
1034,44,2,-7.15,5.3,34.1,False,False,22.15,140.51,20.0
1035,44,3,-5.77,5.31,57.3,False,False,20.77,128.79,20.0
1036,44,4,-3.39,3.9,99.1,False,False,18.39,115.1,20.0
1037,44,5,-5.99,5.82,224.9,False,False,20.99,126.6,20.0
1038,44,6,-2.75,6.48,338.0,False,False,17.75,121.39,20.0
1039,44,7,-2.48,10.14,425.1,False,False,17.48,126.54,20.0
1040,44,8,-5.27,9.08,479.7,False,False,20.27,140.8,20.0
1041,44,9,-1.0,5.71,404.1,False,False,16.0,109.73,20.0
1042,44,10,-1.23,14.62,567.1,False,False,16.23,139.49,20.0
1043,44,11,-2.22,4.91,290.6,False,False,17.22,104.85,20.0
1044,44,12,-3.88,3.0,274.1,False,False,18.88,112.73,20.0
1045,44,13,-4.14,8.14,248.1,False,False,19.14,133.14,20.0
1046,44,14,-3.7,12.09,495.8,False,False,18.7,137.35,20.0
1047,44,15,-1.86,7.05,513.8,False,False,16.86,113.61,20.0
1048,44,16,-5.27,3.4,448.5,False,False,20.27,119.14,20.0
1049,44,17,-2.96,7.8,424.6,False,False,17.96,117.97,20.0
1050,44,18,-6.84,8.31,273.4,False,False,21.84,142.59,20.0
1051,44,19,-5.28,8.76,258.5,False,False,20.28,146.31,20.0
1052,44,20,-5.14,7.88,132.9,False,False,20.14,137.83,20.0
1053,44,21,-0.88,12.9,116.4,False,False,15.88,122.11,20.0
1054,44,22,-8.84,3.85,40.0,False,False,23.84,131.56,20.0
1055,44,23,-3.35,0.91,0.0,False,False,18.35,104.61,20.0
1056,45,0,-6.31,2.25,0.0,False,False,21.31,124.4,20.0
1057,45,1,-5.72,3.37,0.0,False,False,20.72,118.49,20.0
1058,45,2,-6.1,11.04,26.5,False,False,21.1,144.7,20.0
1059,45,3,-5.13,6.04,89.6,False,False,20.13,131.19,20.0
1060,45,4,-5.92,15.21,133.1,False,False,20.92,163.13,20.0
1061,45,5,-2.22,3.69,280.8,False,False,17.22,108.14,20.0
1062,45,6,-5.52,15.05,227.1,False,False,20.52,152.52,20.0
1063,45,7,-1.83,4.35,259.2,False,False,16.83,103.64,20.0
1064,45,8,-4.9,6.47,424.3,False,False,19.9,125.2,20.0
1065,45,9,-3.32,2.54,330.2,False,False,18.32,101.68,20.0
1066,45,10,-5.02,14.04,382.2,False,False,20.02,154.23,20.0
1067,45,11,-1.77,6.94,494.3,False,False,16.77,113.6,20.0
1068,45,12,0.28,19.53,394.8,False,False,14.72,137.15,20.0
1069,45,13,-2.83,12.37,351.9,False,False,17.83,142.61,20.0
1070,45,14,-3.27,6.38,234.2,False,False,18.27,125.64,20.0
1071,45,15,-5.42,4.75,493.4,False,False,20.42,120.29,20.0
1072,45,16,-4.07,11.29,352.3,False,False,19.07,141.8,20.0
1073,45,17,-7.28,7.33,395.5,False,False,22.28,145.42,20.0
1074,45,18,-6.43,4.61,282.3,False,False,21.43,125.41,20.0
1075,45,19,-4.67,7.62,150.9,False,False,19.67,126.61,20.0
1076,45,20,-2.97,2.02,127.9,False,False,17.97,107.51,20.0
1077,45,21,-0.4,8.85,77.4,False,False,15.4,108.32,20.0
1078,45,22,-7.51,9.73,24.0,False,False,22.51,155.77,20.0
1079,45,23,-3.67,3.61,0.0,False,False,18.67,105.23,20.0
1080,46,0,-6.38,13.07,0.0,False,False,21.38,150.9,20.0
1081,46,1,-7.1,11.69,0.0,False,False,22.1,153.39,20.0
1082,46,2,-5.73,8.44,6.2,False,False,20.73,136.67,20.0
1083,46,3,-6.15,4.17,96.3,False,False,21.15,126.57,20.0
1084,46,4,-5.64,10.03,130.2,False,False,20.64,143.19,20.0
1085,46,5,-6.2,5.86,222.5,False,False,21.2,130.62,20.0
1086,46,6,-7.66,7.98,190.1,False,False,22.66,149.18,20.0
1087,46,7,-7.43,10.52,231.2,False,False,22.43,143.61,20.0
1088,46,8,-2.56,3.03,410.4,False,False,17.56,109.17,20.0
1089,46,9,-4.0,2.47,327.1,False,False,19.0,109.98,20.0
1090,46,10,-4.32,5.55,528.8,False,False,19.32,123.44,20.0
1091,46,11,-2.91,17.85,473.5,False,False,17.91,151.15,20.0
1092,46,12,-1.27,19.95,479.6,False,False,16.27,142.1,20.0
1093,46,13,-2.57,8.75,372.4,False,False,17.57,121.72,20.0
1094,46,14,-4.44,11.85,537.9,False,False,19.44,144.93,20.0
1095,46,15,-1.0,7.1,518.3,False,False,16.0,114.64,20.0
1096,46,16,-0.7,7.62,270.7,False,False,15.7,110.46,20.0
1097,46,17,-3.36,6.47,303.4,False,False,18.36,129.73,20.0
1098,46,18,-2.92,12.58,338.0,False,False,17.92,145.4,20.0
1099,46,19,-2.9,15.3,128.7,False,False,17.9,137.51,20.0
1100,46,20,-3.6,7.53,112.1,False,False,18.6,126.74,20.0
1101,46,21,-5.05,7.6,100.8,False,False,20.05,142.05,20.0
1102,46,22,-5.4,6.65,7.6,False,False,20.4,133.76,20.0
1103,46,23,-5.76,15.49,0.0,False,False,20.76,160.55,20.0
1104,47,0,-9.32,11.1,0.0,False,False,24.32,162.48,20.0
1105,47,1,-5.65,4.11,0.0,False,False,20.65,121.65,20.0
1106,47,2,-9.56,17.57,0.0,False,False,24.56,187.47,20.0
1107,47,3,-8.12,1.51,59.9,False,False,23.12,122.02,20.0
1108,47,4,-3.51,14.71,172.2,False,False,18.51,148.05,20.0
1109,47,5,-3.96,12.07,219.6,False,False,18.96,138.41,20.0
1110,47,6,-2.15,7.54,338.5,False,False,17.15,117.51,20.0
1111,47,7,-5.15,7.44,252.4,False,False,20.15,127.16,20.0
1112,47,8,-6.43,6.83,482.3,False,False,21.43,135.33,20.0
1113,47,9,-4.19,4.23,440.2,False,False,19.19,115.01,20.0
1114,47,10,-3.18,16.87,273.0,False,False,18.18,148.46,20.0
1115,47,11,-3.03,7.32,383.8,False,False,18.03,126.66,20.0
1116,47,12,-0.85,4.18,329.5,False,False,15.85,107.12,20.0
1117,47,13,-3.91,16.35,320.7,False,False,18.91,153.91,20.0
1118,47,14,-2.68,9.26,546.2,False,False,17.68,127.56,20.0
1119,47,15,-5.68,9.55,521.0,False,False,20.68,141.04,20.0
1120,47,16,-3.22,18.22,197.7,False,False,18.22,152.59,20.0
1121,47,17,-4.6,10.23,203.9,False,False,19.6,136.56,20.0
1122,47,18,-6.62,5.17,198.3,False,False,21.62,133.99,20.0
1123,47,19,-6.11,10.22,244.3,False,False,21.11,140.58,20.0
1124,47,20,-6.49,4.45,138.8,False,False,21.49,133.48,20.0
1125,47,21,-7.08,5.72,65.7,False,False,22.08,134.74,20.0
1126,47,22,-3.31,8.6,0.0,False,False,18.31,124.22,20.0
1127,47,23,-7.25,11.76,0.0,False,False,22.25,153.49,20.0
1128,48,0,-7.87,5.34,0.0,False,False,22.87,133.79,20.0
1129,48,1,-11.51,6.72,0.0,False,False,26.51,157.19,20.0
1130,48,2,-8.9,6.68,0.0,False,False,23.9,142.56,20.0
1131,48,3,-7.32,12.8,73.1,False,False,22.32,163.85,20.0
1132,48,4,-7.75,7.44,139.4,False,False,22.75,140.06,20.0
1133,48,5,-3.14,17.45,242.0,False,False,18.14,141.44,20.0
1134,48,6,-5.71,5.72,320.7,False,False,20.71,126.12,20.0
1135,48,7,-2.29,5.47,221.4,False,False,17.29,106.48,20.0
1136,48,8,-4.26,14.58,389.6,False,False,19.26,148.59,20.0
1137,48,9,-3.89,9.79,487.7,False,False,18.89,137.42,20.0
1138,48,10,-3.83,22.6,262.3,False,False,18.83,171.68,20.0
1139,48,11,-3.44,14.3,468.4,False,False,18.44,138.21,20.0
1140,48,12,0.06,3.53,337.9,False,False,14.94,97.67,20.0
1141,48,13,-8.09,7.34,528.9,False,False,23.09,151.42,20.0
1142,48,14,-7.65,8.6,303.9,False,False,22.65,147.97,20.0
1143,48,15,-5.05,23.28,331.7,False,False,20.05,179.19,20.0
1144,48,16,-4.35,6.78,387.1,False,False,19.35,130.82,20.0
1145,48,17,-3.48,8.2,305.5,False,False,18.48,136.68,20.0
1146,48,18,-4.44,8.42,161.4,False,False,19.44,136.95,20.0
1147,48,19,-6.67,5.38,138.5,False,False,21.67,132.39,20.0
1148,48,20,-4.34,12.54,157.2,False,False,19.34,144.69,20.0
1149,48,21,-4.74,16.45,73.9,False,False,19.74,159.34,20.0
1150,48,22,-6.75,10.66,0.0,False,False,21.75,146.93,20.0
1151,48,23,-5.39,9.11,0.0,False,False,20.39,133.88,20.0
1152,49,0,-7.1,7.1,0.0,False,False,22.1,139.47,20.0
1153,49,1,-8.7,8.56,0.0,False,False,23.7,147.48,20.0
1154,49,2,-5.98,9.01,0.0,False,False,20.98,140.24,20.0
1155,49,3,-6.84,4.24,32.4,False,False,21.84,129.16,20.0
1156,49,4,-6.64,12.22,78.2,False,False,21.64,163.28,20.0
1157,49,5,-3.22,5.93,112.0,False,False,18.22,116.11,20.0
1158,49,6,-10.55,14.97,261.9,False,False,25.55,183.65,20.0
1159,49,7,-7.96,0.73,247.4,False,False,22.96,120.33,20.0
1160,49,8,-7.02,8.06,338.6,False,False,22.02,143.84,20.0
1161,49,9,-4.96,12.33,378.6,False,False,19.96,149.97,20.0
1162,49,10,-4.42,10.58,434.4,False,False,19.42,136.0,20.0
1163,49,11,-6.73,3.56,448.0,False,False,21.73,122.85,20.0
1164,49,12,-5.61,14.3,426.9,False,False,20.61,148.6,20.0
1165,49,13,-5.43,4.88,291.9,False,False,20.43,121.63,20.0
1166,49,14,1.0,5.72,236.5,False,False,14.0,103.96,20.0
1167,49,15,-0.63,6.0,394.8,False,False,15.63,109.27,20.0
1168,49,16,-5.47,2.81,311.6,False,False,20.47,115.07,20.0
1169,49,17,-5.85,8.25,265.4,False,False,20.85,136.03,20.0
1170,49,18,-7.94,12.72,219.9,False,False,22.94,162.3,20.0
1171,49,19,-9.98,14.78,116.4,False,False,24.98,182.33,20.0
1172,49,20,-6.88,6.78,79.5,False,False,21.88,134.89,20.0
1173,49,21,-9.05,7.4,48.1,False,False,24.05,147.65,20.0
1174,49,22,-7.55,10.95,0.0,False,False,22.55,146.92,20.0
1175,49,23,-10.78,6.88,0.0,False,False,25.78,149.5,20.0
1176,50,0,-9.43,13.3,0.0,False,False,24.43,178.38,20.0
1177,50,1,-7.55,7.21,0.0,False,False,22.55,132.8,20.0
1178,50,2,-6.91,4.51,0.0,False,False,21.91,128.58,20.0
1179,50,3,-6.49,8.36,35.7,False,False,21.49,141.59,20.0
1180,50,4,-9.55,3.14,98.2,False,False,24.55,133.63,20.0
1181,50,5,-4.72,8.31,162.6,False,False,19.72,129.45,20.0
1182,50,6,-7.51,9.12,283.1,False,False,22.51,147.58,20.0
1183,50,7,-4.13,4.9,188.9,False,False,19.13,120.26,20.0
1184,50,8,-4.93,8.94,210.3,False,False,19.93,135.17,20.0
1185,50,9,-7.25,6.44,242.8,False,False,22.25,130.18,20.0
1186,50,10,-4.81,4.78,565.7,False,False,19.81,122.01,20.0
1187,50,11,-3.25,2.88,565.9,False,False,18.25,107.86,20.0
1188,50,12,-2.68,18.35,492.2,False,False,17.68,148.05,20.0
1189,50,13,-4.26,15.74,395.6,False,False,19.26,153.01,20.0
1190,50,14,-1.12,6.3,255.9,False,False,16.12,114.38,20.0
1191,50,15,-2.48,9.01,470.5,False,False,17.48,128.15,20.0
1192,50,16,-5.42,21.75,242.8,False,False,20.42,174.98,20.0
1193,50,17,-3.89,15.93,228.4,False,False,18.89,154.28,20.0
1194,50,18,-2.04,4.8,295.2,False,False,17.04,116.49,20.0
1195,50,19,-2.51,7.74,132.4,False,False,17.51,125.91,20.0
1196,50,20,-9.37,5.7,131.1,False,False,24.37,149.38,20.0
1197,50,21,-9.18,12.26,40.5,False,False,24.18,166.26,20.0
1198,50,22,-4.67,8.96,0.0,False,False,19.67,133.68,20.0
1199,50,23,-9.96,7.59,0.0,False,False,24.96,156.59,20.0
1200,51,0,-10.82,3.62,0.0,False,False,25.82,136.18,20.0
1201,51,1,-9.08,19.48,0.0,False,False,24.08,193.26,20.0
1202,51,2,-7.07,6.85,0.0,False,False,22.07,136.18,20.0
1203,51,3,-7.8,4.36,27.7,False,False,22.8,131.4,20.0
1204,51,4,-8.48,2.89,121.7,False,False,23.48,123.35,20.0
1205,51,5,-8.05,3.29,226.6,False,False,23.05,126.57,20.0
1206,51,6,-7.6,7.55,259.4,False,False,22.6,142.83,20.0
1207,51,7,-7.42,12.36,382.2,False,False,22.42,161.86,20.0
1208,51,8,-0.62,8.66,264.0,False,False,15.62,119.23,20.0
1209,51,9,-4.17,2.99,516.6,False,False,19.17,114.62,20.0
1210,51,10,-2.67,7.54,535.8,False,False,17.67,120.77,20.0
1211,51,11,-5.23,14.23,251.2,False,False,20.23,149.59,20.0
1212,51,12,-4.55,6.19,452.6,False,False,19.55,127.32,20.0
1213,51,13,-5.67,8.67,415.1,False,False,20.67,137.04,20.0
1214,51,14,-9.75,6.33,503.6,False,False,24.75,150.12,20.0
1215,51,15,-7.52,9.66,249.8,False,False,22.52,156.7,20.0
1216,51,16,-8.8,4.76,336.0,False,False,23.8,138.02,20.0
1217,51,17,-10.16,0.78,279.9,False,False,25.16,122.47,20.0
1218,51,18,-8.57,3.75,203.1,False,False,23.57,130.24,20.0
1219,51,19,-4.05,5.77,227.8,False,False,19.05,116.62,20.0
1220,51,20,-7.27,7.15,96.0,False,False,22.27,135.36,20.0
1221,51,21,-5.01,5.9,21.2,False,False,20.01,131.96,20.0
1222,51,22,-7.09,5.83,0.0,False,False,22.09,135.91,20.0
1223,51,23,-6.55,12.41,0.0,False,False,21.55,147.99,20.0
1224,52,0,-10.25,4.11,0.0,False,False,25.25,143.98,20.0
1225,52,1,-7.33,7.57,0.0,False,False,22.33,146.85,20.0
1226,52,2,-6.73,3.11,0.0,False,False,21.73,123.23,20.0
1227,52,3,-9.02,10.67,17.6,False,False,24.02,157.6,20.0
1228,52,4,-6.33,8.54,92.2,False,False,21.33,139.23,20.0
1229,52,5,-5.84,19.29,129.6,False,False,20.84,173.13,20.0
1230,52,6,-7.55,4.01,211.7,False,False,22.55,133.28,20.0
1231,52,7,-8.18,16.32,292.4,False,False,23.18,180.65,20.0
1232,52,8,-7.82,4.33,336.7,False,False,22.82,137.7,20.0
1233,52,9,-4.86,6.16,289.4,False,False,19.86,131.64,20.0
1234,52,10,-4.06,3.43,270.4,False,False,19.06,121.25,20.0
1235,52,11,-6.1,19.16,558.5,False,False,21.1,175.81,20.0
1236,52,12,-4.4,9.21,470.7,False,False,19.4,127.76,20.0
1237,52,13,-3.38,9.27,288.0,False,False,18.38,128.85,20.0
1238,52,14,-3.48,4.56,561.8,False,False,18.48,118.03,20.0
1239,52,15,-1.93,1.62,338.1,False,False,16.93,101.76,20.0
1240,52,16,-2.9,6.03,390.5,False,False,17.9,122.12,20.0
1241,52,17,-7.94,5.42,199.2,False,False,22.94,135.62,20.0
1242,52,18,-3.08,2.33,298.3,False,False,18.08,105.47,20.0
1243,52,19,-8.03,6.24,98.0,False,False,23.03,146.03,20.0
1244,52,20,-5.36,7.58,117.5,False,False,20.36,135.97,20.0
1245,52,21,-7.73,9.54,15.8,False,False,22.73,151.14,20.0
1246,52,22,-9.01,1.79,0.0,False,False,24.01,131.99,20.0
1247,52,23,-12.0,3.55,0.0,False,False,27.0,150.03,20.0
1248,53,0,-9.07,4.65,0.0,False,False,24.07,140.18,20.0
1249,53,1,-11.78,12.69,0.0,False,False,26.78,171.84,20.0
1250,53,2,-6.52,12.57,0.0,False,False,21.52,151.74,20.0
1251,53,3,-5.11,8.96,4.2,False,False,20.11,134.55,20.0
1252,53,4,-9.32,6.18,48.6,False,False,24.32,141.43,20.0
1253,53,5,-6.64,13.09,151.5,False,False,21.64,157.53,20.0
1254,53,6,-8.18,8.4,225.6,False,False,23.18,153.15,20.0
1255,53,7,-7.46,12.72,159.3,False,False,22.46,157.79,20.0
1256,53,8,-4.18,9.17,288.8,False,False,19.18,128.22,20.0
1257,53,9,-5.39,2.55,217.1,False,False,20.39,126.16,20.0
1258,53,10,-1.51,1.6,553.0,False,False,16.51,99.99,20.0
1259,53,11,-5.76,5.85,312.7,False,False,20.76,124.72,20.0
1260,53,12,-2.73,11.33,488.3,False,False,17.73,132.82,20.0
1261,53,13,-4.6,5.38,475.3,False,False,19.6,125.24,20.0
1262,53,14,-3.4,14.37,487.1,False,False,18.4,140.72,20.0
1263,53,15,-6.2,10.81,312.9,False,False,21.2,150.38,20.0
1264,53,16,-5.82,13.73,235.5,False,False,20.82,152.55,20.0
1265,53,17,-6.44,5.94,278.6,False,False,21.44,129.02,20.0
1266,53,18,-8.4,4.19,247.4,False,False,23.4,135.3,20.0
1267,53,19,-5.92,3.83,178.3,False,False,20.92,127.05,20.0
1268,53,20,-6.42,9.62,46.7,False,False,21.42,141.92,20.0
1269,53,21,-6.95,2.7,4.5,False,False,21.95,125.45,20.0
1270,53,22,-5.38,2.81,0.0,False,False,20.38,118.43,20.0
1271,53,23,-5.76,5.2,0.0,False,False,20.76,138.92,20.0
1272,54,0,-9.75,8.23,0.0,False,False,24.75,151.92,20.0
1273,54,1,-8.19,4.7,0.0,False,False,23.19,141.09,20.0
1274,54,2,-9.98,12.58,0.0,False,False,24.98,171.86,20.0
1275,54,3,-8.37,13.83,0.0,False,False,23.37,167.76,20.0
1276,54,4,-9.2,1.16,51.7,False,False,24.2,129.54,20.0
1277,54,5,-4.28,9.26,85.7,False,False,19.28,137.05,20.0
1278,54,6,-6.27,5.39,255.3,False,False,21.27,135.33,20.0
1279,54,7,-6.92,11.59,345.7,False,False,21.92,154.57,20.0
1280,54,8,-3.61,9.43,207.7,False,False,18.61,128.47,20.0
1281,54,9,-9.93,8.03,287.3,False,False,24.93,152.65,20.0
1282,54,10,-9.3,21.85,442.3,False,False,24.3,204.44,20.0
1283,54,11,-3.48,2.82,384.8,False,False,18.48,114.28,20.0
1284,54,12,-4.88,20.71,363.3,False,False,19.88,175.97,20.0
1285,54,13,-4.57,3.53,386.7,False,False,19.57,119.66,20.0
1286,54,14,-7.92,16.41,396.0,False,False,22.92,179.0,20.0
1287,54,15,-5.63,10.36,264.7,False,False,20.63,149.14,20.0
1288,54,16,-1.99,5.55,289.3,False,False,16.99,114.17,20.0
1289,54,17,-4.84,5.09,168.8,False,False,19.84,117.69,20.0
1290,54,18,-6.66,2.74,119.1,False,False,21.66,118.5,20.0
1291,54,19,-8.4,7.48,196.1,False,False,23.4,140.38,20.0
1292,54,20,-8.79,2.67,41.9,False,False,23.79,137.02,20.0
1293,54,21,-12.67,12.95,0.0,False,False,27.67,183.9,20.0
1294,54,22,-8.22,8.45,0.0,False,False,23.22,153.66,20.0
1295,54,23,-7.24,7.22,0.0,False,False,22.24,142.6,20.0
1296,55,0,-12.43,7.72,0.0,False,False,27.43,171.4,20.0
1297,55,1,-10.53,8.63,0.0,False,False,25.53,163.76,20.0
1298,55,2,-11.33,6.1,0.0,False,False,26.33,152.94,20.0
1299,55,3,-10.62,6.55,0.0,False,False,25.62,151.36,20.0
1300,55,4,-8.17,17.31,73.1,False,False,23.17,179.65,20.0
1301,55,5,-11.97,12.3,88.4,False,False,26.97,181.76,20.0
1302,55,6,-6.05,10.14,182.1,False,False,21.05,142.25,20.0
1303,55,7,-5.25,5.55,212.8,False,False,20.25,126.53,20.0
1304,55,8,-6.78,2.08,359.3,False,False,21.78,127.93,20.0
1305,55,9,-10.83,9.54,312.7,False,False,25.83,157.81,20.0
1306,55,10,-7.54,7.71,396.5,False,False,22.54,144.23,20.0
1307,55,11,-2.88,6.47,458.1,False,False,17.88,115.94,20.0
1308,55,12,-10.84,7.04,551.7,False,False,25.84,155.72,20.0
1309,55,13,-6.04,3.65,562.4,False,False,21.04,127.21,20.0
1310,55,14,-7.91,4.31,458.7,False,False,22.91,132.89,20.0
1311,55,15,-4.26,12.31,254.8,False,False,19.26,145.29,20.0
1312,55,16,-7.63,1.72,423.0,False,False,22.63,116.9,20.0
1313,55,17,-5.95,11.42,196.6,False,False,20.95,152.36,20.0
1314,55,18,-6.15,14.69,124.0,False,False,21.15,156.87,20.0
1315,55,19,-4.13,9.44,125.1,False,False,19.13,135.79,20.0
1316,55,20,-8.69,9.2,68.7,False,False,23.69,154.23,20.0
1317,55,21,-7.94,4.28,0.0,False,False,22.94,122.79,20.0
1318,55,22,-11.98,4.66,0.0,False,False,26.98,147.17,20.0
1319,55,23,-6.83,5.81,0.0,False,False,21.83,134.76,20.0
1320,56,0,-11.08,3.2,0.0,False,False,26.08,147.19,20.0
1321,56,1,-10.61,4.47,0.0,False,False,25.61,145.27,20.0
1322,56,2,-9.34,7.7,0.0,False,False,24.34,152.03,20.0
1323,56,3,-12.1,5.61,0.0,False,False,27.1,148.87,20.0
1324,56,4,-8.1,8.06,65.9,False,False,23.1,152.57,20.0
1325,56,5,-6.14,12.29,116.4,False,False,21.14,158.85,20.0
1326,56,6,-6.98,8.02,185.5,False,False,21.98,141.89,20.0
1327,56,7,-10.22,9.25,276.3,False,False,25.22,159.82,20.0
1328,56,8,-6.81,2.64,369.4,False,False,21.81,116.95,20.0
1329,56,9,-4.66,12.18,444.8,False,False,19.66,147.36,20.0
1330,56,10,-9.58,2.59,238.2,False,False,24.58,144.01,20.0
1331,56,11,-7.78,5.39,537.5,False,False,22.78,139.18,20.0
1332,56,12,-3.81,3.76,402.5,False,False,18.81,120.86,20.0
1333,56,13,-5.09,2.09,556.8,False,False,20.09,117.75,20.0
1334,56,14,-5.0,7.8,405.0,False,False,20.0,128.46,20.0
1335,56,15,-2.43,9.67,352.0,False,False,17.43,131.4,20.0
1336,56,16,-5.62,14.89,232.3,False,False,20.62,152.1,20.0
1337,56,17,-5.73,8.4,252.3,False,False,20.73,136.61,20.0
1338,56,18,-2.14,4.45,194.1,False,False,17.14,112.4,20.0
1339,56,19,-8.51,5.54,167.4,False,False,23.51,143.3,20.0
1340,56,20,-10.16,2.3,67.6,False,False,25.16,135.86,20.0
1341,56,21,-8.12,5.87,0.0,False,False,23.12,140.89,20.0
1342,56,22,-8.42,7.17,0.0,False,False,23.42,142.09,20.0
1343,56,23,-10.55,9.45,0.0,False,False,25.55,157.82,20.0
1344,57,0,-11.91,25.78,0.0,False,False,26.91,235.42,20.0
1345,57,1,-5.16,24.29,0.0,False,False,20.16,180.12,20.0
1346,57,2,-8.92,4.18,0.0,False,False,23.92,131.31,20.0
1347,57,3,-10.72,3.5,0.0,False,False,25.72,135.74,20.0
1348,57,4,-7.01,10.39,45.3,False,False,22.01,147.77,20.0
1349,57,5,-8.58,2.04,114.5,False,False,23.58,120.26,20.0
1350,57,6,-8.35,18.52,175.1,False,False,23.35,179.2,20.0
1351,57,7,-6.2,4.69,164.1,False,False,21.2,121.21,20.0
1352,57,8,-9.43,13.04,232.5,False,False,24.43,171.69,20.0
1353,57,9,-5.72,5.19,293.9,False,False,20.72,129.07,20.0
1354,57,10,-2.29,9.78,409.2,False,False,17.29,133.72,20.0
1355,57,11,-4.98,3.57,418.8,False,False,19.98,113.65,20.0
1356,57,12,-6.6,7.4,435.4,False,False,21.6,135.38,20.0
1357,57,13,-6.93,2.4,263.0,False,False,21.93,126.72,20.0
1358,57,14,-6.93,8.63,227.3,False,False,21.93,142.7,20.0
1359,57,15,-6.94,3.54,346.5,False,False,21.94,125.55,20.0
1360,57,16,-7.6,3.88,229.7,False,False,22.6,137.31,20.0
1361,57,17,-5.49,5.7,340.4,False,False,20.49,126.73,20.0
1362,57,18,-11.31,6.36,178.3,False,False,26.31,149.67,20.0
1363,57,19,-6.64,9.46,102.9,False,False,21.64,139.69,20.0
1364,57,20,-9.6,8.98,43.8,False,False,24.6,158.2,20.0
1365,57,21,-8.5,7.81,0.0,False,False,23.5,148.95,20.0
1366,57,22,-11.83,11.41,0.0,False,False,26.83,171.29,20.0
1367,57,23,-7.12,8.84,0.0,False,False,22.12,141.17,20.0
1368,58,0,-7.64,9.18,0.0,False,False,22.64,150.76,20.0
1369,58,1,-8.14,3.86,0.0,False,False,23.14,134.76,20.0
1370,58,2,-12.89,11.86,0.0,False,False,27.89,181.29,20.0
1371,58,3,-7.89,11.11,0.0,False,False,22.89,158.88,20.0
1372,58,4,-8.32,8.01,38.9,False,False,23.32,149.93,20.0
1373,58,5,-11.86,10.91,139.0,False,False,26.86,167.78,20.0
1374,58,6,-8.18,7.09,187.9,False,False,23.18,142.58,20.0
1375,58,7,-6.88,15.27,176.5,False,False,21.88,166.79,20.0
1376,58,8,-6.02,7.63,360.4,False,False,21.02,134.03,20.0
1377,58,9,-6.36,6.97,349.6,False,False,21.36,127.13,20.0
1378,58,10,-5.82,8.88,421.0,False,False,20.82,138.22,20.0
1379,58,11,-3.25,16.89,392.8,False,False,18.25,152.64,20.0
1380,58,12,-3.68,5.28,389.9,False,False,18.68,125.89,20.0
1381,58,13,-11.93,8.58,484.0,False,False,26.93,157.07,20.0
1382,58,14,-7.03,5.5,399.2,False,False,22.03,144.12,20.0
1383,58,15,-7.04,6.96,468.3,False,False,22.04,134.03,20.0
1384,58,16,-10.63,4.44,373.0,False,False,25.63,147.91,20.0
1385,58,17,-7.42,9.05,245.4,False,False,22.42,152.12,20.0
1386,58,18,-5.63,7.3,138.7,False,False,20.63,137.54,20.0
1387,58,19,-10.82,10.79,64.8,False,False,25.82,170.01,20.0
1388,58,20,-8.46,12.32,25.0,False,False,23.46,158.78,20.0
1389,58,21,-11.38,13.28,0.0,False,False,26.38,184.47,20.0
1390,58,22,-11.21,5.62,0.0,False,False,26.21,148.11,20.0
1391,58,23,-7.11,8.89,0.0,False,False,22.11,135.14,20.0
1392,59,0,-11.5,13.72,0.0,False,False,26.5,195.65,20.0
1393,59,1,-9.42,4.42,0.0,False,False,24.42,142.17,20.0
1394,59,2,-13.89,7.71,0.0,False,False,28.89,178.13,20.0
1395,59,3,-6.11,4.59,0.0,False,False,21.11,123.44,20.0
1396,59,4,-8.21,16.78,21.3,False,False,23.21,183.56,20.0
1397,59,5,-9.3,13.64,138.6,False,False,24.3,178.84,20.0
1398,59,6,-7.27,9.68,231.4,False,False,22.27,154.82,20.0
1399,59,7,-10.72,9.6,328.1,False,False,25.72,164.26,20.0
1400,59,8,-5.05,4.84,349.5,False,False,20.05,118.91,20.0
1401,59,9,-7.65,14.46,447.4,False,False,22.65,165.9,20.0
1402,59,10,-7.09,6.2,353.2,False,False,22.09,127.42,20.0
1403,59,11,-7.47,5.12,480.8,False,False,22.47,127.35,20.0
1404,59,12,-7.58,12.67,320.6,False,False,22.58,160.54,20.0
1405,59,13,-5.1,5.88,308.1,False,False,20.1,123.08,20.0
1406,59,14,-6.17,5.24,538.8,False,False,21.17,128.73,20.0
1407,59,15,-5.7,11.11,369.1,False,False,20.7,145.3,20.0
1408,59,16,-7.43,3.68,193.4,False,False,22.43,136.88,20.0
1409,59,17,-6.87,9.74,182.2,False,False,21.87,152.13,20.0
1410,59,18,-9.25,7.76,171.8,False,False,24.25,150.65,20.0
1411,59,19,-4.48,10.64,133.6,False,False,19.48,143.26,20.0
1412,59,20,-12.55,9.2,33.1,False,False,27.55,168.06,20.0
1413,59,21,-7.31,22.11,0.0,False,False,22.31,189.04,20.0
1414,59,22,-7.41,8.14,0.0,False,False,22.41,147.72,20.0
1415,59,23,-12.05,5.87,0.0,False,False,27.05,150.41,20.0
1416,60,0,-6.25,7.32,0.0,False,False,21.25,135.22,20.0
1417,60,1,-8.65,9.14,0.0,False,False,23.65,147.82,20.0
1418,60,2,-8.5,16.3,0.0,False,False,23.5,178.13,20.0
1419,60,3,-10.06,10.06,0.0,False,False,25.06,169.54,20.0
1420,60,4,-10.14,4.7,10.3,False,False,25.14,140.16,20.0
1421,60,5,-9.64,37.49,75.6,False,False,24.64,263.31,20.0
1422,60,6,-7.93,12.06,146.8,False,False,22.93,156.27,20.0
1423,60,7,-5.39,4.54,284.5,False,False,20.39,119.54,20.0
1424,60,8,-7.34,3.87,327.6,False,False,22.34,124.51,20.0
1425,60,9,-9.12,3.46,487.5,False,False,24.12,140.52,20.0
1426,60,10,-5.33,7.12,271.2,False,False,20.33,141.22,20.0
1427,60,11,-4.93,7.27,567.3,False,False,19.93,132.44,20.0
1428,60,12,-5.4,5.05,319.3,False,False,20.4,122.87,20.0
1429,60,13,-5.28,3.16,357.0,False,False,20.28,122.33,20.0
1430,60,14,-7.52,3.92,234.1,False,False,22.52,128.97,20.0
1431,60,15,-9.15,10.17,291.0,False,False,24.15,162.33,20.0
1432,60,16,-9.44,6.25,224.6,False,False,24.44,147.28,20.0
1433,60,17,-11.46,4.18,183.0,False,False,26.46,147.38,20.0
1434,60,18,-8.23,7.74,182.2,False,False,23.23,148.74,20.0
1435,60,19,-9.39,8.52,118.4,False,False,24.39,151.9,20.0
1436,60,20,-10.59,9.01,19.1,False,False,25.59,159.86,20.0
1437,60,21,-16.03,7.59,0.0,False,False,31.03,172.74,20.0
1438,60,22,-12.93,6.99,0.0,False,False,27.93,161.89,20.0
1439,60,23,-8.4,13.2,0.0,False,False,23.4,160.52,20.0
1440,61,0,-12.33,4.02,0.0,False,False,27.33,148.36,20.0
1441,61,1,-10.21,6.5,0.0,False,False,25.21,146.42,20.0
1442,61,2,-13.51,2.26,0.0,False,False,28.51,146.3,20.0
1443,61,3,-7.53,6.05,0.0,False,False,22.53,139.35,20.0
1444,61,4,-10.29,8.03,7.2,False,False,25.29,150.71,20.0
1445,61,5,-8.94,11.05,50.8,False,False,23.94,158.04,20.0
1446,61,6,-4.35,2.3,120.3,False,False,19.35,109.82,20.0
1447,61,7,-5.45,7.91,225.9,False,False,20.45,137.69,20.0
1448,61,8,-8.61,17.53,368.5,False,False,23.61,189.46,20.0
1449,61,9,-8.77,0.91,461.8,False,False,23.77,127.71,20.0
1450,61,10,-7.92,9.36,271.3,False,False,22.92,149.13,20.0
1451,61,11,-6.05,3.59,328.4,False,False,21.05,129.56,20.0
1452,61,12,-7.21,6.06,458.7,False,False,22.21,130.2,20.0
1453,61,13,-7.86,9.51,363.0,False,False,22.86,156.76,20.0
1454,61,14,-4.33,5.18,321.3,False,False,19.33,119.25,20.0
1455,61,15,-7.81,8.39,315.6,False,False,22.81,135.58,20.0
1456,61,16,-3.4,8.13,351.1,False,False,18.4,136.92,20.0
1457,61,17,-8.3,7.06,175.7,False,False,23.3,150.55,20.0
1458,61,18,-5.43,3.37,103.3,False,False,20.43,116.58,20.0
1459,61,19,-8.8,4.88,50.4,False,False,23.8,139.26,20.0
1460,61,20,-8.07,18.43,6.9,False,False,23.07,181.74,20.0
1461,61,21,-11.86,20.84,0.0,False,False,26.86,215.33,20.0
1462,61,22,-12.44,6.23,0.0,False,False,27.44,152.52,20.0
1463,61,23,-10.01,6.21,0.0,False,False,25.01,145.6,20.0
1464,62,0,-9.31,10.92,0.0,False,False,24.31,164.48,20.0
1465,62,1,-11.14,6.4,0.0,False,False,26.14,154.63,20.0
1466,62,2,-13.6,7.15,0.0,False,False,28.6,171.99,20.0
1467,62,3,-13.43,7.91,0.0,False,False,28.43,170.03,20.0
1468,62,4,-13.14,11.54,0.0,False,False,28.14,193.16,20.0
1469,62,5,-13.34,7.16,100.5,False,False,28.34,163.26,20.0
1470,62,6,-9.07,7.57,207.9,False,False,24.07,150.39,20.0
1471,62,7,-6.52,5.32,330.6,False,False,21.52,123.37,20.0
1472,62,8,-8.32,8.49,387.4,False,False,23.32,144.31,20.0
1473,62,9,-12.4,9.75,287.2,False,False,27.4,178.07,20.0
1474,62,10,-7.94,10.09,409.2,False,False,22.94,149.36,20.0
1475,62,11,-7.68,16.99,575.2,False,False,22.68,177.5,20.0
1476,62,12,-3.1,4.68,468.0,False,False,18.1,115.38,20.0
1477,62,13,-10.27,7.32,506.9,False,False,25.27,149.43,20.0
1478,62,14,-8.34,21.42,523.0,False,False,23.34,193.29,20.0
1479,62,15,-4.46,15.46,382.7,False,False,19.46,150.34,20.0
1480,62,16,-7.39,10.29,345.0,False,False,22.39,149.26,20.0
1481,62,17,-7.65,2.8,249.6,False,False,22.65,130.01,20.0
1482,62,18,-9.06,5.08,137.1,False,False,24.06,142.94,20.0
1483,62,19,-9.15,6.02,62.7,False,False,24.15,141.78,20.0
1484,62,20,-8.74,3.05,0.0,False,False,23.74,128.2,20.0
1485,62,21,-12.32,7.61,0.0,False,False,27.32,164.74,20.0
1486,62,22,-9.27,5.45,0.0,False,False,24.27,142.1,20.0
1487,62,23,-13.97,17.37,0.0,False,False,28.97,217.3,20.0
1488,63,0,-10.93,8.45,0.0,False,False,25.93,171.46,20.0
1489,63,1,-11.16,5.89,0.0,False,False,26.16,155.2,20.0
1490,63,2,-12.55,4.17,0.0,False,False,27.55,150.25,20.0
1491,63,3,-11.04,6.99,0.0,False,False,26.04,154.94,20.0
1492,63,4,-11.83,14.79,0.0,False,False,26.83,186.95,20.0
1493,63,5,-12.25,6.46,78.2,False,False,27.25,154.98,20.0
1494,63,6,-10.29,7.03,169.7,False,False,25.29,148.58,20.0
1495,63,7,-11.28,21.47,205.8,False,False,26.28,212.15,20.0
1496,63,8,-7.94,12.34,348.9,False,False,22.94,159.16,20.0
1497,63,9,-10.47,8.33,271.2,False,False,25.47,161.3,20.0
1498,63,10,-6.43,10.81,232.3,False,False,21.43,146.73,20.0
1499,63,11,-10.02,8.76,529.9,False,False,25.02,157.15,20.0
1500,63,12,-8.72,8.51,261.7,False,False,23.72,146.31,20.0
1501,63,13,-8.9,2.7,469.8,False,False,23.9,137.74,20.0
1502,63,14,-5.2,3.84,366.0,False,False,20.2,123.3,20.0
1503,63,15,-7.51,7.88,211.0,False,False,22.51,150.79,20.0
1504,63,16,-9.01,4.39,207.4,False,False,24.01,140.83,20.0
1505,63,17,-8.07,7.0,149.4,False,False,23.07,149.01,20.0
1506,63,18,-13.8,3.64,115.2,False,False,28.8,151.89,20.0
1507,63,19,-10.19,12.39,80.2,False,False,25.19,175.29,20.0
1508,63,20,-6.59,19.68,0.0,False,False,21.59,188.64,20.0
1509,63,21,-10.73,4.16,0.0,False,False,25.73,138.5,20.0
1510,63,22,-11.18,3.17,0.0,False,False,26.18,145.93,20.0
1511,63,23,-10.42,10.04,0.0,False,False,25.42,171.42,20.0
1512,64,0,-10.09,6.99,0.0,False,False,25.09,153.28,20.0
1513,64,1,-15.81,12.16,0.0,False,False,30.81,202.85,20.0
1514,64,2,-14.98,5.34,0.0,False,False,29.98,170.07,20.0
1515,64,3,-10.88,3.78,0.0,False,False,25.88,139.81,20.0
1516,64,4,-12.31,6.83,0.0,False,False,27.31,162.04,20.0
1517,64,5,-7.78,13.38,52.7,False,False,22.78,160.06,20.0
1518,64,6,-10.51,2.66,176.1,False,False,25.51,134.05,20.0
1519,64,7,-13.23,8.23,209.3,False,False,28.23,167.66,20.0
1520,64,8,-11.42,8.66,403.4,False,False,26.42,163.28,20.0
1521,64,9,-13.97,14.48,208.9,False,False,28.97,201.23,20.0
1522,64,10,-8.62,4.49,347.3,False,False,23.62,138.34,20.0
1523,64,11,-8.33,2.55,289.7,False,False,23.33,122.78,20.0
1524,64,12,-8.73,5.64,533.9,False,False,23.73,149.12,20.0
1525,64,13,-5.79,10.73,404.2,False,False,20.79,149.72,20.0
1526,64,14,-5.75,22.23,425.7,False,False,20.75,183.57,20.0
1527,64,15,-8.81,24.13,373.7,False,False,23.81,205.91,20.0
1528,64,16,-13.15,3.92,185.0,False,False,28.15,151.27,20.0
1529,64,17,-8.13,6.26,276.3,False,False,23.13,142.98,20.0
1530,64,18,-8.77,7.37,186.2,False,False,23.77,149.03,20.0
1531,64,19,-9.78,2.91,69.5,False,False,24.78,128.23,20.0
1532,64,20,-8.92,7.35,0.0,False,False,23.92,150.95,20.0
1533,64,21,-13.63,5.95,0.0,False,False,28.63,174.12,20.0
1534,64,22,-7.6,24.38,0.0,False,False,22.6,192.4,20.0
1535,64,23,-13.73,7.08,0.0,False,False,28.73,171.53,20.0
1536,65,0,-10.68,14.88,0.0,False,False,25.68,186.01,20.0
1537,65,1,-15.49,9.09,0.0,False,False,30.49,183.68,20.0
1538,65,2,-13.77,6.63,0.0,False,False,28.77,171.3,20.0
1539,65,3,-8.56,13.77,0.0,False,False,23.56,164.2,20.0
1540,65,4,-11.7,3.59,0.0,False,False,26.7,145.49,20.0
1541,65,5,-9.02,5.57,44.1,False,False,24.02,147.94,20.0
1542,65,6,-9.71,11.05,107.5,False,False,24.71,164.22,20.0
1543,65,7,-9.87,1.73,243.4,False,False,24.87,129.32,20.0
1544,65,8,-6.45,6.95,175.6,False,False,21.45,136.47,20.0
1545,65,9,-9.24,6.92,224.1,False,False,24.24,145.9,20.0
1546,65,10,-12.01,8.09,437.9,False,False,27.01,170.57,20.0
1547,65,11,-9.85,6.29,570.4,False,False,24.85,144.24,20.0
1548,65,12,-7.08,10.82,252.3,False,False,22.08,155.08,20.0
1549,65,13,-7.46,4.62,243.0,False,False,22.46,127.29,20.0
1550,65,14,-11.58,11.59,244.7,False,False,26.58,179.02,20.0
1551,65,15,-10.21,3.85,196.3,False,False,25.21,139.8,20.0
1552,65,16,-10.34,8.42,390.8,False,False,25.34,147.47,20.0
1553,65,17,-10.39,12.95,212.2,False,False,25.39,175.54,20.0
1554,65,18,-12.93,4.4,162.0,False,False,27.93,148.42,20.0
1555,65,19,-11.95,5.01,51.4,False,False,26.95,149.67,20.0
1556,65,20,-12.64,11.79,0.0,False,False,27.64,188.66,20.0
1557,65,21,-10.05,7.81,0.0,False,False,25.05,149.91,20.0
1558,65,22,-10.29,2.57,0.0,False,False,25.29,131.32,20.0
1559,65,23,-12.4,7.96,0.0,False,False,27.4,171.32,20.0
1560,66,0,-13.26,9.91,0.0,False,False,28.26,177.92,20.0
1561,66,1,-12.13,12.04,0.0,False,False,27.13,187.15,20.0
1562,66,2,-13.84,8.32,0.0,False,False,28.84,174.61,20.0
1563,66,3,-14.19,9.25,0.0,False,False,29.19,175.28,20.0
1564,66,4,-13.36,15.63,0.0,False,False,28.36,201.97,20.0
1565,66,5,-12.27,11.22,51.5,False,False,27.27,183.22,20.0
1566,66,6,-12.81,2.88,130.7,False,False,27.81,149.88,20.0
1567,66,7,-9.64,6.17,212.1,False,False,24.64,146.66,20.0
1568,66,8,-8.02,6.6,202.5,False,False,23.02,141.65,20.0
1569,66,9,-12.24,12.69,459.0,False,False,27.24,183.56,20.0
1570,66,10,-8.7,13.41,369.0,False,False,23.7,166.13,20.0
1571,66,11,-8.99,8.23,288.2,False,False,23.99,159.33,20.0
1572,66,12,-7.8,7.61,493.6,False,False,22.8,144.02,20.0
1573,66,13,-8.57,6.07,490.9,False,False,23.57,137.23,20.0
1574,66,14,-11.65,12.44,234.3,False,False,26.65,178.05,20.0
1575,66,15,-11.59,4.54,291.7,False,False,26.59,151.18,20.0
1576,66,16,-9.42,5.57,302.7,False,False,24.42,146.19,20.0
1577,66,17,-7.9,12.42,270.2,False,False,22.9,160.38,20.0
1578,66,18,-14.91,12.35,110.7,False,False,29.91,193.37,20.0
1579,66,19,-10.3,20.34,38.8,False,False,25.3,203.25,20.0
1580,66,20,-9.1,6.97,0.0,False,False,24.1,140.43,20.0
1581,66,21,-12.2,6.12,0.0,False,False,27.2,151.66,20.0
1582,66,22,-11.11,6.45,0.0,False,False,26.11,157.1,20.0
1583,66,23,-13.82,2.77,0.0,False,False,28.82,147.23,20.0
1584,67,0,-13.02,1.92,0.0,False,False,28.02,144.28,20.0
1585,67,1,-15.95,8.31,0.0,False,False,30.95,187.63,20.0
1586,67,2,-17.2,5.87,0.0,False,False,32.2,179.06,20.0
1587,67,3,-10.31,4.72,0.0,False,False,25.31,144.0,20.0
1588,67,4,-13.75,7.56,0.0,False,False,28.75,178.35,20.0
1589,67,5,-12.21,8.41,30.5,False,False,27.21,169.14,20.0
1590,67,6,-13.55,6.72,114.4,False,False,28.55,163.68,20.0
1591,67,7,-13.08,6.81,199.8,False,False,28.08,166.55,20.0
1592,67,8,-10.13,5.83,236.1,False,False,25.13,149.07,20.0
1593,67,9,-10.82,10.29,275.9,False,False,25.82,163.96,20.0
1594,67,10,-8.29,5.37,299.9,False,False,23.29,138.59,20.0
1595,67,11,-7.94,4.17,477.6,False,False,22.94,132.08,20.0
1596,67,12,-8.14,5.7,350.1,False,False,23.14,130.75,20.0
1597,67,13,-8.37,8.11,479.1,False,False,23.37,147.5,20.0
1598,67,14,-5.89,10.6,462.7,False,False,20.89,143.9,20.0
1599,67,15,-11.5,17.16,400.4,False,False,26.5,196.21,20.0
1600,67,16,-9.89,7.58,377.5,False,False,24.89,146.18,20.0
1601,67,17,-8.0,14.98,286.8,False,False,23.0,168.82,20.0
1602,67,18,-8.25,5.12,87.2,False,False,23.25,137.09,20.0
1603,67,19,-14.14,4.63,32.2,False,False,29.14,158.9,20.0
1604,67,20,-12.4,9.04,0.0,False,False,27.4,165.16,20.0
1605,67,21,-9.48,9.72,0.0,False,False,24.48,161.63,20.0
1606,67,22,-11.5,7.98,0.0,False,False,26.5,156.52,20.0
1607,67,23,-12.32,24.66,0.0,False,False,27.32,232.56,20.0
1608,68,0,-13.52,5.28,0.0,False,False,28.52,164.22,20.0
1609,68,1,-13.78,13.55,0.0,False,False,28.78,192.74,20.0
1610,68,2,-12.24,4.7,0.0,False,False,27.24,149.27,20.0
1611,68,3,-13.0,10.11,0.0,False,False,28.0,181.48,20.0
1612,68,4,-12.17,7.41,0.0,False,False,27.17,160.56,20.0
1613,68,5,-11.44,8.26,25.7,False,False,26.44,161.15,20.0
1614,68,6,-12.44,9.08,90.2,False,False,27.44,171.09,20.0
1615,68,7,-9.5,7.55,138.8,False,False,24.5,155.46,20.0
1616,68,8,-4.25,21.79,361.9,False,False,19.25,160.46,20.0
1617,68,9,-13.22,2.4,344.8,False,False,28.22,142.06,20.0
1618,68,10,-8.7,11.44,415.0,False,False,23.7,157.37,20.0
1619,68,11,-10.67,3.48,326.5,False,False,25.67,136.09,20.0
1620,68,12,-7.93,5.91,576.6,False,False,22.93,135.19,20.0
1621,68,13,-9.06,8.57,563.9,False,False,24.06,149.47,20.0
1622,68,14,-7.83,3.86,438.1,False,False,22.83,132.51,20.0
1623,68,15,-7.32,6.79,284.3,False,False,22.32,135.51,20.0
1624,68,16,-9.7,10.79,211.8,False,False,24.7,164.52,20.0
1625,68,17,-8.3,5.83,217.2,False,False,23.3,141.58,20.0
1626,68,18,-15.77,6.85,151.3,False,False,30.77,172.09,20.0
1627,68,19,-8.42,4.31,40.9,False,False,23.42,135.62,20.0
1628,68,20,-11.33,6.21,0.0,False,False,26.33,160.49,20.0
1629,68,21,-10.34,3.53,0.0,False,False,25.34,140.83,20.0
1630,68,22,-15.25,8.05,0.0,False,False,30.25,175.71,20.0
1631,68,23,-14.67,3.06,0.0,False,False,29.67,153.3,20.0
1632,69,0,-13.09,20.17,0.0,False,False,28.09,216.12,20.0
1633,69,1,-13.35,7.44,0.0,False,False,28.35,168.47,20.0
1634,69,2,-12.55,6.55,0.0,False,False,27.55,163.76,20.0
1635,69,3,-10.63,8.81,0.0,False,False,25.63,157.53,20.0
1636,69,4,-15.91,6.86,0.0,False,False,30.91,174.86,20.0
1637,69,5,-9.95,2.39,20.8,False,False,24.95,138.33,20.0
1638,69,6,-11.37,3.82,140.1,False,False,26.37,142.46,20.0
1639,69,7,-11.27,7.26,249.1,False,False,26.27,158.44,20.0
1640,69,8,-13.33,12.22,354.1,False,False,28.33,183.4,20.0
1641,69,9,-8.96,11.15,339.1,False,False,23.96,158.4,20.0
1642,69,10,-14.48,24.33,296.5,False,False,29.48,244.83,20.0
1643,69,11,-8.16,5.49,489.6,False,False,23.16,146.89,20.0
1644,69,12,-12.37,10.61,583.7,False,False,27.37,174.51,20.0
1645,69,13,-9.35,10.24,334.6,False,False,24.35,158.2,20.0
1646,69,14,-9.89,15.26,282.4,False,False,24.89,179.37,20.0
1647,69,15,-7.63,13.21,197.1,False,False,22.63,161.59,20.0
1648,69,16,-10.74,8.36,309.4,False,False,25.74,162.27,20.0
1649,69,17,-12.25,9.75,202.6,False,False,27.25,172.81,20.0
1650,69,18,-12.4,8.83,75.7,False,False,27.4,177.2,20.0
1651,69,19,-9.36,7.12,14.9,False,False,24.36,149.82,20.0
1652,69,20,-11.31,9.4,0.0,False,False,26.31,172.08,20.0
1653,69,21,-13.57,7.92,0.0,False,False,28.57,171.47,20.0
1654,69,22,-13.59,7.75,0.0,False,False,28.59,172.15,20.0
1655,69,23,-16.45,15.62,0.0,False,False,31.45,213.55,20.0
1656,70,0,-12.91,8.44,0.0,False,False,27.91,169.14,20.0
1657,70,1,-17.14,7.58,0.0,False,False,32.14,184.12,20.0
1658,70,2,-11.92,6.66,0.0,False,False,26.92,157.07,20.0
1659,70,3,-12.85,6.36,0.0,False,False,27.85,152.08,20.0
1660,70,4,-7.91,3.76,0.0,False,False,22.91,134.76,20.0
1661,70,5,-14.41,7.12,7.2,False,False,29.41,168.97,20.0
1662,70,6,-11.89,12.54,73.2,False,False,26.89,179.88,20.0
1663,70,7,-7.57,5.41,225.5,False,False,22.57,134.52,20.0
1664,70,8,-8.31,18.99,336.6,False,False,23.31,185.08,20.0
1665,70,9,-11.67,1.79,240.8,False,False,26.67,139.13,20.0
1666,70,10,-9.51,9.22,430.8,False,False,24.51,152.25,20.0
1667,70,11,-9.75,8.08,316.2,False,False,24.75,150.47,20.0
1668,70,12,-9.12,15.48,556.8,False,False,24.12,179.35,20.0
1669,70,13,-11.15,5.09,328.6,False,False,26.15,149.23,20.0
1670,70,14,-10.13,3.51,259.2,False,False,25.13,137.14,20.0
1671,70,15,-13.47,6.48,313.9,False,False,28.47,161.48,20.0
1672,70,16,-10.42,5.95,187.6,False,False,25.42,145.69,20.0
1673,70,17,-10.27,2.75,140.2,False,False,25.27,136.05,20.0
1674,70,18,-12.14,7.62,88.3,False,False,27.14,167.59,20.0
1675,70,19,-15.44,5.68,12.2,False,False,30.44,164.11,20.0
1676,70,20,-10.71,14.05,0.0,False,False,25.71,187.55,20.0
1677,70,21,-12.37,7.68,0.0,False,False,27.37,167.49,20.0
1678,70,22,-14.87,4.74,0.0,False,False,29.87,160.01,20.0
1679,70,23,-14.18,7.19,0.0,False,False,29.18,172.98,20.0
1680,71,0,-16.99,8.0,0.0,False,False,31.99,179.89,20.0
1681,71,1,-15.98,9.67,0.0,False,False,30.98,182.15,20.0
1682,71,2,-14.8,7.37,0.0,False,False,29.8,168.14,20.0
1683,71,3,-10.95,18.51,0.0,False,False,25.95,198.45,20.0
1684,71,4,-14.27,3.69,0.0,False,False,29.27,153.56,20.0
1685,71,5,-11.23,5.63,0.8,False,False,26.23,149.03,20.0
1686,71,6,-13.07,4.76,119.4,False,False,28.07,155.26,20.0
1687,71,7,-10.98,6.09,236.7,False,False,25.98,143.33,20.0
1688,71,8,-11.28,8.49,315.2,False,False,26.28,164.54,20.0
1689,71,9,-8.83,8.19,253.9,False,False,23.83,144.85,20.0
1690,71,10,-11.33,9.55,387.3,False,False,26.33,164.33,20.0
1691,71,11,-13.21,7.66,574.2,False,False,28.21,166.03,20.0
1692,71,12,-12.76,7.89,412.0,False,False,27.76,162.06,20.0
1693,71,13,-11.12,7.73,567.3,False,False,26.12,153.39,20.0
1694,71,14,-12.76,5.79,435.8,False,False,27.76,153.92,20.0
1695,71,15,-9.76,5.56,425.9,False,False,24.76,144.83,20.0
1696,71,16,-11.92,4.7,193.2,False,False,26.92,152.48,20.0
1697,71,17,-6.73,9.81,249.9,False,False,21.73,148.77,20.0
1698,71,18,-15.47,2.02,123.0,False,False,30.47,147.76,20.0
1699,71,19,-12.1,7.8,1.5,False,False,27.1,160.26,20.0
1700,71,20,-15.25,10.71,0.0,False,False,30.25,186.71,20.0
1701,71,21,-14.39,12.11,0.0,False,False,29.39,194.23,20.0
1702,71,22,-13.44,1.62,0.0,False,False,28.44,134.77,20.0
1703,71,23,-18.58,5.89,0.0,False,False,33.58,187.08,20.0
1704,72,0,-13.83,4.86,0.0,False,False,28.83,156.33,20.0
1705,72,1,-10.43,5.63,0.0,False,False,25.43,144.72,20.0
1706,72,2,-14.94,13.36,0.0,False,False,29.94,202.17,20.0
1707,72,3,-13.19,4.87,0.0,False,False,28.19,159.93,20.0
1708,72,4,-11.25,10.7,0.0,False,False,26.25,172.5,20.0
1709,72,5,-13.14,7.86,0.0,False,False,28.14,172.44,20.0
1710,72,6,-13.46,5.5,102.4,False,False,28.46,160.09,20.0
1711,72,7,-16.33,5.2,186.6,False,False,31.33,174.61,20.0
1712,72,8,-10.02,8.27,332.8,False,False,25.02,161.08,20.0
1713,72,9,-11.11,6.99,243.7,False,False,26.11,155.53,20.0
1714,72,10,-12.59,2.63,385.5,False,False,27.59,149.93,20.0
1715,72,11,-10.11,4.26,278.6,False,False,25.11,142.06,20.0
1716,72,12,-11.47,8.38,477.4,False,False,26.47,163.32,20.0
1717,72,13,-11.42,3.59,501.7,False,False,26.42,140.09,20.0
1718,72,14,-9.35,11.45,417.3,False,False,24.35,163.59,20.0
1719,72,15,-13.56,3.01,341.4,False,False,28.56,152.4,20.0
1720,72,16,-9.2,6.3,223.4,False,False,24.2,140.06,20.0
1721,72,17,-14.58,9.96,197.8,False,False,29.58,186.45,20.0
1722,72,18,-13.62,4.07,115.8,False,False,28.62,155.45,20.0
1723,72,19,-8.97,3.45,0.0,False,False,23.97,135.22,20.0
1724,72,20,-11.04,9.07,0.0,False,False,26.04,154.93,20.0
1725,72,21,-13.52,10.87,0.0,False,False,28.52,182.35,20.0
1726,72,22,-15.91,6.53,0.0,False,False,30.91,176.78,20.0
1727,72,23,-15.29,5.8,0.0,False,False,30.29,165.23,20.0
1728,73,0,-14.46,2.94,0.0,False,False,29.46,152.63,20.0
1729,73,1,-14.46,7.5,0.0,False,False,29.46,162.9,20.0
1730,73,2,-14.52,2.38,0.0,False,False,29.52,152.69,20.0
1731,73,3,-14.08,13.46,0.0,False,False,29.08,194.12,20.0
1732,73,4,-14.03,6.7,0.0,False,False,29.03,170.56,20.0
1733,73,5,-16.01,4.31,0.0,False,False,31.01,156.91,20.0
1734,73,6,-13.64,5.18,101.3,False,False,28.64,161.67,20.0
1735,73,7,-10.26,7.79,135.9,False,False,25.26,154.4,20.0
1736,73,8,-14.34,5.65,175.2,False,False,29.34,166.98,20.0
1737,73,9,-11.57,7.15,350.2,False,False,26.57,154.82,20.0
1738,73,10,-12.51,3.97,365.6,False,False,27.51,146.94,20.0
1739,73,11,-10.45,12.23,324.0,False,False,25.45,182.1,20.0
1740,73,12,-11.38,5.24,579.5,False,False,26.38,146.83,20.0
1741,73,13,-7.72,16.95,344.9,False,False,22.72,172.65,20.0
1742,73,14,-9.86,5.9,232.7,False,False,24.86,145.45,20.0
1743,73,15,-13.82,4.81,201.1,False,False,28.82,153.93,20.0
1744,73,16,-10.26,11.83,188.5,False,False,25.26,175.42,20.0
1745,73,17,-13.64,4.32,114.2,False,False,28.64,162.11,20.0
1746,73,18,-13.76,5.6,70.8,False,False,28.76,158.37,20.0
1747,73,19,-12.5,7.9,0.0,False,False,27.5,158.68,20.0
1748,73,20,-14.59,9.58,0.0,False,False,29.59,186.9,20.0
1749,73,21,-12.23,13.89,0.0,False,False,27.23,193.3,20.0
1750,73,22,-15.89,4.52,0.0,False,False,30.89,168.08,20.0
1751,73,23,-15.78,13.14,0.0,False,False,30.78,208.79,20.0
1752,74,0,-16.23,11.6,0.0,False,False,31.23,195.81,20.0
1753,74,1,-15.98,4.77,0.0,False,False,30.98,165.63,20.0
1754,74,2,-12.45,4.47,0.0,False,False,27.45,145.71,20.0
1755,74,3,-13.07,8.76,0.0,False,False,28.07,166.04,20.0
1756,74,4,-10.49,7.06,0.0,False,False,25.49,157.49,20.0
1757,74,5,-8.9,8.75,0.0,False,False,23.9,150.16,20.0
1758,74,6,-14.97,6.0,75.1,False,False,29.97,177.0,20.0
1759,74,7,-12.25,7.43,121.3,False,False,27.25,162.87,20.0
1760,74,8,-14.27,6.72,230.6,False,False,29.27,165.61,20.0
1761,74,9,-13.05,8.69,420.4,False,False,28.05,174.51,20.0
1762,74,10,-12.44,4.39,391.9,False,False,27.44,158.08,20.0
1763,74,11,-13.1,7.72,482.0,False,False,28.1,169.4,20.0
1764,74,12,-13.02,13.76,495.5,False,False,28.02,187.63,20.0
1765,74,13,-11.27,13.37,402.3,False,False,26.27,183.23,20.0
1766,74,14,-13.61,8.17,309.1,False,False,28.61,177.12,20.0
1767,74,15,-9.81,4.34,347.0,False,False,24.81,138.57,20.0
1768,74,16,-13.75,16.99,166.2,False,False,28.75,207.17,20.0
1769,74,17,-6.78,8.69,177.0,False,False,21.78,147.15,20.0
1770,74,18,-13.82,31.16,45.6,False,False,28.82,272.49,20.0
1771,74,19,-13.29,8.87,0.0,False,False,28.29,168.76,20.0
1772,74,20,-16.5,1.51,0.0,False,False,31.5,151.42,20.0
1773,74,21,-10.92,16.93,0.0,False,False,25.92,190.75,20.0
1774,74,22,-12.41,10.8,0.0,False,False,27.41,178.3,20.0
1775,74,23,-14.25,7.28,0.0,False,False,29.25,170.98,20.0
1776,75,0,-17.91,2.53,0.0,False,False,32.91,167.4,20.0
1777,75,1,-14.73,11.38,0.0,False,False,29.73,193.72,20.0
1778,75,2,-17.2,8.83,0.0,False,False,32.2,184.43,20.0
1779,75,3,-11.71,19.34,0.0,False,False,26.71,209.59,20.0
1780,75,4,-12.6,15.36,0.0,False,False,27.6,200.5,20.0
1781,75,5,-13.55,15.92,0.0,False,False,28.55,206.36,20.0
1782,75,6,-18.09,8.06,46.9,False,False,33.09,195.01,20.0
1783,75,7,-14.67,7.88,206.6,False,False,29.67,172.82,20.0
1784,75,8,-10.85,8.88,340.0,False,False,25.85,158.35,20.0
1785,75,9,-9.38,5.05,270.4,False,False,24.38,145.2,20.0
1786,75,10,-9.27,7.4,322.9,False,False,24.27,145.34,20.0
1787,75,11,-14.47,6.64,308.9,False,False,29.47,160.02,20.0
1788,75,12,-10.62,12.95,551.3,False,False,25.62,180.85,20.0
1789,75,13,-9.26,14.26,290.4,False,False,24.26,171.63,20.0
1790,75,14,-14.81,10.11,469.0,False,False,29.81,184.37,20.0
1791,75,15,-11.82,4.61,408.0,False,False,26.82,143.78,20.0
1792,75,16,-11.67,17.47,205.4,False,False,26.67,194.93,20.0
1793,75,17,-13.31,11.35,193.5,False,False,28.31,179.16,20.0
1794,75,18,-16.93,8.57,57.7,False,False,31.93,186.78,20.0
1795,75,19,-14.39,9.64,0.0,False,False,29.39,183.03,20.0
1796,75,20,-14.88,3.28,0.0,False,False,29.88,146.13,20.0
1797,75,21,-14.93,6.65,0.0,False,False,29.93,173.64,20.0
1798,75,22,-16.08,13.5,0.0,False,False,31.08,202.67,20.0
1799,75,23,-16.04,3.18,0.0,False,False,31.04,154.87,20.0
1800,76,0,-15.61,3.13,0.0,False,False,30.61,160.03,20.0
1801,76,1,-14.58,11.39,0.0,False,False,29.58,189.89,20.0
1802,76,2,-15.87,9.3,0.0,False,False,30.87,180.7,20.0
1803,76,3,-15.76,3.21,0.0,False,False,30.76,165.62,20.0
1804,76,4,-14.35,6.34,0.0,False,False,29.35,163.39,20.0
1805,76,5,-17.89,8.57,0.0,False,False,32.89,193.52,20.0
1806,76,6,-12.58,8.07,38.5,False,False,27.58,167.44,20.0
1807,76,7,-13.01,8.92,163.6,False,False,28.01,177.75,20.0
1808,76,8,-12.45,6.09,302.3,False,False,27.45,156.09,20.0
1809,76,9,-10.19,8.27,206.0,False,False,25.19,160.89,20.0
1810,76,10,-15.7,10.1,221.1,False,False,30.7,186.78,20.0
1811,76,11,-15.55,9.71,499.1,False,False,30.55,191.74,20.0
1812,76,12,-10.98,6.19,356.2,False,False,25.98,149.21,20.0
1813,76,13,-11.61,10.57,346.2,False,False,26.61,170.89,20.0
1814,76,14,-11.46,4.32,392.6,False,False,26.46,154.4,20.0
1815,76,15,-13.04,5.18,310.9,False,False,28.04,157.78,20.0
1816,76,16,-11.2,11.38,161.3,False,False,26.2,174.0,20.0
1817,76,17,-11.15,10.46,182.4,False,False,26.15,178.68,20.0
1818,76,18,-12.56,6.48,36.8,False,False,27.56,161.43,20.0
1819,76,19,-14.57,5.12,0.0,False,False,29.57,159.07,20.0
1820,76,20,-18.75,5.49,0.0,False,False,33.75,183.73,20.0
1821,76,21,-13.41,9.88,0.0,False,False,28.41,173.29,20.0
1822,76,22,-12.82,8.97,0.0,False,False,27.82,175.97,20.0
1823,76,23,-14.17,19.95,0.0,False,False,29.17,230.46,20.0
1824,77,0,-17.6,10.42,0.0,False,False,32.6,197.98,20.0
1825,77,1,-14.42,21.33,0.0,False,False,29.42,230.76,20.0
1826,77,2,-13.85,4.4,0.0,False,False,28.85,157.07,20.0
1827,77,3,-12.14,5.79,0.0,False,False,27.14,155.48,20.0
1828,77,4,-16.59,7.68,0.0,False,False,31.59,178.57,20.0
1829,77,5,-14.81,10.24,0.0,False,False,29.81,188.45,20.0
1830,77,6,-12.34,9.92,40.3,False,False,27.34,165.0,20.0
1831,77,7,-13.21,6.97,181.4,False,False,28.21,163.03,20.0
1832,77,8,-15.07,8.14,190.8,False,False,30.07,176.32,20.0
1833,77,9,-11.6,6.66,434.9,False,False,26.6,155.6,20.0
1834,77,10,-10.95,4.95,310.2,False,False,25.95,148.54,20.0
1835,77,11,-11.73,7.1,245.9,False,False,26.73,154.09,20.0
1836,77,12,-11.4,2.52,312.0,False,False,26.4,141.81,20.0
1837,77,13,-12.42,14.4,556.7,False,False,27.42,191.25,20.0
1838,77,14,-9.15,8.04,462.5,False,False,24.15,148.8,20.0
1839,77,15,-14.23,9.14,295.1,False,False,29.23,173.14,20.0
1840,77,16,-14.01,5.07,314.5,False,False,29.01,155.16,20.0
1841,77,17,-13.3,8.0,110.9,False,False,28.3,170.96,20.0
1842,77,18,-12.08,8.68,31.9,False,False,27.08,163.06,20.0
1843,77,19,-17.35,6.49,0.0,False,False,32.35,180.27,20.0
1844,77,20,-17.46,6.67,0.0,False,False,32.46,185.6,20.0
1845,77,21,-19.33,3.57,0.0,False,False,34.33,177.37,20.0
1846,77,22,-15.51,16.68,0.0,False,False,30.51,225.21,20.0
1847,77,23,-18.01,5.03,0.0,False,False,33.01,174.35,20.0
1848,78,0,-16.92,5.38,0.0,False,False,31.92,168.56,20.0
1849,78,1,-14.76,14.85,0.0,False,False,29.76,210.6,20.0
1850,78,2,-17.16,9.35,0.0,False,False,32.16,194.25,20.0
1851,78,3,-15.1,10.28,0.0,False,False,30.1,192.23,20.0
1852,78,4,-15.75,3.44,0.0,False,False,30.75,159.31,20.0
1853,78,5,-13.32,7.95,0.0,False,False,28.32,174.18,20.0
1854,78,6,-13.2,3.46,35.4,False,False,28.2,153.26,20.0
1855,78,7,-15.01,4.64,165.2,False,False,30.01,164.78,20.0
1856,78,8,-13.49,17.86,225.7,False,False,28.49,214.51,20.0
1857,78,9,-10.65,4.19,327.9,False,False,25.65,144.79,20.0
1858,78,10,-11.63,25.05,514.9,False,False,26.63,231.21,20.0
1859,78,11,-15.01,4.41,500.4,False,False,30.01,161.79,20.0
1860,78,12,-10.84,4.7,360.2,False,False,25.84,149.87,20.0
1861,78,13,-14.39,23.17,529.2,False,False,29.39,239.15,20.0
1862,78,14,-9.59,6.98,384.2,False,False,24.59,156.38,20.0
1863,78,15,-10.69,3.3,313.7,False,False,25.69,139.5,20.0
1864,78,16,-12.57,10.25,265.4,False,False,27.57,179.55,20.0
1865,78,17,-13.32,13.03,125.8,False,False,28.32,190.61,20.0
1866,78,18,-14.57,10.72,41.8,False,False,29.57,186.19,20.0
1867,78,19,-13.31,6.68,0.0,False,False,28.31,172.09,20.0
1868,78,20,-15.89,6.79,0.0,False,False,30.89,174.07,20.0
1869,78,21,-15.09,5.55,0.0,False,False,30.09,161.23,20.0
1870,78,22,-14.14,3.92,0.0,False,False,29.14,152.53,20.0
1871,78,23,-17.2,8.6,0.0,False,False,32.2,188.31,20.0
1872,79,0,-17.69,6.51,0.0,False,False,32.69,190.15,20.0
1873,79,1,-18.78,3.49,0.0,False,False,33.78,171.61,20.0
1874,79,2,-18.32,7.07,0.0,False,False,33.32,190.7,20.0
1875,79,3,-19.53,5.05,0.0,False,False,34.53,177.65,20.0
1876,79,4,-14.0,8.38,0.0,False,False,29.0,175.66,20.0
1877,79,5,-11.36,7.97,0.0,False,False,26.36,163.55,20.0
1878,79,6,-11.61,6.05,13.2,False,False,26.61,161.51,20.0
1879,79,7,-17.19,7.24,103.8,False,False,32.19,180.18,20.0
1880,79,8,-12.01,7.56,172.5,False,False,27.01,164.48,20.0
1881,79,9,-10.2,11.38,242.0,False,False,25.2,169.87,20.0
1882,79,10,-13.64,7.11,458.4,False,False,28.64,163.11,20.0
1883,79,11,-12.32,5.62,338.5,False,False,27.32,155.38,20.0
1884,79,12,-16.47,6.36,416.3,False,False,31.47,174.67,20.0
1885,79,13,-11.99,16.06,324.9,False,False,26.99,187.09,20.0
1886,79,14,-14.85,4.49,509.1,False,False,29.85,163.02,20.0
1887,79,15,-12.64,6.57,376.0,False,False,27.64,162.85,20.0
1888,79,16,-16.58,6.52,207.6,False,False,31.58,175.19,20.0
1889,79,17,-12.85,6.66,150.3,False,False,27.85,156.59,20.0
1890,79,18,-12.41,2.76,18.0,False,False,27.41,149.98,20.0
1891,79,19,-16.54,3.84,0.0,False,False,31.54,165.16,20.0
1892,79,20,-17.73,6.34,0.0,False,False,32.73,184.93,20.0
1893,79,21,-20.18,5.48,0.0,False,False,35.18,192.14,20.0
1894,79,22,-16.72,8.36,0.0,False,False,31.72,184.2,20.0
1895,79,23,-17.55,12.18,0.0,False,False,32.55,211.88,20.0
1896,80,0,-19.87,23.68,0.0,False,False,34.87,279.48,20.0
1897,80,1,-15.79,7.7,0.0,False,False,30.79,178.84,20.0
1898,80,2,-17.4,9.1,0.0,False,False,32.4,192.56,20.0
1899,80,3,-18.33,8.05,0.0,False,False,33.33,191.9,20.0
1900,80,4,-16.88,7.21,0.0,False,False,31.88,185.95,20.0
1901,80,5,-13.14,11.17,0.0,False,False,28.14,182.69,20.0
1902,80,6,-13.56,0.85,9.7,False,False,28.56,139.42,20.0
1903,80,7,-14.51,6.25,141.4,False,False,29.51,165.99,20.0
1904,80,8,-12.53,3.82,144.2,False,False,27.53,150.24,20.0
1905,80,9,-15.68,5.38,402.4,False,False,30.68,164.36,20.0
1906,80,10,-12.97,5.02,297.8,False,False,27.97,153.55,20.0
1907,80,11,-12.54,18.18,308.3,False,False,27.54,208.02,20.0
1908,80,12,-13.71,12.53,338.6,False,False,28.71,188.57,20.0
1909,80,13,-11.96,7.74,514.7,False,False,26.96,162.1,20.0
1910,80,14,-14.6,5.09,293.1,False,False,29.6,159.88,20.0
1911,80,15,-12.33,11.12,329.0,False,False,27.33,186.06,20.0
1912,80,16,-12.66,7.59,187.2,False,False,27.66,170.32,20.0
1913,80,17,-20.08,6.26,133.2,False,False,35.08,192.0,20.0
1914,80,18,-12.39,7.63,11.7,False,False,27.39,163.78,20.0
1915,80,19,-21.38,6.34,0.0,False,False,36.38,204.78,20.0
1916,80,20,-17.0,9.05,0.0,False,False,32.0,192.13,20.0
1917,80,21,-14.13,3.63,0.0,False,False,29.13,153.73,20.0
1918,80,22,-17.13,9.02,0.0,False,False,32.13,192.5,20.0
1919,80,23,-19.63,6.34,0.0,False,False,34.63,189.97,20.0
1920,81,0,-19.26,11.24,0.0,False,False,34.26,218.04,20.0
1921,81,1,-14.96,12.67,0.0,False,False,29.96,197.74,20.0
1922,81,2,-20.65,13.99,0.0,False,False,35.65,242.29,20.0
1923,81,3,-14.23,20.59,0.0,False,False,29.23,225.28,20.0
1924,81,4,-16.19,18.85,0.0,False,False,31.19,235.77,20.0
1925,81,5,-17.98,13.76,0.0,False,False,32.98,214.6,20.0
1926,81,6,-16.24,11.07,0.0,False,False,31.24,204.11,20.0
1927,81,7,-16.59,3.91,110.7,False,False,31.59,163.29,20.0
1928,81,8,-12.35,1.81,242.6,False,False,27.35,139.71,20.0
1929,81,9,-12.2,11.8,182.3,False,False,27.2,183.88,20.0
1930,81,10,-16.78,4.63,330.8,False,False,31.78,173.79,20.0
1931,81,11,-13.95,25.2,499.8,False,False,28.95,242.62,20.0
1932,81,12,-14.8,3.09,279.2,False,False,29.8,152.79,20.0
1933,81,13,-10.56,10.84,503.9,False,False,25.56,162.77,20.0
1934,81,14,-16.05,8.04,304.0,False,False,31.05,182.36,20.0
1935,81,15,-10.45,3.29,259.6,False,False,25.45,138.59,20.0
1936,81,16,-14.14,8.01,236.5,False,False,29.14,171.86,20.0
1937,81,17,-16.88,4.94,69.4,False,False,31.88,167.9,20.0
1938,81,18,-16.43,6.99,0.0,False,False,31.43,176.99,20.0
1939,81,19,-17.2,7.04,0.0,False,False,32.2,179.06,20.0
1940,81,20,-18.63,4.98,0.0,False,False,33.63,179.85,20.0
1941,81,21,-16.3,6.06,0.0,False,False,31.3,179.68,20.0
1942,81,22,-19.27,4.73,0.0,False,False,34.27,171.26,20.0
1943,81,23,-21.37,2.58,0.0,False,False,36.37,175.0,20.0
1944,82,0,-18.15,7.68,0.0,False,False,33.15,187.6,20.0
1945,82,1,-20.92,13.72,0.0,False,False,35.92,235.84,20.0
1946,82,2,-18.62,4.88,0.0,False,False,33.62,173.39,20.0
1947,82,3,-18.62,17.06,0.0,False,False,33.62,238.03,20.0
1948,82,4,-18.13,33.81,0.0,False,False,33.13,314.88,20.0
1949,82,5,-11.9,5.8,0.0,False,False,26.9,157.27,20.0
1950,82,6,-15.27,6.51,0.0,False,False,30.27,171.82,20.0
1951,82,7,-14.38,5.86,133.9,False,False,29.38,164.2,20.0
1952,82,8,-17.94,3.94,154.0,False,False,32.94,171.36,20.0
1953,82,9,-15.28,6.53,363.6,False,False,30.28,170.57,20.0
1954,82,10,-13.22,6.16,355.9,False,False,28.22,155.16,20.0
1955,82,11,-15.5,7.62,532.9,False,False,30.5,179.84,20.0
1956,82,12,-11.57,7.83,550.7,False,False,26.57,162.38,20.0
1957,82,13,-15.86,3.78,529.4,False,False,30.86,160.63,20.0
1958,82,14,-14.23,9.78,331.2,False,False,29.23,185.36,20.0
1959,82,15,-15.15,6.49,254.4,False,False,30.15,175.71,20.0
1960,82,16,-14.06,4.18,152.4,False,False,29.06,151.84,20.0
1961,82,17,-16.15,6.41,76.4,False,False,31.15,171.51,20.0
1962,82,18,-15.93,7.98,0.0,False,False,30.93,187.19,20.0
1963,82,19,-16.38,14.98,0.0,False,False,31.38,221.6,20.0
1964,82,20,-17.86,13.8,0.0,False,False,32.86,215.22,20.0
1965,82,21,-15.83,5.54,0.0,False,False,30.83,164.55,20.0
1966,82,22,-16.64,6.71,0.0,False,False,31.64,175.54,20.0
1967,82,23,-17.5,4.65,0.0,False,False,32.5,169.68,20.0
1968,83,0,-18.56,8.62,0.0,False,False,33.56,189.45,20.0
1969,83,1,-16.04,5.7,0.0,False,False,31.04,170.99,20.0
1970,83,2,-17.9,6.6,0.0,False,False,32.9,177.73,20.0
1971,83,3,-17.72,12.0,0.0,False,False,32.72,203.76,20.0
1972,83,4,-16.49,3.77,0.0,False,False,31.49,167.24,20.0
1973,83,5,-12.82,13.82,0.0,False,False,27.82,188.96,20.0
1974,83,6,-18.38,24.05,0.0,False,False,33.38,271.95,20.0
1975,83,7,-13.64,13.5,105.0,False,False,28.64,197.16,20.0
1976,83,8,-18.48,10.53,251.8,False,False,33.48,208.27,20.0
1977,83,9,-13.85,11.48,381.5,False,False,28.85,185.65,20.0
1978,83,10,-10.81,7.43,255.8,False,False,25.81,156.53,20.0
1979,83,11,-12.79,4.13,306.4,False,False,27.79,147.84,20.0
1980,83,12,-13.36,5.33,294.0,False,False,28.36,165.42,20.0
1981,83,13,-14.89,4.8,385.8,False,False,29.89,164.77,20.0
1982,83,14,-13.9,2.22,253.5,False,False,28.9,142.69,20.0
1983,83,15,-14.79,11.99,326.1,False,False,29.79,193.92,20.0
1984,83,16,-16.27,7.01,173.5,False,False,31.27,180.8,20.0
1985,83,17,-15.76,4.6,126.1,False,False,30.76,166.57,20.0
1986,83,18,-15.3,18.44,0.0,False,False,30.3,233.09,20.0
1987,83,19,-17.75,22.4,0.0,False,False,32.75,265.33,20.0
1988,83,20,-18.31,3.51,0.0,False,False,33.31,166.97,20.0
1989,83,21,-19.83,6.52,0.0,False,False,34.83,190.16,20.0
1990,83,22,-16.65,6.31,0.0,False,False,31.65,171.11,20.0
1991,83,23,-16.54,4.4,0.0,False,False,31.54,167.74,20.0
1992,84,0,-17.54,11.85,0.0,False,False,32.54,207.57,20.0
1993,84,1,-16.01,2.24,0.0,False,False,31.01,165.47,20.0
1994,84,2,-17.56,16.1,0.0,False,False,32.56,228.21,20.0
1995,84,3,-16.64,7.59,0.0,False,False,31.64,173.9,20.0
1996,84,4,-16.4,17.68,0.0,False,False,31.4,226.06,20.0
1997,84,5,-16.71,7.27,0.0,False,False,31.71,181.5,20.0
1998,84,6,-17.07,6.3,0.0,False,False,32.07,172.91,20.0
1999,84,7,-11.06,12.32,49.9,False,False,26.06,173.08,20.0
2000,84,8,-15.91,17.62,208.5,False,False,30.91,224.14,20.0
2001,84,9,-15.92,16.2,198.0,False,False,30.92,220.45,20.0
2002,84,10,-13.41,2.82,339.7,False,False,28.41,147.27,20.0
2003,84,11,-13.57,14.12,541.9,False,False,28.57,193.38,20.0
2004,84,12,-16.82,6.14,266.4,False,False,31.82,179.28,20.0
2005,84,13,-11.83,6.88,555.7,False,False,26.83,156.39,20.0
2006,84,14,-14.46,6.07,509.4,False,False,29.46,164.1,20.0
2007,84,15,-16.81,5.33,325.9,False,False,31.81,166.71,20.0
2008,84,16,-12.63,6.56,166.2,False,False,27.63,157.46,20.0
2009,84,17,-14.24,4.32,63.2,False,False,29.24,160.12,20.0
2010,84,18,-18.54,14.16,0.0,False,False,33.54,217.1,20.0
2011,84,19,-12.97,10.45,0.0,False,False,27.97,178.06,20.0
2012,84,20,-15.69,8.31,0.0,False,False,30.69,184.33,20.0
2013,84,21,-17.44,6.07,0.0,False,False,32.44,176.84,20.0
2014,84,22,-14.56,5.51,0.0,False,False,29.56,164.98,20.0
2015,84,23,-17.62,9.23,0.0,False,False,32.62,190.08,20.0
2016,85,0,-18.37,8.45,0.0,False,False,33.37,199.32,20.0
2017,85,1,-19.57,12.75,0.0,False,False,34.57,226.14,20.0
2018,85,2,-16.88,5.56,0.0,False,False,31.88,174.55,20.0
2019,85,3,-16.78,5.29,0.0,False,False,31.78,164.89,20.0
2020,85,4,-17.29,25.24,0.0,False,False,32.29,266.39,20.0
2021,85,5,-18.41,11.32,0.0,False,False,33.41,212.55,20.0
2022,85,6,-16.06,36.55,0.0,False,False,31.06,321.53,20.0
2023,85,7,-15.94,2.74,47.7,False,False,30.94,157.91,20.0
2024,85,8,-17.98,14.55,177.7,False,False,32.98,227.5,20.0
2025,85,9,-17.85,7.96,190.3,False,False,32.85,186.91,20.0
2026,85,10,-13.45,5.73,296.2,False,False,28.45,159.74,20.0
2027,85,11,-19.59,9.29,480.9,False,False,34.59,203.89,20.0
2028,85,12,-13.9,9.13,475.4,False,False,28.9,178.75,20.0
2029,85,13,-15.34,5.82,363.1,False,False,30.34,162.46,20.0
2030,85,14,-11.97,2.86,487.0,False,False,26.97,146.64,20.0
2031,85,15,-15.89,14.58,348.6,False,False,30.89,216.69,20.0
2032,85,16,-14.0,5.04,198.8,False,False,29.0,155.13,20.0
2033,85,17,-16.59,4.63,66.3,False,False,31.59,162.61,20.0
2034,85,18,-16.09,5.3,0.0,False,False,31.09,170.61,20.0
2035,85,19,-15.36,11.05,0.0,False,False,30.36,189.86,20.0
2036,85,20,-18.24,6.19,0.0,False,False,33.24,172.75,20.0
2037,85,21,-15.74,5.36,0.0,False,False,30.74,171.32,20.0
2038,85,22,-20.04,8.98,0.0,False,False,35.04,204.95,20.0
2039,85,23,-17.66,8.35,0.0,False,False,32.66,188.51,20.0
2040,86,0,-16.78,5.42,0.0,False,False,31.78,180.99,20.0
2041,86,1,-17.24,2.83,0.0,False,False,32.24,162.41,20.0
2042,86,2,-14.52,10.92,0.0,False,False,29.52,184.8,20.0
2043,86,3,-19.57,8.43,0.0,False,False,34.57,199.74,20.0
2044,86,4,-20.38,17.31,0.0,False,False,35.38,245.92,20.0
2045,86,5,-19.13,15.62,0.0,False,False,34.13,231.14,20.0
2046,86,6,-15.3,2.25,0.0,False,False,30.3,153.73,20.0
2047,86,7,-15.11,4.83,39.3,False,False,30.11,160.95,20.0
2048,86,8,-15.42,5.0,205.5,False,False,30.42,163.36,20.0
2049,86,9,-17.46,5.46,347.9,False,False,32.46,182.13,20.0
2050,86,10,-13.36,5.37,469.8,False,False,28.36,162.03,20.0
2051,86,11,-17.14,3.69,306.0,False,False,32.14,168.85,20.0
2052,86,12,-12.31,8.03,484.5,False,False,27.31,167.4,20.0
2053,86,13,-8.98,11.83,259.9,False,False,23.98,166.23,20.0
2054,86,14,-14.16,7.97,462.6,False,False,29.16,179.0,20.0
2055,86,15,-14.04,8.66,270.6,False,False,29.04,175.57,20.0
2056,86,16,-16.61,6.27,192.8,False,False,31.61,183.3,20.0
2057,86,17,-19.73,7.81,77.4,False,False,34.73,193.02,20.0
2058,86,18,-17.83,8.99,0.0,False,False,32.83,193.31,20.0
2059,86,19,-19.33,10.46,0.0,False,False,34.33,203.21,20.0
2060,86,20,-20.52,5.14,0.0,False,False,35.52,184.67,20.0
2061,86,21,-14.59,4.79,0.0,False,False,29.59,163.02,20.0
2062,86,22,-17.81,1.83,0.0,False,False,32.81,164.8,20.0
2063,86,23,-17.8,17.87,0.0,False,False,32.8,235.23,20.0
2064,87,0,-19.55,17.31,0.0,False,False,34.55,245.29,20.0
2065,87,1,-19.21,7.14,0.0,False,False,34.21,189.67,20.0
2066,87,2,-16.74,7.35,0.0,False,False,31.74,178.61,20.0
2067,87,3,-18.41,30.06,0.0,False,False,33.41,297.8,20.0
2068,87,4,-16.87,3.76,0.0,False,False,31.87,165.2,20.0
2069,87,5,-17.84,4.53,0.0,False,False,32.84,165.47,20.0
2070,87,6,-17.62,15.53,0.0,False,False,32.62,225.81,20.0
2071,87,7,-19.23,6.23,53.7,False,False,34.23,186.61,20.0
2072,87,8,-19.89,4.19,143.1,False,False,34.89,175.95,20.0
2073,87,9,-16.04,9.25,322.2,False,False,31.04,183.35,20.0
2074,87,10,-15.09,5.16,254.5,False,False,30.09,159.04,20.0
2075,87,11,-17.57,14.21,230.3,False,False,32.57,226.13,20.0
2076,87,12,-15.0,7.78,271.3,False,False,30.0,170.64,20.0
2077,87,13,-14.89,5.27,381.8,False,False,29.89,170.51,20.0
2078,87,14,-19.51,5.42,425.4,False,False,34.51,185.89,20.0
2079,87,15,-17.35,9.03,293.8,False,False,32.35,190.88,20.0
2080,87,16,-15.12,6.63,97.0,False,False,30.12,166.71,20.0
2081,87,17,-15.64,6.18,52.1,False,False,30.64,175.62,20.0
2082,87,18,-19.24,10.66,0.0,False,False,34.24,216.24,20.0
2083,87,19,-17.13,15.17,0.0,False,False,32.13,217.19,20.0
2084,87,20,-15.89,9.93,0.0,False,False,30.89,188.66,20.0
2085,87,21,-16.79,4.94,0.0,False,False,31.79,174.49,20.0
2086,87,22,-18.86,4.05,0.0,False,False,33.86,175.27,20.0
2087,87,23,-19.8,10.35,0.0,False,False,34.8,218.39,20.0
2088,88,0,-20.5,9.92,0.0,False,False,35.5,209.14,20.0
2089,88,1,-18.24,5.95,0.0,False,False,33.24,183.2,20.0
2090,88,2,-18.58,6.7,0.0,False,False,33.58,181.2,20.0
2091,88,3,-17.4,5.09,0.0,False,False,32.4,181.8,20.0
2092,88,4,-17.98,4.1,0.0,False,False,32.98,167.9,20.0
2093,88,5,-16.12,5.32,0.0,False,False,31.12,160.59,20.0
2094,88,6,-17.05,1.54,0.0,False,False,32.05,154.46,20.0
2095,88,7,-15.15,12.9,23.4,False,False,30.15,199.26,20.0
2096,88,8,-14.5,3.4,136.8,False,False,29.5,162.11,20.0
2097,88,9,-17.44,7.22,291.3,False,False,32.44,182.59,20.0
2098,88,10,-19.12,2.02,236.4,False,False,34.12,164.47,20.0
2099,88,11,-12.22,9.75,546.6,False,False,27.22,174.29,20.0
2100,88,12,-14.73,11.22,266.2,False,False,29.73,196.52,20.0
2101,88,13,-18.74,7.56,463.5,False,False,33.74,190.98,20.0
2102,88,14,-16.94,7.0,288.9,False,False,31.94,184.9,20.0
2103,88,15,-14.28,5.08,346.7,False,False,29.28,163.08,20.0
2104,88,16,-16.8,12.74,201.4,False,False,31.8,206.34,20.0
2105,88,17,-17.75,2.99,31.4,False,False,32.75,164.8,20.0
2106,88,18,-14.44,5.75,0.0,False,False,29.44,164.71,20.0
2107,88,19,-19.85,4.77,0.0,False,False,34.85,177.79,20.0
2108,88,20,-19.84,4.68,0.0,False,False,34.84,185.8,20.0
2109,88,21,-18.23,12.58,0.0,False,False,33.23,208.5,20.0
2110,88,22,-18.19,6.78,0.0,False,False,33.19,189.65,20.0
2111,88,23,-18.18,20.06,0.0,False,False,33.18,254.83,20.0
2112,89,0,-17.73,8.57,0.0,False,False,32.73,191.44,20.0
2113,89,1,-19.08,8.21,0.0,False,False,34.08,192.96,20.0
2114,89,2,-18.3,11.12,0.0,False,False,33.3,206.2,20.0
2115,89,3,-19.48,9.04,0.0,False,False,34.48,203.98,20.0
2116,89,4,-18.42,6.94,0.0,False,False,33.42,189.71,20.0
2117,89,5,-17.85,7.19,0.0,False,False,32.85,186.7,20.0
2118,89,6,-17.12,2.87,0.0,False,False,32.12,165.58,20.0
2119,89,7,-15.49,8.84,32.2,False,False,30.49,180.77,20.0
2120,89,8,-15.44,4.37,199.2,False,False,30.44,163.3,20.0
2121,89,9,-16.05,8.13,157.2,False,False,31.05,175.95,20.0
2122,89,10,-17.43,14.99,212.2,False,False,32.43,224.75,20.0
2123,89,11,-15.48,7.56,418.6,False,False,30.48,177.71,20.0
2124,89,12,-15.6,6.04,300.1,False,False,30.6,168.98,20.0
2125,89,13,-15.23,21.0,267.8,False,False,30.23,241.61,20.0
2126,89,14,-11.4,8.66,274.5,False,False,26.4,166.54,20.0
2127,89,15,-17.18,7.9,305.0,False,False,32.18,174.84,20.0
2128,89,16,-15.7,24.98,170.1,False,False,30.7,258.43,20.0
2129,89,17,-14.89,5.24,30.4,False,False,29.89,158.32,20.0
2130,89,18,-17.35,6.58,0.0,False,False,32.35,184.72,20.0
2131,89,19,-13.39,10.81,0.0,False,False,28.39,191.84,20.0
2132,89,20,-19.3,11.23,0.0,False,False,34.3,210.46,20.0
2133,89,21,-18.31,11.27,0.0,False,False,33.31,208.2,20.0
2134,89,22,-20.88,10.25,0.0,False,False,35.88,213.98,20.0
2135,89,23,-20.18,10.42,0.0,False,False,35.18,213.97,20.0
2136,90,0,-19.36,8.12,0.0,False,False,34.36,199.38,20.0
2137,90,1,-18.09,3.33,0.0,False,False,33.09,172.57,20.0
2138,90,2,-18.95,3.52,0.0,False,False,33.95,167.62,20.0
2139,90,3,-16.75,7.49,0.0,False,False,31.75,188.56,20.0
2140,90,4,-19.04,7.65,0.0,False,False,34.04,189.26,20.0
2141,90,5,-19.04,4.62,0.0,False,False,34.04,178.63,20.0
2142,90,6,-12.45,4.78,0.0,False,False,27.45,157.16,20.0
2143,90,7,-16.55,6.92,10.1,False,False,31.55,181.56,20.0
2144,90,8,-18.29,19.18,139.9,False,False,33.29,243.55,20.0
2145,90,9,-17.83,4.17,325.4,False,False,32.83,167.78,20.0
2146,90,10,-18.01,5.88,488.0,False,False,33.01,177.9,20.0
2147,90,11,-14.05,26.11,488.0,False,False,29.05,251.53,20.0
2148,90,12,-16.58,10.13,524.5,False,False,31.58,198.63,20.0
2149,90,13,-15.67,8.44,468.6,False,False,30.67,176.8,20.0
2150,90,14,-16.25,2.51,420.9,False,False,31.25,158.63,20.0
2151,90,15,-14.98,6.4,196.9,False,False,29.98,172.16,20.0
2152,90,16,-18.55,16.6,129.6,False,False,33.55,238.13,20.0
2153,90,17,-19.49,4.69,12.3,False,False,34.49,181.5,20.0
2154,90,18,-17.41,4.6,0.0,False,False,32.41,177.15,20.0
2155,90,19,-17.17,14.66,0.0,False,False,32.17,220.64,20.0
2156,90,20,-18.19,6.91,0.0,False,False,33.19,189.04,20.0
2157,90,21,-20.89,2.63,0.0,False,False,35.89,176.26,20.0
2158,90,22,-18.23,18.88,0.0,False,False,33.23,252.62,20.0
2159,90,23,-21.27,5.31,0.0,False,False,36.27,182.35,20.0
2160,91,0,-21.2,8.23,0.0,False,False,36.2,210.66,20.0
2161,91,1,-21.98,6.52,0.0,False,False,36.98,198.46,20.0
2162,91,2,-17.29,4.48,0.0,False,False,32.29,168.9,20.0
2163,91,3,-18.31,6.57,0.0,False,False,33.31,180.54,20.0
2164,91,4,-17.95,4.69,0.0,False,False,32.95,166.15,20.0
2165,91,5,-16.18,17.08,0.0,False,False,31.18,223.13,20.0
2166,91,6,-12.53,3.77,0.0,False,False,27.53,145.92,20.0
2167,91,7,-21.06,5.67,0.0,False,False,36.06,193.04,20.0
2168,91,8,-18.64,5.25,108.6,False,False,33.64,173.25,20.0
2169,91,9,-17.98,5.3,289.2,False,False,32.98,182.48,20.0
2170,91,10,-18.13,4.0,442.8,False,False,33.13,171.98,20.0
2171,91,11,-18.38,14.11,233.5,False,False,33.38,221.47,20.0
2172,91,12,-16.76,19.93,281.2,False,False,31.76,238.74,20.0
2173,91,13,-18.66,8.74,545.0,False,False,33.66,193.69,20.0
2174,91,14,-15.76,8.36,263.6,False,False,30.76,177.48,20.0
2175,91,15,-16.64,2.93,294.7,False,False,31.64,157.98,20.0
2176,91,16,-16.2,13.94,163.0,False,False,31.2,210.1,20.0
2177,91,17,-16.63,4.69,0.0,False,False,31.63,167.76,20.0
2178,91,18,-16.95,2.73,0.0,False,False,31.95,154.67,20.0
2179,91,19,-19.42,9.54,0.0,False,False,34.42,203.34,20.0
2180,91,20,-14.92,12.11,0.0,False,False,29.92,191.52,20.0
2181,91,21,-19.1,13.87,0.0,False,False,34.1,225.7,20.0
2182,91,22,-23.62,5.71,0.0,False,False,38.62,209.12,20.0
2183,91,23,-22.1,5.36,0.0,False,False,37.1,196.05,20.0
2184,92,0,-23.95,8.02,0.0,False,False,38.95,215.24,20.0
2185,92,1,-20.36,6.52,0.0,False,False,35.36,186.23,20.0
2186,92,2,-20.44,9.64,0.0,False,False,35.44,204.0,20.0
2187,92,3,-20.82,8.07,0.0,False,False,35.82,196.24,20.0
2188,92,4,-15.44,4.48,0.0,False,False,30.44,165.77,20.0
2189,92,5,-17.88,14.09,0.0,False,False,32.88,216.65,20.0
2190,92,6,-17.01,9.67,0.0,False,False,32.01,194.11,20.0
2191,92,7,-19.81,11.97,0.0,False,False,34.81,216.41,20.0
2192,92,8,-19.46,4.53,155.7,False,False,34.46,179.05,20.0
2193,92,9,-16.98,9.53,149.5,False,False,31.98,198.66,20.0
2194,92,10,-16.39,1.09,377.3,False,False,31.39,147.84,20.0
2195,92,11,-20.24,10.85,436.1,False,False,35.24,213.76,20.0
2196,92,12,-16.82,7.91,517.8,False,False,31.82,181.35,20.0
2197,92,13,-16.5,3.98,460.6,False,False,31.5,168.1,20.0
2198,92,14,-17.16,7.53,433.0,False,False,32.16,180.13,20.0
2199,92,15,-18.68,10.34,144.5,False,False,33.68,200.48,20.0
2200,92,16,-18.54,12.38,110.8,False,False,33.54,209.06,20.0
2201,92,17,-18.3,3.08,0.0,False,False,33.3,161.31,20.0
2202,92,18,-18.28,7.83,0.0,False,False,33.28,192.47,20.0
2203,92,19,-17.77,3.48,0.0,False,False,32.77,177.25,20.0
2204,92,20,-17.3,10.4,0.0,False,False,32.3,194.77,20.0
2205,92,21,-20.47,11.77,0.0,False,False,35.47,224.93,20.0
2206,92,22,-21.11,4.3,0.0,False,False,36.11,184.85,20.0
2207,92,23,-19.52,3.87,0.0,False,False,34.52,171.09,20.0
2208,93,0,-19.55,5.23,0.0,False,False,34.55,181.56,20.0
2209,93,1,-21.57,6.65,0.0,False,False,36.57,197.57,20.0
2210,93,2,-18.92,4.86,0.0,False,False,33.92,175.51,20.0
2211,93,3,-18.22,10.87,0.0,False,False,33.22,213.19,20.0
2212,93,4,-17.18,12.41,0.0,False,False,32.18,200.25,20.0
2213,93,5,-15.73,7.66,0.0,False,False,30.73,180.17,20.0
2214,93,6,-20.5,4.95,0.0,False,False,35.5,186.28,20.0
2215,93,7,-18.22,6.53,0.0,False,False,33.22,181.52,20.0
2216,93,8,-17.75,7.66,86.4,False,False,32.75,188.03,20.0
2217,93,9,-17.55,6.38,139.7,False,False,32.55,183.82,20.0
2218,93,10,-18.33,6.95,411.7,False,False,33.33,187.01,20.0
2219,93,11,-19.81,11.92,256.7,False,False,34.81,220.3,20.0
2220,93,12,-16.58,4.78,358.2,False,False,31.58,171.47,20.0
2221,93,13,-18.37,17.79,429.9,False,False,33.37,232.7,20.0
2222,93,14,-16.86,22.78,367.8,False,False,31.86,261.73,20.0
2223,93,15,-18.94,6.2,265.0,False,False,33.94,194.29,20.0
2224,93,16,-19.97,4.72,151.7,False,False,34.97,185.59,20.0
2225,93,17,-17.78,4.94,0.0,False,False,32.78,178.24,20.0
2226,93,18,-18.47,7.3,0.0,False,False,33.47,183.12,20.0
2227,93,19,-18.13,7.75,0.0,False,False,33.13,189.06,20.0
2228,93,20,-15.4,6.09,0.0,False,False,30.4,166.8,20.0
2229,93,21,-19.63,3.46,0.0,False,False,34.63,171.44,20.0
2230,93,22,-19.53,7.3,0.0,False,False,34.53,197.17,20.0
2231,93,23,-22.85,4.99,0.0,False,False,37.85,191.24,20.0
2232,94,0,-23.64,2.62,0.0,False,False,38.64,183.31,20.0
2233,94,1,-17.84,9.82,0.0,False,False,32.84,190.83,20.0
2234,94,2,-22.65,2.86,0.0,False,False,37.65,181.0,20.0
2235,94,3,-22.57,5.96,0.0,False,False,37.57,199.17,20.0
2236,94,4,-20.15,6.85,0.0,False,False,35.15,190.78,20.0
2237,94,5,-19.77,13.23,0.0,False,False,34.77,222.39,20.0
2238,94,6,-20.88,2.7,0.0,False,False,35.88,181.89,20.0
2239,94,7,-19.16,10.35,0.0,False,False,34.16,202.51,20.0
2240,94,8,-15.61,11.15,97.5,False,False,30.61,189.94,20.0
2241,94,9,-19.27,15.2,291.7,False,False,34.27,229.56,20.0
2242,94,10,-20.13,12.19,332.9,False,False,35.13,226.45,20.0
2243,94,11,-15.25,6.97,249.9,False,False,30.25,181.83,20.0
2244,94,12,-16.09,2.95,251.3,False,False,31.09,159.57,20.0
2245,94,13,-18.38,10.57,519.0,False,False,33.38,201.87,20.0
2246,94,14,-20.5,13.55,251.0,False,False,35.5,229.04,20.0
2247,94,15,-19.15,2.31,229.1,False,False,34.15,170.37,20.0
2248,94,16,-18.18,3.45,117.0,False,False,33.18,164.7,20.0
2249,94,17,-16.22,8.15,0.0,False,False,31.22,188.88,20.0
2250,94,18,-21.14,11.09,0.0,False,False,36.14,226.43,20.0
2251,94,19,-19.76,9.65,0.0,False,False,34.76,206.83,20.0
2252,94,20,-18.72,23.52,0.0,False,False,33.72,274.45,20.0
2253,94,21,-25.25,15.09,0.0,False,False,40.25,267.9,20.0
2254,94,22,-18.73,6.08,0.0,False,False,33.73,189.91,20.0
2255,94,23,-23.37,4.88,0.0,False,False,38.37,191.67,20.0
2256,95,0,-20.71,5.49,0.0,False,False,35.71,193.4,20.0
2257,95,1,-20.81,8.24,0.0,False,False,35.81,202.35,20.0
2258,95,2,-18.93,6.83,0.0,False,False,33.93,185.27,20.0
2259,95,3,-19.68,11.39,0.0,False,False,34.68,215.64,20.0
2260,95,4,-25.13,5.02,0.0,False,False,40.13,202.78,20.0
2261,95,5,-21.46,8.77,0.0,False,False,36.46,205.69,20.0
2262,95,6,-19.09,10.59,0.0,False,False,34.09,201.85,20.0
2263,95,7,-19.24,13.55,0.0,False,False,34.24,220.39,20.0
2264,95,8,-17.42,3.8,66.8,False,False,32.42,173.03,20.0
2265,95,9,-16.38,5.43,293.3,False,False,31.38,178.83,20.0
2266,95,10,-16.42,6.58,438.2,False,False,31.42,179.16,20.0
2267,95,11,-17.87,3.18,250.6,False,False,32.87,170.61,20.0
2268,95,12,-21.06,8.49,570.0,False,False,36.06,204.25,20.0
2269,95,13,-18.35,8.42,287.6,False,False,33.35,193.53,20.0
2270,95,14,-16.81,8.06,375.1,False,False,31.81,186.38,20.0
2271,95,15,-20.14,6.38,275.6,False,False,35.14,186.75,20.0
2272,95,16,-17.11,12.81,63.7,False,False,32.11,205.49,20.0
2273,95,17,-17.04,5.51,0.0,False,False,32.04,174.4,20.0
2274,95,18,-19.12,12.23,0.0,False,False,34.12,215.5,20.0
2275,95,19,-26.02,5.44,0.0,False,False,41.02,205.48,20.0
2276,95,20,-22.93,3.74,0.0,False,False,37.93,189.2,20.0
2277,95,21,-17.01,7.0,0.0,False,False,32.01,179.99,20.0
2278,95,22,-22.2,22.67,0.0,False,False,37.2,294.62,20.0
2279,95,23,-25.27,8.84,0.0,False,False,40.27,227.24,20.0
2280,96,0,-19.2,1.89,0.0,False,False,34.2,162.93,20.0
2281,96,1,-21.58,6.02,0.0,False,False,36.58,195.6,20.0
2282,96,2,-19.19,17.15,0.0,False,False,34.19,241.67,20.0
2283,96,3,-20.53,20.23,0.0,False,False,35.53,263.84,20.0
2284,96,4,-19.75,11.16,0.0,False,False,34.75,212.76,20.0
2285,96,5,-19.46,25.5,0.0,False,False,34.46,290.08,20.0
2286,96,6,-18.28,18.71,0.0,False,False,33.28,247.48,20.0
2287,96,7,-14.6,4.06,0.0,False,False,29.6,162.89,20.0
2288,96,8,-16.73,10.7,82.3,False,False,31.73,190.69,20.0
2289,96,9,-21.42,11.03,160.3,False,False,36.42,220.23,20.0
2290,96,10,-17.05,9.86,268.8,False,False,32.05,193.3,20.0
2291,96,11,-15.46,3.69,404.3,False,False,30.46,160.02,20.0
2292,96,12,-15.27,8.03,474.0,False,False,30.27,176.52,20.0
2293,96,13,-18.59,8.0,275.7,False,False,33.59,190.74,20.0
2294,96,14,-15.61,3.4,362.7,False,False,30.61,161.69,20.0
2295,96,15,-16.4,6.2,185.8,False,False,31.4,175.39,20.0
2296,96,16,-13.53,8.21,59.3,False,False,28.53,166.77,20.0
2297,96,17,-20.65,6.89,0.0,False,False,35.65,201.26,20.0
2298,96,18,-20.69,10.22,0.0,False,False,35.69,217.91,20.0
2299,96,19,-20.8,6.12,0.0,False,False,35.8,190.13,20.0
2300,96,20,-21.65,7.62,0.0,False,False,36.65,207.5,20.0
2301,96,21,-22.87,11.52,0.0,False,False,37.87,228.68,20.0
2302,96,22,-26.93,16.14,0.0,False,False,41.93,285.19,20.0
2303,96,23,-22.47,3.65,0.0,False,False,37.47,184.55,20.0
2304,97,0,-21.23,10.03,0.0,False,False,36.23,212.23,20.0
2305,97,1,-22.89,5.61,0.0,False,False,37.89,196.64,20.0
2306,97,2,-17.83,8.9,0.0,False,False,32.83,190.82,20.0
2307,97,3,-21.36,3.49,0.0,False,False,36.36,181.16,20.0
2308,97,4,-18.39,12.95,0.0,False,False,33.39,217.41,20.0
2309,97,5,-19.96,4.7,0.0,False,False,34.96,181.66,20.0
2310,97,6,-18.32,11.62,0.0,False,False,33.32,207.47,20.0
2311,97,7,-18.89,3.76,0.0,False,False,33.89,157.92,20.0
2312,97,8,-16.23,3.09,53.0,False,False,31.23,159.78,20.0
2313,97,9,-18.44,6.46,247.9,False,False,33.44,176.83,20.0
2314,97,10,-17.25,8.07,241.7,False,False,32.25,188.22,20.0
2315,97,11,-17.31,19.56,331.7,False,False,32.31,247.71,20.0
2316,97,12,-18.55,7.97,388.5,False,False,33.55,193.56,20.0
2317,97,13,-17.23,4.05,377.7,False,False,32.23,166.16,20.0
2318,97,14,-13.77,10.69,206.7,False,False,28.77,182.48,20.0
2319,97,15,-19.1,14.02,120.4,False,False,34.1,225.3,20.0
2320,97,16,-18.13,4.56,76.9,False,False,33.13,171.48,20.0
2321,97,17,-16.94,11.41,0.0,False,False,31.94,199.54,20.0
2322,97,18,-17.69,13.14,0.0,False,False,32.69,210.34,20.0
2323,97,19,-20.46,10.82,0.0,False,False,35.46,220.78,20.0
2324,97,20,-25.74,5.09,0.0,False,False,40.74,206.41,20.0
2325,97,21,-20.35,8.11,0.0,False,False,35.35,204.95,20.0
2326,97,22,-26.14,23.89,0.0,False,False,41.14,323.07,20.0
2327,97,23,-18.96,12.76,0.0,False,False,33.96,218.96,20.0
2328,98,0,-21.93,5.27,0.0,False,False,36.93,191.69,20.0
2329,98,1,-20.2,11.55,0.0,False,False,35.2,220.48,20.0
2330,98,2,-23.8,6.77,0.0,False,False,38.8,211.87,20.0
2331,98,3,-24.79,6.02,0.0,False,False,39.79,209.22,20.0
2332,98,4,-20.75,7.47,0.0,False,False,35.75,196.76,20.0
2333,98,5,-20.85,1.68,0.0,False,False,35.85,165.63,20.0
2334,98,6,-21.25,2.05,0.0,False,False,36.25,178.78,20.0
2335,98,7,-19.58,2.43,0.0,False,False,34.58,167.14,20.0
2336,98,8,-13.73,9.09,32.8,False,False,28.73,174.94,20.0
2337,98,9,-17.18,6.39,158.0,False,False,32.18,184.68,20.0
2338,98,10,-16.44,5.1,222.9,False,False,31.44,174.01,20.0
2339,98,11,-16.65,7.14,549.7,False,False,31.65,182.31,20.0
2340,98,12,-15.31,11.69,527.3,False,False,30.31,193.54,20.0
2341,98,13,-18.72,2.28,552.8,False,False,33.72,173.85,20.0
2342,98,14,-22.64,6.97,204.9,False,False,37.64,206.37,20.0
2343,98,15,-19.23,3.99,119.0,False,False,34.23,177.21,20.0
2344,98,16,-17.64,21.13,39.8,False,False,32.64,252.22,20.0
2345,98,17,-21.69,7.32,0.0,False,False,36.69,197.04,20.0
2346,98,18,-20.62,13.2,0.0,False,False,35.62,224.17,20.0
2347,98,19,-22.17,10.87,0.0,False,False,37.17,226.18,20.0
2348,98,20,-18.26,5.82,0.0,False,False,33.26,182.04,20.0
2349,98,21,-20.18,16.02,0.0,False,False,35.18,241.15,20.0
2350,98,22,-20.7,5.32,0.0,False,False,35.7,183.04,20.0
2351,98,23,-20.96,9.01,0.0,False,False,35.96,202.91,20.0
2352,99,0,-22.64,8.41,0.0,False,False,37.64,211.62,20.0
2353,99,1,-22.1,8.82,0.0,False,False,37.1,206.98,20.0
2354,99,2,-24.66,14.68,0.0,False,False,39.66,262.84,20.0
2355,99,3,-26.35,7.42,0.0,False,False,41.35,227.95,20.0
2356,99,4,-21.26,19.71,0.0,False,False,36.26,279.55,20.0
2357,99,5,-20.43,23.15,0.0,False,False,35.43,284.92,20.0
2358,99,6,-18.14,8.36,0.0,False,False,33.14,190.23,20.0
2359,99,7,-16.9,19.14,0.0,False,False,31.9,235.18,20.0
2360,99,8,-16.42,12.71,28.1,False,False,31.42,191.64,20.0
2361,99,9,-21.14,3.0,183.1,False,False,36.14,174.53,20.0
2362,99,10,-19.53,5.43,422.8,False,False,34.53,182.91,20.0
2363,99,11,-17.67,7.69,347.6,False,False,32.67,191.1,20.0
2364,99,12,-13.5,14.53,551.4,False,False,28.5,200.76,20.0
2365,99,13,-15.67,15.24,379.3,False,False,30.67,215.61,20.0
2366,99,14,-16.59,7.2,395.8,False,False,31.59,181.06,20.0
2367,99,15,-19.92,5.34,236.5,False,False,34.92,187.36,20.0
2368,99,16,-21.33,6.68,21.6,False,False,36.33,203.45,20.0
2369,99,17,-18.47,7.83,0.0,False,False,33.47,187.16,20.0
2370,99,18,-22.76,6.44,0.0,False,False,37.76,200.48,20.0
2371,99,19,-21.56,13.37,0.0,False,False,36.56,229.76,20.0
2372,99,20,-21.79,6.12,0.0,False,False,36.79,202.98,20.0
2373,99,21,-18.79,4.59,0.0,False,False,33.79,181.58,20.0
2374,99,22,-23.0,6.61,0.0,False,False,38.0,207.29,20.0
2375,99,23,-27.37,8.63,0.0,False,False,42.37,230.64,20.0
2376,100,0,-21.85,13.49,0.0,False,False,36.85,238.18,20.0
2377,100,1,-24.19,4.4,0.0,False,False,39.19,195.33,20.0
2378,100,2,-22.5,8.66,0.0,False,False,37.5,214.04,20.0
2379,100,3,-22.44,8.79,0.0,False,False,37.44,213.42,20.0
2380,100,4,-22.4,9.63,0.0,False,False,37.4,220.78,20.0
2381,100,5,-19.79,6.12,0.0,False,False,34.79,186.69,20.0
2382,100,6,-23.92,9.54,0.0,False,False,38.92,228.66,20.0
2383,100,7,-21.37,10.73,0.0,False,False,36.37,220.89,20.0
2384,100,8,-18.49,6.08,4.3,False,False,33.49,181.54,20.0
2385,100,9,-20.67,8.15,230.9,False,False,35.67,202.3,20.0
2386,100,10,-22.34,6.82,311.1,False,False,37.34,200.92,20.0
2387,100,11,-17.59,4.93,339.9,False,False,32.59,176.64,20.0
2388,100,12,-16.61,3.54,371.2,False,False,31.61,161.85,20.0
2389,100,13,-19.01,5.32,261.1,False,False,34.01,182.15,20.0
2390,100,14,-23.05,5.53,303.0,False,False,38.05,196.75,20.0
2391,100,15,-18.03,3.51,153.4,False,False,33.03,162.15,20.0
2392,100,16,-23.18,24.23,5.7,False,False,38.18,309.57,20.0
2393,100,17,-19.72,11.11,0.0,False,False,34.72,209.73,20.0
2394,100,18,-22.63,6.72,0.0,False,False,37.63,206.06,20.0
2395,100,19,-23.69,7.24,0.0,False,False,38.69,212.51,20.0
2396,100,20,-22.74,5.72,0.0,False,False,37.74,191.52,20.0
2397,100,21,-22.64,7.03,0.0,False,False,37.64,201.36,20.0
2398,100,22,-23.88,9.58,0.0,False,False,38.88,223.23,20.0
2399,100,23,-21.61,8.67,0.0,False,False,36.61,206.48,20.0
2400,101,0,-24.04,7.01,56.6,False,False,39.04,206.25,20.0
2401,101,1,-21.12,5.52,0.0,False,False,36.12,193.45,20.0
2402,101,2,-22.32,10.66,0.0,False,False,37.32,223.14,20.0
2403,101,3,-23.96,5.82,0.0,False,False,38.96,205.23,20.0
2404,101,4,-23.88,3.67,0.0,False,False,38.88,189.1,20.0
2405,101,5,-24.96,7.9,0.0,False,False,39.96,221.45,20.0
2406,101,6,-20.57,2.68,0.0,False,False,35.57,170.12,20.0
2407,101,7,-21.34,8.49,0.0,False,False,36.34,207.46,20.0
2408,101,8,-24.89,8.8,0.0,False,False,39.89,227.63,20.0
2409,101,9,-20.81,5.29,214.2,False,False,35.81,188.19,20.0
2410,101,10,-21.22,5.7,275.3,False,False,36.22,190.04,20.0
2411,101,11,-16.07,11.41,549.1,False,False,31.07,193.25,20.0
2412,101,12,-22.55,33.22,301.6,False,False,37.55,352.94,20.0
2413,101,13,-22.1,7.45,538.6,False,False,37.1,206.56,20.0
2414,101,14,-17.2,2.08,314.5,False,False,32.2,157.05,20.0
2415,101,15,-17.02,5.35,172.1,False,False,32.02,170.08,20.0
2416,101,16,-21.64,8.84,0.0,False,False,36.64,213.0,20.0
2417,101,17,-21.89,6.87,0.0,False,False,36.89,210.99,20.0
2418,101,18,-19.92,8.55,0.0,False,False,34.92,200.32,20.0
2419,101,19,-26.32,7.91,0.0,False,False,41.32,227.6,20.0
2420,101,20,-25.87,8.01,0.0,False,False,40.87,226.4,20.0
2421,101,21,-23.12,2.18,0.0,False,False,38.12,169.18,20.0
2422,101,22,-19.78,5.69,0.0,False,False,34.78,186.48,20.0
2423,101,23,-23.95,5.4,0.0,False,False,38.95,198.36,20.0
2424,102,0,-23.24,5.36,127.7,False,False,38.24,203.65,20.0
2425,102,1,-21.1,9.94,0.0,False,False,36.1,213.33,20.0
2426,102,2,-18.96,3.86,0.0,False,False,33.96,170.22,20.0
2427,102,3,-24.01,2.19,0.0,False,False,39.01,181.77,20.0
2428,102,4,-22.47,5.3,0.0,False,False,37.47,195.36,20.0
2429,102,5,-18.31,4.74,0.0,False,False,33.31,173.04,20.0
2430,102,6,-24.48,7.47,0.0,False,False,39.48,215.36,20.0
2431,102,7,-18.87,4.72,0.0,False,False,33.87,171.95,20.0
2432,102,8,-22.48,6.36,0.0,False,False,37.48,199.79,20.0
2433,102,9,-19.82,5.9,78.6,False,False,34.82,190.34,20.0
2434,102,10,-20.19,13.15,337.5,False,False,35.19,234.9,20.0
2435,102,11,-21.42,4.78,273.1,False,False,36.42,190.48,20.0
2436,102,12,-21.4,9.65,575.3,False,False,36.4,215.26,20.0
2437,102,13,-18.95,6.99,503.6,False,False,33.95,193.97,20.0
2438,102,14,-17.72,11.53,314.8,False,False,32.72,210.37,20.0
2439,102,15,-20.28,15.11,182.8,False,False,35.28,244.51,20.0
2440,102,16,-20.3,6.93,0.0,False,False,35.3,198.98,20.0
2441,102,17,-19.78,2.73,0.0,False,False,34.78,170.07,20.0
2442,102,18,-23.38,3.87,0.0,False,False,38.38,191.13,20.0
2443,102,19,-20.48,3.37,0.0,False,False,35.48,177.19,20.0
2444,102,20,-20.8,5.7,0.0,False,False,35.8,191.38,20.0
2445,102,21,-17.65,5.24,0.0,False,False,32.65,175.94,20.0
2446,102,22,-23.92,8.11,0.0,False,False,38.92,213.76,20.0
2447,102,23,-24.29,11.1,0.0,False,False,39.29,227.73,20.0
2448,103,0,-22.19,2.57,124.9,False,False,37.19,175.66,20.0
2449,103,1,-22.02,7.26,0.0,False,False,37.02,195.67,20.0
2450,103,2,-24.53,4.86,0.0,False,False,39.53,200.59,20.0
2451,103,3,-23.95,7.39,0.0,False,False,38.95,212.83,20.0
2452,103,4,-21.64,5.71,0.0,False,False,36.64,186.93,20.0
2453,103,5,-23.9,10.18,0.0,False,False,38.9,231.63,20.0
2454,103,6,-22.55,4.02,0.0,False,False,37.55,191.27,20.0
2455,103,7,-21.03,5.02,0.0,False,False,36.03,187.81,20.0
2456,103,8,-18.74,6.69,0.0,False,False,33.74,193.5,20.0
2457,103,9,-21.52,6.03,123.6,False,False,36.52,202.38,20.0
2458,103,10,-23.68,6.67,183.8,False,False,38.68,202.65,20.0
2459,103,11,-23.63,2.93,263.8,False,False,38.63,189.74,20.0
2460,103,12,-22.25,13.99,448.0,False,False,37.25,244.13,20.0
2461,103,13,-22.42,5.49,342.4,False,False,37.42,197.23,20.0
2462,103,14,-20.3,4.17,347.2,False,False,35.3,183.78,20.0
2463,103,15,-22.69,6.77,170.5,False,False,37.69,201.01,20.0
2464,103,16,-22.13,7.29,0.0,False,False,37.13,202.05,20.0
2465,103,17,-22.76,16.97,0.0,False,False,37.76,258.64,20.0
2466,103,18,-22.61,11.97,0.0,False,False,37.61,229.86,20.0
2467,103,19,-19.6,5.96,0.0,False,False,34.6,186.26,20.0
2468,103,20,-21.4,15.49,0.0,False,False,36.4,240.25,20.0
2469,103,21,-23.11,14.01,0.0,False,False,38.11,242.86,20.0
2470,103,22,-24.38,19.19,0.0,False,False,39.38,286.68,20.0
2471,103,23,-24.53,33.91,0.0,False,False,39.53,372.28,20.0
2472,104,0,-23.36,5.54,161.4,False,False,38.36,201.16,20.0
2473,104,1,-22.78,7.72,48.5,False,False,37.78,202.09,20.0
2474,104,2,-25.56,27.95,0.0,False,False,40.56,341.7,20.0
2475,104,3,-23.35,2.57,0.0,False,False,38.35,180.28,20.0
2476,104,4,-27.08,6.67,0.0,False,False,42.08,221.89,20.0
2477,104,5,-22.11,23.33,0.0,False,False,37.11,291.27,20.0
2478,104,6,-20.49,11.75,0.0,False,False,35.49,224.85,20.0
2479,104,7,-22.06,7.11,0.0,False,False,37.06,202.88,20.0
2480,104,8,-17.38,2.59,0.0,False,False,32.38,161.26,20.0
2481,104,9,-22.36,31.91,128.5,False,False,37.36,343.43,20.0
2482,104,10,-19.85,7.24,244.1,False,False,34.85,197.2,20.0
2483,104,11,-20.15,8.49,523.5,False,False,35.15,200.36,20.0
2484,104,12,-20.21,3.12,499.2,False,False,35.21,178.64,20.0
2485,104,13,-20.31,13.7,267.2,False,False,35.31,232.39,20.0
2486,104,14,-20.07,5.58,279.3,False,False,35.07,187.19,20.0
2487,104,15,-18.9,4.87,84.0,False,False,33.9,178.41,20.0
2488,104,16,-18.26,12.21,0.0,False,False,33.26,214.43,20.0
2489,104,17,-21.5,3.32,0.0,False,False,36.5,184.04,20.0
2490,104,18,-20.38,8.55,0.0,False,False,35.38,207.37,20.0
2491,104,19,-23.93,4.79,0.0,False,False,38.93,199.05,20.0
2492,104,20,-21.48,9.06,0.0,False,False,36.48,214.82,20.0
2493,104,21,-24.95,10.26,0.0,False,False,39.95,234.8,20.0
2494,104,22,-21.56,5.48,0.0,False,False,36.56,197.05,20.0
2495,104,23,-19.52,13.31,62.3,False,False,34.52,224.28,20.0
2496,105,0,-24.54,7.25,232.9,False,False,39.54,206.23,20.0
2497,105,1,-28.61,17.03,105.3,False,False,43.61,301.31,20.0
2498,105,2,-25.13,12.28,0.0,False,False,40.13,247.77,20.0
2499,105,3,-21.25,7.66,0.0,False,False,36.25,197.97,20.0
2500,105,4,-22.19,7.64,0.0,False,False,37.19,205.83,20.0
2501,105,5,-22.32,3.51,0.0,False,False,37.32,180.54,20.0
2502,105,6,-20.28,12.2,0.0,False,False,35.28,230.86,20.0
2503,105,7,-20.81,5.2,0.0,False,False,35.81,189.51,20.0
2504,105,8,-18.86,8.09,0.0,False,False,33.86,188.17,20.0
2505,105,9,-19.04,16.96,59.1,False,False,34.04,242.71,20.0
2506,105,10,-17.52,13.19,216.8,False,False,32.52,211.81,20.0
2507,105,11,-19.65,4.34,490.0,False,False,34.65,186.1,20.0
2508,105,12,-18.49,22.27,287.6,False,False,33.49,259.83,20.0
2509,105,13,-20.98,8.5,337.2,False,False,35.98,197.02,20.0
2510,105,14,-21.77,13.99,287.4,False,False,36.77,240.09,20.0
2511,105,15,-17.47,12.97,73.9,False,False,32.47,210.68,20.0
2512,105,16,-20.87,9.6,0.0,False,False,35.87,209.77,20.0
2513,105,17,-20.17,9.15,0.0,False,False,35.17,197.25,20.0
2514,105,18,-22.05,7.2,0.0,False,False,37.05,205.28,20.0
2515,105,19,-23.99,8.38,0.0,False,False,38.99,225.47,20.0
2516,105,20,-23.28,6.35,0.0,False,False,38.28,196.32,20.0
2517,105,21,-20.84,10.74,0.0,False,False,35.84,222.11,20.0
2518,105,22,-22.92,9.39,0.0,False,False,37.92,217.48,20.0
2519,105,23,-27.65,11.98,102.9,False,False,42.65,267.52,20.0
2520,106,0,-25.01,11.82,271.8,False,False,40.01,245.71,20.0
2521,106,1,-20.95,17.4,208.0,False,False,35.95,253.12,20.0
2522,106,2,-24.74,5.19,1.2,False,False,39.74,207.53,20.0
2523,106,3,-27.59,1.87,0.0,False,False,42.59,195.34,20.0
2524,106,4,-19.79,4.98,0.0,False,False,34.79,179.95,20.0
2525,106,5,-21.73,8.34,0.0,False,False,36.73,211.33,20.0
2526,106,6,-22.72,6.36,0.0,False,False,37.72,199.65,20.0
2527,106,7,-22.81,6.22,0.0,False,False,37.81,194.11,20.0
2528,106,8,-19.42,4.82,0.0,False,False,34.42,188.16,20.0
2529,106,9,-22.25,8.94,79.5,False,False,37.25,212.75,20.0
2530,106,10,-18.55,2.64,319.7,False,False,33.55,163.21,20.0
2531,106,11,-19.56,9.56,295.6,False,False,34.56,206.51,20.0
2532,106,12,-20.09,9.65,475.6,False,False,35.09,201.84,20.0
2533,106,13,-20.36,11.85,450.2,False,False,35.36,215.59,20.0
2534,106,14,-21.2,26.77,216.5,False,False,36.2,304.2,20.0
2535,106,15,-19.07,1.73,90.3,False,False,34.07,160.79,20.0
2536,106,16,-23.31,9.44,0.0,False,False,38.31,222.13,20.0
2537,106,17,-25.31,10.37,0.0,False,False,40.31,241.18,20.0
2538,106,18,-21.35,4.98,0.0,False,False,36.35,186.58,20.0
2539,106,19,-21.83,6.59,0.0,False,False,36.83,201.23,20.0
2540,106,20,-22.62,5.62,0.0,False,False,37.62,199.5,20.0
2541,106,21,-23.18,9.74,0.0,False,False,38.18,218.62,20.0
2542,106,22,-24.95,12.5,1.6,False,False,39.95,248.66,20.0
2543,106,23,-22.94,3.79,222.8,False,False,37.94,184.21,20.0
2544,107,0,-24.95,8.99,266.8,False,False,39.95,230.97,20.0
2545,107,1,-25.77,13.78,211.9,False,False,40.77,261.56,20.0
2546,107,2,-25.22,5.18,101.7,False,False,40.22,205.02,20.0
2547,107,3,-20.23,1.47,0.0,False,False,35.23,160.15,20.0
2548,107,4,-27.33,4.51,0.0,False,False,42.33,209.56,20.0
2549,107,5,-22.38,4.23,0.0,False,False,37.38,185.27,20.0
2550,107,6,-26.22,4.65,0.0,False,False,41.22,208.48,20.0
2551,107,7,-22.56,16.81,0.0,False,False,37.56,259.42,20.0
2552,107,8,-22.73,18.75,0.0,False,False,37.73,268.6,20.0
2553,107,9,-25.62,14.66,46.6,False,False,40.62,268.01,20.0
2554,107,10,-20.35,6.29,135.4,False,False,35.35,194.36,20.0
2555,107,11,-21.69,14.94,471.2,False,False,36.69,242.26,20.0
2556,107,12,-25.06,1.89,544.1,False,False,40.06,189.2,20.0
2557,107,13,-19.25,4.1,460.7,False,False,34.25,174.47,20.0
2558,107,14,-18.26,10.87,194.7,False,False,33.26,204.43,20.0
2559,107,15,-18.47,5.43,47.3,False,False,33.47,179.86,20.0
2560,107,16,-21.14,3.8,0.0,False,False,36.14,178.24,20.0
2561,107,17,-22.25,8.85,0.0,False,False,37.25,211.88,20.0
2562,107,18,-20.2,8.96,0.0,False,False,35.2,204.31,20.0
2563,107,19,-20.01,9.41,0.0,False,False,35.01,212.57,20.0
2564,107,20,-21.59,9.95,0.0,False,False,36.59,222.7,20.0
2565,107,21,-26.16,8.63,0.0,False,False,41.16,228.96,20.0
2566,107,22,-24.19,6.92,88.0,False,False,39.19,217.53,20.0
2567,107,23,-23.91,7.59,210.1,False,False,38.91,213.64,20.0
2568,108,0,-28.76,10.94,460.0,False,False,43.76,258.36,20.0
2569,108,1,-24.13,8.47,291.0,False,False,39.13,223.46,20.0
2570,108,2,-20.32,5.75,198.2,False,False,35.32,189.66,20.0
2571,108,3,-23.27,4.94,0.0,False,False,38.27,205.48,20.0
2572,108,4,-21.19,7.55,0.0,False,False,36.19,202.77,20.0
2573,108,5,-23.29,13.74,0.0,False,False,38.29,241.65,20.0
2574,108,6,-23.28,10.02,0.0,False,False,38.28,230.25,20.0
2575,108,7,-21.86,14.11,0.0,False,False,36.86,239.32,20.0
2576,108,8,-23.77,6.23,0.0,False,False,38.77,204.08,20.0
2577,108,9,-23.65,8.15,14.5,False,False,38.65,203.96,20.0
2578,108,10,-18.87,8.78,163.9,False,False,33.87,201.99,20.0
2579,108,11,-18.46,11.2,235.7,False,False,33.46,211.56,20.0
2580,108,12,-23.12,21.24,496.5,False,False,38.12,291.63,20.0
2581,108,13,-19.27,10.01,279.3,False,False,34.27,210.03,20.0
2582,108,14,-21.58,13.36,219.0,False,False,36.58,242.13,20.0
2583,108,15,-21.04,7.12,22.9,False,False,36.04,198.63,20.0
2584,108,16,-21.22,4.6,0.0,False,False,36.22,189.65,20.0
2585,108,17,-20.63,13.58,0.0,False,False,35.63,228.62,20.0
2586,108,18,-22.97,10.47,0.0,False,False,37.97,224.72,20.0
2587,108,19,-20.83,3.31,0.0,False,False,35.83,181.67,20.0
2588,108,20,-23.52,7.2,0.0,False,False,38.52,211.43,20.0
2589,108,21,-23.3,17.32,0.0,False,False,38.3,261.73,20.0
2590,108,22,-26.54,9.61,110.0,False,False,41.54,239.25,20.0
2591,108,23,-20.75,7.55,450.5,False,False,35.75,199.16,20.0
2592,109,0,-24.47,4.29,338.9,False,False,39.47,193.43,20.0
2593,109,1,-23.92,4.28,268.0,False,False,38.92,196.27,20.0
2594,109,2,-28.36,10.85,182.6,False,False,43.36,252.7,20.0
2595,109,3,-26.47,19.5,29.7,False,False,41.47,292.72,20.0
2596,109,4,-21.94,8.81,0.0,False,False,36.94,207.58,20.0
2597,109,5,-23.36,7.11,0.0,False,False,38.36,215.74,20.0
2598,109,6,-27.24,8.54,0.0,False,False,42.24,228.22,20.0
2599,109,7,-20.82,6.8,0.0,False,False,35.82,197.05,20.0
2600,109,8,-23.5,9.39,0.0,False,False,38.5,224.87,20.0
2601,109,9,-19.18,11.82,0.0,False,False,34.18,217.53,20.0
2602,109,10,-21.86,6.85,121.1,False,False,36.86,195.92,20.0
2603,109,11,-21.07,11.31,485.8,False,False,36.07,220.33,20.0
2604,109,12,-19.05,14.41,428.3,False,False,34.05,228.12,20.0
2605,109,13,-23.28,8.77,396.1,False,False,38.28,221.05,20.0
2606,109,14,-23.67,10.72,223.7,False,False,38.67,228.35,20.0
2607,109,15,-22.39,3.81,0.0,False,False,37.39,181.36,20.0
2608,109,16,-20.76,6.93,0.0,False,False,35.76,200.61,20.0
2609,109,17,-25.56,3.09,0.0,False,False,40.56,198.01,20.0
2610,109,18,-26.75,5.68,0.0,False,False,41.75,215.65,20.0
2611,109,19,-22.28,6.97,0.0,False,False,37.28,200.84,20.0
2612,109,20,-25.62,18.06,0.0,False,False,40.62,286.65,20.0
2613,109,21,-25.61,4.98,33.1,False,False,40.61,205.72,20.0
2614,109,22,-28.86,7.37,263.1,False,False,43.86,237.19,20.0
2615,109,23,-26.7,4.5,284.6,False,False,41.7,201.59,20.0
2616,110,0,-25.7,6.67,272.8,False,False,40.7,216.43,20.0
2617,110,1,-23.76,9.47,286.0,False,False,38.76,223.45,20.0
2618,110,2,-26.96,10.23,261.1,False,False,41.96,239.22,20.0
2619,110,3,-21.78,6.22,163.0,False,False,36.78,197.87,20.0
2620,110,4,-26.05,5.36,0.0,False,False,41.05,209.5,20.0
2621,110,5,-25.57,1.25,0.0,False,False,40.57,180.79,20.0
2622,110,6,-20.61,15.34,0.0,False,False,35.61,242.47,20.0
2623,110,7,-22.74,20.98,0.0,False,False,37.74,278.86,20.0
2624,110,8,-23.79,2.11,0.0,False,False,38.79,181.19,20.0
2625,110,9,-22.58,13.39,0.0,False,False,37.58,242.46,20.0
2626,110,10,-19.25,2.43,179.2,False,False,34.25,168.22,20.0
2627,110,11,-18.82,13.4,274.2,False,False,33.82,225.51,20.0
2628,110,12,-23.32,3.13,376.2,False,False,38.32,180.81,20.0
2629,110,13,-21.84,3.5,396.9,False,False,36.84,176.2,20.0
2630,110,14,-21.77,4.03,253.6,False,False,36.77,185.85,20.0
2631,110,15,-24.24,5.73,0.0,False,False,39.24,206.12,20.0
2632,110,16,-22.8,13.47,0.0,False,False,37.8,250.81,20.0
2633,110,17,-23.16,4.11,0.0,False,False,38.16,193.1,20.0
2634,110,18,-21.4,9.46,0.0,False,False,36.4,209.64,20.0
2635,110,19,-21.79,8.44,0.0,False,False,36.79,212.53,20.0
2636,110,20,-25.34,7.72,0.0,False,False,40.34,217.42,20.0
2637,110,21,-25.53,12.24,126.8,False,False,40.53,243.17,20.0
2638,110,22,-24.09,8.04,399.3,False,False,39.09,227.67,20.0
2639,110,23,-26.79,8.36,376.6,False,False,41.79,232.44,20.0
2640,111,0,-24.78,10.67,202.6,False,False,39.78,238.82,20.0
2641,111,1,-26.06,5.84,464.6,False,False,41.06,214.61,20.0
2642,111,2,-27.63,7.41,481.9,False,False,42.63,236.05,20.0
2643,111,3,-27.28,8.76,280.5,False,False,42.28,236.99,20.0
2644,111,4,-22.06,11.66,0.0,False,False,37.06,233.28,20.0
2645,111,5,-24.79,6.92,0.0,False,False,39.79,209.52,20.0
2646,111,6,-20.67,7.34,0.0,False,False,35.67,192.85,20.0
2647,111,7,-24.46,9.35,0.0,False,False,39.46,232.32,20.0
2648,111,8,-22.37,6.99,0.0,False,False,37.37,209.67,20.0
2649,111,9,-17.76,5.04,0.0,False,False,32.76,176.64,20.0
2650,111,10,-24.34,10.66,203.0,False,False,39.34,234.7,20.0
2651,111,11,-25.82,8.07,297.2,False,False,40.82,225.7,20.0
2652,111,12,-19.38,6.08,504.1,False,False,34.38,183.62,20.0
2653,111,13,-23.68,4.03,248.0,False,False,38.68,198.31,20.0
2654,111,14,-22.26,2.46,102.2,False,False,37.26,180.62,20.0
2655,111,15,-23.71,9.59,0.0,False,False,38.71,226.58,20.0
2656,111,16,-22.42,4.98,0.0,False,False,37.42,194.2,20.0
2657,111,17,-25.34,3.02,0.0,False,False,40.34,196.55,20.0
2658,111,18,-24.32,4.66,0.0,False,False,39.32,200.33,20.0
2659,111,19,-23.57,8.74,0.0,False,False,38.57,221.97,20.0
2660,111,20,-26.97,4.95,0.0,False,False,41.97,205.79,20.0
2661,111,21,-26.77,8.83,202.0,False,False,41.77,236.03,20.0
2662,111,22,-26.38,5.52,413.5,False,False,41.38,220.43,20.0
2663,111,23,-28.74,7.38,266.2,False,False,43.74,231.31,20.0
2664,112,0,-27.07,7.71,227.3,False,False,42.07,227.76,20.0
2665,112,1,-25.92,10.38,362.0,False,False,40.92,243.22,20.0
2666,112,2,-26.75,10.54,271.3,False,False,41.75,248.44,20.0
2667,112,3,-26.18,7.51,357.4,False,False,41.18,225.66,20.0
2668,112,4,-25.26,4.4,91.4,False,False,40.26,193.93,20.0
2669,112,5,-26.05,12.9,0.0,False,False,41.05,257.8,20.0
2670,112,6,-22.84,6.01,0.0,False,False,37.84,195.47,20.0
2671,112,7,-20.83,1.62,0.0,False,False,35.83,165.06,20.0
2672,112,8,-24.15,8.58,0.0,False,False,39.15,222.86,20.0
2673,112,9,-21.84,8.75,0.0,False,False,36.84,210.06,20.0
2674,112,10,-22.97,6.14,166.1,False,False,37.97,204.71,20.0
2675,112,11,-21.56,3.14,203.3,False,False,36.56,191.8,20.0
2676,112,12,-19.09,2.76,491.7,False,False,34.09,171.31,20.0
2677,112,13,-21.27,6.38,249.0,False,False,36.27,198.67,20.0
2678,112,14,-26.04,4.17,130.1,False,False,41.04,198.42,20.0
2679,112,15,-21.9,11.64,0.0,False,False,36.9,224.94,20.0
2680,112,16,-20.76,6.25,0.0,False,False,35.76,188.7,20.0
2681,112,17,-24.15,5.85,0.0,False,False,39.15,202.5,20.0
2682,112,18,-22.23,17.12,0.0,False,False,37.23,255.38,20.0
2683,112,19,-26.12,1.79,0.0,False,False,41.12,184.99,20.0
2684,112,20,-28.19,7.35,143.6,False,False,43.19,229.99,20.0
2685,112,21,-25.35,2.51,451.5,False,False,40.35,185.31,20.0
2686,112,22,-29.47,13.56,353.8,False,False,44.47,272.08,20.0
2687,112,23,-26.63,17.98,216.0,False,False,41.63,285.05,20.0
2688,113,0,-23.91,8.93,0.0,False,False,38.91,223.45,20.0
2689,113,1,-30.24,8.3,187.7,False,False,45.24,246.33,20.0
2690,113,2,-28.78,2.48,492.1,False,False,43.78,205.49,20.0
2691,113,3,-27.97,8.97,227.0,False,False,42.97,244.5,20.0
2692,113,4,-25.61,5.51,276.3,False,False,40.61,207.15,20.0
2693,113,5,-25.74,9.84,0.0,False,False,40.74,238.18,20.0
2694,113,6,-21.69,5.32,0.0,False,False,36.69,185.92,20.0
2695,113,7,-22.06,8.98,0.0,False,False,37.06,222.64,20.0
2696,113,8,-22.5,6.97,0.0,False,False,37.5,208.99,20.0
2697,113,9,-22.78,8.97,0.0,False,False,37.78,215.87,20.0
2698,113,10,-21.97,9.75,105.4,False,False,36.97,212.72,20.0
2699,113,11,-24.28,6.58,439.9,False,False,39.28,210.99,20.0
2700,113,12,-20.77,6.02,431.6,False,False,35.77,184.28,20.0
2701,113,13,-24.78,9.62,346.4,False,False,39.78,226.58,20.0
2702,113,14,-21.08,5.56,88.7,False,False,36.08,193.54,20.0
2703,113,15,-20.7,6.65,0.0,False,False,35.7,195.15,20.0
2704,113,16,-23.07,14.86,0.0,False,False,38.07,249.72,20.0
2705,113,17,-24.32,7.39,0.0,False,False,39.32,218.21,20.0
2706,113,18,-23.69,10.54,0.0,False,False,38.69,225.82,20.0
2707,113,19,-30.73,5.11,0.0,False,False,45.73,227.53,20.0
2708,113,20,-24.88,8.92,277.1,False,False,39.88,223.98,20.0
2709,113,21,-26.13,6.75,299.1,False,False,41.13,214.87,20.0
2710,113,22,-26.32,6.11,327.9,False,False,41.32,216.95,20.0
2711,113,23,-25.01,2.36,193.1,False,False,40.01,183.22,20.0
2712,114,0,-26.9,4.2,0.0,False,False,41.9,213.09,20.0
2713,114,1,-28.96,2.16,22.5,False,False,43.96,197.58,20.0
2714,114,2,-26.76,17.68,384.7,False,False,41.76,297.34,20.0
2715,114,3,-26.03,6.93,432.6,False,False,41.03,214.57,20.0
2716,114,4,-25.52,7.42,363.8,False,False,40.52,222.19,20.0
2717,114,5,-24.94,11.49,94.0,False,False,39.94,236.85,20.0
2718,114,6,-22.67,8.5,0.0,False,False,37.67,208.21,20.0
2719,114,7,-26.4,6.09,0.0,False,False,41.4,215.94,20.0
2720,114,8,-23.4,6.12,0.0,False,False,38.4,205.84,20.0
2721,114,9,-20.76,19.01,0.0,False,False,35.76,256.3,20.0
2722,114,10,-26.49,9.29,78.2,False,False,41.49,240.32,20.0
2723,114,11,-22.46,9.46,227.3,False,False,37.46,214.84,20.0
2724,114,12,-23.92,7.46,492.7,False,False,38.92,213.62,20.0
2725,114,13,-23.56,6.84,332.9,False,False,38.56,209.47,20.0
2726,114,14,-24.83,9.5,42.8,False,False,39.83,231.59,20.0
2727,114,15,-23.67,3.96,0.0,False,False,38.67,184.52,20.0
2728,114,16,-20.07,8.73,0.0,False,False,35.07,209.62,20.0
2729,114,17,-26.76,15.27,0.0,False,False,41.76,276.53,20.0
2730,114,18,-27.09,5.19,0.0,False,False,42.09,210.75,20.0
2731,114,19,-27.87,6.5,103.5,False,False,42.87,219.89,20.0
2732,114,20,-22.29,13.27,197.3,False,False,37.29,231.78,20.0
2733,114,21,-27.09,7.47,353.3,False,False,42.09,221.4,20.0
2734,114,22,-26.53,10.96,274.9,False,False,41.53,248.35,20.0
2735,114,23,-27.49,8.99,31.3,False,False,42.49,236.9,20.0
2736,115,0,-28.9,9.36,0.0,False,False,43.9,242.59,20.0
2737,115,1,-27.41,5.03,0.0,False,False,42.41,210.6,20.0
2738,115,2,-21.82,4.95,55.7,False,False,36.82,196.42,20.0
2739,115,3,-23.64,10.24,377.6,False,False,38.64,226.68,20.0
2740,115,4,-27.71,3.31,329.7,False,False,42.71,200.54,20.0
2741,115,5,-24.23,6.65,285.6,False,False,39.23,215.07,20.0
2742,115,6,-26.67,9.51,0.0,False,False,41.67,239.63,20.0
2743,115,7,-28.04,6.48,0.0,False,False,43.04,224.74,20.0
2744,115,8,-21.97,6.87,0.0,False,False,36.97,198.97,20.0
2745,115,9,-21.27,15.32,0.0,False,False,36.27,238.2,20.0
2746,115,10,-21.18,11.23,23.5,False,False,36.18,217.04,20.0
2747,115,11,-24.02,14.07,340.4,False,False,39.02,250.29,20.0
2748,115,12,-23.34,36.18,530.0,False,False,38.34,374.88,20.0
2749,115,13,-21.58,13.47,275.2,False,False,36.58,237.39,20.0
2750,115,14,-22.49,5.79,18.0,False,False,37.49,199.74,20.0
2751,115,15,-24.38,4.57,0.0,False,False,39.38,198.9,20.0
2752,115,16,-27.25,5.83,0.0,False,False,42.25,218.03,20.0
2753,115,17,-24.26,9.59,0.0,False,False,39.26,223.08,20.0
2754,115,18,-22.85,6.14,0.0,False,False,37.85,192.36,20.0
2755,115,19,-27.92,5.14,267.9,False,False,42.92,213.35,20.0
2756,115,20,-24.73,14.92,354.9,False,False,39.73,257.24,20.0
2757,115,21,-25.76,6.04,353.6,False,False,40.76,209.75,20.0
2758,115,22,-25.24,9.22,117.4,False,False,40.24,228.32,20.0
2759,115,23,-25.2,9.09,0.0,False,False,40.2,223.48,20.0
2760,116,0,-28.65,2.39,0.0,False,False,43.65,195.89,20.0
2761,116,1,-30.43,14.47,0.0,False,False,45.43,288.58,20.0
2762,116,2,-28.06,3.82,0.0,False,False,43.06,207.93,20.0
2763,116,3,-24.9,3.12,190.0,False,False,39.9,188.73,20.0
2764,116,4,-27.35,5.68,511.2,False,False,42.35,218.6,20.0
2765,116,5,-27.17,4.61,435.7,False,False,42.17,208.23,20.0
2766,116,6,-28.91,13.34,72.9,False,False,43.91,269.3,20.0
2767,116,7,-21.24,8.43,0.0,False,False,36.24,206.96,20.0
2768,116,8,-22.61,5.4,0.0,False,False,37.61,203.35,20.0
2769,116,9,-22.31,3.05,0.0,False,False,37.31,178.76,20.0
2770,116,10,-21.6,8.93,0.0,False,False,36.6,215.81,20.0
2771,116,11,-22.18,6.33,272.7,False,False,37.18,204.79,20.0
2772,116,12,-23.75,9.54,511.7,False,False,38.75,230.44,20.0
2773,116,13,-23.66,8.45,314.2,False,False,38.66,214.42,20.0
2774,116,14,-24.39,4.69,0.0,False,False,39.39,206.82,20.0
2775,116,15,-18.58,10.15,0.0,False,False,33.58,204.05,20.0
2776,116,16,-23.15,3.57,0.0,False,False,38.15,186.49,20.0
2777,116,17,-25.67,21.19,0.0,False,False,40.67,303.49,20.0
2778,116,18,-24.33,6.64,86.6,False,False,39.33,212.43,20.0
2779,116,19,-27.8,7.11,330.3,False,False,42.8,227.81,20.0
2780,116,20,-23.26,3.44,261.3,False,False,38.26,186.47,20.0
2781,116,21,-28.0,13.01,170.9,False,False,43.0,271.65,20.0
2782,116,22,-25.99,4.68,0.0,False,False,40.99,202.05,20.0
2783,116,23,-25.06,2.64,0.0,False,False,40.06,184.88,20.0
2784,117,0,-26.75,8.59,57.4,False,False,41.75,235.57,20.0
2785,117,1,-27.26,17.55,0.0,False,False,42.26,294.3,20.0
2786,117,2,-27.23,2.39,0.0,False,False,42.23,199.65,20.0
2787,117,3,-27.04,4.17,0.0,False,False,42.04,201.54,20.0
2788,117,4,-27.67,11.3,114.3,False,False,42.67,258.2,20.0
2789,117,5,-26.93,7.37,397.0,False,False,41.93,227.46,20.0
2790,117,6,-22.56,3.52,429.4,False,False,37.56,192.07,20.0
2791,117,7,-25.22,21.61,0.0,False,False,40.22,299.08,20.0
2792,117,8,-26.09,15.44,0.0,False,False,41.09,272.53,20.0
2793,117,9,-25.14,13.7,0.0,False,False,40.14,254.83,20.0
2794,117,10,-21.58,23.2,0.0,False,False,36.58,283.0,20.0
2795,117,11,-22.23,25.39,168.7,False,False,37.23,303.07,20.0
2796,117,12,-22.4,5.59,363.4,False,False,37.4,200.55,20.0
2797,117,13,-24.1,11.2,180.0,False,False,39.1,233.93,20.0
2798,117,14,-22.64,4.96,0.0,False,False,37.64,190.56,20.0
2799,117,15,-25.39,6.9,0.0,False,False,40.39,219.52,20.0
2800,117,16,-25.04,4.98,0.0,False,False,40.04,206.99,20.0
2801,117,17,-23.06,10.37,0.0,False,False,38.06,229.94,20.0
2802,117,18,-23.77,9.91,241.5,False,False,38.77,223.54,20.0
2803,117,19,-28.0,5.22,263.4,False,False,43.0,216.04,20.0
2804,117,20,-28.23,12.49,132.9,False,False,43.23,268.45,20.0
2805,117,21,-26.71,14.46,0.0,False,False,41.71,266.32,20.0
2806,117,22,-23.8,5.62,0.0,False,False,38.8,198.87,20.0
2807,117,23,-31.28,9.01,0.0,False,False,46.28,258.96,20.0
2808,118,0,-27.21,14.9,536.4,False,False,42.21,280.66,20.0
2809,118,1,-30.45,8.61,218.3,False,False,45.45,244.53,20.0
2810,118,2,-28.77,6.2,0.0,False,False,43.77,215.38,20.0
2811,118,3,-27.91,7.05,0.0,False,False,42.91,221.89,20.0
2812,118,4,-27.61,5.58,0.0,False,False,42.61,212.97,20.0
2813,118,5,-27.35,12.68,144.9,False,False,42.35,260.52,20.0
2814,118,6,-25.75,11.91,491.7,False,False,40.75,250.66,20.0
2815,118,7,-26.32,19.25,310.7,False,False,41.32,295.95,20.0
2816,118,8,-27.69,4.9,0.0,False,False,42.69,210.18,20.0
2817,118,9,-22.79,5.4,0.0,False,False,37.79,197.15,20.0
2818,118,10,-22.53,3.14,0.0,False,False,37.53,178.93,20.0
2819,118,11,-22.15,9.62,252.3,False,False,37.15,217.3,20.0
2820,118,12,-26.85,3.88,488.5,False,False,41.85,200.71,20.0
2821,118,13,-23.24,18.76,187.3,False,False,38.24,285.7,20.0
2822,118,14,-22.68,4.61,0.0,False,False,37.68,194.9,20.0
2823,118,15,-26.42,19.32,0.0,False,False,41.42,294.24,20.0
2824,118,16,-24.75,1.0,0.0,False,False,39.75,174.17,20.0
2825,118,17,-25.48,2.29,250.6,False,False,40.48,186.69,20.0
2826,118,18,-22.08,3.79,260.4,False,False,37.08,178.16,20.0
2827,118,19,-22.44,8.48,180.2,False,False,37.44,209.51,20.0
2828,118,20,-30.1,6.99,0.0,False,False,45.1,233.65,20.0
2829,118,21,-22.19,4.55,0.0,False,False,37.19,192.93,20.0
2830,118,22,-29.33,21.81,0.0,False,False,44.33,330.18,20.0
2831,118,23,-25.74,5.28,204.0,False,False,40.74,204.47,20.0
2832,119,0,-26.07,9.51,0.0,False,False,41.07,229.65,20.0
2833,119,1,-29.94,3.96,42.9,False,False,44.94,210.8,20.0
2834,119,2,-26.76,7.87,345.0,False,False,41.76,227.66,20.0
2835,119,3,-27.64,8.04,122.2,False,False,42.64,232.01,20.0
2836,119,4,-25.91,7.11,0.0,False,False,40.91,224.08,20.0
2837,119,5,-26.07,8.94,0.0,False,False,41.07,228.98,20.0
2838,119,6,-23.62,6.77,96.4,False,False,38.62,212.04,20.0
2839,119,7,-25.35,10.31,366.1,False,False,40.35,237.55,20.0
2840,119,8,-25.35,7.1,104.9,False,False,40.35,217.07,20.0
2841,119,9,-22.41,12.96,0.0,False,False,37.41,229.4,20.0
2842,119,10,-23.12,7.85,0.0,False,False,38.12,206.71,20.0
2843,119,11,-22.62,12.55,106.2,False,False,37.62,239.17,20.0
2844,119,12,-25.34,5.34,519.8,False,False,40.34,211.99,20.0
2845,119,13,-26.17,4.22,138.8,False,False,41.17,203.63,20.0
2846,119,14,-25.42,10.27,0.0,False,False,40.42,239.66,20.0
2847,119,15,-25.84,7.17,0.0,False,False,40.84,217.98,20.0
2848,119,16,-23.44,1.83,171.8,False,False,38.44,177.07,20.0
2849,119,17,-23.54,4.84,306.0,False,False,38.54,193.66,20.0
2850,119,18,-26.32,8.5,45.0,False,False,41.32,233.81,20.0
2851,119,19,-23.67,6.85,0.0,False,False,38.67,209.85,20.0
2852,119,20,-24.28,4.73,0.0,False,False,39.28,197.63,20.0
2853,119,21,-26.94,7.14,134.5,False,False,41.94,222.81,20.0
2854,119,22,-29.39,7.75,426.0,False,False,44.39,240.88,20.0
2855,119,23,-24.8,2.65,29.8,False,False,39.8,189.47,20.0
2856,120,0,-28.38,12.38,21.3,False,False,43.38,261.04,20.0
2857,120,1,-27.94,13.77,581.5,False,False,42.94,277.96,20.0
2858,120,2,-28.67,4.83,0.0,False,False,43.67,217.41,20.0
2859,120,3,-29.45,17.25,0.0,False,False,44.45,302.3,20.0
2860,120,4,-30.19,21.89,193.2,False,False,45.19,343.9,20.0
2861,120,5,-25.51,5.13,235.8,False,False,40.51,209.9,20.0
2862,120,6,-27.82,20.04,0.0,False,False,42.82,310.39,20.0
2863,120,7,-19.62,31.68,0.0,False,False,34.62,322.44,20.0
2864,120,8,-27.43,4.01,217.3,False,False,42.43,202.02,20.0
2865,120,9,-27.36,7.83,118.1,False,False,42.36,227.74,20.0
2866,120,10,-23.51,8.32,0.0,False,False,38.51,207.25,20.0
2867,120,11,-21.27,10.31,0.0,False,False,36.27,222.04,20.0
2868,120,12,-24.13,7.51,375.3,False,False,39.13,206.7,20.0
2869,120,13,-23.18,16.08,0.0,False,False,38.18,261.99,20.0
2870,120,14,-28.21,17.59,0.0,False,False,43.21,293.96,20.0
2871,120,15,-26.2,14.26,206.8,False,False,41.2,261.05,20.0
2872,120,16,-27.4,8.74,489.2,False,False,42.4,235.49,20.0
2873,120,17,-29.53,11.37,0.0,False,False,44.53,264.51,20.0
2874,120,18,-26.02,6.15,0.0,False,False,41.02,216.55,20.0
2875,120,19,-31.26,12.61,219.9,False,False,46.26,287.62,20.0
2876,120,20,-29.9,5.29,140.6,False,False,44.9,225.74,20.0
2877,120,21,-28.75,4.39,0.0,False,False,43.75,217.33,20.0
2878,120,22,-29.65,4.32,0.0,False,False,44.65,214.42,20.0
2879,120,23,-27.4,9.63,458.4,False,False,42.4,244.78,20.0
2880,121,0,-27.89,15.1,0.0,False,False,42.89,280.01,20.0
2881,121,1,-26.64,15.7,366.8,False,False,41.64,274.46,20.0
2882,121,2,-26.72,1.91,0.0,False,False,41.72,190.07,20.0
2883,121,3,-25.63,11.72,222.4,False,False,40.63,246.2,20.0
2884,121,4,-27.5,4.22,0.0,False,False,42.5,208.67,20.0
2885,121,5,-26.41,21.02,47.5,False,False,41.41,309.68,20.0
2886,121,6,-25.47,3.48,26.8,False,False,40.47,193.59,20.0
2887,121,7,-25.7,2.68,0.0,False,False,40.7,188.64,20.0
2888,121,8,-26.29,11.84,326.5,False,False,41.29,253.45,20.0
2889,121,9,-25.75,5.95,0.0,False,False,40.75,204.98,20.0
2890,121,10,-26.4,5.77,450.0,False,False,41.4,210.84,20.0
2891,121,11,-23.72,4.79,0.0,False,False,38.72,202.93,20.0
2892,121,12,-24.69,5.23,277.3,False,False,39.69,192.32,20.0
2893,121,13,-25.89,12.1,0.0,False,False,40.89,247.29,20.0
2894,121,14,-26.09,4.31,240.9,False,False,41.09,205.8,20.0
2895,121,15,-27.5,6.75,0.0,False,False,42.5,217.43,20.0
2896,121,16,-23.54,4.06,281.9,False,False,38.54,202.19,20.0
2897,121,17,-25.82,7.68,0.0,False,False,40.82,212.3,20.0
2898,121,18,-28.22,5.71,55.2,False,False,43.22,226.07,20.0
2899,121,19,-25.4,9.22,71.5,False,False,40.4,236.38,20.0
2900,121,20,-28.62,9.83,0.0,False,False,43.62,252.57,20.0
2901,121,21,-30.72,15.23,320.3,False,False,45.72,294.86,20.0
2902,121,22,-26.19,20.33,0.0,False,False,41.19,303.85,20.0
2903,121,23,-29.5,5.06,401.6,False,False,44.5,217.59,20.0
2904,122,0,-29.55,25.4,0.0,True,False,44.55,360.53,20.0
2905,122,1,-28.58,5.66,0.0,True,False,43.58,216.98,20.0
2906,122,2,-26.18,9.68,0.0,True,False,41.18,235.47,20.0
2907,122,3,-28.11,9.48,0.0,True,False,43.11,248.24,20.0
2908,122,4,-30.13,9.33,0.0,True,False,45.13,248.12,20.0
2909,122,5,-26.16,10.81,0.0,True,False,41.16,242.0,20.0
2910,122,6,-27.7,7.93,0.0,True,False,42.7,233.09,20.0
2911,122,7,-22.44,5.96,0.0,True,False,37.44,192.91,20.0
2912,122,8,-25.74,7.72,0.0,True,False,40.74,227.2,20.0
2913,122,9,-29.79,19.56,0.0,True,False,44.79,321.1,20.0
2914,122,10,-24.29,5.37,0.0,True,False,39.29,196.31,20.0
2915,122,11,-20.91,6.22,0.0,True,False,35.91,193.23,20.0
2916,122,12,-21.58,4.85,0.0,True,False,36.58,185.57,20.0
2917,122,13,-21.14,2.37,0.0,True,False,36.14,170.87,20.0
2918,122,14,-27.04,7.07,0.0,True,False,42.04,224.42,20.0
2919,122,15,-23.5,10.02,0.0,True,False,38.5,223.23,20.0
2920,122,16,-27.18,4.42,0.0,True,False,42.18,211.8,20.0
2921,122,17,-25.77,14.06,0.0,True,False,40.77,258.63,20.0
2922,122,18,-29.28,9.07,0.0,True,False,44.28,250.87,20.0
2923,122,19,-28.54,12.16,0.0,True,False,43.54,263.57,20.0
2924,122,20,-29.09,8.64,0.0,True,False,44.09,246.65,20.0
2925,122,21,-26.35,6.73,0.0,True,False,41.35,216.9,20.0
2926,122,22,-26.86,6.04,0.0,True,False,41.86,214.86,20.0
2927,122,23,-28.11,8.46,0.0,True,False,43.11,233.05,20.0
2928,123,0,-31.67,8.85,0.0,True,False,46.67,258.61,20.0
2929,123,1,-29.52,5.58,0.0,True,False,44.52,228.48,20.0
2930,123,2,-30.19,6.64,0.0,True,False,45.19,243.09,20.0
2931,123,3,-26.64,17.66,0.0,True,False,41.64,293.71,20.0
2932,123,4,-25.61,7.8,0.0,True,False,40.61,223.46,20.0
2933,123,5,-25.37,8.21,0.0,True,False,40.37,223.06,20.0
2934,123,6,-28.48,15.52,0.0,True,False,43.48,286.91,20.0
2935,123,7,-31.93,8.91,0.0,True,False,46.93,257.79,20.0
2936,123,8,-29.5,7.3,0.0,True,False,44.5,241.98,20.0
2937,123,9,-22.71,11.98,0.0,True,False,37.71,237.21,20.0
2938,123,10,-26.04,10.65,0.0,True,False,41.04,238.54,20.0
2939,123,11,-26.54,8.31,0.0,True,False,41.54,226.96,20.0
2940,123,12,-21.68,8.68,0.0,True,False,36.68,215.6,20.0
2941,123,13,-22.51,6.32,0.0,True,False,37.51,201.82,20.0
2942,123,14,-25.19,3.9,0.0,True,False,40.19,196.19,20.0
2943,123,15,-26.14,9.89,0.0,True,False,41.14,242.42,20.0
2944,123,16,-26.23,3.06,0.0,True,False,41.23,194.31,20.0
2945,123,17,-26.0,3.99,0.0,True,False,41.0,199.62,20.0
2946,123,18,-23.77,6.6,0.0,True,False,38.77,205.6,20.0
2947,123,19,-26.64,6.25,0.0,True,False,41.64,209.44,20.0
2948,123,20,-26.52,10.42,0.0,True,False,41.52,246.22,20.0
2949,123,21,-26.04,26.78,0.0,True,False,41.04,336.35,20.0
2950,123,22,-31.04,18.91,0.0,True,False,46.04,320.65,20.0
2951,123,23,-27.39,2.78,0.0,True,False,42.39,195.35,20.0
2952,124,0,-29.79,9.3,0.0,True,False,44.79,253.72,20.0
2953,124,1,-34.16,9.11,0.0,True,False,49.16,269.21,20.0
2954,124,2,-33.19,8.54,0.0,True,False,48.19,261.0,20.0
2955,124,3,-30.65,9.88,0.0,True,False,45.65,252.02,20.0
2956,124,4,-27.13,10.93,0.0,True,False,42.13,248.54,20.0
2957,124,5,-27.49,14.28,0.0,True,False,42.49,266.08,20.0
2958,124,6,-26.83,8.67,0.0,True,False,41.83,234.48,20.0
2959,124,7,-22.78,16.43,0.0,True,False,37.78,260.47,20.0
2960,124,8,-28.74,8.71,0.0,True,False,43.74,242.04,20.0
2961,124,9,-25.84,5.8,0.0,True,False,40.84,219.39,20.0
2962,124,10,-24.86,8.31,0.0,True,False,39.86,224.35,20.0
2963,124,11,-26.74,4.63,0.0,True,False,41.74,209.94,20.0
2964,124,12,-25.14,4.76,0.0,True,False,40.14,202.68,20.0
2965,124,13,-28.47,6.89,0.0,True,False,43.47,228.26,20.0
2966,124,14,-22.65,6.38,0.0,True,False,37.65,205.37,20.0
2967,124,15,-27.15,14.08,0.0,True,False,42.15,273.31,20.0
2968,124,16,-22.13,6.84,0.0,True,False,37.13,196.71,20.0
2969,124,17,-26.74,4.27,0.0,True,False,41.74,209.52,20.0
2970,124,18,-25.14,7.53,0.0,True,False,40.14,220.84,20.0
2971,124,19,-27.82,8.66,0.0,True,False,42.82,241.49,20.0
2972,124,20,-28.26,7.95,0.0,True,False,43.26,236.88,20.0
2973,124,21,-29.78,4.15,0.0,True,False,44.78,211.19,20.0
2974,124,22,-28.69,14.84,0.0,True,False,43.69,277.37,20.0
2975,124,23,-28.49,2.6,0.0,True,False,43.49,208.43,20.0
2976,125,0,-30.99,7.89,0.0,True,False,45.99,247.61,20.0
2977,125,1,-29.61,4.08,0.0,True,False,44.61,209.38,20.0
2978,125,2,-30.38,12.33,0.0,True,False,45.38,275.54,20.0
2979,125,3,-24.24,9.32,0.0,True,False,39.24,223.98,20.0
2980,125,4,-28.6,8.66,0.0,True,False,43.6,233.78,20.0
2981,125,5,-24.85,6.57,0.0,True,False,39.85,202.63,20.0
2982,125,6,-27.81,14.19,0.0,True,False,42.81,266.7,20.0
2983,125,7,-26.39,6.56,0.0,True,False,41.39,219.26,20.0
2984,125,8,-29.07,17.16,0.0,True,False,44.07,299.27,20.0
2985,125,9,-26.9,4.69,0.0,True,False,41.9,207.56,20.0
2986,125,10,-25.27,7.56,0.0,True,False,40.27,220.67,20.0
2987,125,11,-22.32,10.79,0.0,True,False,37.32,227.23,20.0
2988,125,12,-24.98,9.65,0.0,True,False,39.98,222.4,20.0
2989,125,13,-22.72,7.26,0.0,True,False,37.72,205.58,20.0
2990,125,14,-24.41,2.81,0.0,True,False,39.41,184.41,20.0
2991,125,15,-22.75,8.16,0.0,True,False,37.75,207.07,20.0
2992,125,16,-26.54,6.15,0.0,True,False,41.54,214.06,20.0
2993,125,17,-22.13,5.4,0.0,True,False,37.13,193.4,20.0
2994,125,18,-28.39,11.1,0.0,True,False,43.39,255.03,20.0
2995,125,19,-29.47,17.47,0.0,True,False,44.47,298.02,20.0
2996,125,20,-30.84,7.39,0.0,True,False,45.84,240.57,20.0
2997,125,21,-24.18,1.37,0.0,True,False,39.18,186.49,20.0
2998,125,22,-27.52,9.69,0.0,True,False,42.52,238.65,20.0
2999,125,23,-30.02,11.16,0.0,True,False,45.02,257.68,20.0
3000,126,0,-27.15,8.1,0.0,True,False,42.15,232.19,20.0
3001,126,1,-28.2,5.85,0.0,True,False,43.2,223.53,20.0
3002,126,2,-25.45,14.09,0.0,True,False,40.45,261.79,20.0
3003,126,3,-32.16,14.57,0.0,True,False,47.16,294.5,20.0
3004,126,4,-29.18,8.89,0.0,True,False,44.18,249.28,20.0
3005,126,5,-29.09,15.66,0.0,True,False,44.09,286.51,20.0
3006,126,6,-31.59,4.68,0.0,True,False,46.59,222.25,20.0
3007,126,7,-25.01,7.02,0.0,True,False,40.01,212.73,20.0
3008,126,8,-27.19,1.78,0.0,True,False,42.19,190.84,20.0
3009,126,9,-24.75,3.92,0.0,True,False,39.75,198.43,20.0
3010,126,10,-21.19,3.72,0.0,True,False,36.19,183.5,20.0
3011,126,11,-26.42,9.66,0.0,True,False,41.42,237.47,20.0
3012,126,12,-26.49,4.07,0.0,True,False,41.49,206.83,20.0
3013,126,13,-25.48,2.37,0.0,True,False,40.48,189.25,20.0
3014,126,14,-23.94,5.17,0.0,True,False,38.94,203.39,20.0
3015,126,15,-27.36,5.53,0.0,True,False,42.36,210.07,20.0
3016,126,16,-27.91,3.49,0.0,True,False,42.91,198.48,20.0
3017,126,17,-25.01,7.79,0.0,True,False,40.01,222.89,20.0
3018,126,18,-26.89,23.52,0.0,True,False,41.89,321.28,20.0
3019,126,19,-32.25,3.0,0.0,True,False,47.25,216.26,20.0
3020,126,20,-31.1,10.41,0.0,True,False,46.1,264.11,20.0
3021,126,21,-26.06,4.5,0.0,True,False,41.06,202.16,20.0
3022,126,22,-28.57,5.48,0.0,True,False,43.57,218.42,20.0
3023,126,23,-31.1,9.36,0.0,True,False,46.1,262.81,20.0
3024,127,0,-30.2,5.51,0.0,True,False,45.2,216.88,20.0
3025,127,1,-29.77,3.95,0.0,True,False,44.77,218.33,20.0
3026,127,2,-28.12,7.55,0.0,True,False,43.12,241.0,20.0
3027,127,3,-31.99,12.4,0.0,True,False,46.99,282.86,20.0
3028,127,4,-30.55,11.65,0.0,True,False,45.55,270.28,20.0
3029,127,5,-27.84,5.23,0.0,True,False,42.84,218.6,20.0
3030,127,6,-28.06,19.33,0.0,True,False,43.06,314.96,20.0
3031,127,7,-26.2,4.82,0.0,True,False,41.2,201.88,20.0
3032,127,8,-29.32,11.71,0.0,True,False,44.32,265.02,20.0
3033,127,9,-25.74,4.78,0.0,True,False,40.74,203.83,20.0
3034,127,10,-23.95,15.27,0.0,True,False,38.95,261.09,20.0
3035,127,11,-24.96,9.3,0.0,True,False,39.96,229.25,20.0
3036,127,12,-25.59,7.11,0.0,True,False,40.59,220.82,20.0
3037,127,13,-26.12,5.18,0.0,True,False,41.12,206.85,20.0
3038,127,14,-27.8,7.61,0.0,True,False,42.8,231.01,20.0
3039,127,15,-26.59,3.94,0.0,True,False,41.59,199.99,20.0
3040,127,16,-24.34,3.06,0.0,True,False,39.34,186.29,20.0
3041,127,17,-27.58,9.35,0.0,True,False,42.58,240.41,20.0
3042,127,18,-29.64,7.09,0.0,True,False,44.64,234.75,20.0
3043,127,19,-29.37,10.6,0.0,True,False,44.37,252.84,20.0
3044,127,20,-28.46,8.38,0.0,True,False,43.46,244.98,20.0
3045,127,21,-30.03,5.14,0.0,True,False,45.03,223.27,20.0
3046,127,22,-28.63,11.64,0.0,True,False,43.63,255.26,20.0
3047,127,23,-28.75,5.47,0.0,True,False,43.75,225.3,20.0
3048,128,0,-28.3,13.28,0.0,True,False,43.3,266.82,20.0
3049,128,1,-27.16,5.38,0.0,True,False,42.16,215.97,20.0
3050,128,2,-27.82,3.36,0.0,True,False,42.82,203.54,20.0
3051,128,3,-31.36,29.48,0.0,True,False,46.36,399.36,20.0
3052,128,4,-30.89,5.28,0.0,True,False,45.89,228.88,20.0
3053,128,5,-28.75,5.48,0.0,True,False,43.75,218.66,20.0
3054,128,6,-28.98,3.44,0.0,True,False,43.98,208.59,20.0
3055,128,7,-29.84,6.79,0.0,True,False,44.84,242.29,20.0
3056,128,8,-27.96,3.69,0.0,True,False,42.96,197.3,20.0
3057,128,9,-27.61,14.06,0.0,True,False,42.61,271.48,20.0
3058,128,10,-27.69,5.92,0.0,True,False,42.69,221.26,20.0
3059,128,11,-26.78,4.37,0.0,True,False,41.78,201.87,20.0
3060,128,12,-23.72,7.41,0.0,True,False,38.72,206.46,20.0
3061,128,13,-25.75,20.09,0.0,True,False,40.75,306.84,20.0
3062,128,14,-21.4,7.59,0.0,True,False,36.4,201.44,20.0
3063,128,15,-26.32,6.36,0.0,True,False,41.32,224.96,20.0
3064,128,16,-27.66,7.32,0.0,True,False,42.66,230.5,20.0
3065,128,17,-27.55,10.87,0.0,True,False,42.55,250.84,20.0
3066,128,18,-27.57,10.37,0.0,True,False,42.57,249.35,20.0
3067,128,19,-27.73,8.26,0.0,True,False,42.73,237.22,20.0
3068,128,20,-24.93,11.88,0.0,True,False,39.93,248.65,20.0
3069,128,21,-31.18,7.54,0.0,True,False,46.18,246.75,20.0
3070,128,22,-28.09,6.64,0.0,True,False,43.09,226.38,20.0
3071,128,23,-29.6,7.45,0.0,True,False,44.6,238.27,20.0
3072,129,0,-33.43,5.39,0.0,True,False,48.43,244.54,20.0
3073,129,1,-28.68,10.98,0.0,True,False,43.68,259.98,20.0
3074,129,2,-27.49,5.26,0.0,True,False,42.49,210.48,20.0
3075,129,3,-31.42,17.18,0.0,True,False,46.42,310.63,20.0
3076,129,4,-29.31,3.05,0.0,True,False,44.31,208.39,20.0
3077,129,5,-32.26,8.68,0.0,True,False,47.26,255.27,20.0
3078,129,6,-30.81,4.8,0.0,True,False,45.81,223.07,20.0
3079,129,7,-25.68,10.5,0.0,True,False,40.68,235.42,20.0
3080,129,8,-28.22,7.13,0.0,True,False,43.22,228.48,20.0
3081,129,9,-29.09,10.94,0.0,True,False,44.09,260.13,20.0
3082,129,10,-26.1,2.31,0.0,True,False,41.1,194.74,20.0
3083,129,11,-27.4,5.23,0.0,True,False,42.4,213.98,20.0
3084,129,12,-27.23,4.29,0.0,True,False,42.23,215.61,20.0
3085,129,13,-24.88,22.09,0.0,True,False,39.88,304.45,20.0
3086,129,14,-28.88,5.71,0.0,True,False,43.88,235.77,20.0
3087,129,15,-28.69,3.02,0.0,True,False,43.69,208.61,20.0
3088,129,16,-26.98,8.6,0.0,True,False,41.98,235.48,20.0
3089,129,17,-25.83,4.09,0.0,True,False,40.83,198.71,20.0
3090,129,18,-25.81,11.51,0.0,True,False,40.81,234.75,20.0
3091,129,19,-30.14,12.48,0.0,True,False,45.14,273.33,20.0
3092,129,20,-27.42,4.32,0.0,True,False,42.42,208.95,20.0
3093,129,21,-31.27,16.27,0.0,True,False,46.27,313.68,20.0
3094,129,22,-26.37,4.87,0.0,True,False,41.37,202.09,20.0
3095,129,23,-32.49,8.19,0.0,True,False,47.49,262.93,20.0
3096,130,0,-27.84,11.68,0.0,True,False,42.84,256.14,20.0
3097,130,1,-31.74,8.68,0.0,True,False,46.74,258.32,20.0
3098,130,2,-26.2,5.71,0.0,True,False,41.2,201.97,20.0
3099,130,3,-28.73,3.37,0.0,True,False,43.73,207.6,20.0
3100,130,4,-31.53,15.96,0.0,True,False,46.53,303.91,20.0
3101,130,5,-30.06,23.78,0.0,True,False,45.06,352.65,20.0
3102,130,6,-26.93,17.66,0.0,True,False,41.93,290.61,20.0
3103,130,7,-25.87,9.42,0.0,True,False,40.87,228.96,20.0
3104,130,8,-27.64,16.5,0.0,True,False,42.64,290.77,20.0
3105,130,9,-26.99,4.63,0.0,True,False,41.99,211.31,20.0
3106,130,10,-25.25,4.82,0.0,True,False,40.25,205.29,20.0
3107,130,11,-26.3,6.5,0.0,True,False,41.3,221.46,20.0
3108,130,12,-29.08,4.43,0.0,True,False,44.08,219.75,20.0
3109,130,13,-28.19,2.74,0.0,True,False,43.19,200.87,20.0
3110,130,14,-26.29,20.1,0.0,True,False,41.29,296.19,20.0
3111,130,15,-24.65,9.36,0.0,True,False,39.65,222.01,20.0
3112,130,16,-24.26,3.6,0.0,True,False,39.26,197.23,20.0
3113,130,17,-26.42,3.84,0.0,True,False,41.42,204.24,20.0
3114,130,18,-27.92,5.28,0.0,True,False,42.92,216.74,20.0
3115,130,19,-27.52,4.16,0.0,True,False,42.52,205.86,20.0
3116,130,20,-30.83,5.44,0.0,True,False,45.83,229.18,20.0
3117,130,21,-30.22,21.76,0.0,True,False,45.22,337.4,20.0
3118,130,22,-31.88,18.75,0.0,True,False,46.88,325.52,20.0
3119,130,23,-32.93,5.34,0.0,True,False,47.93,233.97,20.0
3120,131,0,-30.03,7.08,0.0,True,False,45.03,245.58,20.0
3121,131,1,-30.26,4.53,0.0,True,False,45.26,221.5,20.0
3122,131,2,-29.06,18.37,0.0,True,False,44.06,304.98,20.0
3123,131,3,-29.02,4.71,0.0,True,False,44.02,211.76,20.0
3124,131,4,-29.21,5.89,0.0,True,False,44.21,222.63,20.0
3125,131,5,-28.1,2.66,0.0,True,False,43.1,203.0,20.0
3126,131,6,-28.79,9.43,0.0,True,False,43.79,250.1,20.0
3127,131,7,-27.36,6.06,0.0,True,False,42.36,218.18,20.0
3128,131,8,-29.15,19.73,0.0,True,False,44.15,317.15,20.0
3129,131,9,-26.55,2.91,0.0,True,False,41.55,194.88,20.0
3130,131,10,-25.63,8.83,0.0,True,False,40.63,224.4,20.0
3131,131,11,-28.11,12.54,0.0,True,False,43.11,269.25,20.0
3132,131,12,-26.6,5.21,0.0,True,False,41.6,212.12,20.0
3133,131,13,-28.02,16.88,0.0,True,False,43.02,301.5,20.0
3134,131,14,-28.02,6.91,0.0,True,False,43.02,224.23,20.0
3135,131,15,-29.54,7.04,0.0,True,False,44.54,234.01,20.0
3136,131,16,-25.17,10.75,0.0,True,False,40.17,241.85,20.0
3137,131,17,-26.05,9.06,0.0,True,False,41.05,231.17,20.0
3138,131,18,-27.63,3.59,0.0,True,False,42.63,198.82,20.0
3139,131,19,-25.27,5.11,0.0,True,False,40.27,200.94,20.0
3140,131,20,-30.08,11.67,0.0,True,False,45.08,268.57,20.0
3141,131,21,-24.05,9.15,0.0,True,False,39.05,224.93,20.0
3142,131,22,-30.89,16.96,0.0,True,False,45.89,308.21,20.0
3143,131,23,-30.12,8.45,0.0,True,False,45.12,250.59,20.0
3144,132,0,-31.69,9.31,0.0,True,False,46.69,263.58,20.0
3145,132,1,-30.09,4.7,0.0,True,False,45.09,222.37,20.0
3146,132,2,-28.96,12.44,0.0,True,False,43.96,267.81,20.0
3147,132,3,-30.54,1.77,0.0,True,False,45.54,201.81,20.0
3148,132,4,-26.35,7.67,0.0,True,False,41.35,227.1,20.0
3149,132,5,-28.94,24.45,0.0,True,False,43.94,350.44,20.0
3150,132,6,-28.36,8.17,0.0,True,False,43.36,237.13,20.0
3151,132,7,-30.2,6.94,0.0,True,False,45.2,238.49,20.0
3152,132,8,-27.06,6.54,0.0,True,False,42.06,219.56,20.0
3153,132,9,-27.75,7.08,0.0,True,False,42.75,221.55,20.0
3154,132,10,-28.38,3.91,0.0,True,False,43.38,205.25,20.0
3155,132,11,-28.52,8.15,0.0,True,False,43.52,240.53,20.0
3156,132,12,-21.56,4.73,0.0,True,False,36.56,189.72,20.0
3157,132,13,-27.49,5.21,0.0,True,False,42.49,220.53,20.0
3158,132,14,-30.08,3.66,0.0,True,False,45.08,214.23,20.0
3159,132,15,-28.88,24.55,0.0,True,False,43.88,350.46,20.0
3160,132,16,-28.0,7.86,0.0,True,False,43.0,238.59,20.0
3161,132,17,-27.29,3.24,0.0,True,False,42.29,204.86,20.0
3162,132,18,-27.79,7.44,0.0,True,False,42.79,227.25,20.0
3163,132,19,-28.06,12.37,0.0,True,False,43.06,261.95,20.0
3164,132,20,-31.19,8.1,0.0,True,False,46.19,249.45,20.0
3165,132,21,-29.63,6.84,0.0,True,False,44.63,229.66,20.0
3166,132,22,-32.38,4.52,0.0,True,False,47.38,230.64,20.0
3167,132,23,-32.07,8.11,0.0,True,False,47.07,256.98,20.0
3168,133,0,-32.93,10.19,0.0,True,False,47.93,269.71,20.0
3169,133,1,-33.4,10.25,0.0,True,False,48.4,282.19,20.0
3170,133,2,-28.7,7.72,0.0,True,False,43.7,234.28,20.0
3171,133,3,-29.13,7.71,0.0,True,False,44.13,236.44,20.0
3172,133,4,-28.14,13.39,0.0,True,False,43.14,268.74,20.0
3173,133,5,-29.53,12.69,0.0,True,False,44.53,269.43,20.0
3174,133,6,-27.54,6.35,0.0,True,False,42.54,223.32,20.0
3175,133,7,-32.1,16.23,0.0,True,False,47.1,310.47,20.0
3176,133,8,-26.37,3.27,0.0,True,False,41.37,204.32,20.0
3177,133,9,-27.33,7.9,0.0,True,False,42.33,233.05,20.0
3178,133,10,-26.11,8.3,0.0,True,False,41.11,229.88,20.0
3179,133,11,-26.4,4.38,0.0,True,False,41.4,203.79,20.0
3180,133,12,-29.07,2.88,0.0,True,False,44.07,199.41,20.0
3181,133,13,-30.16,4.43,0.0,True,False,45.16,219.16,20.0
3182,133,14,-28.79,11.21,0.0,True,False,43.79,255.36,20.0
3183,133,15,-26.55,11.38,0.0,True,False,41.55,252.69,20.0
3184,133,16,-26.71,9.91,0.0,True,False,41.71,240.35,20.0
3185,133,17,-31.31,4.78,0.0,True,False,46.31,233.06,20.0
3186,133,18,-31.06,11.45,0.0,True,False,46.06,274.44,20.0
3187,133,19,-31.06,4.96,0.0,True,False,46.06,230.0,20.0
3188,133,20,-30.81,8.14,0.0,True,False,45.81,248.45,20.0
3189,133,21,-33.23,7.06,0.0,True,False,48.23,251.25,20.0
3190,133,22,-33.67,5.76,0.0,True,False,48.67,245.41,20.0
3191,133,23,-32.67,9.67,0.0,True,False,47.67,270.38,20.0
3192,134,0,-31.11,10.64,0.0,True,False,46.11,263.3,20.0
3193,134,1,-33.58,4.62,0.0,True,False,48.58,236.09,20.0
3194,134,2,-31.25,7.28,0.0,True,False,46.25,253.99,20.0
3195,134,3,-28.58,10.36,0.0,True,False,43.58,251.82,20.0
3196,134,4,-32.89,1.28,0.0,True,False,47.89,206.42,20.0
3197,134,5,-30.21,8.69,0.0,True,False,45.21,245.83,20.0
3198,134,6,-27.23,10.47,0.0,True,False,42.23,240.66,20.0
3199,134,7,-29.6,8.89,0.0,True,False,44.6,251.95,20.0
3200,134,8,-29.43,9.11,0.0,True,False,44.43,248.13,20.0
3201,134,9,-25.54,6.8,0.0,True,False,40.54,217.28,20.0
3202,134,10,-28.16,10.11,0.0,True,False,43.16,255.94,20.0
3203,134,11,-25.14,3.53,0.0,True,False,40.14,204.74,20.0
3204,134,12,-26.43,4.45,0.0,True,False,41.43,201.68,20.0
3205,134,13,-28.04,9.03,0.0,True,False,43.04,245.24,20.0
3206,134,14,-26.59,25.13,0.0,True,False,41.59,337.36,20.0
3207,134,15,-27.23,12.41,0.0,True,False,42.23,260.35,20.0
3208,134,16,-26.24,15.03,0.0,True,False,41.24,271.86,20.0
3209,134,17,-29.86,4.81,0.0,True,False,44.86,220.83,20.0
3210,134,18,-29.2,3.87,0.0,True,False,44.2,218.46,20.0
3211,134,19,-29.92,11.08,0.0,True,False,44.92,265.87,20.0
3212,134,20,-28.88,5.63,0.0,True,False,43.88,223.86,20.0
3213,134,21,-32.75,6.94,0.0,True,False,47.75,252.51,20.0
3214,134,22,-28.98,10.53,0.0,True,False,43.98,258.8,20.0
3215,134,23,-30.28,7.89,0.0,True,False,45.28,245.34,20.0
3216,135,0,-34.1,9.95,0.0,True,False,49.1,276.72,20.0
3217,135,1,-28.99,4.57,0.0,True,False,43.99,222.96,20.0
3218,135,2,-26.73,8.36,0.0,True,False,41.73,232.91,20.0
3219,135,3,-28.88,8.27,0.0,True,False,43.88,239.5,20.0
3220,135,4,-27.62,12.31,0.0,True,False,42.62,256.66,20.0
3221,135,5,-29.82,13.67,0.0,True,False,44.82,278.96,20.0
3222,135,6,-32.79,5.56,0.0,True,False,47.79,233.6,20.0
3223,135,7,-32.64,4.13,0.0,True,False,47.64,227.4,20.0
3224,135,8,-27.96,10.25,0.0,True,False,42.96,249.56,20.0
3225,135,9,-29.24,2.72,0.0,True,False,44.24,196.43,20.0
3226,135,10,-29.57,10.6,0.0,True,False,44.57,258.57,20.0
3227,135,11,-27.66,11.02,0.0,True,False,42.66,254.64,20.0
3228,135,12,-26.24,5.33,0.0,True,False,41.24,210.62,20.0
3229,135,13,-30.44,1.47,0.0,True,False,45.44,196.62,20.0
3230,135,14,-28.64,11.6,0.0,True,False,43.64,265.67,20.0
3231,135,15,-25.04,14.14,0.0,True,False,40.04,255.28,20.0
3232,135,16,-30.62,13.67,0.0,True,False,45.62,279.62,20.0
3233,135,17,-27.21,13.89,0.0,True,False,42.21,263.7,20.0
3234,135,18,-30.44,3.38,0.0,True,False,45.44,213.4,20.0
3235,135,19,-28.9,22.39,0.0,True,False,43.9,336.86,20.0
3236,135,20,-28.28,8.24,0.0,True,False,43.28,241.66,20.0
3237,135,21,-29.4,7.62,0.0,True,False,44.4,238.68,20.0
3238,135,22,-29.38,10.0,0.0,True,False,44.38,248.82,20.0
3239,135,23,-33.71,3.98,0.0,True,False,48.71,227.33,20.0
3240,136,0,-29.43,17.67,0.0,True,False,44.43,301.35,20.0
3241,136,1,-33.29,17.18,0.0,True,False,48.29,323.27,20.0
3242,136,2,-30.87,11.72,0.0,True,False,45.87,265.33,20.0
3243,136,3,-30.55,3.36,0.0,True,False,45.55,214.17,20.0
3244,136,4,-29.68,7.59,0.0,True,False,44.68,241.43,20.0
3245,136,5,-29.5,5.19,0.0,True,False,44.5,221.45,20.0
3246,136,6,-31.34,5.32,0.0,True,False,46.34,232.11,20.0
3247,136,7,-31.83,6.45,0.0,True,False,46.83,236.41,20.0
3248,136,8,-26.91,5.45,0.0,True,False,41.91,207.56,20.0
3249,136,9,-27.87,2.68,0.0,True,False,42.87,196.87,20.0
3250,136,10,-25.62,6.45,0.0,True,False,40.62,218.92,20.0
3251,136,11,-27.81,4.62,0.0,True,False,42.81,215.78,20.0
3252,136,12,-30.46,4.5,0.0,True,False,45.46,219.33,20.0
3253,136,13,-25.79,16.15,0.0,True,False,40.79,279.16,20.0
3254,136,14,-28.66,3.06,0.0,True,False,43.66,203.46,20.0
3255,136,15,-27.55,6.29,0.0,True,False,42.55,227.36,20.0
3256,136,16,-29.95,7.93,0.0,True,False,44.95,244.24,20.0
3257,136,17,-25.85,16.16,0.0,True,False,40.85,272.94,20.0
3258,136,18,-31.41,3.75,0.0,True,False,46.41,222.8,20.0
3259,136,19,-30.85,13.31,0.0,True,False,45.85,280.16,20.0
3260,136,20,-30.44,6.43,0.0,True,False,45.44,230.49,20.0
3261,136,21,-33.25,6.55,0.0,True,False,48.25,241.0,20.0
3262,136,22,-30.72,9.71,0.0,True,False,45.72,258.93,20.0
3263,136,23,-28.36,14.35,0.0,True,False,43.36,276.87,20.0
3264,137,0,-32.81,5.43,0.0,True,False,47.81,236.62,20.0
3265,137,1,-30.97,8.23,0.0,True,False,45.97,247.21,20.0
3266,137,2,-37.06,7.67,0.0,True,False,52.06,277.24,20.0
3267,137,3,-31.32,7.48,0.0,True,False,46.32,243.5,20.0
3268,137,4,-31.46,10.55,0.0,True,False,46.46,264.3,20.0
3269,137,5,-31.99,4.8,0.0,True,False,46.99,234.19,20.0
3270,137,6,-27.67,5.83,0.0,True,False,42.67,224.54,20.0
3271,137,7,-29.97,2.72,0.0,True,False,44.97,208.61,20.0
3272,137,8,-29.19,9.33,0.0,True,False,44.19,241.29,20.0
3273,137,9,-29.17,7.3,0.0,True,False,44.17,232.31,20.0
3274,137,10,-31.93,14.17,0.0,True,False,46.93,297.38,20.0
3275,137,11,-30.16,3.7,0.0,True,False,45.16,214.65,20.0
3276,137,12,-25.91,17.17,0.0,True,False,40.91,287.49,20.0
3277,137,13,-32.12,10.12,0.0,True,False,47.12,261.84,20.0
3278,137,14,-29.63,1.49,0.0,True,False,44.63,200.5,20.0
3279,137,15,-29.22,9.9,0.0,True,False,44.22,249.66,20.0
3280,137,16,-25.34,5.13,0.0,True,False,40.34,210.42,20.0
3281,137,17,-27.78,6.15,0.0,True,False,42.78,221.06,20.0
3282,137,18,-30.94,5.61,0.0,True,False,45.94,234.79,20.0
3283,137,19,-27.74,12.9,0.0,True,False,42.74,261.88,20.0
3284,137,20,-32.31,2.47,0.0,True,False,47.31,208.28,20.0
3285,137,21,-29.23,21.62,0.0,True,False,44.23,325.53,20.0
3286,137,22,-34.28,6.92,0.0,True,False,49.28,251.42,20.0
3287,137,23,-29.62,5.5,0.0,True,False,44.62,220.5,20.0
3288,138,0,-32.82,4.23,0.0,True,False,47.82,233.17,20.0
3289,138,1,-33.99,1.7,0.0,True,False,48.99,219.62,20.0
3290,138,2,-32.17,6.68,0.0,True,False,47.17,244.3,20.0
3291,138,3,-30.86,9.31,0.0,True,False,45.86,251.66,20.0
3292,138,4,-31.99,7.3,0.0,True,False,46.99,246.35,20.0
3293,138,5,-29.41,4.23,0.0,True,False,44.41,212.55,20.0
3294,138,6,-31.17,6.95,0.0,True,False,46.17,246.69,20.0
3295,138,7,-28.25,14.26,0.0,True,False,43.25,277.18,20.0
3296,138,8,-28.12,4.92,0.0,True,False,43.12,216.76,20.0
3297,138,9,-28.71,7.85,0.0,True,False,43.71,234.74,20.0
3298,138,10,-29.15,8.42,0.0,True,False,44.15,234.0,20.0
3299,138,11,-27.77,3.19,0.0,True,False,42.77,199.24,20.0
3300,138,12,-26.9,5.99,0.0,True,False,41.9,212.26,20.0
3301,138,13,-23.95,6.03,0.0,True,False,38.95,206.35,20.0
3302,138,14,-26.39,7.16,0.0,True,False,41.39,222.29,20.0
3303,138,15,-26.64,12.69,0.0,True,False,41.64,254.3,20.0
3304,138,16,-22.83,3.62,0.0,True,False,37.83,185.04,20.0
3305,138,17,-28.45,13.08,0.0,True,False,43.45,275.55,20.0
3306,138,18,-29.03,9.67,0.0,True,False,44.03,245.92,20.0
3307,138,19,-29.11,17.41,0.0,True,False,44.11,297.67,20.0
3308,138,20,-33.02,2.04,0.0,True,False,48.02,212.44,20.0
3309,138,21,-32.31,1.39,0.0,True,False,47.31,203.46,20.0
3310,138,22,-32.75,22.14,0.0,True,False,47.75,354.66,20.0
3311,138,23,-30.64,3.11,0.0,True,False,45.64,214.46,20.0
3312,139,0,-32.52,4.4,0.0,True,False,47.52,235.36,20.0
3313,139,1,-31.83,4.43,0.0,True,False,46.83,218.86,20.0
3314,139,2,-29.73,3.76,0.0,True,False,44.73,213.29,20.0
3315,139,3,-29.86,9.44,0.0,True,False,44.86,252.24,20.0
3316,139,4,-31.5,6.27,0.0,True,False,46.5,237.2,20.0
3317,139,5,-32.03,4.79,0.0,True,False,47.03,228.54,20.0
3318,139,6,-27.9,15.82,0.0,True,False,42.9,282.72,20.0
3319,139,7,-28.11,1.83,0.0,True,False,43.11,198.8,20.0
3320,139,8,-32.39,11.49,0.0,True,False,47.39,276.46,20.0
3321,139,9,-29.39,6.83,0.0,True,False,44.39,232.02,20.0
3322,139,10,-28.11,4.74,0.0,True,False,43.11,213.6,20.0
3323,139,11,-26.68,5.06,0.0,True,False,41.68,210.44,20.0
3324,139,12,-26.35,5.94,0.0,True,False,41.35,213.48,20.0
3325,139,13,-27.67,4.46,0.0,True,False,42.67,214.09,20.0
3326,139,14,-27.27,10.59,0.0,True,False,42.27,247.38,20.0
3327,139,15,-28.63,5.67,0.0,True,False,43.63,222.42,20.0
3328,139,16,-30.52,9.83,0.0,True,False,45.52,257.58,20.0
3329,139,17,-30.18,5.11,0.0,True,False,45.18,220.19,20.0
3330,139,18,-30.13,7.78,0.0,True,False,45.13,238.76,20.0
3331,139,19,-30.76,7.78,0.0,True,False,45.76,240.63,20.0
3332,139,20,-34.94,22.12,0.0,True,False,49.94,371.28,20.0
3333,139,21,-32.38,13.29,0.0,True,False,47.38,288.21,20.0
3334,139,22,-31.79,13.96,0.0,True,False,46.79,288.46,20.0
3335,139,23,-32.67,10.31,0.0,True,False,47.67,272.22,20.0
3336,140,0,-32.83,26.97,0.0,True,False,47.83,393.65,20.0
3337,140,1,-31.29,10.03,0.0,True,False,46.29,255.73,20.0
3338,140,2,-34.23,5.45,0.0,True,False,49.23,249.54,20.0
3339,140,3,-35.01,6.54,0.0,True,False,50.01,254.22,20.0
3340,140,4,-32.03,2.05,0.0,True,False,47.03,209.54,20.0
3341,140,5,-29.33,4.06,0.0,True,False,44.33,218.12,20.0
3342,140,6,-26.96,3.12,0.0,True,False,41.96,199.19,20.0
3343,140,7,-28.26,4.72,0.0,True,False,43.26,211.64,20.0
3344,140,8,-32.27,8.1,0.0,True,False,47.27,262.48,20.0
3345,140,9,-29.39,5.35,0.0,True,False,44.39,218.37,20.0
3346,140,10,-28.09,10.84,0.0,True,False,43.09,252.56,20.0
3347,140,11,-28.05,4.15,0.0,True,False,43.05,212.95,20.0
3348,140,12,-27.26,9.6,0.0,True,False,42.26,236.81,20.0
3349,140,13,-30.24,3.95,0.0,True,False,45.24,216.16,20.0
3350,140,14,-28.48,12.82,0.0,True,False,43.48,269.29,20.0
3351,140,15,-28.08,4.15,0.0,True,False,43.08,219.28,20.0
3352,140,16,-27.69,8.89,0.0,True,False,42.69,234.96,20.0
3353,140,17,-31.43,4.79,0.0,True,False,46.43,226.75,20.0
3354,140,18,-31.03,15.01,0.0,True,False,46.03,298.57,20.0
3355,140,19,-36.26,14.7,0.0,True,False,51.26,322.38,20.0
3356,140,20,-32.58,23.74,0.0,True,False,47.58,361.88,20.0
3357,140,21,-32.8,8.65,0.0,True,False,47.8,261.61,20.0
3358,140,22,-34.11,10.44,0.0,True,False,49.11,279.49,20.0
3359,140,23,-31.94,9.52,0.0,True,False,46.94,264.02,20.0
3360,141,0,-32.61,11.15,0.0,True,False,47.61,281.51,20.0
3361,141,1,-36.95,4.1,0.0,True,False,51.95,247.24,20.0
3362,141,2,-31.8,7.12,0.0,True,False,46.8,246.37,20.0
3363,141,3,-33.77,4.99,0.0,True,False,48.77,238.81,20.0
3364,141,4,-30.53,14.59,0.0,True,False,45.53,285.94,20.0
3365,141,5,-33.58,3.43,0.0,True,False,48.58,224.91,20.0
3366,141,6,-30.44,15.88,0.0,True,False,45.44,299.53,20.0
3367,141,7,-30.55,7.19,0.0,True,False,45.55,238.28,20.0
3368,141,8,-28.89,11.24,0.0,True,False,43.89,259.84,20.0
3369,141,9,-28.83,5.32,0.0,True,False,43.83,216.93,20.0
3370,141,10,-29.28,3.26,0.0,True,False,44.28,214.49,20.0
3371,141,11,-31.64,14.29,0.0,True,False,46.64,302.83,20.0
3372,141,12,-31.45,9.14,0.0,True,False,46.45,255.76,20.0
3373,141,13,-29.73,3.61,0.0,True,False,44.73,213.96,20.0
3374,141,14,-28.78,6.7,0.0,True,False,43.78,228.16,20.0
3375,141,15,-30.3,6.43,0.0,True,False,45.3,238.7,20.0
3376,141,16,-28.25,8.98,0.0,True,False,43.25,243.4,20.0
3377,141,17,-30.54,4.09,0.0,True,False,45.54,218.98,20.0
3378,141,18,-32.43,3.56,0.0,True,False,47.43,221.21,20.0
3379,141,19,-31.57,7.62,0.0,True,False,46.57,247.76,20.0
3380,141,20,-31.05,4.22,0.0,True,False,46.05,217.51,20.0
3381,141,21,-31.26,14.52,0.0,True,False,46.26,296.49,20.0
3382,141,22,-28.47,10.7,0.0,True,False,43.47,251.02,20.0
3383,141,23,-33.77,10.54,0.0,True,False,48.77,280.31,20.0
3384,142,0,-32.8,2.02,0.0,True,False,47.8,212.96,20.0
3385,142,1,-31.73,5.44,0.0,True,False,46.73,237.05,20.0
3386,142,2,-32.43,6.06,0.0,True,False,47.43,239.82,20.0
3387,142,3,-33.07,18.85,0.0,True,False,48.07,338.83,20.0
3388,142,4,-34.75,9.53,0.0,True,False,49.75,271.63,20.0
3389,142,5,-32.19,8.89,0.0,True,False,47.19,261.37,20.0
3390,142,6,-32.8,10.32,0.0,True,False,47.8,271.06,20.0
3391,142,7,-33.59,11.85,0.0,True,False,48.59,287.63,20.0
3392,142,8,-31.24,11.55,0.0,True,False,46.24,273.37,20.0
3393,142,9,-31.33,23.1,0.0,True,False,46.33,357.53,20.0
3394,142,10,-27.75,7.0,0.0,True,False,42.75,218.61,20.0
3395,142,11,-27.52,6.38,0.0,True,False,42.52,223.05,20.0
3396,142,12,-30.46,9.47,0.0,True,False,45.46,249.07,20.0
3397,142,13,-29.24,12.91,0.0,True,False,44.24,277.07,20.0
3398,142,14,-32.64,2.69,0.0,True,False,47.64,208.78,20.0
3399,142,15,-30.23,4.56,0.0,True,False,45.23,216.66,20.0
3400,142,16,-28.85,5.15,0.0,True,False,43.85,212.5,20.0
3401,142,17,-28.49,7.37,0.0,True,False,43.49,238.8,20.0
3402,142,18,-32.08,5.46,0.0,True,False,47.08,229.06,20.0
3403,142,19,-29.07,11.94,0.0,True,False,44.07,265.41,20.0
3404,142,20,-34.68,7.91,0.0,True,False,49.68,260.78,20.0
3405,142,21,-34.56,6.65,0.0,True,False,49.56,245.83,20.0
3406,142,22,-30.97,8.93,0.0,True,False,45.97,252.33,20.0
3407,142,23,-29.24,2.22,0.0,True,False,44.24,203.95,20.0
3408,143,0,-31.82,8.71,0.0,True,False,46.82,255.26,20.0
3409,143,1,-32.82,4.29,0.0,True,False,47.82,232.56,20.0
3410,143,2,-36.93,25.88,0.0,True,False,51.93,411.32,20.0
3411,143,3,-36.26,17.46,0.0,True,False,51.26,343.31,20.0
3412,143,4,-31.54,9.24,0.0,True,False,46.54,256.89,20.0
3413,143,5,-32.04,4.36,0.0,True,False,47.04,227.67,20.0
3414,143,6,-33.01,13.04,0.0,True,False,48.01,300.14,20.0
3415,143,7,-30.15,2.83,0.0,True,False,45.15,210.1,20.0
3416,143,8,-29.57,7.23,0.0,True,False,44.57,236.74,20.0
3417,143,9,-27.5,10.08,0.0,True,False,42.5,242.79,20.0
3418,143,10,-28.8,8.45,0.0,True,False,43.8,237.65,20.0
3419,143,11,-26.41,8.43,0.0,True,False,41.41,235.73,20.0
3420,143,12,-28.79,3.41,0.0,True,False,43.79,203.08,20.0
3421,143,13,-29.1,3.28,0.0,True,False,44.1,204.16,20.0
3422,143,14,-26.94,8.26,0.0,True,False,41.94,230.78,20.0
3423,143,15,-31.35,7.61,0.0,True,False,46.35,244.52,20.0
3424,143,16,-24.17,3.95,0.0,True,False,39.17,201.38,20.0
3425,143,17,-29.54,3.82,0.0,True,False,44.54,203.58,20.0
3426,143,18,-30.04,6.71,0.0,True,False,45.04,235.91,20.0
3427,143,19,-30.27,5.76,0.0,True,False,45.27,231.83,20.0
3428,143,20,-28.05,17.1,0.0,True,False,43.05,288.7,20.0
3429,143,21,-30.63,13.43,0.0,True,False,45.63,280.36,20.0
3430,143,22,-35.75,10.67,0.0,True,False,50.75,290.36,20.0
3431,143,23,-29.93,14.27,0.0,True,False,44.93,291.47,20.0
3432,144,0,-33.63,4.95,0.0,True,False,48.63,233.04,20.0
3433,144,1,-32.67,5.36,0.0,True,False,47.67,229.55,20.0
3434,144,2,-35.24,12.46,0.0,True,False,50.24,303.56,20.0
3435,144,3,-31.31,7.22,0.0,True,False,46.31,249.44,20.0
3436,144,4,-33.25,7.45,0.0,True,False,48.25,251.98,20.0
3437,144,5,-31.27,3.68,0.0,True,False,46.27,209.75,20.0
3438,144,6,-31.52,12.17,0.0,True,False,46.52,284.59,20.0
3439,144,7,-26.58,9.46,0.0,True,False,41.58,236.26,20.0
3440,144,8,-25.98,6.12,0.0,True,False,40.98,218.25,20.0
3441,144,9,-29.44,5.38,0.0,True,False,44.44,222.9,20.0
3442,144,10,-29.09,13.16,0.0,True,False,44.09,271.62,20.0
3443,144,11,-29.76,4.98,0.0,True,False,44.76,219.86,20.0
3444,144,12,-26.74,3.03,0.0,True,False,41.74,203.43,20.0
3445,144,13,-29.68,13.53,0.0,True,False,44.68,284.39,20.0
3446,144,14,-30.06,13.67,0.0,True,False,45.06,273.04,20.0
3447,144,15,-27.58,4.97,0.0,True,False,42.58,209.25,20.0
3448,144,16,-31.03,18.77,0.0,True,False,46.03,329.0,20.0
3449,144,17,-30.51,6.8,0.0,True,False,45.51,235.58,20.0
3450,144,18,-34.11,5.0,0.0,True,False,49.11,233.54,20.0
3451,144,19,-30.06,9.3,0.0,True,False,45.06,252.07,20.0
3452,144,20,-28.07,3.36,0.0,True,False,43.07,204.1,20.0
3453,144,21,-30.92,4.21,0.0,True,False,45.92,220.55,20.0
3454,144,22,-29.76,23.29,0.0,True,False,44.76,342.68,20.0
3455,144,23,-34.57,7.54,0.0,True,False,49.57,258.45,20.0
3456,145,0,-32.62,11.21,0.0,True,False,47.62,275.63,20.0
3457,145,1,-34.91,3.65,0.0,True,False,49.91,233.37,20.0
3458,145,2,-33.28,17.16,0.0,True,False,48.28,320.52,20.0
3459,145,3,-30.96,20.7,0.0,True,False,45.96,333.62,20.0
3460,145,4,-31.89,7.4,0.0,True,False,46.89,246.52,20.0
3461,145,5,-34.43,5.56,0.0,True,False,49.43,249.62,20.0
3462,145,6,-33.72,3.34,0.0,True,False,48.72,226.81,20.0
3463,145,7,-33.34,6.99,0.0,True,False,48.34,249.93,20.0
3464,145,8,-29.11,10.01,0.0,True,False,44.11,254.53,20.0
3465,145,9,-25.55,6.44,0.0,True,False,40.55,215.56,20.0
3466,145,10,-26.63,4.47,0.0,True,False,41.63,210.48,20.0
3467,145,11,-32.95,11.4,0.0,True,False,47.95,282.46,20.0
3468,145,12,-26.25,11.62,0.0,True,False,41.25,256.07,20.0
3469,145,13,-27.29,6.27,0.0,True,False,42.29,225.48,20.0
3470,145,14,-32.45,8.55,0.0,True,False,47.45,257.53,20.0
3471,145,15,-30.28,11.36,0.0,True,False,45.28,265.4,20.0
3472,145,16,-27.9,9.95,0.0,True,False,42.9,249.84,20.0
3473,145,17,-29.47,8.43,0.0,True,False,44.47,245.6,20.0
3474,145,18,-33.71,9.75,0.0,True,False,48.71,271.73,20.0
3475,145,19,-30.39,23.85,0.0,True,False,45.39,346.72,20.0
3476,145,20,-36.37,7.2,0.0,True,False,51.37,257.53,20.0
3477,145,21,-32.95,3.61,0.0,True,False,47.95,225.8,20.0
3478,145,22,-30.55,4.11,0.0,True,False,45.55,221.92,20.0
3479,145,23,-32.99,9.04,0.0,True,False,47.99,266.86,20.0
3480,146,0,-34.22,5.53,0.0,True,False,49.22,238.18,20.0
3481,146,1,-31.38,8.88,0.0,True,False,46.38,259.34,20.0
3482,146,2,-31.01,3.56,0.0,True,False,46.01,214.66,20.0
3483,146,3,-30.02,4.7,0.0,True,False,45.02,222.36,20.0
3484,146,4,-30.48,21.44,0.0,True,False,45.48,338.47,20.0
3485,146,5,-29.58,1.77,0.0,True,False,44.58,196.28,20.0
3486,146,6,-29.76,4.37,0.0,True,False,44.76,215.21,20.0
3487,146,7,-30.18,5.04,0.0,True,False,45.18,215.44,20.0
3488,146,8,-30.05,7.82,0.0,True,False,45.05,238.34,20.0
3489,146,9,-30.29,6.24,0.0,True,False,45.29,225.11,20.0
3490,146,10,-31.92,8.04,0.0,True,False,46.92,253.48,20.0
3491,146,11,-31.21,7.33,0.0,True,False,46.21,243.93,20.0
3492,146,12,-29.79,6.11,0.0,True,False,44.79,233.03,20.0
3493,146,13,-28.81,5.06,0.0,True,False,43.81,219.87,20.0
3494,146,14,-26.61,7.46,0.0,True,False,41.61,222.17,20.0
3495,146,15,-29.9,12.92,0.0,True,False,44.9,277.08,20.0
3496,146,16,-28.22,5.04,0.0,True,False,43.22,214.42,20.0
3497,146,17,-28.55,16.81,0.0,True,False,43.55,296.61,20.0
3498,146,18,-31.69,7.53,0.0,True,False,46.69,248.41,20.0
3499,146,19,-30.56,10.93,0.0,True,False,45.56,261.53,20.0
3500,146,20,-32.71,8.6,0.0,True,False,47.71,259.23,20.0
3501,146,21,-30.0,9.24,0.0,True,False,45.0,251.59,20.0
3502,146,22,-31.69,4.35,0.0,True,False,46.69,223.64,20.0
3503,146,23,-35.54,5.51,0.0,True,False,50.54,252.08,20.0
3504,147,0,-33.04,2.65,0.0,True,False,48.04,224.68,20.0
3505,147,1,-29.99,6.37,0.0,True,False,44.99,230.49,20.0
3506,147,2,-33.45,9.67,0.0,True,False,48.45,268.91,20.0
3507,147,3,-31.88,6.39,0.0,True,False,46.88,230.96,20.0
3508,147,4,-31.27,11.23,0.0,True,False,46.27,270.49,20.0
3509,147,5,-33.95,5.79,0.0,True,False,48.95,242.41,20.0
3510,147,6,-30.34,4.87,0.0,True,False,45.34,214.56,20.0
3511,147,7,-33.63,5.38,0.0,True,False,48.63,241.01,20.0
3512,147,8,-31.61,10.14,0.0,True,False,46.61,267.41,20.0
3513,147,9,-27.79,14.99,0.0,True,False,42.79,275.2,20.0
3514,147,10,-28.91,17.67,0.0,True,False,43.91,300.41,20.0
3515,147,11,-30.04,9.62,0.0,True,False,45.04,250.25,20.0
3516,147,12,-28.47,10.97,0.0,True,False,43.47,258.68,20.0
3517,147,13,-29.55,3.02,0.0,True,False,44.55,201.67,20.0
3518,147,14,-29.6,3.51,0.0,True,False,44.6,209.95,20.0
3519,147,15,-28.63,4.45,0.0,True,False,43.63,221.54,20.0
3520,147,16,-31.81,13.31,0.0,True,False,46.81,288.45,20.0
3521,147,17,-30.76,13.22,0.0,True,False,45.76,284.05,20.0
3522,147,18,-31.98,19.65,0.0,True,False,46.98,333.22,20.0
3523,147,19,-35.05,4.4,0.0,True,False,50.05,233.5,20.0
3524,147,20,-34.2,6.76,0.0,True,False,49.2,252.2,20.0
3525,147,21,-29.64,2.64,0.0,True,False,44.64,207.15,20.0
3526,147,22,-32.32,3.2,0.0,True,False,47.32,215.05,20.0
3527,147,23,-35.94,21.09,0.0,True,False,50.94,370.52,20.0
3528,148,0,-36.57,4.5,0.0,True,False,51.57,249.81,20.0
3529,148,1,-33.64,4.53,0.0,True,False,48.64,237.98,20.0
3530,148,2,-30.1,5.16,0.0,True,False,45.1,217.9,20.0
3531,148,3,-33.27,29.06,0.0,True,False,48.27,405.97,20.0
3532,148,4,-29.87,12.01,0.0,True,False,44.87,262.96,20.0
3533,148,5,-31.3,4.08,0.0,True,False,46.3,225.78,20.0
3534,148,6,-30.54,11.84,0.0,True,False,45.54,274.05,20.0
3535,148,7,-33.64,4.7,0.0,True,False,48.64,237.75,20.0
3536,148,8,-28.61,3.0,0.0,True,False,43.61,200.66,20.0
3537,148,9,-30.74,5.06,0.0,True,False,45.74,221.42,20.0
3538,148,10,-28.03,8.2,0.0,True,False,43.03,235.93,20.0
3539,148,11,-31.18,4.34,0.0,True,False,46.18,223.24,20.0
3540,148,12,-29.13,9.53,0.0,True,False,44.13,245.88,20.0
3541,148,13,-28.85,5.26,0.0,True,False,43.85,220.49,20.0
3542,148,14,-30.06,8.5,0.0,True,False,45.06,249.22,20.0
3543,148,15,-29.26,4.06,0.0,True,False,44.26,214.5,20.0
3544,148,16,-31.02,7.11,0.0,True,False,46.02,237.19,20.0
3545,148,17,-32.27,4.41,0.0,True,False,47.27,219.08,20.0
3546,148,18,-28.27,6.19,0.0,True,False,43.27,222.6,20.0
3547,148,19,-29.91,16.94,0.0,True,False,44.91,303.49,20.0
3548,148,20,-34.01,5.63,0.0,True,False,49.01,242.18,20.0
3549,148,21,-31.76,3.47,0.0,True,False,46.76,217.26,20.0
3550,148,22,-34.7,7.34,0.0,True,False,49.7,255.99,20.0
3551,148,23,-35.79,7.4,0.0,True,False,50.79,266.77,20.0
3552,149,0,-31.54,7.38,0.0,True,False,46.54,245.24,20.0
3553,149,1,-36.95,9.25,0.0,True,False,51.95,283.81,20.0
3554,149,2,-31.49,5.49,0.0,True,False,46.49,228.17,20.0
3555,149,3,-33.53,9.71,0.0,True,False,48.53,268.5,20.0
3556,149,4,-33.03,6.96,0.0,True,False,48.03,249.49,20.0
3557,149,5,-31.31,3.36,0.0,True,False,46.31,212.51,20.0
3558,149,6,-30.45,10.39,0.0,True,False,45.45,256.24,20.0
3559,149,7,-32.74,7.7,0.0,True,False,47.74,251.59,20.0
3560,149,8,-29.17,9.46,0.0,True,False,44.17,253.83,20.0
3561,149,9,-29.97,3.58,0.0,True,False,44.97,213.82,20.0
3562,149,10,-32.39,10.7,0.0,True,False,47.39,278.55,20.0
3563,149,11,-30.02,19.16,0.0,True,False,45.02,317.93,20.0
3564,149,12,-26.84,3.43,0.0,True,False,41.84,199.17,20.0
3565,149,13,-26.32,11.44,0.0,True,False,41.32,242.56,20.0
3566,149,14,-28.44,7.71,0.0,True,False,43.44,231.94,20.0
3567,149,15,-32.57,7.0,0.0,True,False,47.57,252.91,20.0
3568,149,16,-29.63,10.76,0.0,True,False,44.63,261.16,20.0
3569,149,17,-29.39,10.18,0.0,True,False,44.39,257.76,20.0
3570,149,18,-30.16,12.85,0.0,True,False,45.16,279.38,20.0
3571,149,19,-30.56,3.66,0.0,True,False,45.56,215.77,20.0
3572,149,20,-31.88,13.1,0.0,True,False,46.88,286.32,20.0
3573,149,21,-33.17,8.46,0.0,True,False,48.17,260.75,20.0
3574,149,22,-34.56,2.69,0.0,True,False,49.56,226.27,20.0
3575,149,23,-37.34,5.66,0.0,True,False,52.34,258.76,20.0
3576,150,0,-33.05,7.8,0.0,True,False,48.05,256.95,20.0
3577,150,1,-33.28,5.59,0.0,True,False,48.28,240.6,20.0
3578,150,2,-32.34,6.56,0.0,True,False,47.34,239.99,20.0
3579,150,3,-35.81,5.18,0.0,True,False,50.81,246.02,20.0
3580,150,4,-31.43,16.29,0.0,True,False,46.43,303.26,20.0
3581,150,5,-28.13,24.14,0.0,True,False,43.13,343.21,20.0
3582,150,6,-31.57,9.79,0.0,True,False,46.57,254.0,20.0
3583,150,7,-31.33,7.32,0.0,True,False,46.33,243.25,20.0
3584,150,8,-30.11,4.0,0.0,True,False,45.11,225.97,20.0
3585,150,9,-26.25,12.87,0.0,True,False,41.25,255.27,20.0
3586,150,10,-32.04,9.16,0.0,True,False,47.04,255.62,20.0
3587,150,11,-29.39,4.24,0.0,True,False,44.39,215.21,20.0
3588,150,12,-31.32,4.25,0.0,True,False,46.32,227.91,20.0
3589,150,13,-30.89,6.64,0.0,True,False,45.89,236.91,20.0
3590,150,14,-30.09,7.36,0.0,True,False,45.09,241.52,20.0
3591,150,15,-27.62,9.67,0.0,True,False,42.62,243.6,20.0
3592,150,16,-27.12,6.87,0.0,True,False,42.12,221.7,20.0
3593,150,17,-30.31,10.08,0.0,True,False,45.31,271.1,20.0
3594,150,18,-32.48,5.59,0.0,True,False,47.48,237.03,20.0
3595,150,19,-27.26,6.88,0.0,True,False,42.26,221.7,20.0
3596,150,20,-33.58,13.11,0.0,True,False,48.58,294.03,20.0
3597,150,21,-34.28,10.31,0.0,True,False,49.28,280.43,20.0
3598,150,22,-37.01,7.09,0.0,True,False,52.01,268.38,20.0
3599,150,23,-30.86,8.31,0.0,True,False,45.86,252.0,20.0
3600,151,0,-31.9,6.89,0.0,True,False,46.9,244.12,20.0
3601,151,1,-28.93,3.22,0.0,True,False,43.93,201.07,20.0
3602,151,2,-36.35,1.35,0.0,True,False,51.35,221.85,20.0
3603,151,3,-30.33,15.32,0.0,True,False,45.33,292.99,20.0
3604,151,4,-32.7,4.39,0.0,True,False,47.7,227.91,20.0
3605,151,5,-30.74,5.82,0.0,True,False,45.74,225.37,20.0
3606,151,6,-35.13,22.03,0.0,True,False,50.13,368.78,20.0
3607,151,7,-28.38,3.92,0.0,True,False,43.38,206.42,20.0
3608,151,8,-29.26,6.69,0.0,True,False,44.26,230.9,20.0
3609,151,9,-30.5,13.54,0.0,True,False,45.5,277.2,20.0
3610,151,10,-28.81,16.98,0.0,True,False,43.81,296.98,20.0
3611,151,11,-31.44,9.09,0.0,True,False,46.44,257.43,20.0
3612,151,12,-31.0,12.93,0.0,True,False,46.0,276.94,20.0
3613,151,13,-30.83,6.34,0.0,True,False,45.83,232.74,20.0
3614,151,14,-33.81,1.35,0.0,True,False,48.81,207.65,20.0
3615,151,15,-28.7,12.36,0.0,True,False,43.7,269.49,20.0
3616,151,16,-28.45,7.01,0.0,True,False,43.45,219.61,20.0
3617,151,17,-32.72,5.96,0.0,True,False,47.72,238.99,20.0
3618,151,18,-31.14,5.68,0.0,True,False,46.14,225.32,20.0
3619,151,19,-32.89,9.98,0.0,True,False,47.89,268.21,20.0
3620,151,20,-32.18,9.93,0.0,True,False,47.18,269.64,20.0
3621,151,21,-34.51,7.11,0.0,True,False,49.51,253.71,20.0
3622,151,22,-35.34,8.87,0.0,True,False,50.34,273.62,20.0
3623,151,23,-31.66,3.87,0.0,True,False,46.66,218.02,20.0
3624,152,0,-34.07,6.39,0.0,True,False,49.07,256.82,20.0
3625,152,1,-29.83,3.97,0.0,True,False,44.83,218.81,20.0
3626,152,2,-33.58,3.9,0.0,True,False,48.58,233.38,20.0
3627,152,3,-35.21,8.45,0.0,True,False,50.21,264.0,20.0
3628,152,4,-30.49,7.31,0.0,True,False,45.49,236.04,20.0
3629,152,5,-31.2,5.6,0.0,True,False,46.2,235.97,20.0
3630,152,6,-30.49,6.22,0.0,True,False,45.49,232.23,20.0
3631,152,7,-29.04,8.81,0.0,True,False,44.04,243.1,20.0
3632,152,8,-32.25,10.09,0.0,True,False,47.25,269.05,20.0
3633,152,9,-30.78,9.28,0.0,True,False,45.78,250.2,20.0
3634,152,10,-30.55,2.62,0.0,True,False,45.55,211.75,20.0
3635,152,11,-32.59,1.7,0.0,True,False,47.59,209.5,20.0
3636,152,12,-30.47,4.62,0.0,True,False,45.47,223.93,20.0
3637,152,13,-27.34,1.72,0.0,True,False,42.34,188.73,20.0
3638,152,14,-29.74,14.43,0.0,True,False,44.74,287.06,20.0
3639,152,15,-33.22,6.12,0.0,True,False,48.22,240.75,20.0
3640,152,16,-34.06,3.35,0.0,True,False,49.06,230.46,20.0
3641,152,17,-28.1,6.08,0.0,True,False,43.1,226.75,20.0
3642,152,18,-32.12,2.25,0.0,True,False,47.12,215.33,20.0
3643,152,19,-33.76,3.39,0.0,True,False,48.76,227.89,20.0
3644,152,20,-33.49,5.84,0.0,True,False,48.49,245.18,20.0
3645,152,21,-36.31,5.33,0.0,True,False,51.31,239.39,20.0
3646,152,22,-30.83,5.82,0.0,True,False,45.83,235.01,20.0
3647,152,23,-34.66,23.95,0.0,True,False,49.66,381.22,20.0
3648,153,0,-31.31,11.34,0.0,True,False,46.31,272.35,20.0
3649,153,1,-33.87,7.55,0.0,True,False,48.87,255.59,20.0
3650,153,2,-30.92,11.64,0.0,True,False,45.92,266.56,20.0
3651,153,3,-32.95,5.4,0.0,True,False,47.95,235.12,20.0
3652,153,4,-31.34,12.43,0.0,True,False,46.34,282.32,20.0
3653,153,5,-31.13,7.61,0.0,True,False,46.13,250.94,20.0
3654,153,6,-30.8,10.85,0.0,True,False,45.8,263.61,20.0
3655,153,7,-30.83,5.46,0.0,True,False,45.83,225.57,20.0
3656,153,8,-31.51,7.44,0.0,True,False,46.51,251.54,20.0
3657,153,9,-26.8,18.11,0.0,True,False,41.8,288.78,20.0
3658,153,10,-32.13,7.41,0.0,True,False,47.13,256.5,20.0
3659,153,11,-30.11,11.29,0.0,True,False,45.11,265.95,20.0
3660,153,12,-30.02,11.99,0.0,True,False,45.02,266.5,20.0
3661,153,13,-29.31,9.64,0.0,True,False,44.31,254.8,20.0
3662,153,14,-31.17,10.5,0.0,True,False,46.17,272.24,20.0
3663,153,15,-30.0,5.47,0.0,True,False,45.0,220.18,20.0
3664,153,16,-31.38,4.53,0.0,True,False,46.38,231.17,20.0
3665,153,17,-34.69,4.01,0.0,True,False,49.69,232.77,20.0
3666,153,18,-32.03,8.74,0.0,True,False,47.03,263.1,20.0
3667,153,19,-34.76,7.3,0.0,True,False,49.76,257.2,20.0
3668,153,20,-36.51,8.43,0.0,True,False,51.51,268.66,20.0
3669,153,21,-33.19,3.63,0.0,True,False,48.19,227.46,20.0
3670,153,22,-32.8,4.93,0.0,True,False,47.8,237.01,20.0
3671,153,23,-32.92,11.13,0.0,True,False,47.92,286.73,20.0
3672,154,0,-33.01,7.88,0.0,True,False,48.01,262.27,20.0
3673,154,1,-37.94,7.64,0.0,True,False,52.94,277.86,20.0
3674,154,2,-36.6,6.36,0.0,True,False,51.6,258.4,20.0
3675,154,3,-29.61,4.69,0.0,True,False,44.61,217.05,20.0
3676,154,4,-35.24,12.64,0.0,True,False,50.24,299.84,20.0
3677,154,5,-31.44,13.68,0.0,True,False,46.44,285.58,20.0
3678,154,6,-33.52,7.46,0.0,True,False,48.52,253.46,20.0
3679,154,7,-31.47,2.36,0.0,True,False,46.47,199.98,20.0
3680,154,8,-32.41,6.71,0.0,True,False,47.41,245.15,20.0
3681,154,9,-29.61,14.18,0.0,True,False,44.61,282.52,20.0
3682,154,10,-30.14,5.01,0.0,True,False,45.14,233.63,20.0
3683,154,11,-31.11,5.65,0.0,True,False,46.11,234.67,20.0
3684,154,12,-32.24,10.87,0.0,True,False,47.24,271.27,20.0
3685,154,13,-29.68,5.6,0.0,True,False,44.68,227.77,20.0
3686,154,14,-32.84,7.24,0.0,True,False,47.84,245.14,20.0
3687,154,15,-29.87,1.97,0.0,True,False,44.87,199.43,20.0
3688,154,16,-25.89,13.85,0.0,True,False,40.89,253.33,20.0
3689,154,17,-28.92,10.42,0.0,True,False,43.92,259.94,20.0
3690,154,18,-30.71,12.2,0.0,True,False,45.71,277.29,20.0
3691,154,19,-32.83,4.31,0.0,True,False,47.83,224.28,20.0
3692,154,20,-37.02,15.33,0.0,True,False,52.02,330.84,20.0
3693,154,21,-36.2,6.9,0.0,True,False,51.2,265.63,20.0
3694,154,22,-31.31,12.73,0.0,True,False,46.31,283.6,20.0
3695,154,23,-35.65,8.62,0.0,True,False,50.65,274.1,20.0
3696,155,0,-35.63,10.66,0.0,True,False,50.63,284.54,20.0
3697,155,1,-34.5,8.95,0.0,True,False,49.5,267.3,20.0
3698,155,2,-36.09,5.58,0.0,True,False,51.09,251.63,20.0
3699,155,3,-36.1,2.84,0.0,True,False,51.1,233.97,20.0
3700,155,4,-33.34,13.22,0.0,True,False,48.34,292.23,20.0
3701,155,5,-34.54,1.43,0.0,True,False,49.54,209.67,20.0
3702,155,6,-33.72,11.25,0.0,True,False,48.72,287.7,20.0
3703,155,7,-33.28,13.21,0.0,True,False,48.28,291.44,20.0
3704,155,8,-30.19,3.27,0.0,True,False,45.19,216.08,20.0
3705,155,9,-31.28,5.75,0.0,True,False,46.28,233.98,20.0
3706,155,10,-30.86,3.05,0.0,True,False,45.86,216.26,20.0
3707,155,11,-29.11,5.14,0.0,True,False,44.11,227.14,20.0
3708,155,12,-30.52,12.1,0.0,True,False,45.52,276.04,20.0
3709,155,13,-30.86,10.6,0.0,True,False,45.86,267.77,20.0
3710,155,14,-29.56,9.89,0.0,True,False,44.56,250.03,20.0
3711,155,15,-29.48,5.77,0.0,True,False,44.48,223.05,20.0
3712,155,16,-31.53,1.54,0.0,True,False,46.53,207.22,20.0
3713,155,17,-31.56,3.54,0.0,True,False,46.56,224.85,20.0
3714,155,18,-33.8,6.36,0.0,True,False,48.8,253.28,20.0
3715,155,19,-34.47,3.99,0.0,True,False,49.47,242.18,20.0
3716,155,20,-31.7,11.31,0.0,True,False,46.7,274.91,20.0
3717,155,21,-32.76,15.57,0.0,True,False,47.76,310.19,20.0
3718,155,22,-33.06,8.58,0.0,True,False,48.06,264.67,20.0
3719,155,23,-33.6,3.24,0.0,True,False,48.6,224.22,20.0
3720,156,0,-34.23,13.46,0.0,True,False,49.23,301.68,20.0
3721,156,1,-32.86,7.64,0.0,True,False,47.86,248.81,20.0
3722,156,2,-32.18,7.12,0.0,True,False,47.18,250.33,20.0
3723,156,3,-31.91,9.48,0.0,True,False,46.91,257.53,20.0
3724,156,4,-33.52,3.63,0.0,True,False,48.52,228.73,20.0
3725,156,5,-30.07,5.82,0.0,True,False,45.07,222.89,20.0
3726,156,6,-31.86,21.87,0.0,True,False,46.86,353.06,20.0
3727,156,7,-30.54,8.21,0.0,True,False,45.54,242.7,20.0
3728,156,8,-30.76,8.64,0.0,True,False,45.76,254.11,20.0
3729,156,9,-30.41,9.47,0.0,True,False,45.41,248.46,20.0
3730,156,10,-32.06,5.22,0.0,True,False,47.06,230.68,20.0
3731,156,11,-28.99,2.51,0.0,True,False,43.99,207.04,20.0
3732,156,12,-24.63,6.33,0.0,True,False,39.63,206.22,20.0
3733,156,13,-31.14,6.75,0.0,True,False,46.14,239.63,20.0
3734,156,14,-30.45,2.44,0.0,True,False,45.45,205.16,20.0
3735,156,15,-31.8,5.06,0.0,True,False,46.8,221.04,20.0
3736,156,16,-32.3,7.83,0.0,True,False,47.3,253.15,20.0
3737,156,17,-28.72,5.5,0.0,True,False,43.72,222.7,20.0
3738,156,18,-33.67,7.67,0.0,True,False,48.67,252.31,20.0
3739,156,19,-33.79,5.37,0.0,True,False,48.79,242.72,20.0
3740,156,20,-36.5,9.82,0.0,True,False,51.5,282.48,20.0
3741,156,21,-35.25,4.17,0.0,True,False,50.25,233.22,20.0
3742,156,22,-37.47,7.16,0.0,True,False,52.47,269.28,20.0
3743,156,23,-32.99,7.35,0.0,True,False,47.99,248.75,20.0
3744,157,0,-28.8,11.09,0.0,True,False,43.8,267.19,20.0
3745,157,1,-35.07,5.98,0.0,True,False,50.07,243.92,20.0
3746,157,2,-37.47,15.47,0.0,True,False,52.47,337.61,20.0
3747,157,3,-32.02,15.17,0.0,True,False,47.02,306.41,20.0
3748,157,4,-34.86,4.32,0.0,True,False,49.86,228.94,20.0
3749,157,5,-30.32,7.06,0.0,True,False,45.32,231.09,20.0
3750,157,6,-32.97,3.44,0.0,True,False,47.97,225.51,20.0
3751,157,7,-33.15,9.1,0.0,True,False,48.15,262.88,20.0
3752,157,8,-31.76,5.46,0.0,True,False,46.76,234.46,20.0
3753,157,9,-29.47,7.59,0.0,True,False,44.47,242.49,20.0
3754,157,10,-31.13,6.24,0.0,True,False,46.13,234.31,20.0
3755,157,11,-31.46,23.68,0.0,True,False,46.46,354.44,20.0
3756,157,12,-30.8,6.63,0.0,True,False,45.8,226.19,20.0
3757,157,13,-33.02,6.32,0.0,True,False,48.02,245.01,20.0
3758,157,14,-29.88,11.46,0.0,True,False,44.88,262.05,20.0
3759,157,15,-34.56,12.28,0.0,True,False,49.56,296.14,20.0
3760,157,16,-32.29,8.16,0.0,True,False,47.29,255.14,20.0
3761,157,17,-30.37,12.45,0.0,True,False,45.37,269.37,20.0
3762,157,18,-31.8,21.66,0.0,True,False,46.8,353.71,20.0
3763,157,19,-31.74,6.07,0.0,True,False,46.74,241.46,20.0
3764,157,20,-33.53,3.67,0.0,True,False,48.53,230.4,20.0
3765,157,21,-31.48,23.75,0.0,True,False,46.48,354.58,20.0
3766,157,22,-32.29,11.87,0.0,True,False,47.29,278.9,20.0
3767,157,23,-33.44,14.84,0.0,True,False,48.44,305.65,20.0
3768,158,0,-32.62,9.55,0.0,True,False,47.62,263.94,20.0
3769,158,1,-32.91,7.26,0.0,True,False,47.91,245.99,20.0
3770,158,2,-35.09,4.68,0.0,True,False,50.09,242.19,20.0
3771,158,3,-36.58,13.25,0.0,True,False,51.58,313.49,20.0
3772,158,4,-32.64,8.38,0.0,True,False,47.64,258.79,20.0
3773,158,5,-31.91,2.55,0.0,True,False,46.91,211.03,20.0
3774,158,6,-30.3,18.09,0.0,True,False,45.3,318.05,20.0
3775,158,7,-33.83,3.8,0.0,True,False,48.83,229.84,20.0
3776,158,8,-33.29,11.98,0.0,True,False,48.29,275.35,20.0
3777,158,9,-30.15,8.03,0.0,True,False,45.15,241.3,20.0
3778,158,10,-30.89,2.67,0.0,True,False,45.89,210.0,20.0
3779,158,11,-34.32,21.82,0.0,True,False,49.32,368.11,20.0
3780,158,12,-29.73,6.08,0.0,True,False,44.73,227.73,20.0
3781,158,13,-34.25,3.05,0.0,True,False,49.25,224.13,20.0
3782,158,14,-32.64,9.09,0.0,True,False,47.64,259.75,20.0
3783,158,15,-28.36,11.14,0.0,True,False,43.36,258.87,20.0
3784,158,16,-27.83,7.07,0.0,True,False,42.83,225.69,20.0
3785,158,17,-34.39,5.99,0.0,True,False,49.39,245.01,20.0
3786,158,18,-33.14,9.44,0.0,True,False,48.14,264.25,20.0
3787,158,19,-32.91,1.19,0.0,True,False,47.91,209.09,20.0
3788,158,20,-29.92,5.64,0.0,True,False,44.92,224.61,20.0
3789,158,21,-34.88,5.86,0.0,True,False,49.88,241.76,20.0
3790,158,22,-35.17,22.19,0.0,True,False,50.17,375.03,20.0
3791,158,23,-31.31,2.94,0.0,True,False,46.31,210.81,20.0
3792,159,0,-35.3,2.13,0.0,True,False,50.3,223.46,20.0
3793,159,1,-33.04,4.01,0.0,True,False,48.04,229.12,20.0
3794,159,2,-37.24,9.02,0.0,True,False,52.24,287.66,20.0
3795,159,3,-34.31,5.81,0.0,True,False,49.31,249.94,20.0
3796,159,4,-36.87,4.0,0.0,True,False,51.87,239.81,20.0
3797,159,5,-35.18,16.68,0.0,True,False,50.18,330.46,20.0
3798,159,6,-30.87,5.99,0.0,True,False,45.87,227.84,20.0
3799,159,7,-32.13,7.21,0.0,True,False,47.13,253.5,20.0
3800,159,8,-32.19,13.14,0.0,True,False,47.19,290.79,20.0
3801,159,9,-32.63,7.76,0.0,True,False,47.63,258.43,20.0
3802,159,10,-31.26,9.39,0.0,True,False,46.26,256.91,20.0
3803,159,11,-30.02,4.55,0.0,True,False,45.02,211.59,20.0
3804,159,12,-28.59,7.42,0.0,True,False,43.59,239.13,20.0
3805,159,13,-35.87,15.62,0.0,True,False,50.87,327.34,20.0
3806,159,14,-32.48,8.79,0.0,True,False,47.48,260.07,20.0
3807,159,15,-30.82,8.16,0.0,True,False,45.82,247.93,20.0
3808,159,16,-31.75,6.31,0.0,True,False,46.75,241.43,20.0
3809,159,17,-31.23,3.41,0.0,True,False,46.23,218.72,20.0
3810,159,18,-32.02,12.44,0.0,True,False,47.02,276.84,20.0
3811,159,19,-33.68,6.92,0.0,True,False,48.68,255.65,20.0
3812,159,20,-34.6,4.92,0.0,True,False,49.6,238.21,20.0
3813,159,21,-34.46,3.2,0.0,True,False,49.46,225.14,20.0
3814,159,22,-31.99,23.37,0.0,True,False,46.99,367.0,20.0
3815,159,23,-35.95,3.73,0.0,True,False,50.95,240.23,20.0
3816,160,0,-34.74,12.49,0.0,True,False,49.74,296.0,20.0
3817,160,1,-34.18,5.08,0.0,True,False,49.18,232.43,20.0
3818,160,2,-31.23,7.5,0.0,True,False,46.23,245.59,20.0
3819,160,3,-34.63,8.71,0.0,True,False,49.63,270.81,20.0
3820,160,4,-31.7,8.2,0.0,True,False,46.7,251.56,20.0
3821,160,5,-30.67,11.16,0.0,True,False,45.67,262.61,20.0
3822,160,6,-32.74,5.34,0.0,True,False,47.74,232.84,20.0
3823,160,7,-32.52,7.24,0.0,True,False,47.52,243.65,20.0
3824,160,8,-32.28,9.65,0.0,True,False,47.28,265.6,20.0
3825,160,9,-31.71,14.86,0.0,True,False,46.71,301.87,20.0
3826,160,10,-29.18,10.76,0.0,True,False,44.18,261.78,20.0
3827,160,11,-30.22,11.78,0.0,True,False,45.22,266.68,20.0
3828,160,12,-30.15,6.07,0.0,True,False,45.15,231.53,20.0
3829,160,13,-32.94,8.79,0.0,True,False,47.94,263.83,20.0
3830,160,14,-32.82,13.79,0.0,True,False,47.82,294.9,20.0
3831,160,15,-26.92,7.05,0.0,True,False,41.92,222.88,20.0
3832,160,16,-31.97,8.82,0.0,True,False,46.97,265.94,20.0
3833,160,17,-33.65,2.77,0.0,True,False,48.65,221.71,20.0
3834,160,18,-29.76,10.13,0.0,True,False,44.76,259.78,20.0
3835,160,19,-32.57,8.11,0.0,True,False,47.57,253.35,20.0
3836,160,20,-32.46,9.79,0.0,True,False,47.46,266.73,20.0
3837,160,21,-34.31,6.15,0.0,True,False,49.31,241.42,20.0
3838,160,22,-34.99,2.37,0.0,True,False,49.99,222.64,20.0
3839,160,23,-34.89,10.37,0.0,True,False,49.89,287.02,20.0
3840,161,0,-37.44,4.89,0.0,True,False,52.44,259.67,20.0
3841,161,1,-34.79,2.95,0.0,True,False,49.79,231.15,20.0
3842,161,2,-33.82,7.83,0.0,True,False,48.82,261.31,20.0
3843,161,3,-30.39,15.83,0.0,True,False,45.39,298.24,20.0
3844,161,4,-33.51,4.49,0.0,True,False,48.51,230.5,20.0
3845,161,5,-37.86,5.0,0.0,True,False,52.86,253.16,20.0
3846,161,6,-32.87,10.63,0.0,True,False,47.87,276.96,20.0
3847,161,7,-26.68,6.46,0.0,True,False,41.68,215.62,20.0
3848,161,8,-29.95,10.35,0.0,True,False,44.95,262.36,20.0
3849,161,9,-32.89,6.27,0.0,True,False,47.89,239.35,20.0
3850,161,10,-29.76,5.75,0.0,True,False,44.76,219.72,20.0
3851,161,11,-32.23,4.62,0.0,True,False,47.23,224.82,20.0
3852,161,12,-33.39,8.48,0.0,True,False,48.39,254.74,20.0
3853,161,13,-31.44,4.6,0.0,True,False,46.44,220.16,20.0
3854,161,14,-30.76,5.56,0.0,True,False,45.76,234.12,20.0
3855,161,15,-35.01,12.39,0.0,True,False,50.01,297.17,20.0
3856,161,16,-33.98,19.2,0.0,True,False,48.98,343.67,20.0
3857,161,17,-32.14,9.03,0.0,True,False,47.14,264.33,20.0
3858,161,18,-33.49,12.64,0.0,True,False,48.49,297.14,20.0
3859,161,19,-32.41,5.93,0.0,True,False,47.41,236.86,20.0
3860,161,20,-36.11,6.35,0.0,True,False,51.11,262.55,20.0
3861,161,21,-32.66,8.02,0.0,True,False,47.66,256.39,20.0
3862,161,22,-36.78,4.93,0.0,True,False,51.78,249.0,20.0
3863,161,23,-31.32,5.71,0.0,True,False,46.32,234.67,20.0
3864,162,0,-38.17,10.17,0.0,True,False,53.17,290.55,20.0
3865,162,1,-36.85,7.33,0.0,True,False,51.85,264.78,20.0
3866,162,2,-33.63,6.71,0.0,True,False,48.63,249.13,20.0
3867,162,3,-30.82,6.54,0.0,True,False,45.82,239.01,20.0
3868,162,4,-33.1,4.03,0.0,True,False,48.1,226.51,20.0
3869,162,5,-32.13,7.86,0.0,True,False,47.13,250.87,20.0
3870,162,6,-32.7,4.93,0.0,True,False,47.7,236.79,20.0
3871,162,7,-34.27,2.75,0.0,True,False,49.27,228.63,20.0
3872,162,8,-32.71,3.71,0.0,True,False,47.71,227.29,20.0
3873,162,9,-33.74,6.6,0.0,True,False,48.74,254.29,20.0
3874,162,10,-33.56,9.76,0.0,True,False,48.56,269.87,20.0
3875,162,11,-30.0,11.05,0.0,True,False,45.0,262.36,20.0
3876,162,12,-32.98,3.22,0.0,True,False,47.98,222.98,20.0
3877,162,13,-30.16,9.27,0.0,True,False,45.16,251.1,20.0
3878,162,14,-33.61,16.31,0.0,True,False,48.61,317.45,20.0
3879,162,15,-30.73,11.33,0.0,True,False,45.73,275.66,20.0
3880,162,16,-32.71,7.71,0.0,True,False,47.71,252.04,20.0
3881,162,17,-29.4,8.03,0.0,True,False,44.4,236.7,20.0
3882,162,18,-32.09,7.6,0.0,True,False,47.09,251.32,20.0
3883,162,19,-30.78,5.49,0.0,True,False,45.78,236.54,20.0
3884,162,20,-35.25,11.6,0.0,True,False,50.25,293.56,20.0
3885,162,21,-34.04,4.23,0.0,True,False,49.04,237.97,20.0
3886,162,22,-36.43,7.92,0.0,True,False,51.43,268.92,20.0
3887,162,23,-35.49,2.72,0.0,True,False,50.49,225.2,20.0
3888,163,0,-35.31,12.13,0.0,True,False,50.31,294.77,20.0
3889,163,1,-36.17,7.75,0.0,True,False,51.17,267.66,20.0
3890,163,2,-36.95,3.08,0.0,True,False,51.95,242.59,20.0
3891,163,3,-37.03,14.16,0.0,True,False,52.03,317.39,20.0
3892,163,4,-38.46,6.86,0.0,True,False,53.46,277.63,20.0
3893,163,5,-35.41,3.49,0.0,True,False,50.41,228.67,20.0
3894,163,6,-31.53,17.04,0.0,True,False,46.53,311.89,20.0
3895,163,7,-35.46,6.28,0.0,True,False,50.46,257.35,20.0
3896,163,8,-34.52,4.66,0.0,True,False,49.52,240.6,20.0
3897,163,9,-27.79,8.12,0.0,True,False,42.79,235.17,20.0
3898,163,10,-32.33,3.73,0.0,True,False,47.33,216.34,20.0
3899,163,11,-30.21,5.49,0.0,True,False,45.21,228.35,20.0
3900,163,12,-29.5,13.33,0.0,True,False,44.5,272.29,20.0
3901,163,13,-29.53,17.57,0.0,True,False,44.53,315.13,20.0
3902,163,14,-34.1,6.36,0.0,True,False,49.1,248.11,20.0
3903,163,15,-31.83,9.0,0.0,True,False,46.83,258.83,20.0
3904,163,16,-35.02,13.63,0.0,True,False,50.02,302.74,20.0
3905,163,17,-27.37,6.26,0.0,True,False,42.37,218.45,20.0
3906,163,18,-35.97,4.55,0.0,True,False,50.97,237.73,20.0
3907,163,19,-35.4,9.85,0.0,True,False,50.4,284.67,20.0
3908,163,20,-35.87,3.41,0.0,True,False,50.87,232.76,20.0
3909,163,21,-37.19,4.27,0.0,True,False,52.19,247.69,20.0
3910,163,22,-31.81,3.03,0.0,True,False,46.81,213.33,20.0
3911,163,23,-29.87,13.14,0.0,True,False,44.87,275.02,20.0
3912,164,0,-35.78,7.45,0.0,True,False,50.78,269.4,20.0
3913,164,1,-37.4,10.04,0.0,True,False,52.4,287.71,20.0
3914,164,2,-39.04,4.43,0.0,True,False,54.04,246.63,20.0
3915,164,3,-34.73,8.82,0.0,True,False,49.73,271.55,20.0
3916,164,4,-34.46,8.97,0.0,True,False,49.46,265.26,20.0
3917,164,5,-34.65,16.99,0.0,True,False,49.65,328.66,20.0
3918,164,6,-32.39,9.61,0.0,True,False,47.39,268.61,20.0
3919,164,7,-31.52,11.04,0.0,True,False,46.52,267.63,20.0
3920,164,8,-31.18,7.76,0.0,True,False,46.18,250.04,20.0
3921,164,9,-32.05,1.32,0.0,True,False,47.05,202.15,20.0
3922,164,10,-33.3,8.42,0.0,True,False,48.3,266.53,20.0
3923,164,11,-29.57,6.58,0.0,True,False,44.57,236.92,20.0
3924,164,12,-30.8,21.41,0.0,True,False,45.8,336.76,20.0
3925,164,13,-29.12,5.62,0.0,True,False,44.12,222.52,20.0
3926,164,14,-29.52,6.41,0.0,True,False,44.52,226.94,20.0
3927,164,15,-34.26,5.06,0.0,True,False,49.26,240.82,20.0
3928,164,16,-34.7,10.52,0.0,True,False,49.7,287.06,20.0
3929,164,17,-33.82,4.06,0.0,True,False,48.82,225.17,20.0
3930,164,18,-34.94,15.87,0.0,True,False,49.94,327.36,20.0
3931,164,19,-31.84,10.07,0.0,True,False,46.84,260.34,20.0
3932,164,20,-33.13,11.91,0.0,True,False,48.13,281.56,20.0
3933,164,21,-32.05,4.23,0.0,True,False,47.05,218.26,20.0
3934,164,22,-33.77,5.41,0.0,True,False,48.77,249.06,20.0
3935,164,23,-34.34,7.6,0.0,True,False,49.34,259.37,20.0
3936,165,0,-32.47,7.23,0.0,True,False,47.47,249.36,20.0
3937,165,1,-33.86,10.08,0.0,True,False,48.86,272.52,20.0
3938,165,2,-34.47,7.24,0.0,True,False,49.47,261.3,20.0
3939,165,3,-31.32,16.3,0.0,True,False,46.32,298.06,20.0
3940,165,4,-33.64,4.28,0.0,True,False,48.64,231.98,20.0
3941,165,5,-34.0,3.79,0.0,True,False,49.0,238.48,20.0
3942,165,6,-34.55,5.27,0.0,True,False,49.55,241.2,20.0
3943,165,7,-30.95,6.42,0.0,True,False,45.95,236.36,20.0
3944,165,8,-29.4,12.44,0.0,True,False,44.4,272.62,20.0
3945,165,9,-31.56,8.7,0.0,True,False,46.56,251.51,20.0
3946,165,10,-28.52,1.5,0.0,True,False,43.52,194.15,20.0
3947,165,11,-34.88,1.61,0.0,True,False,49.88,220.51,20.0
3948,165,12,-30.98,6.73,0.0,True,False,45.98,239.33,20.0
3949,165,13,-31.02,20.74,0.0,True,False,46.02,336.92,20.0
3950,165,14,-32.59,6.84,0.0,True,False,47.59,244.72,20.0
3951,165,15,-26.69,6.42,0.0,True,False,41.69,219.82,20.0
3952,165,16,-32.0,15.11,0.0,True,False,47.0,302.15,20.0
3953,165,17,-33.17,11.5,0.0,True,False,48.17,288.06,20.0
3954,165,18,-32.82,5.42,0.0,True,False,47.82,239.8,20.0
3955,165,19,-37.39,7.17,0.0,True,False,52.39,268.02,20.0
3956,165,20,-35.39,6.14,0.0,True,False,50.39,242.87,20.0
3957,165,21,-32.32,2.06,0.0,True,False,47.32,213.91,20.0
3958,165,22,-35.86,5.56,0.0,True,False,50.86,253.19,20.0
3959,165,23,-36.46,5.6,0.0,True,False,51.46,249.23,20.0
3960,166,0,-32.29,4.95,0.0,True,False,47.29,223.45,20.0
3961,166,1,-32.16,5.47,0.0,True,False,47.16,230.04,20.0
3962,166,2,-33.6,6.21,0.0,True,False,48.6,249.5,20.0
3963,166,3,-35.23,24.06,0.0,True,False,50.23,382.76,20.0
3964,166,4,-34.38,5.16,0.0,True,False,49.38,239.4,20.0
3965,166,5,-35.03,13.36,0.0,True,False,50.03,306.24,20.0
3966,166,6,-34.89,4.25,0.0,True,False,49.89,241.35,20.0
3967,166,7,-34.48,12.23,0.0,True,False,49.48,294.03,20.0
3968,166,8,-33.14,8.34,0.0,True,False,48.14,258.87,20.0
3969,166,9,-33.56,3.61,0.0,True,False,48.56,224.49,20.0
3970,166,10,-34.3,6.12,0.0,True,False,49.3,254.54,20.0
3971,166,11,-30.53,15.4,0.0,True,False,45.53,300.13,20.0
3972,166,12,-30.43,4.3,0.0,True,False,45.43,219.3,20.0
3973,166,13,-27.57,15.61,0.0,True,False,42.57,275.32,20.0
3974,166,14,-32.51,9.19,0.0,True,False,47.51,259.36,20.0
3975,166,15,-30.9,8.41,0.0,True,False,45.9,252.1,20.0
3976,166,16,-31.28,8.92,0.0,True,False,46.28,252.13,20.0
3977,166,17,-32.89,6.04,0.0,True,False,47.89,245.21,20.0
3978,166,18,-31.42,0.6,0.0,True,False,46.42,199.17,20.0
3979,166,19,-31.87,4.4,0.0,True,False,46.87,227.09,20.0
3980,166,20,-33.25,7.34,0.0,True,False,48.25,255.14,20.0
3981,166,21,-34.83,8.56,0.0,True,False,49.83,270.43,20.0
3982,166,22,-35.35,9.4,0.0,True,False,50.35,273.69,20.0
3983,166,23,-37.57,9.21,0.0,True,False,52.57,284.55,20.0
3984,167,0,-36.55,10.41,0.0,True,False,51.55,299.81,20.0
3985,167,1,-36.11,18.6,0.0,True,False,51.11,346.32,20.0
3986,167,2,-36.91,8.2,0.0,True,False,51.91,273.06,20.0
3987,167,3,-33.47,13.01,0.0,True,False,48.47,298.96,20.0
3988,167,4,-31.54,9.57,0.0,True,False,46.54,260.1,20.0
3989,167,5,-35.27,19.59,0.0,True,False,50.27,350.33,20.0
3990,167,6,-32.37,7.6,0.0,True,False,47.37,245.29,20.0
3991,167,7,-34.48,7.18,0.0,True,False,49.48,258.77,20.0
3992,167,8,-32.54,12.61,0.0,True,False,47.54,291.13,20.0
3993,167,9,-32.9,12.62,0.0,True,False,47.9,294.55,20.0
3994,167,10,-30.0,6.31,0.0,True,False,45.0,231.81,20.0
3995,167,11,-32.36,9.4,0.0,True,False,47.36,267.51,20.0
3996,167,12,-28.91,10.46,0.0,True,False,43.91,250.28,20.0
3997,167,13,-31.49,10.17,0.0,True,False,46.49,265.36,20.0
3998,167,14,-32.5,23.93,0.0,True,False,47.5,364.79,20.0
3999,167,15,-34.03,2.6,0.0,True,False,49.03,221.71,20.0
4000,167,16,-31.43,10.24,0.0,True,False,46.43,267.9,20.0
4001,167,17,-30.63,10.48,0.0,True,False,45.63,267.03,20.0
4002,167,18,-32.39,9.11,0.0,True,False,47.39,257.45,20.0
4003,167,19,-28.97,5.95,0.0,True,False,43.97,230.02,20.0
4004,167,20,-31.07,14.63,0.0,True,False,46.07,291.63,20.0
4005,167,21,-34.96,4.35,0.0,True,False,49.96,233.37,20.0
4006,167,22,-35.3,12.73,0.0,True,False,50.3,301.33,20.0
4007,167,23,-33.93,4.32,0.0,True,False,48.93,227.43,20.0
4008,168,0,-36.63,11.95,0.0,True,False,51.63,302.78,20.0
4009,168,1,-32.56,4.43,0.0,True,False,47.56,229.95,20.0
4010,168,2,-33.97,11.61,0.0,True,False,48.97,286.18,20.0
4011,168,3,-33.86,16.25,0.0,True,False,48.86,322.59,20.0
4012,168,4,-32.58,16.28,0.0,True,False,47.58,312.19,20.0
4013,168,5,-30.03,14.5,0.0,True,False,45.03,287.05,20.0
4014,168,6,-32.62,7.58,0.0,True,False,47.62,245.77,20.0
4015,168,7,-32.67,5.42,0.0,True,False,47.67,236.47,20.0
4016,168,8,-28.94,1.39,0.0,True,False,43.94,191.37,20.0
4017,168,9,-29.61,6.96,0.0,True,False,44.61,232.53,20.0
4018,168,10,-31.87,12.25,0.0,True,False,46.87,280.73,20.0
4019,168,11,-31.02,10.16,0.0,True,False,46.02,263.16,20.0
4020,168,12,-30.57,20.49,0.0,True,False,45.57,324.3,20.0
4021,168,13,-30.3,5.71,0.0,True,False,45.3,222.51,20.0
4022,168,14,-33.94,16.81,0.0,True,False,48.94,323.8,20.0
4023,168,15,-34.63,7.25,0.0,True,False,49.63,259.69,20.0
4024,168,16,-33.73,4.31,0.0,True,False,48.73,233.88,20.0
4025,168,17,-34.37,8.77,0.0,True,False,49.37,271.5,20.0
4026,168,18,-34.24,10.03,0.0,True,False,49.24,281.85,20.0
4027,168,19,-32.21,13.84,0.0,True,False,47.21,296.07,20.0
4028,168,20,-34.3,5.7,0.0,True,False,49.3,244.83,20.0
4029,168,21,-33.98,8.77,0.0,True,False,48.98,262.04,20.0
4030,168,22,-37.14,7.65,0.0,True,False,52.14,267.89,20.0
4031,168,23,-35.81,6.29,0.0,True,False,50.81,253.66,20.0
4032,169,0,-33.8,15.95,0.0,True,False,48.8,318.98,20.0
4033,169,1,-33.72,10.11,0.0,True,False,48.72,275.67,20.0
4034,169,2,-36.16,1.92,0.0,True,False,51.16,223.46,20.0
4035,169,3,-34.07,8.85,0.0,True,False,49.07,266.55,20.0
4036,169,4,-29.58,2.97,0.0,True,False,44.58,210.04,20.0
4037,169,5,-33.53,8.4,0.0,True,False,48.53,262.28,20.0
4038,169,6,-34.36,3.28,0.0,True,False,49.36,228.43,20.0
4039,169,7,-32.81,10.13,0.0,True,False,47.81,271.87,20.0
4040,169,8,-31.79,2.94,0.0,True,False,46.79,213.18,20.0
4041,169,9,-31.86,4.45,0.0,True,False,46.86,222.11,20.0
4042,169,10,-31.31,11.28,0.0,True,False,46.31,273.51,20.0
4043,169,11,-33.93,7.58,0.0,True,False,48.93,258.88,20.0
4044,169,12,-32.9,3.45,0.0,True,False,47.9,222.19,20.0
4045,169,13,-31.34,15.45,0.0,True,False,46.34,299.02,20.0
4046,169,14,-31.57,6.1,0.0,True,False,46.57,245.75,20.0
4047,169,15,-32.69,6.64,0.0,True,False,47.69,242.07,20.0
4048,169,16,-32.33,6.96,0.0,True,False,47.33,245.0,20.0
4049,169,17,-32.34,10.55,0.0,True,False,47.34,272.47,20.0
4050,169,18,-31.2,6.35,0.0,True,False,46.2,232.23,20.0
4051,169,19,-33.69,7.11,0.0,True,False,48.69,253.2,20.0
4052,169,20,-33.18,13.17,0.0,True,False,48.18,301.55,20.0
4053,169,21,-35.47,12.36,0.0,True,False,50.47,303.81,20.0
4054,169,22,-33.56,6.88,0.0,True,False,48.56,253.03,20.0
4055,169,23,-34.16,7.0,0.0,True,False,49.16,256.3,20.0
4056,170,0,-33.26,1.46,0.0,True,False,48.26,210.45,20.0
4057,170,1,-33.49,23.32,0.0,True,False,48.49,373.62,20.0
4058,170,2,-33.54,11.5,0.0,True,False,48.54,283.44,20.0
4059,170,3,-34.6,6.17,0.0,True,False,49.6,247.93,20.0
4060,170,4,-33.5,14.3,0.0,True,False,48.5,304.64,20.0
4061,170,5,-31.38,2.74,0.0,True,False,46.38,216.1,20.0
4062,170,6,-34.29,4.62,0.0,True,False,49.29,238.21,20.0
4063,170,7,-33.73,28.74,0.0,True,False,48.73,413.71,20.0
4064,170,8,-31.63,11.27,0.0,True,False,46.63,264.95,20.0
4065,170,9,-30.74,2.64,0.0,True,False,45.74,214.25,20.0
4066,170,10,-32.91,2.96,0.0,True,False,47.91,228.95,20.0
4067,170,11,-31.21,10.21,0.0,True,False,46.21,268.98,20.0
4068,170,12,-31.18,9.16,0.0,True,False,46.18,254.96,20.0
4069,170,13,-35.49,6.59,0.0,True,False,50.49,253.08,20.0
4070,170,14,-31.7,14.06,0.0,True,False,46.7,294.04,20.0
4071,170,15,-31.89,5.27,0.0,True,False,46.89,228.17,20.0
4072,170,16,-32.31,1.99,0.0,True,False,47.31,213.42,20.0
4073,170,17,-29.64,10.55,0.0,True,False,44.64,256.39,20.0
4074,170,18,-35.42,11.73,0.0,True,False,50.42,298.9,20.0
4075,170,19,-35.16,20.44,0.0,True,False,50.16,364.75,20.0
4076,170,20,-39.21,3.91,0.0,True,False,54.21,242.14,20.0
4077,170,21,-35.37,2.06,0.0,True,False,50.37,222.92,20.0
4078,170,22,-35.51,7.5,0.0,True,False,50.51,260.66,20.0
4079,170,23,-35.94,8.93,0.0,True,False,50.94,270.6,20.0
4080,171,0,-32.78,12.16,0.0,True,False,47.78,282.58,20.0
4081,171,1,-33.21,9.21,0.0,True,False,48.21,265.0,20.0
4082,171,2,-34.57,5.67,0.0,True,False,49.57,249.92,20.0
4083,171,3,-35.15,8.33,0.0,True,False,50.15,262.06,20.0
4084,171,4,-31.94,12.47,0.0,True,False,46.94,287.21,20.0
4085,171,5,-33.55,8.87,0.0,True,False,48.55,273.03,20.0
4086,171,6,-34.63,11.57,0.0,True,False,49.63,292.34,20.0
4087,171,7,-35.91,4.02,0.0,True,False,50.91,240.79,20.0
4088,171,8,-32.88,10.34,0.0,True,False,47.88,272.42,20.0
4089,171,9,-30.07,9.22,0.0,True,False,45.07,246.86,20.0
4090,171,10,-26.71,6.31,0.0,True,False,41.71,220.09,20.0
4091,171,11,-30.94,12.58,0.0,True,False,45.94,280.23,20.0
4092,171,12,-32.53,18.48,0.0,True,False,47.53,331.78,20.0
4093,171,13,-33.44,3.19,0.0,True,False,48.44,233.46,20.0
4094,171,14,-30.16,2.58,0.0,True,False,45.16,209.9,20.0
4095,171,15,-35.11,6.48,0.0,True,False,50.11,255.76,20.0
4096,171,16,-30.9,7.22,0.0,True,False,45.9,247.84,20.0
4097,171,17,-30.84,7.51,0.0,True,False,45.84,237.95,20.0
4098,171,18,-32.12,5.34,0.0,True,False,47.12,228.96,20.0
4099,171,19,-33.95,2.89,0.0,True,False,48.95,221.36,20.0
4100,171,20,-32.87,6.66,0.0,True,False,47.87,243.39,20.0
4101,171,21,-34.07,7.25,0.0,True,False,49.07,258.16,20.0
4102,171,22,-36.29,6.36,0.0,True,False,51.29,256.79,20.0
4103,171,23,-31.23,7.34,0.0,True,False,46.23,250.79,20.0
4104,172,0,-35.7,8.43,0.0,True,False,50.7,277.43,20.0
4105,172,1,-33.38,6.79,0.0,True,False,48.38,252.17,20.0
4106,172,2,-39.57,5.3,0.0,True,False,54.57,261.46,20.0
4107,172,3,-31.86,7.36,0.0,True,False,46.86,249.15,20.0
4108,172,4,-31.06,8.76,0.0,True,False,46.06,256.16,20.0
4109,172,5,-33.46,7.7,0.0,True,False,48.46,251.78,20.0
4110,172,6,-31.88,19.1,0.0,True,False,46.88,330.72,20.0
4111,172,7,-31.37,9.07,0.0,True,False,46.37,259.29,20.0
4112,172,8,-33.29,7.53,0.0,True,False,48.29,254.94,20.0
4113,172,9,-30.49,4.89,0.0,True,False,45.49,230.22,20.0
4114,172,10,-32.89,4.95,0.0,True,False,47.89,238.66,20.0
4115,172,11,-32.29,6.37,0.0,True,False,47.29,238.21,20.0
4116,172,12,-28.75,6.47,0.0,True,False,43.75,227.96,20.0
4117,172,13,-29.12,6.34,0.0,True,False,44.12,224.8,20.0
4118,172,14,-32.68,9.27,0.0,True,False,47.68,266.19,20.0
4119,172,15,-33.05,12.38,0.0,True,False,48.05,284.52,20.0
4120,172,16,-33.29,10.56,0.0,True,False,48.29,279.71,20.0
4121,172,17,-31.02,9.96,0.0,True,False,46.02,262.57,20.0
4122,172,18,-35.0,4.6,0.0,True,False,50.0,243.38,20.0
4123,172,19,-32.8,13.29,0.0,True,False,47.8,292.67,20.0
4124,172,20,-32.51,4.83,0.0,True,False,47.51,225.63,20.0
4125,172,21,-34.59,8.65,0.0,True,False,49.59,275.09,20.0
4126,172,22,-32.71,9.65,0.0,True,False,47.71,266.04,20.0
4127,172,23,-35.54,13.49,0.0,True,False,50.54,314.5,20.0
4128,173,0,-35.43,17.37,0.0,True,False,50.43,339.49,20.0
4129,173,1,-36.88,6.23,0.0,True,False,51.88,262.19,20.0
4130,173,2,-32.7,8.29,0.0,True,False,47.7,264.27,20.0
4131,173,3,-35.94,12.88,0.0,True,False,50.94,307.79,20.0
4132,173,4,-33.3,18.11,0.0,True,False,48.3,336.37,20.0
4133,173,5,-33.66,6.58,0.0,True,False,48.66,242.8,20.0
4134,173,6,-35.1,4.72,0.0,True,False,50.1,244.28,20.0
4135,173,7,-33.7,3.45,0.0,True,False,48.7,225.07,20.0
4136,173,8,-29.23,2.66,0.0,True,False,44.23,203.65,20.0
4137,173,9,-31.18,5.16,0.0,True,False,46.18,228.55,20.0
4138,173,10,-33.28,11.63,0.0,True,False,48.28,285.11,20.0
4139,173,11,-30.45,11.97,0.0,True,False,45.45,278.67,20.0
4140,173,12,-31.29,9.07,0.0,True,False,46.29,248.69,20.0
4141,173,13,-24.16,6.43,0.0,True,False,39.16,208.26,20.0
4142,173,14,-30.7,9.29,0.0,True,False,45.7,252.06,20.0
4143,173,15,-32.34,7.76,0.0,True,False,47.34,256.26,20.0
4144,173,16,-29.16,6.59,0.0,True,False,44.16,228.27,20.0
4145,173,17,-36.16,8.86,0.0,True,False,51.16,278.53,20.0
4146,173,18,-32.81,6.28,0.0,True,False,47.81,241.44,20.0
4147,173,19,-29.53,8.84,0.0,True,False,44.53,249.22,20.0
4148,173,20,-34.23,9.55,0.0,True,False,49.23,277.12,20.0
4149,173,21,-37.88,10.72,0.0,True,False,52.88,297.66,20.0
4150,173,22,-35.52,2.96,0.0,True,False,50.52,229.29,20.0
4151,173,23,-32.02,13.38,0.0,True,False,47.02,284.15,20.0
4152,174,0,-34.24,7.25,0.0,True,False,49.24,257.34,20.0
4153,174,1,-36.6,17.47,0.0,True,False,51.6,348.76,20.0
4154,174,2,-36.09,11.67,0.0,True,False,51.09,295.7,20.0
4155,174,3,-35.52,4.8,0.0,True,False,50.52,247.52,20.0
4156,174,4,-33.27,10.04,0.0,True,False,48.27,263.87,20.0
4157,174,5,-30.83,12.9,0.0,True,False,45.83,272.93,20.0
4158,174,6,-30.88,6.76,0.0,True,False,45.88,232.79,20.0
4159,174,7,-31.56,4.6,0.0,True,False,46.56,224.18,20.0
4160,174,8,-34.65,4.19,0.0,True,False,49.65,235.16,20.0
4161,174,9,-34.23,3.39,0.0,True,False,49.23,227.25,20.0
4162,174,10,-30.19,2.14,0.0,True,False,45.19,203.85,20.0
4163,174,11,-33.75,7.32,0.0,True,False,48.75,257.42,20.0
4164,174,12,-31.44,4.31,0.0,True,False,46.44,221.74,20.0
4165,174,13,-30.45,5.44,0.0,True,False,45.45,222.47,20.0
4166,174,14,-33.53,17.67,0.0,True,False,48.53,323.95,20.0
4167,174,15,-33.62,9.57,0.0,True,False,48.62,278.83,20.0
4168,174,16,-32.18,4.72,0.0,True,False,47.18,219.97,20.0
4169,174,17,-31.46,21.71,0.0,True,False,46.46,344.26,20.0
4170,174,18,-30.87,8.81,0.0,True,False,45.87,258.23,20.0
4171,174,19,-32.29,1.03,0.0,True,False,47.29,205.57,20.0
4172,174,20,-33.84,20.75,0.0,True,False,48.84,349.98,20.0
4173,174,21,-35.9,15.58,0.0,True,False,50.9,326.84,20.0
4174,174,22,-36.86,8.96,0.0,True,False,51.86,284.11,20.0
4175,174,23,-35.94,7.29,0.0,True,False,50.94,268.54,20.0
4176,175,0,-34.16,11.55,0.0,True,False,49.16,283.88,20.0
4177,175,1,-34.23,8.58,0.0,True,False,49.23,268.94,20.0
4178,175,2,-38.91,6.01,0.0,True,False,53.91,267.12,20.0
4179,175,3,-35.96,5.82,0.0,True,False,50.96,256.98,20.0
4180,175,4,-31.57,12.47,0.0,True,False,46.57,286.69,20.0
4181,175,5,-33.34,4.71,0.0,True,False,48.34,232.47,20.0
4182,175,6,-35.81,12.39,0.0,True,False,50.81,296.22,20.0
4183,175,7,-27.75,7.87,0.0,True,False,42.75,233.85,20.0
4184,175,8,-32.03,3.03,0.0,True,False,47.03,223.98,20.0
4185,175,9,-30.79,27.88,0.0,True,False,45.79,385.76,20.0
4186,175,10,-30.44,4.78,0.0,True,False,45.44,223.91,20.0
4187,175,11,-31.78,5.14,0.0,True,False,46.78,240.37,20.0
4188,175,12,-32.43,6.92,0.0,True,False,47.43,241.85,20.0
4189,175,13,-26.8,7.51,0.0,True,False,41.8,229.46,20.0
4190,175,14,-29.24,8.99,0.0,True,False,44.24,243.94,20.0
4191,175,15,-29.92,12.55,0.0,True,False,44.92,273.5,20.0
4192,175,16,-30.82,12.34,0.0,True,False,45.82,276.8,20.0
4193,175,17,-34.46,5.72,0.0,True,False,49.46,251.77,20.0
4194,175,18,-30.42,5.82,0.0,True,False,45.42,226.25,20.0
4195,175,19,-35.18,11.88,0.0,True,False,50.18,292.86,20.0
4196,175,20,-33.41,4.33,0.0,True,False,48.41,224.98,20.0
4197,175,21,-37.67,7.87,0.0,True,False,52.67,277.67,20.0
4198,175,22,-38.79,30.01,0.0,True,False,53.79,457.43,20.0
4199,175,23,-34.27,6.18,0.0,True,False,49.27,250.03,20.0
4200,176,0,-36.58,3.36,0.0,True,False,51.58,231.76,20.0
4201,176,1,-38.87,4.78,0.0,True,False,53.87,254.57,20.0
4202,176,2,-33.61,4.95,0.0,True,False,48.61,240.8,20.0
4203,176,3,-30.13,4.57,0.0,True,False,45.13,219.66,20.0
4204,176,4,-31.18,6.75,0.0,True,False,46.18,242.04,20.0
4205,176,5,-33.99,20.55,0.0,True,False,48.99,354.89,20.0
4206,176,6,-32.94,9.9,0.0,True,False,47.94,268.19,20.0
4207,176,7,-30.66,7.1,0.0,True,False,45.66,233.5,20.0
4208,176,8,-29.71,7.41,0.0,True,False,44.71,241.71,20.0
4209,176,9,-32.23,5.31,0.0,True,False,47.23,234.44,20.0
4210,176,10,-31.16,7.4,0.0,True,False,46.16,247.88,20.0
4211,176,11,-30.42,14.68,0.0,True,False,45.42,282.31,20.0
4212,176,12,-29.85,23.01,0.0,True,False,44.85,336.7,20.0
4213,176,13,-31.29,12.3,0.0,True,False,46.29,269.96,20.0
4214,176,14,-31.47,11.49,0.0,True,False,46.47,270.29,20.0
4215,176,15,-28.78,20.07,0.0,True,False,43.78,321.06,20.0
4216,176,16,-29.54,26.39,0.0,True,False,44.54,366.1,20.0
4217,176,17,-31.48,19.37,0.0,True,False,46.48,328.65,20.0
4218,176,18,-29.52,12.76,0.0,True,False,44.52,273.2,20.0
4219,176,19,-34.25,8.99,0.0,True,False,49.25,272.06,20.0
4220,176,20,-30.71,5.06,0.0,True,False,45.71,224.76,20.0
4221,176,21,-33.29,12.27,0.0,True,False,48.29,289.99,20.0
4222,176,22,-28.15,12.79,0.0,True,False,43.15,266.42,20.0
4223,176,23,-37.27,12.96,0.0,True,False,52.27,305.13,20.0
4224,177,0,-36.31,1.36,0.0,True,False,51.31,218.12,20.0
4225,177,1,-34.03,6.09,0.0,True,False,49.03,252.12,20.0
4226,177,2,-33.87,9.84,0.0,True,False,48.87,271.93,20.0
4227,177,3,-30.45,6.34,0.0,True,False,45.45,233.09,20.0
4228,177,4,-35.27,5.8,0.0,True,False,50.27,247.17,20.0
4229,177,5,-31.64,5.3,0.0,True,False,46.64,229.39,20.0
4230,177,6,-30.61,3.09,0.0,True,False,45.61,216.59,20.0
4231,177,7,-31.01,9.57,0.0,True,False,46.01,257.21,20.0
4232,177,8,-33.86,5.58,0.0,True,False,48.86,238.16,20.0
4233,177,9,-28.7,21.18,0.0,True,False,43.7,311.23,20.0
4234,177,10,-28.74,7.1,0.0,True,False,43.74,229.26,20.0
4235,177,11,-29.8,10.36,0.0,True,False,44.8,250.11,20.0
4236,177,12,-30.52,8.87,0.0,True,False,45.52,243.93,20.0
4237,177,13,-30.55,8.66,0.0,True,False,45.55,253.11,20.0
4238,177,14,-31.36,1.92,0.0,True,False,46.36,209.54,20.0
4239,177,15,-30.24,12.42,0.0,True,False,45.24,266.38,20.0
4240,177,16,-31.87,16.93,0.0,True,False,46.87,317.42,20.0
4241,177,17,-34.11,8.54,0.0,True,False,49.11,266.9,20.0
4242,177,18,-35.03,4.24,0.0,True,False,50.03,233.78,20.0
4243,177,19,-34.96,5.88,0.0,True,False,49.96,251.87,20.0
4244,177,20,-33.49,4.35,0.0,True,False,48.49,225.3,20.0
4245,177,21,-34.4,15.94,0.0,True,False,49.4,316.38,20.0
4246,177,22,-34.23,6.17,0.0,True,False,49.23,242.34,20.0
4247,177,23,-33.86,8.74,0.0,True,False,48.86,260.96,20.0
4248,178,0,-36.16,6.95,0.0,True,False,51.16,265.56,20.0
4249,178,1,-31.9,10.12,0.0,True,False,46.9,260.94,20.0
4250,178,2,-35.17,4.88,0.0,True,False,50.17,237.66,20.0
4251,178,3,-35.19,8.57,0.0,True,False,50.19,266.32,20.0
4252,178,4,-32.94,6.2,0.0,True,False,47.94,243.77,20.0
4253,178,5,-37.09,13.24,0.0,True,False,52.09,313.78,20.0
4254,178,6,-34.49,2.05,0.0,True,False,49.49,222.04,20.0
4255,178,7,-30.42,6.56,0.0,True,False,45.42,232.19,20.0
4256,178,8,-35.38,12.61,0.0,True,False,50.38,296.35,20.0
4257,178,9,-29.25,11.88,0.0,True,False,44.25,263.44,20.0
4258,178,10,-28.15,3.23,0.0,True,False,43.15,204.13,20.0
4259,178,11,-31.71,11.24,0.0,True,False,46.71,269.49,20.0
4260,178,12,-30.32,4.63,0.0,True,False,45.32,222.59,20.0
4261,178,13,-28.73,5.4,0.0,True,False,43.73,227.6,20.0
4262,178,14,-32.11,12.27,0.0,True,False,47.11,280.11,20.0
4263,178,15,-29.75,6.49,0.0,True,False,44.75,231.91,20.0
4264,178,16,-33.25,3.1,0.0,True,False,48.25,227.21,20.0
4265,178,17,-33.34,4.0,0.0,True,False,48.34,226.06,20.0
4266,178,18,-34.5,7.92,0.0,True,False,49.5,258.77,20.0
4267,178,19,-32.74,6.38,0.0,True,False,47.74,239.03,20.0
4268,178,20,-31.59,6.32,0.0,True,False,46.59,239.8,20.0
4269,178,21,-34.69,10.03,0.0,True,False,49.69,280.77,20.0
4270,178,22,-37.18,9.13,0.0,True,False,52.18,282.78,20.0
4271,178,23,-37.0,6.62,0.0,True,False,52.0,263.14,20.0
4272,179,0,-34.08,11.98,0.0,True,False,49.08,295.28,20.0
4273,179,1,-31.11,10.07,0.0,True,False,46.11,265.6,20.0
4274,179,2,-33.81,8.85,0.0,True,False,48.81,260.31,20.0
4275,179,3,-35.06,5.85,0.0,True,False,50.06,249.0,20.0
4276,179,4,-32.34,12.93,0.0,True,False,47.34,288.64,20.0
4277,179,5,-33.87,6.28,0.0,True,False,48.87,250.21,20.0
4278,179,6,-33.63,6.58,0.0,True,False,48.63,247.63,20.0
4279,179,7,-34.27,16.12,0.0,True,False,49.27,319.12,20.0
4280,179,8,-29.05,4.77,0.0,True,False,44.05,215.55,20.0
4281,179,9,-36.53,4.74,0.0,True,False,51.53,239.32,20.0
4282,179,10,-29.54,6.71,0.0,True,False,44.54,232.15,20.0
4283,179,11,-31.87,4.22,0.0,True,False,46.87,222.16,20.0
4284,179,12,-31.69,4.28,0.0,True,False,46.69,226.14,20.0
4285,179,13,-27.55,15.89,0.0,True,False,42.55,278.36,20.0
4286,179,14,-32.57,6.66,0.0,True,False,47.57,242.88,20.0
4287,179,15,-32.82,24.0,0.0,True,False,47.82,366.14,20.0
4288,179,16,-32.13,3.4,0.0,True,False,47.13,215.46,20.0
4289,179,17,-31.52,4.55,0.0,True,False,46.52,228.28,20.0
4290,179,18,-33.75,16.98,0.0,True,False,48.75,323.17,20.0
4291,179,19,-36.53,4.24,0.0,True,False,51.53,244.31,20.0
4292,179,20,-35.6,24.15,0.0,True,False,50.6,385.6,20.0
4293,179,21,-31.72,1.29,0.0,True,False,46.72,203.79,20.0
4294,179,22,-34.45,3.26,0.0,True,False,49.45,220.52,20.0
4295,179,23,-33.9,6.6,0.0,True,False,48.9,247.83,20.0
4296,180,0,-35.35,11.8,0.0,True,False,50.35,293.08,20.0
4297,180,1,-36.08,7.69,0.0,True,False,51.08,269.55,20.0
4298,180,2,-31.21,6.91,0.0,True,False,46.21,241.33,20.0
4299,180,3,-34.62,10.48,0.0,True,False,49.62,280.93,20.0
4300,180,4,-34.72,8.5,0.0,True,False,49.72,270.68,20.0
4301,180,5,-31.15,2.76,0.0,True,False,46.15,212.39,20.0
4302,180,6,-34.27,7.44,0.0,True,False,49.27,259.63,20.0
4303,180,7,-33.5,5.92,0.0,True,False,48.5,246.16,20.0
4304,180,8,-31.81,6.78,0.0,True,False,46.81,241.96,20.0
4305,180,9,-31.41,5.83,0.0,True,False,46.41,232.75,20.0
4306,180,10,-30.58,22.49,0.0,True,False,45.58,345.75,20.0
4307,180,11,-26.71,9.3,0.0,True,False,41.71,234.82,20.0
4308,180,12,-30.16,3.65,0.0,True,False,45.16,215.61,20.0
4309,180,13,-35.65,5.2,0.0,True,False,50.65,250.84,20.0
4310,180,14,-30.44,25.31,0.0,True,False,45.44,366.16,20.0
4311,180,15,-31.34,10.96,0.0,True,False,46.34,267.77,20.0
4312,180,16,-31.74,14.76,0.0,True,False,46.74,292.74,20.0
4313,180,17,-31.82,7.77,0.0,True,False,46.82,248.99,20.0
4314,180,18,-32.89,5.04,0.0,True,False,47.89,233.77,20.0
4315,180,19,-33.45,5.25,0.0,True,False,48.45,242.43,20.0
4316,180,20,-32.6,7.64,0.0,True,False,47.6,250.16,20.0
4317,180,21,-35.33,4.54,0.0,True,False,50.33,239.31,20.0
4318,180,22,-36.46,14.26,0.0,True,False,51.46,322.5,20.0
4319,180,23,-28.71,5.81,0.0,True,False,43.71,220.87,20.0
4320,181,0,-36.22,13.26,0.0,True,False,51.22,309.96,20.0
4321,181,1,-34.52,4.22,0.0,True,False,49.52,241.47,20.0
4322,181,2,-37.51,21.79,0.0,True,False,52.51,390.42,20.0
4323,181,3,-33.97,21.27,0.0,True,False,48.97,360.27,20.0
4324,181,4,-35.65,3.35,0.0,True,False,50.65,233.42,20.0
4325,181,5,-34.19,6.52,0.0,True,False,49.19,246.46,20.0
4326,181,6,-30.69,8.49,0.0,True,False,45.69,251.44,20.0
4327,181,7,-31.32,1.96,0.0,True,False,46.32,206.89,20.0
4328,181,8,-30.65,9.74,0.0,True,False,45.65,258.47,20.0
4329,181,9,-34.91,8.86,0.0,True,False,49.91,268.78,20.0
4330,181,10,-27.38,7.4,0.0,True,False,42.38,227.42,20.0
4331,181,11,-33.24,10.72,0.0,True,False,48.24,276.01,20.0
4332,181,12,-27.73,11.09,0.0,True,False,42.73,253.89,20.0
4333,181,13,-28.81,24.11,0.0,True,False,43.81,349.14,20.0
4334,181,14,-29.9,3.25,0.0,True,False,44.9,211.82,20.0
4335,181,15,-33.08,15.3,0.0,True,False,48.08,302.39,20.0
4336,181,16,-31.48,12.1,0.0,True,False,46.48,274.03,20.0
4337,181,17,-33.21,8.85,0.0,True,False,48.21,256.76,20.0
4338,181,18,-32.73,4.26,0.0,True,False,47.73,224.88,20.0
4339,181,19,-33.8,6.03,0.0,True,False,48.8,247.34,20.0
4340,181,20,-37.86,5.58,0.0,True,False,52.86,259.81,20.0
4341,181,21,-31.96,22.01,0.0,True,False,46.96,347.73,20.0
4342,181,22,-34.68,10.51,0.0,True,False,49.68,283.17,20.0
4343,181,23,-35.69,13.87,0.0,True,False,50.69,309.46,20.0
4344,182,0,-35.85,17.47,0.0,True,False,50.85,335.11,20.0
4345,182,1,-33.95,6.05,0.0,True,False,48.95,240.26,20.0
4346,182,2,-36.25,8.15,0.0,True,False,51.25,268.03,20.0
4347,182,3,-38.66,4.71,0.0,True,False,53.66,260.1,20.0
4348,182,4,-32.92,12.37,0.0,True,False,47.92,281.71,20.0
4349,182,5,-32.21,9.14,0.0,True,False,47.21,265.57,20.0
4350,182,6,-33.13,6.68,0.0,True,False,48.13,252.35,20.0
4351,182,7,-34.51,3.13,0.0,True,False,49.51,225.76,20.0
4352,182,8,-31.56,8.21,0.0,True,False,46.56,250.94,20.0
4353,182,9,-34.25,8.65,0.0,True,False,49.25,263.86,20.0
4354,182,10,-33.06,2.59,0.0,True,False,48.06,217.17,20.0
4355,182,11,-32.3,3.68,0.0,True,False,47.3,224.9,20.0
4356,182,12,-29.05,8.11,0.0,True,False,44.05,239.38,20.0
4357,182,13,-31.53,16.71,0.0,True,False,46.53,314.3,20.0
4358,182,14,-31.9,13.02,0.0,True,False,46.9,291.21,20.0
4359,182,15,-27.41,6.77,0.0,True,False,42.41,224.95,20.0
4360,182,16,-31.03,6.25,0.0,True,False,46.03,236.55,20.0
4361,182,17,-31.54,5.11,0.0,True,False,46.54,229.15,20.0
4362,182,18,-33.47,4.83,0.0,True,False,48.47,236.4,20.0
4363,182,19,-34.44,6.49,0.0,True,False,49.44,246.68,20.0
4364,182,20,-38.11,19.2,0.0,True,False,53.11,369.32,20.0
4365,182,21,-32.21,6.23,0.0,True,False,47.21,240.8,20.0
4366,182,22,-33.57,7.49,0.0,True,False,48.57,251.34,20.0
4367,182,23,-35.02,3.83,0.0,True,False,50.02,242.18,20.0
4368,183,0,-34.95,9.92,0.0,True,False,49.95,275.08,20.0
4369,183,1,-33.14,7.43,0.0,True,False,48.14,249.02,20.0
4370,183,2,-37.52,6.04,0.0,True,False,52.52,261.55,20.0
4371,183,3,-35.27,4.35,0.0,True,False,50.27,230.72,20.0
4372,183,4,-35.95,4.96,0.0,True,False,50.95,242.58,20.0
4373,183,5,-29.65,5.83,0.0,True,False,44.65,220.63,20.0
4374,183,6,-30.93,6.02,0.0,True,False,45.93,229.38,20.0
4375,183,7,-36.57,19.32,0.0,True,False,51.57,358.73,20.0
4376,183,8,-34.71,7.07,0.0,True,False,49.71,257.85,20.0
4377,183,9,-31.53,8.31,0.0,True,False,46.53,256.09,20.0
4378,183,10,-31.89,10.81,0.0,True,False,46.89,274.09,20.0
4379,183,11,-33.4,16.25,0.0,True,False,48.4,322.37,20.0
4380,183,12,-26.79,2.55,0.0,True,False,41.79,196.85,20.0
4381,183,13,-30.12,8.94,0.0,True,False,45.12,247.81,20.0
4382,183,14,-30.0,6.38,0.0,True,False,45.0,236.3,20.0
4383,183,15,-32.65,2.12,0.0,True,False,47.65,210.47,20.0
4384,183,16,-30.23,5.31,0.0,True,False,45.23,223.09,20.0
4385,183,17,-32.92,2.75,0.0,True,False,47.92,224.0,20.0
4386,183,18,-33.24,10.25,0.0,True,False,48.24,276.47,20.0
4387,183,19,-31.97,9.59,0.0,True,False,46.97,263.53,20.0
4388,183,20,-36.94,7.92,0.0,True,False,51.94,275.7,20.0
4389,183,21,-30.9,5.03,0.0,True,False,45.9,229.8,20.0
4390,183,22,-34.05,14.12,0.0,True,False,49.05,300.19,20.0
4391,183,23,-32.05,4.03,0.0,True,False,47.05,223.41,20.0
4392,184,0,-36.77,6.08,0.0,True,False,51.77,252.95,20.0
4393,184,1,-36.4,6.66,0.0,True,False,51.4,261.1,20.0
4394,184,2,-36.67,7.15,0.0,True,False,51.67,262.86,20.0
4395,184,3,-33.53,21.0,0.0,True,False,48.53,358.37,20.0
4396,184,4,-33.49,15.58,0.0,True,False,48.49,315.34,20.0
4397,184,5,-34.06,24.44,0.0,True,False,49.06,378.38,20.0
4398,184,6,-34.65,7.45,0.0,True,False,49.65,259.07,20.0
4399,184,7,-34.63,7.41,0.0,True,False,49.63,253.92,20.0
4400,184,8,-31.71,10.63,0.0,True,False,46.71,268.89,20.0
4401,184,9,-32.13,12.79,0.0,True,False,47.13,288.2,20.0
4402,184,10,-32.26,3.98,0.0,True,False,47.26,225.28,20.0
4403,184,11,-27.59,16.32,0.0,True,False,42.59,277.61,20.0
4404,184,12,-30.78,9.21,0.0,True,False,45.78,253.18,20.0
4405,184,13,-28.15,5.57,0.0,True,False,43.15,220.94,20.0
4406,184,14,-31.95,6.93,0.0,True,False,46.95,245.04,20.0
4407,184,15,-30.71,9.45,0.0,True,False,45.71,260.47,20.0
4408,184,16,-31.73,9.68,0.0,True,False,46.73,257.03,20.0
4409,184,17,-35.49,4.36,0.0,True,False,50.49,241.46,20.0
4410,184,18,-29.76,7.26,0.0,True,False,44.76,234.15,20.0
4411,184,19,-33.41,8.3,0.0,True,False,48.41,260.74,20.0
4412,184,20,-32.12,12.89,0.0,True,False,47.12,288.29,20.0
4413,184,21,-35.54,13.58,0.0,True,False,50.54,312.2,20.0
4414,184,22,-34.68,3.72,0.0,True,False,49.68,229.16,20.0
4415,184,23,-36.28,7.65,0.0,True,False,51.28,268.45,20.0
4416,185,0,-32.08,5.41,0.0,True,False,47.08,228.96,20.0
4417,185,1,-33.86,9.34,0.0,True,False,48.86,263.94,20.0
4418,185,2,-33.55,20.47,0.0,True,False,48.55,351.42,20.0
4419,185,3,-31.25,12.14,0.0,True,False,46.25,276.77,20.0
4420,185,4,-31.24,9.76,0.0,True,False,46.24,253.96,20.0
4421,185,5,-31.54,11.13,0.0,True,False,46.54,268.0,20.0
4422,185,6,-35.39,15.02,0.0,True,False,50.39,319.62,20.0
4423,185,7,-33.42,11.6,0.0,True,False,48.42,290.18,20.0
4424,185,8,-33.56,4.08,0.0,True,False,48.56,234.06,20.0
4425,185,9,-29.68,16.94,0.0,True,False,44.68,304.47,20.0
4426,185,10,-30.48,8.03,0.0,True,False,45.48,237.95,20.0
4427,185,11,-33.4,9.16,0.0,True,False,48.4,265.76,20.0
4428,185,12,-30.93,13.57,0.0,True,False,45.93,287.14,20.0
4429,185,13,-33.61,19.97,0.0,True,False,48.61,347.51,20.0
4430,185,14,-30.93,6.07,0.0,True,False,45.93,235.23,20.0
4431,185,15,-34.45,13.2,0.0,True,False,49.45,299.99,20.0
4432,185,16,-30.49,5.87,0.0,True,False,45.49,237.42,20.0
4433,185,17,-31.28,8.78,0.0,True,False,46.28,259.72,20.0
4434,185,18,-28.74,3.36,0.0,True,False,43.74,206.4,20.0
4435,185,19,-31.37,5.89,0.0,True,False,46.37,230.2,20.0
4436,185,20,-34.4,8.56,0.0,True,False,49.4,274.49,20.0
4437,185,21,-32.33,10.02,0.0,True,False,47.33,265.15,20.0
4438,185,22,-37.08,9.74,0.0,True,False,52.08,292.3,20.0
4439,185,23,-36.41,12.37,0.0,True,False,51.41,312.3,20.0
4440,186,0,-33.81,6.35,0.0,True,False,48.81,243.68,20.0
4441,186,1,-38.73,7.31,0.0,True,False,53.73,276.78,20.0
4442,186,2,-34.29,7.5,0.0,True,False,49.29,256.56,20.0
4443,186,3,-35.93,6.59,0.0,True,False,50.93,260.15,20.0
4444,186,4,-33.28,4.78,0.0,True,False,48.28,235.16,20.0
4445,186,5,-35.15,8.06,0.0,True,False,50.15,273.66,20.0
4446,186,6,-31.63,11.38,0.0,True,False,46.63,275.94,20.0
4447,186,7,-31.92,9.06,0.0,True,False,46.92,258.64,20.0
4448,186,8,-28.68,6.17,0.0,True,False,43.68,229.47,20.0
4449,186,9,-31.05,23.14,0.0,True,False,46.05,350.88,20.0
4450,186,10,-32.29,5.98,0.0,True,False,47.29,237.05,20.0
4451,186,11,-31.04,10.15,0.0,True,False,46.04,271.14,20.0
4452,186,12,-33.17,11.56,0.0,True,False,48.17,279.15,20.0
4453,186,13,-29.74,11.7,0.0,True,False,44.74,264.5,20.0
4454,186,14,-29.57,6.93,0.0,True,False,44.57,233.9,20.0
4455,186,15,-26.13,6.04,0.0,True,False,41.13,209.42,20.0
4456,186,16,-32.72,12.37,0.0,True,False,47.72,277.58,20.0
4457,186,17,-32.5,6.66,0.0,True,False,47.5,248.44,20.0
4458,186,18,-33.63,8.07,0.0,True,False,48.63,256.11,20.0
4459,186,19,-32.57,9.02,0.0,True,False,47.57,259.19,20.0
4460,186,20,-32.72,7.74,0.0,True,False,47.72,251.38,20.0
4461,186,21,-34.0,10.86,0.0,True,False,49.0,277.46,20.0
4462,186,22,-32.04,3.58,0.0,True,False,47.04,216.26,20.0
4463,186,23,-35.65,9.69,0.0,True,False,50.65,281.11,20.0
4464,187,0,-32.43,5.13,0.0,True,False,47.43,242.63,20.0
4465,187,1,-33.26,6.29,0.0,True,False,48.26,247.68,20.0
4466,187,2,-34.16,8.46,0.0,True,False,49.16,267.45,20.0
4467,187,3,-34.45,3.08,0.0,True,False,49.45,219.83,20.0
4468,187,4,-28.55,7.12,0.0,True,False,43.55,230.54,20.0
4469,187,5,-34.55,6.52,0.0,True,False,49.55,247.05,20.0
4470,187,6,-31.81,7.32,0.0,True,False,46.81,249.04,20.0
4471,187,7,-33.39,6.34,0.0,True,False,48.39,244.72,20.0
4472,187,8,-27.83,8.1,0.0,True,False,42.83,234.01,20.0
4473,187,9,-29.22,5.87,0.0,True,False,44.22,224.85,20.0
4474,187,10,-32.03,7.59,0.0,True,False,47.03,246.47,20.0
4475,187,11,-29.45,8.45,0.0,True,False,44.45,237.26,20.0
4476,187,12,-29.89,12.59,0.0,True,False,44.89,275.51,20.0
4477,187,13,-31.5,13.92,0.0,True,False,46.5,285.12,20.0
4478,187,14,-29.15,3.74,0.0,True,False,44.15,206.09,20.0
4479,187,15,-30.21,13.06,0.0,True,False,45.21,276.81,20.0
4480,187,16,-30.97,4.76,0.0,True,False,45.97,221.87,20.0
4481,187,17,-31.97,7.63,0.0,True,False,46.97,249.87,20.0
4482,187,18,-31.54,3.2,0.0,True,False,46.54,220.07,20.0
4483,187,19,-32.46,2.36,0.0,True,False,47.46,214.43,20.0
4484,187,20,-33.29,19.87,0.0,True,False,48.29,344.01,20.0
4485,187,21,-35.1,7.73,0.0,True,False,50.1,263.27,20.0
4486,187,22,-30.75,6.9,0.0,True,False,45.75,241.95,20.0
4487,187,23,-36.44,8.94,0.0,True,False,51.44,270.97,20.0
4488,188,0,-33.47,6.98,0.0,True,False,48.47,252.08,20.0
4489,188,1,-34.89,11.5,0.0,True,False,49.89,286.74,20.0
4490,188,2,-30.53,8.69,0.0,True,False,45.53,244.88,20.0
4491,188,3,-35.54,10.6,0.0,True,False,50.54,286.87,20.0
4492,188,4,-34.79,5.16,0.0,True,False,49.79,241.08,20.0
4493,188,5,-34.78,3.45,0.0,True,False,49.78,232.15,20.0
4494,188,6,-31.67,12.13,0.0,True,False,46.67,283.43,20.0
4495,188,7,-34.55,9.13,0.0,True,False,49.55,261.88,20.0
4496,188,8,-32.28,4.09,0.0,True,False,47.28,224.78,20.0
4497,188,9,-35.21,4.13,0.0,True,False,50.21,244.37,20.0
4498,188,10,-30.11,8.19,0.0,True,False,45.11,248.0,20.0
4499,188,11,-31.39,10.2,0.0,True,False,46.39,269.97,20.0
4500,188,12,-33.3,4.74,0.0,True,False,48.3,234.07,20.0
4501,188,13,-28.22,15.38,0.0,True,False,43.22,277.04,20.0
4502,188,14,-33.2,10.84,0.0,True,False,48.2,272.88,20.0
4503,188,15,-29.31,12.55,0.0,True,False,44.31,272.82,20.0
4504,188,16,-32.72,8.08,0.0,True,False,47.72,259.14,20.0
4505,188,17,-28.6,7.75,0.0,True,False,43.6,232.04,20.0
4506,188,18,-30.82,3.89,0.0,True,False,45.82,217.05,20.0
4507,188,19,-34.86,5.18,0.0,True,False,49.86,244.1,20.0
4508,188,20,-35.16,7.27,0.0,True,False,50.16,252.98,20.0
4509,188,21,-32.52,9.25,0.0,True,False,47.52,261.36,20.0
4510,188,22,-34.58,8.45,0.0,True,False,49.58,272.74,20.0
4511,188,23,-34.59,2.59,0.0,True,False,49.59,231.46,20.0
4512,189,0,-31.69,4.6,0.0,True,False,46.69,225.96,20.0
4513,189,1,-35.66,8.72,0.0,True,False,50.66,280.47,20.0
4514,189,2,-33.78,9.36,0.0,True,False,48.78,267.25,20.0
4515,189,3,-31.74,6.28,0.0,True,False,46.74,235.12,20.0
4516,189,4,-31.62,10.39,0.0,True,False,46.62,257.65,20.0
4517,189,5,-33.07,10.32,0.0,True,False,48.07,276.83,20.0
4518,189,6,-32.81,19.21,0.0,True,False,47.81,334.03,20.0
4519,189,7,-35.19,7.78,0.0,True,False,50.19,273.3,20.0
4520,189,8,-33.35,6.16,0.0,True,False,48.35,245.49,20.0
4521,189,9,-30.18,4.76,0.0,True,False,45.18,222.35,20.0
4522,189,10,-30.78,3.62,0.0,True,False,45.78,208.9,20.0
4523,189,11,-30.15,10.11,0.0,True,False,45.15,263.72,20.0
4524,189,12,-28.16,9.57,0.0,True,False,43.16,243.38,20.0
4525,189,13,-32.68,3.87,0.0,True,False,47.68,224.38,20.0
4526,189,14,-30.98,10.14,0.0,True,False,45.98,253.01,20.0
4527,189,15,-30.44,8.3,0.0,True,False,45.44,250.45,20.0
4528,189,16,-32.64,6.63,0.0,True,False,47.64,248.55,20.0
4529,189,17,-28.85,2.47,0.0,True,False,43.85,198.91,20.0
4530,189,18,-30.42,9.52,0.0,True,False,45.42,255.35,20.0
4531,189,19,-32.17,16.41,0.0,True,False,47.17,313.39,20.0
4532,189,20,-29.65,5.08,0.0,True,False,44.65,225.53,20.0
4533,189,21,-36.65,8.31,0.0,True,False,51.65,274.85,20.0
4534,189,22,-33.98,9.89,0.0,True,False,48.98,281.06,20.0
4535,189,23,-33.43,1.84,0.0,True,False,48.43,212.15,20.0
4536,190,0,-35.97,4.65,0.0,True,False,50.97,241.0,20.0
4537,190,1,-33.47,3.31,0.0,True,False,48.47,222.08,20.0
4538,190,2,-36.09,16.36,0.0,True,False,51.09,323.49,20.0
4539,190,3,-32.18,1.78,0.0,True,False,47.18,205.12,20.0
4540,190,4,-31.03,6.61,0.0,True,False,46.03,241.74,20.0
4541,190,5,-32.12,8.77,0.0,True,False,47.12,258.61,20.0
4542,190,6,-35.85,5.06,0.0,True,False,50.85,242.82,20.0
4543,190,7,-33.56,2.01,0.0,True,False,48.56,216.21,20.0
4544,190,8,-30.01,6.75,0.0,True,False,45.01,226.31,20.0
4545,190,9,-30.69,5.02,0.0,True,False,45.69,224.25,20.0
4546,190,10,-35.8,9.25,0.0,True,False,50.8,279.92,20.0
4547,190,11,-27.73,10.93,0.0,True,False,42.73,254.36,20.0
4548,190,12,-29.87,3.89,0.0,True,False,44.87,211.45,20.0
4549,190,13,-31.85,5.29,0.0,True,False,46.85,235.53,20.0
4550,190,14,-28.42,5.44,0.0,True,False,43.42,226.64,20.0
4551,190,15,-32.08,10.85,0.0,True,False,47.08,270.35,20.0
4552,190,16,-32.52,7.85,0.0,True,False,47.52,255.77,20.0
4553,190,17,-30.91,3.98,0.0,True,False,45.91,212.87,20.0
4554,190,18,-28.58,12.54,0.0,True,False,43.58,258.37,20.0
4555,190,19,-29.41,5.05,0.0,True,False,44.41,222.99,20.0
4556,190,20,-32.42,5.78,0.0,True,False,47.42,237.82,20.0
4557,190,21,-32.63,4.49,0.0,True,False,47.63,230.08,20.0
4558,190,22,-32.29,8.15,0.0,True,False,47.29,251.59,20.0
4559,190,23,-36.59,6.28,0.0,True,False,51.59,257.3,20.0
4560,191,0,-32.76,14.34,0.0,True,False,47.76,303.6,20.0
4561,191,1,-35.45,7.9,0.0,True,False,50.45,272.89,20.0
4562,191,2,-33.14,4.64,0.0,True,False,48.14,231.48,20.0
4563,191,3,-33.91,7.47,0.0,True,False,48.91,249.5,20.0
4564,191,4,-32.04,15.34,0.0,True,False,47.04,308.66,20.0
4565,191,5,-32.33,3.72,0.0,True,False,47.33,225.07,20.0
4566,191,6,-38.19,9.52,0.0,True,False,53.19,293.68,20.0
4567,191,7,-31.17,2.49,0.0,True,False,46.17,210.51,20.0
4568,191,8,-29.76,13.85,0.0,True,False,44.76,290.31,20.0
4569,191,9,-29.74,5.86,0.0,True,False,44.74,227.59,20.0
4570,191,10,-30.52,4.57,0.0,True,False,45.52,223.72,20.0
4571,191,11,-26.83,14.88,0.0,True,False,41.83,264.6,20.0
4572,191,12,-29.42,7.22,0.0,True,False,44.42,232.73,20.0
4573,191,13,-29.24,7.36,0.0,True,False,44.24,232.46,20.0
4574,191,14,-28.22,5.9,0.0,True,False,43.22,221.23,20.0
4575,191,15,-29.91,6.04,0.0,True,False,44.91,230.59,20.0
4576,191,16,-32.84,2.34,0.0,True,False,47.84,211.68,20.0
4577,191,17,-36.4,9.45,0.0,True,False,51.4,289.06,20.0
4578,191,18,-33.0,3.32,0.0,True,False,48.0,218.04,20.0
4579,191,19,-31.04,11.69,0.0,True,False,46.04,271.05,20.0
4580,191,20,-33.75,4.11,0.0,True,False,48.75,231.8,20.0
4581,191,21,-31.86,7.71,0.0,True,False,46.86,243.93,20.0
4582,191,22,-33.48,5.39,0.0,True,False,48.48,241.41,20.0
4583,191,23,-31.4,5.9,0.0,True,False,46.4,236.87,20.0
4584,192,0,-34.53,6.51,0.0,True,False,49.53,250.49,20.0
4585,192,1,-32.94,23.72,0.0,True,False,47.94,376.41,20.0
4586,192,2,-32.66,14.67,0.0,True,False,47.66,302.51,20.0
4587,192,3,-30.35,5.83,0.0,True,False,45.35,230.7,20.0
4588,192,4,-36.36,2.08,0.0,True,False,51.36,221.33,20.0
4589,192,5,-33.38,13.12,0.0,True,False,48.38,288.12,20.0
4590,192,6,-30.25,10.16,0.0,True,False,45.25,256.03,20.0
4591,192,7,-28.33,4.03,0.0,True,False,43.33,208.36,20.0
4592,192,8,-30.46,3.63,0.0,True,False,45.46,213.2,20.0
4593,192,9,-31.11,8.92,0.0,True,False,46.11,257.12,20.0
4594,192,10,-28.7,8.15,0.0,True,False,43.7,228.51,20.0
4595,192,11,-28.27,16.47,0.0,True,False,43.27,285.62,20.0
4596,192,12,-30.66,9.49,0.0,True,False,45.66,248.59,20.0
4597,192,13,-29.35,5.21,0.0,True,False,44.35,226.74,20.0
4598,192,14,-27.85,4.59,0.0,True,False,42.85,209.16,20.0
4599,192,15,-26.75,7.58,0.0,True,False,41.75,223.8,20.0
4600,192,16,-29.46,2.41,0.0,True,False,44.46,198.73,20.0
4601,192,17,-31.34,2.96,0.0,True,False,46.34,217.26,20.0
4602,192,18,-32.05,3.76,0.0,True,False,47.05,220.24,20.0
4603,192,19,-31.35,5.14,0.0,True,False,46.35,229.74,20.0
4604,192,20,-33.18,7.16,0.0,True,False,48.18,242.57,20.0
4605,192,21,-32.98,9.81,0.0,True,False,47.98,273.62,20.0
4606,192,22,-35.79,13.5,0.0,True,False,50.79,311.76,20.0
4607,192,23,-31.28,12.23,0.0,True,False,46.28,280.0,20.0
4608,193,0,-36.12,11.3,0.0,True,False,51.12,299.98,20.0
4609,193,1,-34.63,5.78,0.0,True,False,49.63,245.87,20.0
4610,193,2,-33.37,4.66,0.0,True,False,48.37,232.72,20.0
4611,193,3,-29.27,8.83,0.0,True,False,44.27,247.97,20.0
4612,193,4,-33.68,9.11,0.0,True,False,48.68,268.81,20.0
4613,193,5,-33.69,3.98,0.0,True,False,48.69,228.7,20.0
4614,193,6,-32.94,6.49,0.0,True,False,47.94,245.06,20.0
4615,193,7,-28.0,4.45,0.0,True,False,43.0,209.08,20.0
4616,193,8,-36.46,2.89,0.0,True,False,51.46,234.65,20.0
4617,193,9,-32.43,8.5,0.0,True,False,47.43,260.79,20.0
4618,193,10,-24.64,11.19,0.0,True,False,39.64,238.21,20.0
4619,193,11,-28.72,15.72,0.0,True,False,43.72,295.33,20.0
4620,193,12,-32.05,6.75,0.0,True,False,47.05,236.84,20.0
4621,193,13,-29.99,2.57,0.0,True,False,44.99,205.18,20.0
4622,193,14,-29.97,17.1,0.0,True,False,44.97,310.91,20.0
4623,193,15,-28.73,17.85,0.0,True,False,43.73,300.14,20.0
4624,193,16,-27.16,25.82,0.0,True,False,42.16,336.59,20.0
4625,193,17,-30.54,20.58,0.0,True,False,45.54,336.71,20.0
4626,193,18,-32.92,8.24,0.0,True,False,47.92,259.57,20.0
4627,193,19,-30.78,7.33,0.0,True,False,45.78,236.85,20.0
4628,193,20,-34.23,10.61,0.0,True,False,49.23,283.8,20.0
4629,193,21,-35.32,3.22,0.0,True,False,50.32,226.04,20.0
4630,193,22,-37.09,4.99,0.0,True,False,52.09,245.11,20.0
4631,193,23,-36.9,6.8,0.0,True,False,51.9,263.22,20.0
4632,194,0,-35.52,12.46,0.0,True,False,50.52,298.97,20.0
4633,194,1,-36.01,12.74,0.0,True,False,51.01,301.12,20.0
4634,194,2,-32.83,7.0,0.0,True,False,47.83,246.62,20.0
4635,194,3,-35.54,3.42,0.0,True,False,50.54,228.44,20.0
4636,194,4,-39.01,11.09,0.0,True,False,54.01,307.73,20.0
4637,194,5,-34.33,3.28,0.0,True,False,49.33,226.84,20.0
4638,194,6,-32.67,5.46,0.0,True,False,47.67,239.38,20.0
4639,194,7,-32.42,8.21,0.0,True,False,47.42,253.13,20.0
4640,194,8,-27.69,3.06,0.0,True,False,42.69,195.67,20.0
4641,194,9,-31.54,4.82,0.0,True,False,46.54,222.1,20.0
4642,194,10,-28.23,11.93,0.0,True,False,43.23,259.52,20.0
4643,194,11,-29.83,10.61,0.0,True,False,44.83,265.77,20.0
4644,194,12,-29.81,18.68,0.0,True,False,44.81,317.16,20.0
4645,194,13,-31.46,8.72,0.0,True,False,46.46,251.68,20.0
4646,194,14,-30.11,2.54,0.0,True,False,45.11,210.13,20.0
4647,194,15,-31.84,10.05,0.0,True,False,46.84,260.66,20.0
4648,194,16,-30.38,5.06,0.0,True,False,45.38,228.53,20.0
4649,194,17,-31.68,6.56,0.0,True,False,46.68,238.58,20.0
4650,194,18,-33.61,7.71,0.0,True,False,48.61,259.66,20.0
4651,194,19,-30.26,3.81,0.0,True,False,45.26,218.01,20.0
4652,194,20,-31.87,4.84,0.0,True,False,46.87,227.71,20.0
4653,194,21,-34.03,16.01,0.0,True,False,49.03,320.77,20.0
4654,194,22,-33.17,6.31,0.0,True,False,48.17,240.27,20.0
4655,194,23,-33.82,7.94,0.0,True,False,48.82,258.88,20.0
4656,195,0,-35.34,8.0,0.0,True,False,50.34,270.65,20.0
4657,195,1,-33.4,13.69,0.0,True,False,48.4,315.52,20.0
4658,195,2,-34.58,10.94,0.0,True,False,49.58,287.65,20.0
4659,195,3,-34.91,0.91,0.0,True,False,49.91,211.69,20.0
4660,195,4,-35.85,3.93,0.0,True,False,50.85,233.45,20.0
4661,195,5,-32.84,14.55,0.0,True,False,47.84,306.56,20.0
4662,195,6,-30.47,17.23,0.0,True,False,45.47,301.19,20.0
4663,195,7,-32.48,3.92,0.0,True,False,47.48,221.45,20.0
4664,195,8,-25.57,6.1,0.0,True,False,40.57,213.2,20.0
4665,195,9,-28.42,6.91,0.0,True,False,43.42,223.93,20.0
4666,195,10,-27.27,6.23,0.0,True,False,42.27,225.76,20.0
4667,195,11,-28.09,10.08,0.0,True,False,43.09,252.24,20.0
4668,195,12,-25.9,6.58,0.0,True,False,40.9,213.78,20.0
4669,195,13,-31.25,5.51,0.0,True,False,46.25,228.81,20.0
4670,195,14,-35.0,10.31,0.0,True,False,50.0,276.85,20.0
4671,195,15,-31.09,2.13,0.0,True,False,46.09,201.41,20.0
4672,195,16,-29.49,8.25,0.0,True,False,44.49,244.02,20.0
4673,195,17,-30.79,9.49,0.0,True,False,45.79,259.03,20.0
4674,195,18,-31.06,14.09,0.0,True,False,46.06,290.96,20.0
4675,195,19,-29.48,7.63,0.0,True,False,44.48,239.13,20.0
4676,195,20,-31.84,2.66,0.0,True,False,46.84,211.14,20.0
4677,195,21,-31.42,7.87,0.0,True,False,46.42,249.6,20.0
4678,195,22,-35.22,2.53,0.0,True,False,50.22,218.67,20.0
4679,195,23,-35.73,8.98,0.0,True,False,50.73,275.52,20.0
4680,196,0,-30.26,12.88,0.0,True,False,45.26,283.0,20.0
4681,196,1,-33.22,7.1,0.0,True,False,48.22,255.78,20.0
4682,196,2,-34.46,6.59,0.0,True,False,49.46,250.12,20.0
4683,196,3,-34.14,10.82,0.0,True,False,49.14,280.48,20.0
4684,196,4,-33.78,8.81,0.0,True,False,48.78,270.9,20.0
4685,196,5,-33.42,10.41,0.0,True,False,48.42,282.54,20.0
4686,196,6,-34.05,20.35,0.0,True,False,49.05,345.49,20.0
4687,196,7,-33.97,5.7,0.0,True,False,48.97,241.68,20.0
4688,196,8,-30.88,9.28,0.0,True,False,45.88,256.44,20.0
4689,196,9,-31.26,14.68,0.0,True,False,46.26,299.6,20.0
4690,196,10,-27.54,14.79,0.0,True,False,42.54,271.96,20.0
4691,196,11,-28.97,9.73,0.0,True,False,43.97,252.27,20.0
4692,196,12,-28.95,6.45,0.0,True,False,43.95,226.77,20.0
4693,196,13,-31.04,10.34,0.0,True,False,46.04,273.09,20.0
4694,196,14,-30.0,10.45,0.0,True,False,45.0,261.08,20.0
4695,196,15,-29.35,11.34,0.0,True,False,44.35,261.64,20.0
4696,196,16,-29.05,4.07,0.0,True,False,44.05,211.33,20.0
4697,196,17,-31.16,17.0,0.0,True,False,46.16,314.48,20.0
4698,196,18,-29.33,14.71,0.0,True,False,44.33,287.22,20.0
4699,196,19,-31.99,7.22,0.0,True,False,46.99,241.73,20.0
4700,196,20,-30.9,13.99,0.0,True,False,45.9,288.89,20.0
4701,196,21,-33.88,6.96,0.0,True,False,48.88,246.89,20.0
4702,196,22,-36.84,15.65,0.0,True,False,51.84,329.37,20.0
4703,196,23,-32.88,7.84,0.0,True,False,47.88,249.14,20.0
4704,197,0,-31.91,4.56,0.0,True,False,46.91,221.69,20.0
4705,197,1,-32.14,18.98,0.0,True,False,47.14,327.12,20.0
4706,197,2,-32.25,11.11,0.0,True,False,47.25,270.83,20.0
4707,197,3,-33.47,6.72,0.0,True,False,48.47,250.9,20.0
4708,197,4,-33.97,16.3,0.0,True,False,48.97,324.46,20.0
4709,197,5,-30.77,10.4,0.0,True,False,45.77,261.73,20.0
4710,197,6,-30.51,6.28,0.0,True,False,45.51,228.83,20.0
4711,197,7,-31.96,16.4,0.0,True,False,46.96,313.84,20.0
4712,197,8,-28.14,11.32,0.0,True,False,43.14,247.99,20.0
4713,197,9,-31.71,8.92,0.0,True,False,46.71,249.03,20.0
4714,197,10,-30.79,7.58,0.0,True,False,45.79,246.33,20.0
4715,197,11,-26.15,4.46,0.0,True,False,41.15,206.67,20.0
4716,197,12,-27.62,1.59,0.0,True,False,42.62,195.28,20.0
4717,197,13,-30.14,10.76,0.0,True,False,45.14,261.26,20.0
4718,197,14,-29.05,3.94,0.0,True,False,44.05,206.75,20.0
4719,197,15,-29.63,4.46,0.0,True,False,44.63,215.45,20.0
4720,197,16,-35.85,6.9,0.0,True,False,50.85,262.45,20.0
4721,197,17,-32.65,6.99,0.0,True,False,47.65,244.18,20.0
4722,197,18,-31.46,4.79,0.0,True,False,46.46,224.05,20.0
4723,197,19,-32.59,10.75,0.0,True,False,47.59,268.25,20.0
4724,197,20,-31.86,2.77,0.0,True,False,46.86,209.57,20.0
4725,197,21,-30.51,10.64,0.0,True,False,45.51,266.47,20.0
4726,197,22,-33.73,6.48,0.0,True,False,48.73,249.95,20.0
4727,197,23,-35.41,4.66,0.0,True,False,50.41,236.7,20.0
4728,198,0,-32.58,2.93,0.0,True,False,47.58,213.65,20.0
4729,198,1,-33.81,8.25,0.0,True,False,48.81,259.16,20.0
4730,198,2,-33.27,3.76,0.0,True,False,48.27,228.71,20.0
4731,198,3,-33.22,3.45,0.0,True,False,48.22,219.39,20.0
4732,198,4,-27.74,14.6,0.0,True,False,42.74,274.51,20.0
4733,198,5,-36.23,3.25,0.0,True,False,51.23,225.12,20.0
4734,198,6,-32.0,2.73,0.0,True,False,47.0,209.42,20.0
4735,198,7,-30.72,10.21,0.0,True,False,45.72,262.84,20.0
4736,198,8,-31.79,8.6,0.0,True,False,46.79,258.52,20.0
4737,198,9,-28.01,5.48,0.0,True,False,43.01,213.16,20.0
4738,198,10,-27.87,4.3,0.0,True,False,42.87,206.55,20.0
4739,198,11,-29.39,4.97,0.0,True,False,44.39,223.17,20.0
4740,198,12,-29.77,5.56,0.0,True,False,44.77,223.86,20.0
4741,198,13,-29.52,9.62,0.0,True,False,44.52,249.35,20.0
4742,198,14,-29.7,8.35,0.0,True,False,44.7,245.93,20.0
4743,198,15,-29.97,6.1,0.0,True,False,44.97,230.66,20.0
4744,198,16,-30.6,6.07,0.0,True,False,45.6,236.73,20.0
4745,198,17,-30.2,10.45,0.0,True,False,45.2,263.5,20.0
4746,198,18,-29.72,4.65,0.0,True,False,44.72,216.81,20.0
4747,198,19,-34.21,17.87,0.0,True,False,49.21,333.73,20.0
4748,198,20,-34.33,13.8,0.0,True,False,49.33,304.55,20.0
4749,198,21,-36.14,6.11,0.0,True,False,51.14,249.9,20.0
4750,198,22,-31.23,33.01,0.0,True,False,46.23,417.76,20.0
4751,198,23,-32.66,5.65,0.0,True,False,47.66,241.63,20.0
4752,199,0,-32.08,7.37,0.0,True,False,47.08,241.15,20.0
4753,199,1,-35.88,4.44,0.0,True,False,50.88,245.52,20.0
4754,199,2,-29.25,8.42,0.0,True,False,44.25,243.46,20.0
4755,199,3,-33.72,6.15,0.0,True,False,48.72,245.12,20.0
4756,199,4,-31.75,6.55,0.0,True,False,46.75,242.52,20.0
4757,199,5,-29.9,7.79,0.0,True,False,44.9,242.89,20.0
4758,199,6,-33.06,5.71,0.0,True,False,48.06,244.64,20.0
4759,199,7,-31.67,8.28,0.0,True,False,46.67,250.53,20.0
4760,199,8,-29.73,5.01,0.0,True,False,44.73,220.66,20.0
4761,199,9,-23.96,8.06,0.0,True,False,38.96,215.62,20.0
4762,199,10,-28.76,2.55,0.0,True,False,43.76,209.16,20.0
4763,199,11,-25.95,3.25,0.0,True,False,40.95,199.63,20.0
4764,199,12,-26.68,4.4,0.0,True,False,41.68,202.01,20.0
4765,199,13,-28.42,3.64,0.0,True,False,43.42,206.14,20.0
4766,199,14,-31.34,3.82,0.0,True,False,46.34,216.84,20.0
4767,199,15,-27.56,9.33,0.0,True,False,42.56,240.64,20.0
4768,199,16,-33.09,6.24,0.0,True,False,48.09,244.59,20.0
4769,199,17,-27.37,5.71,0.0,True,False,42.37,225.91,20.0
4770,199,18,-30.69,8.32,0.0,True,False,45.69,240.74,20.0
4771,199,19,-36.91,8.65,0.0,True,False,51.91,282.43,20.0
4772,199,20,-32.77,5.37,0.0,True,False,47.77,237.93,20.0
4773,199,21,-31.2,12.07,0.0,True,False,46.2,273.51,20.0
4774,199,22,-33.3,6.43,0.0,True,False,48.3,245.38,20.0
4775,199,23,-31.59,9.78,0.0,True,False,46.59,260.29,20.0
4776,200,0,-34.65,5.01,0.0,True,False,49.65,241.23,20.0
4777,200,1,-35.49,8.15,0.0,True,False,50.49,272.17,20.0
4778,200,2,-32.82,10.24,0.0,True,False,47.82,265.23,20.0
4779,200,3,-32.3,9.65,0.0,True,False,47.3,269.94,20.0
4780,200,4,-32.65,9.2,0.0,True,False,47.65,261.58,20.0
4781,200,5,-29.01,4.87,0.0,True,False,44.01,223.86,20.0
4782,200,6,-32.65,3.55,0.0,True,False,47.65,224.35,20.0
4783,200,7,-29.81,3.31,0.0,True,False,44.81,215.44,20.0
4784,200,8,-29.81,5.57,0.0,True,False,44.81,227.95,20.0
4785,200,9,-32.65,5.36,0.0,True,False,47.65,240.0,20.0
4786,200,10,-31.86,8.72,0.0,True,False,46.86,256.32,20.0
4787,200,11,-28.99,7.22,0.0,True,False,43.99,229.93,20.0
4788,200,12,-24.99,3.37,0.0,True,False,39.99,195.73,20.0
4789,200,13,-27.86,11.15,0.0,True,False,42.86,256.54,20.0
4790,200,14,-32.67,7.93,0.0,True,False,47.67,262.52,20.0
4791,200,15,-35.76,4.69,0.0,True,False,50.76,234.96,20.0
4792,200,16,-28.48,5.14,0.0,True,False,43.48,216.73,20.0
4793,200,17,-30.62,13.75,0.0,True,False,45.62,289.19,20.0
4794,200,18,-28.67,3.64,0.0,True,False,43.67,203.42,20.0
4795,200,19,-33.23,14.12,0.0,True,False,48.23,300.44,20.0
4796,200,20,-31.25,6.15,0.0,True,False,46.25,244.02,20.0
4797,200,21,-30.67,6.37,0.0,True,False,45.67,240.33,20.0
4798,200,22,-33.58,8.35,0.0,True,False,48.58,257.64,20.0
4799,200,23,-33.73,2.82,0.0,True,False,48.73,227.13,20.0
4800,201,0,-32.75,7.91,0.0,True,False,47.75,259.07,20.0
4801,201,1,-31.65,10.14,0.0,True,False,46.65,268.22,20.0
4802,201,2,-32.56,5.49,0.0,True,False,47.56,237.76,20.0
4803,201,3,-30.27,6.92,0.0,True,False,45.27,237.68,20.0
4804,201,4,-32.73,18.21,0.0,True,False,47.73,324.5,20.0
4805,201,5,-33.98,10.69,0.0,True,False,48.98,278.08,20.0
4806,201,6,-26.85,4.21,0.0,True,False,41.85,208.16,20.0
4807,201,7,-31.49,5.31,0.0,True,False,46.49,231.24,20.0
4808,201,8,-30.94,6.05,0.0,True,False,45.94,240.99,20.0
4809,201,9,-29.52,11.03,0.0,True,False,44.52,259.66,20.0
4810,201,10,-28.94,4.2,0.0,True,False,43.94,203.55,20.0
4811,201,11,-29.64,9.66,0.0,True,False,44.64,251.07,20.0
4812,201,12,-28.84,9.69,0.0,True,False,43.84,250.0,20.0
4813,201,13,-28.95,22.15,0.0,True,False,43.95,333.08,20.0
4814,201,14,-28.72,11.22,0.0,True,False,43.72,258.64,20.0
4815,201,15,-34.1,4.44,0.0,True,False,49.1,231.41,20.0
4816,201,16,-26.04,12.35,0.0,True,False,41.04,258.23,20.0
4817,201,17,-30.58,2.47,0.0,True,False,45.58,204.97,20.0
4818,201,18,-29.64,4.19,0.0,True,False,44.64,218.64,20.0
4819,201,19,-34.08,2.51,0.0,True,False,49.08,219.27,20.0
4820,201,20,-32.75,4.58,0.0,True,False,47.75,225.7,20.0
4821,201,21,-33.56,9.78,0.0,True,False,48.56,277.18,20.0
4822,201,22,-29.6,8.53,0.0,True,False,44.6,234.63,20.0
4823,201,23,-33.91,7.88,0.0,True,False,48.91,255.81,20.0
4824,202,0,-31.14,4.54,0.0,True,False,46.14,225.7,20.0
4825,202,1,-33.89,6.86,0.0,True,False,48.89,250.22,20.0
4826,202,2,-33.29,27.41,0.0,True,False,48.29,400.97,20.0
4827,202,3,-32.56,4.65,0.0,True,False,47.56,229.86,20.0
4828,202,4,-29.08,19.77,0.0,True,False,44.08,314.86,20.0
4829,202,5,-34.95,4.88,0.0,True,False,49.95,249.96,20.0
4830,202,6,-33.28,22.66,0.0,True,False,48.28,362.62,20.0
4831,202,7,-34.03,9.34,0.0,True,False,49.03,269.86,20.0
4832,202,8,-31.83,10.43,0.0,True,False,46.83,263.69,20.0
4833,202,9,-30.86,6.04,0.0,True,False,45.86,230.21,20.0
4834,202,10,-32.15,5.74,0.0,True,False,47.15,238.98,20.0
4835,202,11,-30.19,5.18,0.0,True,False,45.19,226.89,20.0
4836,202,12,-32.68,9.05,0.0,True,False,47.68,262.22,20.0
4837,202,13,-30.76,2.89,0.0,True,False,45.76,208.38,20.0
4838,202,14,-26.52,6.47,0.0,True,False,41.52,220.82,20.0
4839,202,15,-28.43,6.49,0.0,True,False,43.43,219.35,20.0
4840,202,16,-29.28,9.76,0.0,True,False,44.28,250.07,20.0
4841,202,17,-32.14,3.39,0.0,True,False,47.14,218.73,20.0
4842,202,18,-33.72,10.14,0.0,True,False,48.72,271.54,20.0
4843,202,19,-33.45,8.77,0.0,True,False,48.45,264.31,20.0
4844,202,20,-31.74,16.15,0.0,True,False,46.74,305.05,20.0
4845,202,21,-30.33,14.63,0.0,True,False,45.33,286.25,20.0
4846,202,22,-30.58,11.97,0.0,True,False,45.58,279.84,20.0
4847,202,23,-31.32,2.07,0.0,True,False,46.32,210.5,20.0
4848,203,0,-33.97,3.58,0.0,True,False,48.97,232.74,20.0
4849,203,1,-32.38,11.24,0.0,True,False,47.38,276.64,20.0
4850,203,2,-32.87,6.39,0.0,True,False,47.87,247.87,20.0
4851,203,3,-32.31,14.62,0.0,True,False,47.31,303.21,20.0
4852,203,4,-27.42,7.24,0.0,True,False,42.42,231.61,20.0
4853,203,5,-34.54,9.59,0.0,True,False,49.54,284.21,20.0
4854,203,6,-30.97,9.25,0.0,True,False,45.97,254.93,20.0
4855,203,7,-27.56,7.14,0.0,True,False,42.56,227.76,20.0
4856,203,8,-32.43,11.34,0.0,True,False,47.43,277.2,20.0
4857,203,9,-30.37,9.97,0.0,True,False,45.37,243.93,20.0
4858,203,10,-29.82,3.78,0.0,True,False,44.82,208.21,20.0
4859,203,11,-29.01,18.83,0.0,True,False,44.01,310.18,20.0
4860,203,12,-31.69,3.58,0.0,True,False,46.69,221.98,20.0
4861,203,13,-27.37,4.75,0.0,True,False,42.37,208.44,20.0
4862,203,14,-27.43,9.51,0.0,True,False,42.43,245.81,20.0
4863,203,15,-28.07,8.63,0.0,True,False,43.07,243.68,20.0
4864,203,16,-31.24,10.39,0.0,True,False,46.24,263.35,20.0
4865,203,17,-29.81,6.28,0.0,True,False,44.81,236.27,20.0
4866,203,18,-32.3,8.95,0.0,True,False,47.3,266.84,20.0
4867,203,19,-31.68,4.93,0.0,True,False,46.68,230.73,20.0
4868,203,20,-27.19,7.24,0.0,True,False,42.19,221.88,20.0
4869,203,21,-31.72,13.74,0.0,True,False,46.72,296.65,20.0
4870,203,22,-34.6,3.57,0.0,True,False,49.6,229.61,20.0
4871,203,23,-32.07,11.68,0.0,True,False,47.07,276.57,20.0
4872,204,0,-35.04,6.52,0.0,True,False,50.04,254.52,20.0
4873,204,1,-34.67,4.36,0.0,True,False,49.67,234.27,20.0
4874,204,2,-34.15,4.53,0.0,True,False,49.15,239.96,20.0
4875,204,3,-32.64,6.42,0.0,True,False,47.64,246.43,20.0
4876,204,4,-29.46,11.95,0.0,True,False,44.46,271.84,20.0
4877,204,5,-29.7,8.93,0.0,True,False,44.7,250.24,20.0
4878,204,6,-29.29,3.4,0.0,True,False,44.29,206.14,20.0
4879,204,7,-32.02,11.39,0.0,True,False,47.02,275.16,20.0
4880,204,8,-30.42,10.46,0.0,True,False,45.42,265.11,20.0
4881,204,9,-28.38,2.49,0.0,True,False,43.38,198.39,20.0
4882,204,10,-29.86,4.25,0.0,True,False,44.86,228.83,20.0
4883,204,11,-28.96,12.57,0.0,True,False,43.96,267.59,20.0
4884,204,12,-27.45,7.16,0.0,True,False,42.45,224.09,20.0
4885,204,13,-29.1,26.35,0.0,True,False,44.1,365.02,20.0
4886,204,14,-28.15,1.71,0.0,True,False,43.15,197.14,20.0
4887,204,15,-25.74,1.28,0.0,True,False,40.74,183.08,20.0
4888,204,16,-29.68,9.84,0.0,True,False,44.68,253.0,20.0
4889,204,17,-27.46,5.2,0.0,True,False,42.46,215.7,20.0
4890,204,18,-29.22,10.12,0.0,True,False,44.22,256.97,20.0
4891,204,19,-33.79,11.43,0.0,True,False,48.79,287.83,20.0
4892,204,20,-33.54,5.25,0.0,True,False,48.54,237.35,20.0
4893,204,21,-33.42,6.81,0.0,True,False,48.42,251.13,20.0
4894,204,22,-33.78,6.04,0.0,True,False,48.78,248.67,20.0
4895,204,23,-32.45,5.2,0.0,True,False,47.45,236.91,20.0
4896,205,0,-30.94,8.01,0.0,True,False,45.94,234.86,20.0
4897,205,1,-29.59,10.85,0.0,True,False,44.59,256.7,20.0
4898,205,2,-31.29,19.78,0.0,True,False,46.29,327.37,20.0
4899,205,3,-32.48,4.76,0.0,True,False,47.48,229.92,20.0
4900,205,4,-35.34,5.28,0.0,True,False,50.34,246.67,20.0
4901,205,5,-30.55,9.52,0.0,True,False,45.55,259.49,20.0
4902,205,6,-30.12,26.39,0.0,True,False,45.12,370.46,20.0
4903,205,7,-29.29,5.98,0.0,True,False,44.29,225.95,20.0
4904,205,8,-24.96,17.15,0.0,True,False,39.96,275.76,20.0
4905,205,9,-26.28,3.95,0.0,True,False,41.28,208.59,20.0
4906,205,10,-26.87,5.79,0.0,True,False,41.87,212.9,20.0
4907,205,11,-30.17,4.44,0.0,True,False,45.17,220.85,20.0
4908,205,12,-29.2,3.38,0.0,True,False,44.2,215.11,20.0
4909,205,13,-28.43,7.33,0.0,True,False,43.43,233.11,20.0
4910,205,14,-29.99,21.15,0.0,True,False,44.99,323.52,20.0
4911,205,15,-27.76,4.1,0.0,True,False,42.76,209.63,20.0
4912,205,16,-28.46,8.05,0.0,True,False,43.46,235.0,20.0
4913,205,17,-31.83,9.29,0.0,True,False,46.83,259.66,20.0
4914,205,18,-27.78,9.66,0.0,True,False,42.78,248.09,20.0
4915,205,19,-30.49,6.92,0.0,True,False,45.49,239.66,20.0
4916,205,20,-34.63,3.49,0.0,True,False,49.63,228.74,20.0
4917,205,21,-31.69,10.81,0.0,True,False,46.69,273.68,20.0
4918,205,22,-31.34,2.73,0.0,True,False,46.34,214.01,20.0
4919,205,23,-30.16,6.55,0.0,True,False,45.16,234.3,20.0
4920,206,0,-32.68,6.21,0.0,True,False,47.68,243.19,20.0
4921,206,1,-30.28,3.65,0.0,True,False,45.28,215.7,20.0
4922,206,2,-31.36,5.28,0.0,True,False,46.36,228.71,20.0
4923,206,3,-34.05,9.5,0.0,True,False,49.05,270.02,20.0
4924,206,4,-33.83,6.55,0.0,True,False,48.83,249.33,20.0
4925,206,5,-28.28,3.02,0.0,True,False,43.28,199.28,20.0
4926,206,6,-27.61,10.17,0.0,True,False,42.61,241.32,20.0
4927,206,7,-28.84,15.92,0.0,True,False,43.84,295.18,20.0
4928,206,8,-26.01,3.28,0.0,True,False,41.01,195.45,20.0
4929,206,9,-26.48,6.84,0.0,True,False,41.48,220.2,20.0
4930,206,10,-26.9,6.97,0.0,True,False,41.9,222.35,20.0
4931,206,11,-29.89,3.23,0.0,True,False,44.89,210.49,20.0
4932,206,12,-24.54,12.78,0.0,True,False,39.54,247.42,20.0
4933,206,13,-27.0,7.05,0.0,True,False,42.0,224.08,20.0
4934,206,14,-29.04,11.0,0.0,True,False,44.04,255.37,20.0
4935,206,15,-29.93,8.3,0.0,True,False,44.93,248.44,20.0
4936,206,16,-28.49,12.54,0.0,True,False,43.49,263.2,20.0
4937,206,17,-32.83,8.24,0.0,True,False,47.83,261.31,20.0
4938,206,18,-28.6,5.59,0.0,True,False,43.6,213.4,20.0
4939,206,19,-32.43,9.14,0.0,True,False,47.43,257.56,20.0
4940,206,20,-30.26,4.5,0.0,True,False,45.26,224.35,20.0
4941,206,21,-32.46,24.59,0.0,True,False,47.46,371.34,20.0
4942,206,22,-32.26,4.09,0.0,True,False,47.26,222.54,20.0
4943,206,23,-33.45,6.72,0.0,True,False,48.45,250.38,20.0
4944,207,0,-32.15,6.04,0.0,True,False,47.15,234.42,20.0
4945,207,1,-27.98,7.95,0.0,True,False,42.98,234.1,20.0
4946,207,2,-28.79,13.56,0.0,True,False,43.79,265.34,20.0
4947,207,3,-30.54,5.18,0.0,True,False,45.54,224.3,20.0
4948,207,4,-30.88,10.65,0.0,True,False,45.88,262.51,20.0
4949,207,5,-28.66,12.75,0.0,True,False,43.66,270.37,20.0
4950,207,6,-27.57,10.49,0.0,True,False,42.57,251.71,20.0
4951,207,7,-30.97,7.92,0.0,True,False,45.97,243.3,20.0
4952,207,8,-28.99,7.72,0.0,True,False,43.99,243.14,20.0
4953,207,9,-32.06,5.01,0.0,True,False,47.06,228.59,20.0
4954,207,10,-25.85,2.76,0.0,True,False,40.85,184.41,20.0
4955,207,11,-23.77,7.18,0.0,True,False,38.77,201.3,20.0
4956,207,12,-27.67,13.3,0.0,True,False,42.67,272.83,20.0
4957,207,13,-32.15,14.22,0.0,True,False,47.15,296.1,20.0
4958,207,14,-26.88,3.1,0.0,True,False,41.88,195.9,20.0
4959,207,15,-30.22,14.0,0.0,True,False,45.22,281.67,20.0
4960,207,16,-30.16,9.35,0.0,True,False,45.16,248.48,20.0
4961,207,17,-28.06,8.82,0.0,True,False,43.06,245.17,20.0
4962,207,18,-29.32,13.25,0.0,True,False,44.32,274.57,20.0
4963,207,19,-31.32,11.4,0.0,True,False,46.32,279.59,20.0
4964,207,20,-32.13,4.06,0.0,True,False,47.13,223.72,20.0
4965,207,21,-30.99,4.7,0.0,True,False,45.99,215.19,20.0
4966,207,22,-32.38,17.55,0.0,True,False,47.38,324.72,20.0
4967,207,23,-33.98,8.63,0.0,True,False,48.98,263.67,20.0
4968,208,0,-32.32,4.33,0.0,True,False,47.32,226.21,20.0
4969,208,1,-30.91,5.48,0.0,True,False,45.91,235.92,20.0
4970,208,2,-31.74,12.47,0.0,True,False,46.74,280.94,20.0
4971,208,3,-33.89,9.21,0.0,True,False,48.89,273.64,20.0
4972,208,4,-28.67,9.33,0.0,True,False,43.67,245.84,20.0
4973,208,5,-35.65,18.64,0.0,True,False,50.65,345.69,20.0
4974,208,6,-30.55,0.99,0.0,True,False,45.55,199.55,20.0
4975,208,7,-30.38,19.47,0.0,True,False,45.38,320.35,20.0
4976,208,8,-28.36,6.02,0.0,True,False,43.36,227.82,20.0
4977,208,9,-27.12,4.63,0.0,True,False,42.12,212.88,20.0
4978,208,10,-25.67,10.95,0.0,True,False,40.67,242.2,20.0
4979,208,11,-29.15,6.4,0.0,True,False,44.15,231.1,20.0
4980,208,12,-26.48,3.81,0.0,True,False,41.48,203.7,20.0
4981,208,13,-27.33,8.25,0.0,True,False,42.33,231.74,20.0
4982,208,14,-31.34,8.96,0.0,True,False,46.34,259.15,20.0
4983,208,15,-24.44,3.99,0.0,True,False,39.44,193.9,20.0
4984,208,16,-31.53,6.57,0.0,True,False,46.53,242.22,20.0
4985,208,17,-28.3,9.06,0.0,True,False,43.3,238.6,20.0
4986,208,18,-28.87,12.82,0.0,True,False,43.87,270.15,20.0
4987,208,19,-29.62,4.9,0.0,True,False,44.62,222.24,20.0
4988,208,20,-31.64,9.57,0.0,True,False,46.64,258.05,20.0
4989,208,21,-29.41,5.3,0.0,True,False,44.41,220.76,20.0
4990,208,22,-34.51,7.48,0.0,True,False,49.51,256.86,20.0
4991,208,23,-31.72,19.2,0.0,True,False,46.72,331.98,20.0
4992,209,0,-32.6,9.42,0.0,True,False,47.6,261.71,20.0
4993,209,1,-32.76,11.75,0.0,True,False,47.76,283.78,20.0
4994,209,2,-30.35,6.72,0.0,True,False,45.35,241.95,20.0
4995,209,3,-28.73,6.28,0.0,True,False,43.73,227.57,20.0
4996,209,4,-31.16,5.97,0.0,True,False,46.16,227.62,20.0
4997,209,5,-28.43,3.57,0.0,True,False,43.43,207.76,20.0
4998,209,6,-29.37,10.36,0.0,True,False,44.37,260.12,20.0
4999,209,7,-30.74,12.66,0.0,True,False,45.74,277.11,20.0
5000,209,8,-28.99,4.75,0.0,True,False,43.99,221.57,20.0
5001,209,9,-28.66,8.0,0.0,True,False,43.66,239.6,20.0
5002,209,10,-29.13,9.3,0.0,True,False,44.13,249.49,20.0
5003,209,11,-26.68,5.25,0.0,True,False,41.68,210.18,20.0
5004,209,12,-27.0,14.19,0.0,True,False,42.0,266.78,20.0
5005,209,13,-30.72,8.08,0.0,True,False,45.72,245.72,20.0
5006,209,14,-31.04,3.1,0.0,True,False,46.04,214.02,20.0
5007,209,15,-27.21,12.06,0.0,True,False,42.21,258.56,20.0
5008,209,16,-30.1,1.62,0.0,True,False,45.1,202.0,20.0
5009,209,17,-28.35,6.86,0.0,True,False,43.35,227.16,20.0
5010,209,18,-27.91,5.74,0.0,True,False,42.91,219.56,20.0
5011,209,19,-32.53,9.97,0.0,True,False,47.53,269.77,20.0
5012,209,20,-33.29,5.35,0.0,True,False,48.29,231.82,20.0
5013,209,21,-27.54,13.75,0.0,True,False,42.54,265.84,20.0
5014,209,22,-30.5,12.27,0.0,True,False,45.5,271.19,20.0
5015,209,23,-32.24,14.68,0.0,True,False,47.24,299.42,20.0
5016,210,0,-33.15,18.12,0.0,True,False,48.15,328.9,20.0
5017,210,1,-32.24,9.22,0.0,True,False,47.24,260.52,20.0
5018,210,2,-33.4,7.19,0.0,True,False,48.4,248.64,20.0
5019,210,3,-28.93,5.23,0.0,True,False,43.93,222.78,20.0
5020,210,4,-31.84,9.68,0.0,True,False,46.84,264.07,20.0
5021,210,5,-27.61,17.88,0.0,True,False,42.61,289.12,20.0
5022,210,6,-30.09,2.98,0.0,True,False,45.09,209.55,20.0
5023,210,7,-30.85,3.58,0.0,True,False,45.85,211.89,20.0
5024,210,8,-29.14,23.42,0.0,True,False,44.14,348.18,20.0
5025,210,9,-33.12,3.07,0.0,True,False,48.12,219.38,20.0
5026,210,10,-27.79,3.0,0.0,True,False,42.79,199.67,20.0
5027,210,11,-27.69,12.86,0.0,True,False,42.69,264.35,20.0
5028,210,12,-25.63,11.85,0.0,True,False,40.63,246.5,20.0
5029,210,13,-31.13,5.09,0.0,True,False,46.13,227.67,20.0
5030,210,14,-25.23,3.95,0.0,True,False,40.23,203.83,20.0
5031,210,15,-26.23,14.96,0.0,True,False,41.23,270.43,20.0
5032,210,16,-25.78,4.11,0.0,True,False,40.78,204.04,20.0
5033,210,17,-28.87,3.41,0.0,True,False,43.87,212.4,20.0
5034,210,18,-27.26,4.19,0.0,True,False,42.26,202.96,20.0
5035,210,19,-32.74,8.87,0.0,True,False,47.74,268.11,20.0
5036,210,20,-28.86,19.38,0.0,True,False,43.86,315.67,20.0
5037,210,21,-32.24,5.28,0.0,True,False,47.24,237.48,20.0
5038,210,22,-34.32,12.78,0.0,True,False,49.32,293.99,20.0
5039,210,23,-33.46,7.67,0.0,True,False,48.46,259.16,20.0
5040,211,0,-31.08,2.16,0.0,True,False,46.08,209.11,20.0
5041,211,1,-32.67,5.37,0.0,True,False,47.67,233.86,20.0
5042,211,2,-30.07,11.91,0.0,True,False,45.07,278.94,20.0
5043,211,3,-34.12,26.59,0.0,True,False,49.12,400.44,20.0
5044,211,4,-34.35,4.95,0.0,True,False,49.35,238.68,20.0
5045,211,5,-26.87,10.33,0.0,True,False,41.87,244.71,20.0
5046,211,6,-27.29,6.78,0.0,True,False,42.29,227.05,20.0
5047,211,7,-30.67,8.7,0.0,True,False,45.67,255.34,20.0
5048,211,8,-28.1,13.14,0.0,True,False,43.1,270.27,20.0
5049,211,9,-25.64,5.06,0.0,True,False,40.64,210.84,20.0
5050,211,10,-26.52,5.88,0.0,True,False,41.52,220.44,20.0
5051,211,11,-26.87,13.26,0.0,True,False,41.87,257.4,20.0
5052,211,12,-24.9,18.36,0.0,True,False,39.9,280.7,20.0
5053,211,13,-28.62,11.18,0.0,True,False,43.62,254.05,20.0
5054,211,14,-27.3,8.42,0.0,True,False,42.3,234.25,20.0
5055,211,15,-27.72,11.13,0.0,True,False,42.72,258.88,20.0
5056,211,16,-28.64,5.35,0.0,True,False,43.64,222.36,20.0
5057,211,17,-29.36,7.45,0.0,True,False,44.36,232.42,20.0
5058,211,18,-28.95,2.98,0.0,True,False,43.95,204.19,20.0
5059,211,19,-29.54,5.42,0.0,True,False,44.54,227.93,20.0
5060,211,20,-32.19,8.97,0.0,True,False,47.19,257.46,20.0
5061,211,21,-28.9,8.0,0.0,True,False,43.9,237.85,20.0
5062,211,22,-32.78,1.73,0.0,True,False,47.78,211.59,20.0
5063,211,23,-31.46,6.36,0.0,True,False,46.46,230.79,20.0
5064,212,0,-31.49,7.92,0.0,True,False,46.49,252.2,20.0
5065,212,1,-30.11,23.08,0.0,True,False,45.11,346.97,20.0
5066,212,2,-34.87,3.37,0.0,True,False,49.87,232.15,20.0
5067,212,3,-28.53,10.43,0.0,True,False,43.53,248.56,20.0
5068,212,4,-31.25,17.06,0.0,True,False,46.25,308.36,20.0
5069,212,5,-26.98,11.06,0.0,True,False,41.98,246.67,20.0
5070,212,6,-29.86,7.45,0.0,True,False,44.86,239.77,20.0
5071,212,7,-28.48,15.14,0.0,True,False,43.48,283.24,20.0
5072,212,8,-24.07,5.36,0.0,True,False,39.07,202.03,20.0
5073,212,9,-28.04,9.76,0.0,True,False,43.04,252.99,20.0
5074,212,10,-24.69,7.04,0.0,True,False,39.69,219.22,20.0
5075,212,11,-26.89,15.23,0.0,True,False,41.89,271.95,20.0
5076,212,12,-26.07,19.29,0.0,True,False,41.07,292.73,20.0
5077,212,13,-26.83,4.28,0.0,True,False,41.83,212.65,20.0
5078,212,14,-25.47,13.41,0.0,True,False,40.47,254.72,20.0
5079,212,15,-28.86,9.4,0.0,True,False,43.86,252.79,20.0
5080,212,16,-29.87,13.96,0.0,True,False,44.87,289.02,20.0
5081,212,17,-29.66,4.52,0.0,True,False,44.66,216.1,20.0
5082,212,18,-28.7,4.99,0.0,True,False,43.7,216.55,20.0
5083,212,19,-29.86,8.59,0.0,True,False,44.86,246.77,20.0
5084,212,20,-28.48,3.05,0.0,True,False,43.48,200.65,20.0
5085,212,21,-27.7,8.28,0.0,True,False,42.7,230.84,20.0
5086,212,22,-32.58,5.83,0.0,True,False,47.58,237.34,20.0
5087,212,23,-32.3,7.02,0.0,True,False,47.3,249.66,20.0
5088,213,0,-33.57,10.4,0.0,True,False,48.57,274.48,20.0
5089,213,1,-26.57,10.67,0.0,True,False,41.57,243.81,20.0
5090,213,2,-29.82,16.64,0.0,True,False,44.82,298.51,20.0
5091,213,3,-29.15,12.4,0.0,True,False,44.15,263.02,20.0
5092,213,4,-32.38,2.2,0.0,True,False,47.38,218.27,20.0
5093,213,5,-29.22,4.49,0.0,True,False,44.22,207.0,20.0
5094,213,6,-27.68,4.7,0.0,True,False,42.68,209.13,20.0
5095,213,7,-28.69,11.77,0.0,True,False,43.69,264.26,20.0
5096,213,8,-25.55,15.45,0.0,True,False,40.55,263.23,20.0
5097,213,9,-22.66,3.63,0.0,True,False,37.66,188.52,20.0
5098,213,10,-28.86,11.92,0.0,True,False,43.86,268.86,20.0
5099,213,11,-28.81,7.46,0.0,True,False,43.81,230.86,20.0
5100,213,12,-28.46,2.14,0.0,True,False,43.46,198.94,20.0
5101,213,13,-23.56,6.91,0.0,True,False,38.56,204.0,20.0
5102,213,14,-24.88,5.31,0.0,True,False,39.88,206.49,20.0
5103,213,15,-27.56,6.41,0.0,True,False,42.56,222.55,20.0
5104,213,16,-27.63,8.3,0.0,True,False,42.63,235.43,20.0
5105,213,17,-29.82,5.65,0.0,True,False,44.82,231.95,20.0
5106,213,18,-26.92,9.17,0.0,True,False,41.92,238.77,20.0
5107,213,19,-29.98,6.93,0.0,True,False,44.98,241.15,20.0
5108,213,20,-30.22,6.53,0.0,True,False,45.22,236.61,20.0
5109,213,21,-28.9,10.04,0.0,True,False,43.9,246.87,20.0
5110,213,22,-30.81,8.71,0.0,True,False,45.81,252.57,20.0
5111,213,23,-31.1,1.79,0.0,True,False,46.1,206.93,20.0
5112,214,0,-30.48,9.37,0.0,True,False,45.48,248.75,20.0
5113,214,1,-28.84,8.46,0.0,True,False,43.84,246.33,20.0
5114,214,2,-26.94,12.8,0.0,True,False,41.94,260.08,20.0
5115,214,3,-28.74,8.64,0.0,True,False,43.74,243.2,20.0
5116,214,4,-27.89,6.22,0.0,True,False,42.89,218.76,20.0
5117,214,5,-29.41,5.2,0.0,True,False,44.41,222.12,20.0
5118,214,6,-29.91,2.73,0.0,True,False,44.91,208.38,20.0
5119,214,7,-26.67,7.4,0.0,True,False,41.67,223.37,20.0
5120,214,8,-27.15,4.73,0.0,True,False,42.15,210.19,20.0
5121,214,9,-29.93,13.76,0.0,True,False,44.93,273.11,20.0
5122,214,10,-27.42,7.57,0.0,True,False,42.42,234.44,20.0
5123,214,11,-26.73,4.01,0.0,True,False,41.73,199.26,20.0
5124,214,12,-27.52,2.29,0.0,True,False,42.52,187.02,20.0
5125,214,13,-23.6,2.83,0.0,True,False,38.6,181.14,20.0
5126,214,14,-25.81,8.97,0.0,True,False,40.81,227.24,20.0
5127,214,15,-24.34,14.55,0.0,True,False,39.34,259.0,20.0
5128,214,16,-26.97,9.92,0.0,True,False,41.97,238.18,20.0
5129,214,17,-27.82,7.01,0.0,True,False,42.82,228.26,20.0
5130,214,18,-30.37,18.54,0.0,True,False,45.37,312.59,20.0
5131,214,19,-28.99,11.01,0.0,True,False,43.99,267.32,20.0
5132,214,20,-29.47,8.68,0.0,True,False,44.47,247.46,20.0
5133,214,21,-32.65,6.13,0.0,True,False,47.65,249.19,20.0
5134,214,22,-31.31,14.92,0.0,True,False,46.31,292.85,20.0
5135,214,23,-31.08,6.45,0.0,True,False,46.08,239.77,20.0
5136,215,0,-29.46,4.72,0.0,True,False,44.46,215.0,20.0
5137,215,1,-29.3,7.16,0.0,True,False,44.3,236.72,20.0
5138,215,2,-31.18,7.92,0.0,True,False,46.18,250.42,20.0
5139,215,3,-28.77,11.49,0.0,True,False,43.77,254.19,20.0
5140,215,4,-29.65,4.66,0.0,True,False,44.65,214.61,20.0
5141,215,5,-34.55,5.15,0.0,True,False,49.55,237.24,20.0
5142,215,6,-29.26,5.3,0.0,True,False,44.26,215.87,20.0
5143,215,7,-25.61,6.97,0.0,True,False,40.61,214.55,20.0
5144,215,8,-30.65,4.06,0.0,True,False,45.65,215.1,20.0
5145,215,9,-26.65,13.68,0.0,True,False,41.65,258.03,20.0
5146,215,10,-23.39,2.85,0.0,True,False,38.39,184.71,20.0
5147,215,11,-27.88,15.14,0.0,True,False,42.88,281.84,20.0
5148,215,12,-26.29,10.92,0.0,True,False,41.29,239.56,20.0
5149,215,13,-28.97,4.5,0.0,True,False,43.97,213.21,20.0
5150,215,14,-23.3,6.67,0.0,True,False,38.3,205.97,20.0
5151,215,15,-27.04,4.91,0.0,True,False,42.04,209.62,20.0
5152,215,16,-27.2,11.02,0.0,True,False,42.2,247.05,20.0
5153,215,17,-25.06,14.35,0.0,True,False,40.06,262.72,20.0
5154,215,18,-26.97,26.84,0.0,True,False,41.97,351.72,20.0
5155,215,19,-30.56,9.6,0.0,True,False,45.56,259.17,20.0
5156,215,20,-30.58,2.9,0.0,True,False,45.58,209.9,20.0
5157,215,21,-28.71,4.31,0.0,True,False,43.71,221.13,20.0
5158,215,22,-31.27,9.36,0.0,True,False,46.27,265.04,20.0
5159,215,23,-34.46,6.83,0.0,True,False,49.46,252.38,20.0
5160,216,0,-30.19,10.84,0.0,True,False,45.19,262.65,20.0
5161,216,1,-32.97,8.76,0.0,True,False,47.97,266.34,20.0
5162,216,2,-26.58,4.54,0.0,True,False,41.58,203.22,20.0
5163,216,3,-29.14,6.26,0.0,True,False,44.14,229.33,20.0
5164,216,4,-30.89,11.11,0.0,True,False,45.89,268.55,20.0
5165,216,5,-29.99,9.01,0.0,True,False,44.99,247.0,20.0
5166,216,6,-31.86,10.91,0.0,True,False,46.86,270.75,20.0
5167,216,7,-29.76,3.48,0.0,True,False,44.76,205.35,20.0
5168,216,8,-25.05,4.72,0.0,True,False,40.05,199.38,20.0
5169,216,9,-22.2,13.18,0.0,True,False,37.2,229.64,20.0
5170,216,10,-24.89,3.56,0.0,True,False,39.89,203.11,20.0
5171,216,11,-26.33,10.58,0.0,True,False,41.33,248.91,20.0
5172,216,12,-26.94,3.33,0.0,True,False,41.94,205.11,20.0
5173,216,13,-28.06,7.86,0.0,True,False,43.06,234.8,20.0
5174,216,14,-22.23,5.78,0.0,True,False,37.23,200.44,20.0
5175,216,15,-27.04,4.5,0.0,True,False,42.04,213.03,20.0
5176,216,16,-22.85,8.18,0.0,True,False,37.85,216.66,20.0
5177,216,17,-24.77,12.86,0.0,True,False,39.77,252.69,20.0
5178,216,18,-31.56,5.08,0.0,True,False,46.56,225.85,20.0
5179,216,19,-29.93,2.0,0.0,True,False,44.93,204.0,20.0
5180,216,20,-30.42,6.93,0.0,True,False,45.42,235.45,20.0
5181,216,21,-29.65,4.48,0.0,True,False,44.65,213.19,20.0
5182,216,22,-29.93,11.22,0.0,True,False,44.93,259.85,20.0
5183,216,23,-24.02,5.77,0.0,True,False,39.02,205.37,20.0
5184,217,0,-32.02,5.19,0.0,True,False,47.02,236.3,20.0
5185,217,1,-29.34,6.11,0.0,True,False,44.34,222.08,20.0
5186,217,2,-28.36,12.85,0.0,True,False,43.36,274.33,20.0
5187,217,3,-29.28,9.24,0.0,True,False,44.28,253.96,20.0
5188,217,4,-28.64,4.11,0.0,True,False,43.64,210.05,20.0
5189,217,5,-30.47,3.48,0.0,True,False,45.47,212.4,20.0
5190,217,6,-27.65,15.03,0.0,True,False,42.65,277.36,20.0
5191,217,7,-26.32,5.12,0.0,True,False,41.32,212.9,20.0
5192,217,8,-26.21,13.05,0.0,True,False,41.21,256.02,20.0
5193,217,9,-25.31,6.78,0.0,True,False,40.31,210.57,20.0
5194,217,10,-23.31,4.76,0.0,True,False,38.31,196.33,20.0
5195,217,11,-24.06,4.97,0.0,True,False,39.06,190.86,20.0
5196,217,12,-25.72,6.95,0.0,True,False,40.72,218.33,20.0
5197,217,13,-28.28,1.94,0.0,True,False,43.28,200.73,20.0
5198,217,14,-27.33,4.85,0.0,True,False,42.33,212.48,20.0
5199,217,15,-26.89,17.77,0.0,True,False,41.89,293.83,20.0
5200,217,16,-26.36,20.43,0.0,True,False,41.36,306.08,20.0
5201,217,17,-28.3,5.13,0.0,True,False,43.3,219.79,20.0
5202,217,18,-29.74,10.3,0.0,True,False,44.74,257.87,20.0
5203,217,19,-30.76,9.11,0.0,True,False,45.76,250.65,20.0
5204,217,20,-32.17,3.77,0.0,True,False,47.17,221.72,20.0
5205,217,21,-29.75,10.39,0.0,True,False,44.75,257.65,20.0
5206,217,22,-32.54,6.04,0.0,True,False,47.54,245.23,20.0
5207,217,23,-31.8,7.69,0.0,True,False,46.8,255.25,20.0
5208,218,0,-30.43,11.44,0.0,True,False,45.43,270.02,20.0
5209,218,1,-32.25,6.26,0.0,True,False,47.25,237.56,20.0
5210,218,2,-28.62,6.22,0.0,True,False,43.62,222.36,20.0
5211,218,3,-27.58,9.81,0.0,True,False,42.58,243.16,20.0
5212,218,4,-29.74,13.24,0.0,True,False,44.74,282.58,20.0
5213,218,5,-29.04,9.53,0.0,True,False,44.04,250.22,20.0
5214,218,6,-26.57,6.38,0.0,True,False,41.57,217.59,20.0
5215,218,7,-28.56,12.54,0.0,True,False,43.56,263.27,20.0
5216,218,8,-28.21,8.92,0.0,True,False,43.21,244.62,20.0
5217,218,9,-23.84,14.67,0.0,True,False,38.84,255.91,20.0
5218,218,10,-24.15,16.65,0.0,True,False,39.15,267.85,20.0
5219,218,11,-24.51,9.45,0.0,True,False,39.51,227.85,20.0
5220,218,12,-23.79,14.15,0.0,True,False,38.79,258.21,20.0
5221,218,13,-29.67,14.36,0.0,True,False,44.67,283.52,20.0
5222,218,14,-23.21,7.15,0.0,True,False,38.21,215.01,20.0
5223,218,15,-25.45,14.36,0.0,True,False,40.45,266.54,20.0
5224,218,16,-24.62,22.88,0.0,True,False,39.62,307.97,20.0
5225,218,17,-26.35,10.9,0.0,True,False,41.35,248.46,20.0
5226,218,18,-27.55,7.47,0.0,True,False,42.55,228.34,20.0
5227,218,19,-28.71,3.13,0.0,True,False,43.71,202.08,20.0
5228,218,20,-27.91,19.06,0.0,True,False,42.91,303.92,20.0
5229,218,21,-29.68,10.67,0.0,True,False,44.68,255.86,20.0
5230,218,22,-27.64,11.16,0.0,True,False,42.64,254.87,20.0
5231,218,23,-32.75,8.28,0.0,True,False,47.75,257.16,20.0
5232,219,0,-30.51,14.31,0.0,True,False,45.51,290.59,20.0
5233,219,1,-25.27,1.02,0.0,True,False,40.27,183.33,20.0
5234,219,2,-30.41,7.07,0.0,True,False,45.41,225.99,20.0
5235,219,3,-29.31,7.32,0.0,True,False,44.31,236.69,20.0
5236,219,4,-30.19,4.14,0.0,True,False,45.19,210.46,20.0
5237,219,5,-27.27,8.73,0.0,True,False,42.27,236.28,20.0
5238,219,6,-28.9,13.94,0.0,True,False,43.9,273.77,20.0
5239,219,7,-27.28,7.12,0.0,True,False,42.28,225.87,20.0
5240,219,8,-24.73,3.81,0.0,True,False,39.73,200.3,20.0
5241,219,9,-27.41,12.48,0.0,True,False,42.41,253.27,20.0
5242,219,10,-24.11,9.86,0.0,True,False,39.11,228.76,20.0
5243,219,11,-23.85,17.92,0.0,True,False,38.85,273.44,20.0
5244,219,12,-23.31,4.97,0.0,True,False,38.31,188.58,20.0
5245,219,13,-25.21,10.7,0.0,True,False,40.21,240.8,20.0
5246,219,14,-19.21,3.72,0.0,True,False,34.21,173.7,20.0
5247,219,15,-23.9,7.58,0.0,True,False,38.9,211.67,20.0
5248,219,16,-25.77,8.35,0.0,True,False,40.77,223.64,20.0
5249,219,17,-28.66,2.93,0.0,True,False,43.66,216.75,20.0
5250,219,18,-27.62,13.43,0.0,True,False,42.62,265.67,20.0
5251,219,19,-25.09,11.59,0.0,True,False,40.09,235.78,20.0
5252,219,20,-25.0,9.86,0.0,True,False,40.0,228.44,20.0
5253,219,21,-25.88,3.86,0.0,True,False,40.88,198.02,20.0
5254,219,22,-27.58,5.25,0.0,True,False,42.58,213.25,20.0
5255,219,23,-31.87,12.28,0.0,True,False,46.87,281.0,20.0
5256,220,0,-28.22,7.54,0.0,True,False,43.22,228.0,20.0
5257,220,1,-31.61,6.76,0.0,True,False,46.61,243.58,20.0
5258,220,2,-31.9,14.14,0.0,True,False,46.9,292.62,20.0
5259,220,3,-28.13,8.19,0.0,True,False,43.13,230.56,20.0
5260,220,4,-27.15,4.06,0.0,True,False,42.15,202.29,20.0
5261,220,5,-25.91,12.2,0.0,True,False,40.91,249.24,20.0
5262,220,6,-26.2,3.76,0.0,True,False,41.2,203.47,20.0
5263,220,7,-25.62,7.57,0.0,True,False,40.62,223.05,20.0
5264,220,8,-28.17,8.8,0.0,True,False,43.17,238.78,20.0
5265,220,9,-25.99,10.9,0.0,True,False,40.99,243.27,20.0
5266,220,10,-28.48,3.26,0.0,True,False,43.48,206.26,20.0
5267,220,11,-29.27,1.73,0.0,True,False,44.27,206.31,20.0
5268,220,12,-23.72,1.78,0.0,True,False,38.72,176.77,20.0
5269,220,13,-26.77,15.04,0.0,True,False,41.77,274.77,20.0
5270,220,14,-23.72,2.93,0.0,True,False,38.72,188.83,20.0
5271,220,15,-23.57,17.01,0.0,True,False,38.57,263.02,20.0
5272,220,16,-27.44,12.87,0.0,True,False,42.44,263.5,20.0
5273,220,17,-25.5,4.48,0.0,True,False,40.5,202.47,20.0
5274,220,18,-28.52,2.15,0.0,True,False,43.52,196.42,20.0
5275,220,19,-31.41,7.88,0.0,True,False,46.41,250.64,20.0
5276,220,20,-27.95,5.7,0.0,True,False,42.95,223.28,20.0
5277,220,21,-29.55,14.26,0.0,True,False,44.55,287.37,20.0
5278,220,22,-29.81,8.75,0.0,True,False,44.81,246.44,20.0
5279,220,23,-25.18,7.62,0.0,True,False,40.18,220.26,20.0
5280,221,0,-32.02,6.78,0.0,True,False,47.02,252.69,20.0
5281,221,1,-28.13,10.89,0.0,True,False,43.13,249.05,20.0
5282,221,2,-30.69,7.25,0.0,True,False,45.69,241.78,20.0
5283,221,3,-26.57,18.73,0.0,True,False,41.57,298.37,20.0
5284,221,4,-27.37,2.87,0.0,True,False,42.37,199.42,20.0
5285,221,5,-26.73,6.39,0.0,True,False,41.73,221.16,20.0
5286,221,6,-28.86,10.1,0.0,True,False,43.86,252.49,20.0
5287,221,7,-27.98,9.42,0.0,True,False,42.98,246.28,20.0
5288,221,8,-24.11,18.7,0.0,True,False,39.11,284.99,20.0
5289,221,9,-22.01,5.02,0.0,True,False,37.01,190.41,20.0
5290,221,10,-24.27,1.18,0.0,True,False,39.27,178.4,20.0
5291,221,11,-26.83,12.37,0.0,True,False,41.83,256.25,20.0
5292,221,12,-24.29,8.54,0.0,True,False,39.29,219.44,20.0
5293,221,13,-20.18,12.42,0.0,True,False,35.18,223.04,20.0
5294,221,14,-25.03,9.18,0.0,True,False,40.03,223.69,20.0
5295,221,15,-22.63,1.56,0.0,True,False,37.63,177.2,20.0
5296,221,16,-27.45,9.49,0.0,True,False,42.45,248.08,20.0
5297,221,17,-26.53,5.0,0.0,True,False,41.53,215.86,20.0
5298,221,18,-25.73,6.39,0.0,True,False,40.73,219.48,20.0
5299,221,19,-26.69,7.12,0.0,True,False,41.69,219.08,20.0
5300,221,20,-29.5,3.76,0.0,True,False,44.5,218.58,20.0
5301,221,21,-30.0,4.9,0.0,True,False,45.0,219.21,20.0
5302,221,22,-26.72,11.27,0.0,True,False,41.72,248.82,20.0
5303,221,23,-26.52,11.26,0.0,True,False,41.52,255.38,20.0
5304,222,0,-25.71,2.66,0.0,True,False,40.71,187.23,20.0
5305,222,1,-25.06,8.59,0.0,True,False,40.06,228.17,20.0
5306,222,2,-28.2,11.91,0.0,True,False,43.2,261.54,20.0
5307,222,3,-28.77,8.13,0.0,True,False,43.77,237.83,20.0
5308,222,4,-25.03,8.85,0.0,True,False,40.03,222.73,20.0
5309,222,5,-25.83,2.79,0.0,True,False,40.83,194.43,20.0
5310,222,6,-28.7,13.98,0.0,True,False,43.7,274.62,20.0
5311,222,7,-28.28,3.96,0.0,True,False,43.28,213.39,20.0
5312,222,8,-24.75,6.21,0.0,True,False,39.75,214.12,20.0
5313,222,9,-25.67,11.96,0.0,True,False,40.67,242.59,20.0
5314,222,10,-25.05,16.49,0.0,True,False,40.05,270.2,20.0
5315,222,11,-22.66,6.5,0.0,True,False,37.66,200.95,20.0
5316,222,12,-23.22,21.08,0.0,True,False,38.22,283.43,20.0
5317,222,13,-22.14,8.28,0.0,True,False,37.14,205.5,20.0
5318,222,14,-28.87,7.79,0.0,True,False,43.87,237.0,20.0
5319,222,15,-24.81,4.3,0.0,True,False,39.81,197.24,20.0
5320,222,16,-24.34,6.29,0.0,True,False,39.34,201.4,20.0
5321,222,17,-29.27,8.67,0.0,True,False,44.27,242.08,20.0
5322,222,18,-28.04,10.17,0.0,True,False,43.04,250.46,20.0
5323,222,19,-28.93,9.92,0.0,True,False,43.93,246.12,20.0
5324,222,20,-27.69,5.92,0.0,True,False,42.69,215.82,20.0
5325,222,21,-24.89,14.98,0.0,True,False,39.89,268.63,20.0
5326,222,22,-24.42,7.93,0.0,True,False,39.42,223.3,20.0
5327,222,23,-30.29,7.66,0.0,True,False,45.29,235.48,20.0
5328,223,0,-27.44,4.13,0.0,True,False,42.44,201.7,20.0
5329,223,1,-27.31,10.7,0.0,True,False,42.31,249.81,20.0
5330,223,2,-27.45,7.42,0.0,True,False,42.45,223.32,20.0
5331,223,3,-27.11,6.54,0.0,True,False,42.11,220.05,20.0
5332,223,4,-26.89,3.38,0.0,True,False,41.89,198.48,20.0
5333,223,5,-23.64,3.47,0.0,True,False,38.64,191.0,20.0
5334,223,6,-24.29,9.15,0.0,True,False,39.29,214.54,20.0
5335,223,7,-28.1,16.1,0.0,True,False,43.1,278.2,20.0
5336,223,8,-23.91,6.82,0.0,True,False,38.91,204.41,20.0
5337,223,9,-23.3,6.8,0.0,True,False,38.3,210.68,20.0
5338,223,10,-24.14,10.77,0.0,True,False,39.14,232.86,20.0
5339,223,11,-22.3,13.73,0.0,True,False,37.3,234.35,20.0
5340,223,12,-24.12,5.62,0.0,True,False,39.12,205.13,20.0
5341,223,13,-24.16,4.17,0.0,True,False,39.16,197.64,20.0
5342,223,14,-24.52,7.32,0.0,True,False,39.52,213.87,20.0
5343,223,15,-29.12,9.85,0.0,True,False,44.12,250.05,20.0
5344,223,16,-25.66,1.78,0.0,True,False,40.66,187.72,20.0
5345,223,17,-27.32,6.05,0.0,True,False,42.32,223.67,20.0
5346,223,18,-28.87,6.92,0.0,True,False,43.87,231.53,20.0
5347,223,19,-24.15,21.43,0.0,True,False,39.15,298.26,20.0
5348,223,20,-26.49,3.19,0.0,True,False,41.49,197.43,20.0
5349,223,21,-27.97,6.07,0.0,True,False,42.97,220.1,20.0
5350,223,22,-29.36,6.98,0.0,True,False,44.36,229.73,20.0
5351,223,23,-27.84,4.56,0.0,True,False,42.84,212.42,20.0
5352,224,0,-26.27,8.7,250.9,False,False,41.27,229.72,20.0
5353,224,1,-29.84,11.59,45.1,False,False,44.84,265.47,20.0
5354,224,2,-28.0,11.81,0.0,False,False,43.0,262.49,20.0
5355,224,3,-25.94,5.19,389.8,False,False,40.94,209.83,20.0
5356,224,4,-31.13,9.75,0.0,False,False,46.13,263.56,20.0
5357,224,5,-26.89,9.33,0.0,False,False,41.89,231.37,20.0
5358,224,6,-27.12,17.92,315.4,False,False,42.12,295.24,20.0
5359,224,7,-26.01,9.78,0.0,False,False,41.01,234.03,20.0
5360,224,8,-26.26,10.08,0.0,False,False,41.26,236.18,20.0
5361,224,9,-24.57,12.78,573.1,False,False,39.57,244.07,20.0
5362,224,10,-20.68,3.66,0.0,False,False,35.68,183.61,20.0
5363,224,11,-24.97,7.82,0.0,False,False,39.97,223.1,20.0
5364,224,12,-23.67,16.62,455.9,False,False,38.67,262.28,20.0
5365,224,13,-20.34,31.79,0.0,False,False,35.34,322.06,20.0
5366,224,14,-25.63,6.07,0.0,False,False,40.63,212.06,20.0
5367,224,15,-21.21,16.39,507.1,False,False,36.21,248.06,20.0
5368,224,16,-25.25,6.56,0.0,False,False,40.25,220.04,20.0
5369,224,17,-22.18,8.87,0.0,False,False,37.18,207.6,20.0
5370,224,18,-24.76,2.88,293.9,False,False,39.76,182.09,20.0
5371,224,19,-26.16,14.63,0.0,False,False,41.16,266.01,20.0
5372,224,20,-27.39,6.38,0.0,False,False,42.39,221.26,20.0
5373,224,21,-28.92,3.25,428.2,False,False,43.92,207.49,20.0
5374,224,22,-27.84,7.08,0.0,False,False,42.84,230.6,20.0
5375,224,23,-26.39,1.46,27.9,False,False,41.39,194.81,20.0
5376,225,0,-28.04,10.53,22.9,False,False,43.04,249.34,20.0
5377,225,1,-28.58,13.27,0.0,False,False,43.58,269.02,20.0
5378,225,2,-28.25,4.24,0.0,False,False,43.25,203.87,20.0
5379,225,3,-25.44,4.15,336.8,False,False,40.44,200.56,20.0
5380,225,4,-24.56,10.14,221.3,False,False,39.56,235.18,20.0
5381,225,5,-27.87,10.78,0.0,False,False,42.87,250.46,20.0
5382,225,6,-27.35,5.33,0.0,False,False,42.35,219.1,20.0
5383,225,7,-24.74,4.58,286.5,False,False,39.74,199.59,20.0
5384,225,8,-21.96,12.09,421.6,False,False,36.96,236.36,20.0
5385,225,9,-22.31,3.06,0.0,False,False,37.31,182.85,20.0
5386,225,10,-26.79,5.88,0.0,False,False,41.79,211.36,20.0
5387,225,11,-24.61,4.51,69.6,False,False,39.61,196.0,20.0
5388,225,12,-25.88,10.06,584.4,False,False,40.88,231.37,20.0
5389,225,13,-24.62,4.71,74.8,False,False,39.62,192.83,20.0
5390,225,14,-21.07,18.35,0.0,False,False,36.07,260.77,20.0
5391,225,15,-27.44,12.91,0.0,False,False,42.44,266.47,20.0
5392,225,16,-28.25,5.76,506.4,False,False,43.25,228.59,20.0
5393,225,17,-27.15,9.15,302.0,False,False,42.15,237.51,20.0
5394,225,18,-25.44,4.76,0.0,False,False,40.44,202.33,20.0
5395,225,19,-25.29,23.27,0.0,False,False,40.29,310.12,20.0
5396,225,20,-26.14,5.11,289.7,False,False,41.14,212.13,20.0
5397,225,21,-25.08,4.02,471.6,False,False,40.08,198.98,20.0
5398,225,22,-31.27,10.75,0.0,False,False,46.27,265.29,20.0
5399,225,23,-25.57,4.69,0.0,False,False,40.57,206.12,20.0
5400,226,0,-28.39,4.74,120.7,False,False,43.39,216.94,20.0
5401,226,1,-26.24,7.9,377.4,False,False,41.24,218.36,20.0
5402,226,2,-30.15,8.62,286.7,False,False,45.15,250.83,20.0
5403,226,3,-27.17,3.93,0.0,False,False,42.17,205.35,20.0
5404,226,4,-26.29,9.65,0.0,False,False,41.29,235.33,20.0
5405,226,5,-23.97,4.91,0.0,False,False,38.97,196.74,20.0
5406,226,6,-28.94,3.36,285.5,False,False,43.94,214.75,20.0
5407,226,7,-25.19,6.33,229.2,False,False,40.19,217.91,20.0
5408,226,8,-26.94,6.28,0.0,False,False,41.94,226.02,20.0
5409,226,9,-23.34,9.25,0.0,False,False,38.34,216.29,20.0
5410,226,10,-22.48,18.26,0.0,False,False,37.48,264.98,20.0
5411,226,11,-21.26,7.83,145.6,False,False,36.26,207.24,20.0
5412,226,12,-24.84,9.9,457.2,False,False,39.84,226.82,20.0
5413,226,13,-21.98,17.83,98.4,False,False,36.98,259.36,20.0
5414,226,14,-21.31,13.21,0.0,False,False,36.31,225.92,20.0
5415,226,15,-27.64,6.89,0.0,False,False,42.64,232.93,20.0
5416,226,16,-23.54,3.53,0.0,False,False,38.54,192.99,20.0
5417,226,17,-23.33,27.96,401.4,False,False,38.33,330.25,20.0
5418,226,18,-26.28,7.05,227.0,False,False,41.28,221.63,20.0
5419,226,19,-28.71,11.9,0.0,False,False,43.71,261.23,20.0
5420,226,20,-24.88,19.27,0.0,False,False,39.88,286.3,20.0
5421,226,21,-29.58,3.02,0.0,False,False,44.58,210.31,20.0
5422,226,22,-27.86,4.79,294.6,False,False,42.86,210.1,20.0
5423,226,23,-27.78,10.83,454.6,False,False,42.78,256.3,20.0
5424,227,0,-26.09,7.3,328.9,False,False,41.09,219.51,20.0
5425,227,1,-28.7,1.56,0.0,False,False,43.7,191.57,20.0
5426,227,2,-28.62,5.95,0.0,False,False,43.62,228.71,20.0
5427,227,3,-26.73,6.48,0.0,False,False,41.73,218.52,20.0
5428,227,4,-24.5,7.05,0.0,False,False,39.5,215.39,20.0
5429,227,5,-21.46,4.7,265.1,False,False,36.46,185.72,20.0
5430,227,6,-28.53,14.91,255.4,False,False,43.53,272.65,20.0
5431,227,7,-24.37,2.83,105.6,False,False,39.37,189.89,20.0
5432,227,8,-26.69,8.9,0.0,False,False,41.69,228.68,20.0
5433,227,9,-22.07,5.36,0.0,False,False,37.07,197.76,20.0
5434,227,10,-25.66,5.15,0.0,False,False,40.66,200.32,20.0
5435,227,11,-24.93,13.91,175.7,False,False,39.93,248.63,20.0
5436,227,12,-24.7,6.3,550.2,False,False,39.7,210.79,20.0
5437,227,13,-23.74,8.93,199.9,False,False,38.74,222.56,20.0
5438,227,14,-23.14,11.21,0.0,False,False,38.14,231.61,20.0
5439,227,15,-23.14,7.48,0.0,False,False,38.14,204.99,20.0
5440,227,16,-24.53,14.01,0.0,False,False,39.53,258.12,20.0
5441,227,17,-27.66,3.31,132.2,False,False,42.66,196.83,20.0
5442,227,18,-24.06,9.21,538.6,False,False,39.06,222.1,20.0
5443,227,19,-26.14,18.36,291.0,False,False,41.14,286.8,20.0
5444,227,20,-24.19,8.81,0.0,False,False,39.19,220.69,20.0
5445,227,21,-28.35,2.44,0.0,False,False,43.35,203.0,20.0
5446,227,22,-30.45,9.38,0.0,False,False,45.45,251.85,20.0
5447,227,23,-27.52,15.22,0.0,False,False,42.52,280.39,20.0
5448,228,0,-24.67,6.0,0.0,False,False,39.67,210.42,20.0
5449,228,1,-26.87,5.96,0.0,False,False,41.87,209.57,20.0
5450,228,2,-27.4,10.61,0.0,False,False,42.4,243.49,20.0
5451,228,3,-28.42,9.63,0.0,False,False,43.42,245.13,20.0
5452,228,4,-22.75,7.63,404.9,False,False,37.75,206.64,20.0
5453,228,5,-27.84,4.89,466.3,False,False,42.84,214.74,20.0
5454,228,6,-26.72,5.64,148.1,False,False,41.72,206.07,20.0
5455,228,7,-23.61,4.09,0.0,False,False,38.61,195.12,20.0
5456,228,8,-27.98,2.27,0.0,False,False,42.98,200.15,20.0
5457,228,9,-21.3,13.22,0.0,False,False,36.3,232.47,20.0
5458,228,10,-22.28,10.91,0.0,False,False,37.28,219.77,20.0
5459,228,11,-21.53,10.35,179.4,False,False,36.53,218.63,20.0
5460,228,12,-22.15,10.25,513.9,False,False,37.15,218.85,20.0
5461,228,13,-23.65,6.59,298.4,False,False,38.65,209.15,20.0
5462,228,14,-25.66,6.12,0.0,False,False,40.66,212.1,20.0
5463,228,15,-24.13,3.55,0.0,False,False,39.13,193.97,20.0
5464,228,16,-26.21,11.38,0.0,False,False,41.21,245.48,20.0
5465,228,17,-23.77,23.84,0.0,False,False,38.77,313.48,20.0
5466,228,18,-23.65,9.17,303.4,False,False,38.65,212.62,20.0
5467,228,19,-22.83,12.22,251.4,False,False,37.83,231.33,20.0
5468,228,20,-25.52,12.24,268.2,False,False,40.52,251.02,20.0
5469,228,21,-24.83,15.72,0.0,False,False,39.83,260.33,20.0
5470,228,22,-27.59,19.53,0.0,False,False,42.59,309.0,20.0
5471,228,23,-28.15,17.86,0.0,False,False,43.15,293.81,20.0
5472,229,0,-26.06,8.23,0.0,False,False,41.06,227.45,20.0
5473,229,1,-27.71,6.92,0.0,False,False,42.71,222.35,20.0
5474,229,2,-26.2,22.78,0.0,False,False,41.2,315.86,20.0
5475,229,3,-28.54,4.13,354.9,False,False,43.54,212.0,20.0
5476,229,4,-27.77,18.22,250.0,False,False,42.77,298.34,20.0
5477,229,5,-24.26,6.96,192.1,False,False,39.26,210.09,20.0
5478,229,6,-23.23,3.85,39.5,False,False,38.23,198.03,20.0
5479,229,7,-26.46,16.49,0.0,False,False,41.46,280.26,20.0
5480,229,8,-22.67,4.57,0.0,False,False,37.67,187.49,20.0
5481,229,9,-24.66,12.26,0.0,False,False,39.66,248.56,20.0
5482,229,10,-23.24,8.35,0.0,False,False,38.24,218.55,20.0
5483,229,11,-20.24,18.19,346.9,False,False,35.24,258.81,20.0
5484,229,12,-21.39,13.62,513.6,False,False,36.39,242.94,20.0
5485,229,13,-21.48,6.86,257.3,False,False,36.48,195.52,20.0
5486,229,14,-19.46,16.54,0.0,False,False,34.46,245.01,20.0
5487,229,15,-25.0,9.77,0.0,False,False,40.0,236.18,20.0
5488,229,16,-25.98,7.74,0.0,False,False,40.98,223.72,20.0
5489,229,17,-25.93,8.26,0.0,False,False,40.93,227.67,20.0
5490,229,18,-25.52,12.51,30.4,False,False,40.52,238.69,20.0
5491,229,19,-30.24,6.67,426.9,False,False,45.24,232.73,20.0
5492,229,20,-26.42,5.67,240.4,False,False,41.42,219.92,20.0
5493,229,21,-27.51,4.95,175.3,False,False,42.51,205.45,20.0
5494,229,22,-25.17,9.11,0.0,False,False,40.17,226.29,20.0
5495,229,23,-26.24,5.15,0.0,False,False,41.24,209.98,20.0
5496,230,0,-27.95,27.6,0.0,False,False,42.95,362.56,20.0
5497,230,1,-25.5,6.58,0.0,False,False,40.5,221.1,20.0
5498,230,2,-25.03,10.17,238.7,False,False,40.03,227.11,20.0
5499,230,3,-27.7,14.02,395.1,False,False,42.7,271.61,20.0
5500,230,4,-26.74,15.96,475.0,False,False,41.74,281.93,20.0
5501,230,5,-29.72,8.62,183.7,False,False,44.72,240.67,20.0
5502,230,6,-26.93,2.07,0.0,False,False,41.93,192.04,20.0
5503,230,7,-25.72,2.16,0.0,False,False,40.72,196.04,20.0
5504,230,8,-23.6,12.43,0.0,False,False,38.6,245.76,20.0
5505,230,9,-25.23,4.39,0.0,False,False,40.23,202.39,20.0
5506,230,10,-24.04,6.42,52.3,False,False,39.04,197.07,20.0
5507,230,11,-25.27,13.38,305.0,False,False,40.27,254.16,20.0
5508,230,12,-22.41,5.71,246.6,False,False,37.41,198.3,20.0
5509,230,13,-21.97,18.55,361.7,False,False,36.97,264.94,20.0
5510,230,14,-22.21,6.53,27.9,False,False,37.21,200.26,20.0
5511,230,15,-23.31,11.21,0.0,False,False,38.31,244.34,20.0
5512,230,16,-26.83,5.65,0.0,False,False,41.83,213.45,20.0
5513,230,17,-25.47,10.42,0.0,False,False,40.47,233.88,20.0
5514,230,18,-25.56,18.62,0.0,False,False,40.56,289.05,20.0
5515,230,19,-26.07,4.86,122.0,False,False,41.07,205.1,20.0
5516,230,20,-25.6,6.59,434.0,False,False,40.6,213.81,20.0
5517,230,21,-23.31,14.29,266.1,False,False,38.31,249.36,20.0
5518,230,22,-24.86,6.05,230.4,False,False,39.86,211.82,20.0
5519,230,23,-28.66,5.57,0.0,False,False,43.66,222.14,20.0
5520,231,0,-25.13,5.58,0.0,False,False,40.13,202.2,20.0
5521,231,1,-25.14,10.41,103.6,False,False,40.14,235.6,20.0
5522,231,2,-27.83,11.77,236.4,False,False,42.83,259.57,20.0
5523,231,3,-24.2,13.96,404.8,False,False,39.2,250.65,20.0
5524,231,4,-25.81,19.66,333.4,False,False,40.81,300.54,20.0
5525,231,5,-27.82,9.14,18.5,False,False,42.82,243.84,20.0
5526,231,6,-23.58,5.19,0.0,False,False,38.58,194.53,20.0
5527,231,7,-23.54,7.09,0.0,False,False,38.54,210.59,20.0
5528,231,8,-23.94,4.52,0.0,False,False,38.94,203.94,20.0
5529,231,9,-23.15,8.28,0.0,False,False,38.15,220.7,20.0
5530,231,10,-24.19,4.96,66.0,False,False,39.19,199.34,20.0
5531,231,11,-21.34,13.92,221.2,False,False,36.34,240.76,20.0
5532,231,12,-22.57,8.77,293.7,False,False,37.57,211.95,20.0
5533,231,13,-22.22,16.19,458.4,False,False,37.22,248.7,20.0
5534,231,14,-22.04,11.56,56.1,False,False,37.04,229.97,20.0
5535,231,15,-25.38,11.02,0.0,False,False,40.38,241.95,20.0
5536,231,16,-25.28,3.54,0.0,False,False,40.28,197.34,20.0
5537,231,17,-28.39,25.4,0.0,False,False,43.39,349.07,20.0
5538,231,18,-23.36,19.45,0.0,False,False,38.36,280.97,20.0
5539,231,19,-27.43,21.15,29.7,False,False,42.43,313.33,20.0
5540,231,20,-25.22,12.85,263.0,False,False,40.22,253.12,20.0
5541,231,21,-25.16,2.95,520.1,False,False,40.16,194.62,20.0
5542,231,22,-25.01,4.14,485.3,False,False,40.01,197.64,20.0
5543,231,23,-28.83,7.36,141.1,False,False,43.83,236.9,20.0
5544,232,0,-26.35,5.62,111.5,False,False,41.35,205.09,20.0
5545,232,1,-22.81,19.92,423.8,False,False,37.81,275.82,20.0
5546,232,2,-22.53,5.64,244.2,False,False,37.53,202.62,20.0
5547,232,3,-23.66,9.82,381.4,False,False,38.66,232.7,20.0
5548,232,4,-24.55,12.93,184.7,False,False,39.55,249.27,20.0
5549,232,5,-26.75,10.25,0.0,False,False,41.75,242.38,20.0
5550,232,6,-22.79,10.55,0.0,False,False,37.79,220.66,20.0
5551,232,7,-24.02,7.53,0.0,False,False,39.02,215.39,20.0
5552,232,8,-22.1,4.08,0.0,False,False,37.1,189.54,20.0
5553,232,9,-24.07,7.21,0.0,False,False,39.07,206.35,20.0
5554,232,10,-22.84,8.39,75.9,False,False,37.84,215.95,20.0
5555,232,11,-21.96,13.22,382.7,False,False,36.96,238.53,20.0
5556,232,12,-21.73,17.49,312.7,False,False,36.73,260.66,20.0
5557,232,13,-21.3,9.4,413.9,False,False,36.3,207.83,20.0
5558,232,14,-23.65,12.53,151.6,False,False,38.65,243.49,20.0
5559,232,15,-25.5,1.8,0.0,False,False,40.5,179.54,20.0
5560,232,16,-19.97,6.53,0.0,False,False,34.97,197.11,20.0
5561,232,17,-18.73,7.51,0.0,False,False,33.73,191.47,20.0
5562,232,18,-23.33,10.11,0.0,False,False,38.33,221.13,20.0
5563,232,19,-27.39,17.7,0.0,False,False,42.39,298.57,20.0
5564,232,20,-26.77,9.11,119.9,False,False,41.77,240.36,20.0
5565,232,21,-24.62,2.71,245.8,False,False,39.62,185.29,20.0
5566,232,22,-23.27,10.61,526.4,False,False,38.27,237.19,20.0
5567,232,23,-28.58,6.27,254.3,False,False,43.58,221.43,20.0
5568,233,0,-26.2,10.09,274.2,False,False,41.2,240.45,20.0
5569,233,1,-25.5,11.06,226.9,False,False,40.5,246.52,20.0
5570,233,2,-23.96,2.59,259.9,False,False,38.96,175.73,20.0
5571,233,3,-26.06,7.3,300.7,False,False,41.06,225.36,20.0
5572,233,4,-28.08,7.44,41.1,False,False,43.08,230.67,20.0
5573,233,5,-23.23,9.05,0.0,False,False,38.23,219.17,20.0
5574,233,6,-21.71,5.13,0.0,False,False,36.71,186.41,20.0
5575,233,7,-23.6,4.34,0.0,False,False,38.6,194.97,20.0
5576,233,8,-22.14,17.55,0.0,False,False,37.14,257.18,20.0
5577,233,9,-23.49,8.58,0.0,False,False,38.49,213.83,20.0
5578,233,10,-23.91,4.61,173.2,False,False,38.91,194.63,20.0
5579,233,11,-19.97,5.71,271.6,False,False,34.97,181.95,20.0
5580,233,12,-21.18,17.96,516.2,False,False,36.18,264.54,20.0
5581,233,13,-21.04,14.51,362.2,False,False,36.04,233.45,20.0
5582,233,14,-19.22,5.37,187.0,False,False,34.22,179.05,20.0
5583,233,15,-24.65,4.11,0.0,False,False,39.65,195.06,20.0
5584,233,16,-24.06,4.29,0.0,False,False,39.06,195.14,20.0
5585,233,17,-23.12,13.73,0.0,False,False,38.12,248.66,20.0
5586,233,18,-25.08,6.04,0.0,False,False,40.08,212.84,20.0
5587,233,19,-22.91,3.16,0.0,False,False,37.91,183.07,20.0
5588,233,20,-25.33,5.81,29.6,False,False,40.33,207.67,20.0
5589,233,21,-27.35,9.0,176.0,False,False,42.35,237.83,20.0
5590,233,22,-25.56,7.23,250.5,False,False,40.56,222.07,20.0
5591,233,23,-25.55,14.64,236.8,False,False,40.55,266.6,20.0
5592,234,0,-23.82,9.06,444.2,False,False,38.82,219.91,20.0
5593,234,1,-24.83,9.71,576.6,False,False,39.83,222.23,20.0
5594,234,2,-24.49,27.15,332.2,False,False,39.49,340.76,20.0
5595,234,3,-24.46,11.82,129.3,False,False,39.46,245.04,20.0
5596,234,4,-25.06,5.79,0.0,False,False,40.06,209.04,20.0
5597,234,5,-25.64,4.15,0.0,False,False,40.64,201.71,20.0
5598,234,6,-23.11,8.68,0.0,False,False,38.11,214.48,20.0
5599,234,7,-23.83,8.07,0.0,False,False,38.83,212.26,20.0
5600,234,8,-19.31,9.09,0.0,False,False,34.31,200.24,20.0
5601,234,9,-19.59,9.49,0.0,False,False,34.59,204.04,20.0
5602,234,10,-20.69,16.87,156.9,False,False,35.69,247.02,20.0
5603,234,11,-21.0,6.66,202.7,False,False,36.0,190.34,20.0
5604,234,12,-21.86,9.69,485.3,False,False,36.86,215.28,20.0
5605,234,13,-24.28,4.14,239.5,False,False,39.28,197.4,20.0
5606,234,14,-22.39,4.91,111.6,False,False,37.39,190.21,20.0
5607,234,15,-22.07,7.8,0.0,False,False,37.07,207.08,20.0
5608,234,16,-22.23,4.51,0.0,False,False,37.23,181.04,20.0
5609,234,17,-22.23,10.72,0.0,False,False,37.23,223.17,20.0
5610,234,18,-21.84,9.9,0.0,False,False,36.84,217.11,20.0
5611,234,19,-25.59,5.41,0.0,False,False,40.59,202.92,20.0
5612,234,20,-26.05,6.92,0.0,False,False,41.05,212.05,20.0
5613,234,21,-22.2,13.8,119.6,False,False,37.2,242.69,20.0
5614,234,22,-23.88,8.63,271.7,False,False,38.88,216.51,20.0
5615,234,23,-26.4,21.83,253.9,False,False,41.4,315.0,20.0
5616,235,0,-25.63,6.92,466.4,False,False,40.63,215.51,20.0
5617,235,1,-25.55,7.35,523.7,False,False,40.55,221.96,20.0
5618,235,2,-25.08,7.8,172.8,False,False,40.08,218.79,20.0
5619,235,3,-23.88,2.92,63.0,False,False,38.88,180.42,20.0
5620,235,4,-19.34,7.17,0.0,False,False,34.34,191.47,20.0
5621,235,5,-23.55,7.04,0.0,False,False,38.55,207.76,20.0
5622,235,6,-22.09,26.22,0.0,False,False,37.09,312.19,20.0
5623,235,7,-26.27,14.08,0.0,False,False,41.27,262.42,20.0
5624,235,8,-23.38,6.6,0.0,False,False,38.38,204.24,20.0
5625,235,9,-19.54,2.06,0.0,False,False,34.54,169.64,20.0
5626,235,10,-20.88,8.44,250.8,False,False,35.88,209.91,20.0
5627,235,11,-30.26,4.48,299.4,False,False,45.26,223.28,20.0
5628,235,12,-20.06,8.83,276.7,False,False,35.06,207.78,20.0
5629,235,13,-17.64,8.71,245.5,False,False,32.64,193.91,20.0
5630,235,14,-25.67,5.18,216.1,False,False,40.67,209.83,20.0
5631,235,15,-18.96,8.47,0.0,False,False,33.96,200.33,20.0
5632,235,16,-27.96,3.22,0.0,False,False,42.96,204.84,20.0
5633,235,17,-21.02,9.11,0.0,False,False,36.02,209.74,20.0
5634,235,18,-23.43,11.76,0.0,False,False,38.43,236.34,20.0
5635,235,19,-28.63,10.13,0.0,False,False,43.63,260.53,20.0
5636,235,20,-23.52,5.86,0.0,False,False,38.52,202.18,20.0
5637,235,21,-22.52,11.32,109.1,False,False,37.52,227.83,20.0
5638,235,22,-24.42,10.66,355.2,False,False,39.42,232.72,20.0
5639,235,23,-24.17,10.91,292.0,False,False,39.17,234.31,20.0
5640,236,0,-25.96,14.94,455.0,False,False,40.96,268.84,20.0
5641,236,1,-28.79,9.56,244.7,False,False,43.79,243.4,20.0
5642,236,2,-23.49,4.22,275.1,False,False,38.49,184.61,20.0
5643,236,3,-21.05,4.64,0.0,False,False,36.05,186.63,20.0
5644,236,4,-21.88,9.56,0.0,False,False,36.88,209.48,20.0
5645,236,5,-27.63,2.64,0.0,False,False,42.63,199.33,20.0
5646,236,6,-26.17,7.11,0.0,False,False,41.17,221.21,20.0
5647,236,7,-24.31,6.41,0.0,False,False,39.31,213.2,20.0
5648,236,8,-25.32,10.51,0.0,False,False,40.32,244.27,20.0
5649,236,9,-21.63,3.78,2.9,False,False,36.63,184.46,20.0
5650,236,10,-20.62,10.61,136.6,False,False,35.62,213.46,20.0
5651,236,11,-24.07,6.89,510.4,False,False,39.07,205.7,20.0
5652,236,12,-19.58,9.24,408.4,False,False,34.58,200.42,20.0
5653,236,13,-20.0,3.97,475.6,False,False,35.0,178.0,20.0
5654,236,14,-22.5,10.82,131.9,False,False,37.5,217.59,20.0
5655,236,15,-22.07,12.81,4.3,False,False,37.07,235.15,20.0
5656,236,16,-26.04,31.12,0.0,False,False,41.04,367.85,20.0
5657,236,17,-23.28,8.93,0.0,False,False,38.28,221.35,20.0
5658,236,18,-23.12,12.58,0.0,False,False,38.12,237.58,20.0
5659,236,19,-23.32,4.5,0.0,False,False,38.32,193.9,20.0
5660,236,20,-23.38,14.54,0.0,False,False,38.38,248.58,20.0
5661,236,21,-24.06,3.36,0.0,False,False,39.06,187.82,20.0
5662,236,22,-25.4,17.43,135.9,False,False,40.4,272.81,20.0
5663,236,23,-24.5,8.47,221.3,False,False,39.5,222.08,20.0
5664,237,0,-22.86,3.55,569.4,False,False,37.86,192.51,20.0
5665,237,1,-24.98,6.51,393.3,False,False,39.98,212.63,20.0
5666,237,2,-23.96,12.51,119.0,False,False,38.96,244.24,20.0
5667,237,3,-24.65,7.18,0.0,False,False,39.65,210.66,20.0
5668,237,4,-25.15,7.13,0.0,False,False,40.15,222.15,20.0
5669,237,5,-22.33,11.93,0.0,False,False,37.33,228.19,20.0
5670,237,6,-23.97,7.5,0.0,False,False,38.97,216.75,20.0
5671,237,7,-21.57,14.08,0.0,False,False,36.57,239.69,20.0
5672,237,8,-21.8,5.76,0.0,False,False,36.8,190.72,20.0
5673,237,9,-22.05,2.77,17.8,False,False,37.05,183.06,20.0
5674,237,10,-21.78,7.73,316.6,False,False,36.78,205.4,20.0
5675,237,11,-21.94,8.22,436.8,False,False,36.94,209.47,20.0
5676,237,12,-24.15,5.64,522.9,False,False,39.15,205.21,20.0
5677,237,13,-20.16,9.11,399.2,False,False,35.16,205.47,20.0
5678,237,14,-20.66,3.05,182.2,False,False,35.66,173.91,20.0
5679,237,15,-19.75,9.24,32.4,False,False,34.75,206.23,20.0
5680,237,16,-22.92,4.11,0.0,False,False,37.92,188.1,20.0
5681,237,17,-18.55,3.55,0.0,False,False,33.55,170.49,20.0
5682,237,18,-23.62,8.1,0.0,False,False,38.62,212.84,20.0
5683,237,19,-25.13,3.38,0.0,False,False,40.13,187.8,20.0
5684,237,20,-25.85,2.22,0.0,False,False,40.85,186.63,20.0
5685,237,21,-27.74,9.87,0.0,False,False,42.74,243.06,20.0
5686,237,22,-21.53,4.37,122.7,False,False,36.53,185.9,20.0
5687,237,23,-22.05,10.39,417.8,False,False,37.05,226.04,20.0
5688,238,0,-23.38,6.75,306.3,False,False,38.38,199.92,20.0
5689,238,1,-26.3,8.09,138.2,False,False,41.3,227.79,20.0
5690,238,2,-20.69,12.61,54.3,False,False,35.69,217.87,20.0
5691,238,3,-24.7,9.6,0.0,False,False,39.7,225.02,20.0
5692,238,4,-24.12,10.5,0.0,False,False,39.12,229.77,20.0
5693,238,5,-20.22,10.31,0.0,False,False,35.22,203.16,20.0
5694,238,6,-21.26,5.36,0.0,False,False,36.26,182.75,20.0
5695,238,7,-17.66,9.38,0.0,False,False,32.66,196.08,20.0
5696,238,8,-21.08,4.69,0.0,False,False,36.08,186.15,20.0
5697,238,9,-21.96,9.39,39.3,False,False,36.96,214.88,20.0
5698,238,10,-22.07,6.58,308.0,False,False,37.07,197.0,20.0
5699,238,11,-24.34,7.3,219.5,False,False,39.34,222.58,20.0
5700,238,12,-21.14,16.44,488.8,False,False,36.14,249.12,20.0
5701,238,13,-18.36,10.09,473.6,False,False,33.36,198.79,20.0
5702,238,14,-19.65,5.58,144.8,False,False,34.65,191.6,20.0
5703,238,15,-21.12,3.04,66.2,False,False,36.12,179.51,20.0
5704,238,16,-23.57,8.23,0.0,False,False,38.57,214.55,20.0
5705,238,17,-21.61,3.28,0.0,False,False,36.61,184.93,20.0
5706,238,18,-20.55,17.49,0.0,False,False,35.55,252.65,20.0
5707,238,19,-22.24,7.41,0.0,False,False,37.24,208.13,20.0
5708,238,20,-23.25,11.99,0.0,False,False,38.25,237.13,20.0
5709,238,21,-25.59,3.68,0.0,False,False,40.59,193.18,20.0
5710,238,22,-22.58,9.96,22.6,False,False,37.58,225.29,20.0
5711,238,23,-30.78,13.24,229.8,False,False,45.78,283.06,20.0
5712,239,0,-23.53,10.37,414.0,False,False,38.53,224.19,20.0
5713,239,1,-19.09,11.53,208.9,False,False,34.09,209.99,20.0
5714,239,2,-27.05,9.5,0.0,False,False,42.05,243.3,20.0
5715,239,3,-24.19,6.27,0.0,False,False,39.19,205.79,20.0
5716,239,4,-23.31,4.79,0.0,False,False,38.31,195.3,20.0
5717,239,5,-23.74,5.22,0.0,False,False,38.74,201.92,20.0
5718,239,6,-20.22,17.7,0.0,False,False,35.22,251.73,20.0
5719,239,7,-20.84,8.67,0.0,False,False,35.84,200.19,20.0
5720,239,8,-20.99,13.86,0.0,False,False,35.99,237.54,20.0
5721,239,9,-19.29,5.76,55.9,False,False,34.29,188.11,20.0
5722,239,10,-20.53,11.19,303.1,False,False,35.53,221.8,20.0
5723,239,11,-14.01,4.61,522.8,False,False,29.01,164.36,20.0
5724,239,12,-19.99,6.84,434.7,False,False,34.99,194.32,20.0
5725,239,13,-19.98,6.11,520.9,False,False,34.98,192.1,20.0
5726,239,14,-23.99,16.69,231.2,False,False,38.99,273.74,20.0
5727,239,15,-21.97,5.04,62.0,False,False,36.97,190.09,20.0
5728,239,16,-19.0,10.57,0.0,False,False,34.0,214.65,20.0
5729,239,17,-24.45,9.63,0.0,False,False,39.45,235.16,20.0
5730,239,18,-26.61,3.87,0.0,False,False,41.61,205.44,20.0
5731,239,19,-22.75,13.93,0.0,False,False,37.75,252.04,20.0
5732,239,20,-20.56,14.74,0.0,False,False,35.56,240.82,20.0
5733,239,21,-23.63,8.69,0.0,False,False,38.63,215.45,20.0
5734,239,22,-24.7,7.96,0.0,False,False,39.7,223.99,20.0
5735,239,23,-27.95,2.74,122.3,False,False,42.95,201.4,20.0
5736,240,0,-23.11,3.55,227.4,False,False,38.11,188.9,20.0
5737,240,1,-22.62,6.75,70.3,False,False,37.62,204.09,20.0
5738,240,2,-27.31,4.69,0.0,False,False,42.31,215.6,20.0
5739,240,3,-21.16,11.99,0.0,False,False,36.16,227.96,20.0
5740,240,4,-21.48,3.47,0.0,False,False,36.48,177.94,20.0
5741,240,5,-20.27,3.29,0.0,False,False,35.27,177.21,20.0
5742,240,6,-20.85,10.1,0.0,False,False,35.85,216.95,20.0
5743,240,7,-20.19,9.3,0.0,False,False,35.19,203.8,20.0
5744,240,8,-19.97,8.37,0.0,False,False,34.97,199.07,20.0
5745,240,9,-18.86,11.21,96.2,False,False,33.86,208.76,20.0
5746,240,10,-23.92,5.5,278.5,False,False,38.92,199.22,20.0
5747,240,11,-23.08,6.26,300.5,False,False,38.08,204.01,20.0
5748,240,12,-21.49,9.15,432.5,False,False,36.49,215.92,20.0
5749,240,13,-20.34,8.66,521.3,False,False,35.34,211.56,20.0
5750,240,14,-19.51,4.91,150.8,False,False,34.51,185.63,20.0
5751,240,15,-19.95,12.97,103.3,False,False,34.95,228.92,20.0
5752,240,16,-18.78,3.94,0.0,False,False,33.78,177.63,20.0
5753,240,17,-19.2,6.53,0.0,False,False,34.2,193.28,20.0
5754,240,18,-23.76,4.1,0.0,False,False,38.76,191.36,20.0
5755,240,19,-22.05,21.44,0.0,False,False,37.05,285.49,20.0
5756,240,20,-24.71,8.07,0.0,False,False,39.71,221.43,20.0
5757,240,21,-23.8,4.53,0.0,False,False,38.8,195.01,20.0
5758,240,22,-23.1,21.14,0.0,False,False,38.1,285.92,20.0
5759,240,23,-30.76,24.08,109.3,False,False,45.76,354.7,20.0
5760,241,0,-18.9,11.95,166.7,False,False,33.9,213.17,20.0
5761,241,1,-22.53,4.78,26.9,False,False,37.53,187.07,20.0
5762,241,2,-24.65,15.12,0.0,False,False,39.65,263.89,20.0
5763,241,3,-19.29,7.91,0.0,False,False,34.29,195.33,20.0
5764,241,4,-23.42,10.15,0.0,False,False,38.42,226.86,20.0
5765,241,5,-21.98,5.89,0.0,False,False,36.98,197.36,20.0
5766,241,6,-22.7,13.7,0.0,False,False,37.7,246.01,20.0
5767,241,7,-17.91,9.43,0.0,False,False,32.91,194.5,20.0
5768,241,8,-20.94,5.66,0.0,False,False,35.94,190.1,20.0
5769,241,9,-20.01,6.32,119.5,False,False,35.01,183.79,20.0
5770,241,10,-17.59,12.18,338.1,False,False,32.59,199.95,20.0
5771,241,11,-18.62,9.87,379.3,False,False,33.62,194.6,20.0
5772,241,12,-19.84,6.66,467.1,False,False,34.84,197.44,20.0
5773,241,13,-17.57,11.85,329.5,False,False,32.57,199.81,20.0
5774,241,14,-14.92,8.93,254.7,False,False,29.92,182.71,20.0
5775,241,15,-19.68,2.46,100.0,False,False,34.68,174.68,20.0
5776,241,16,-20.49,7.32,0.0,False,False,35.49,195.7,20.0
5777,241,17,-20.87,12.04,0.0,False,False,35.87,231.08,20.0
5778,241,18,-19.11,17.43,0.0,False,False,34.11,250.72,20.0
5779,241,19,-23.44,4.29,0.0,False,False,38.44,196.53,20.0
5780,241,20,-23.28,11.65,0.0,False,False,38.28,243.88,20.0
5781,241,21,-26.22,7.88,0.0,False,False,41.22,228.12,20.0
5782,241,22,-25.83,3.87,0.0,False,False,40.83,196.44,20.0
5783,241,23,-24.69,4.07,26.4,False,False,39.69,198.34,20.0
5784,242,0,-23.55,4.38,125.4,False,False,38.55,191.92,20.0
5785,242,1,-19.83,3.19,0.0,False,False,34.83,167.92,20.0
5786,242,2,-22.1,3.67,0.0,False,False,37.1,179.05,20.0
5787,242,3,-24.68,8.05,0.0,False,False,39.68,229.15,20.0
5788,242,4,-23.89,2.42,0.0,False,False,38.89,181.42,20.0
5789,242,5,-19.21,4.82,0.0,False,False,34.21,179.13,20.0
5790,242,6,-19.19,6.36,0.0,False,False,34.19,184.4,20.0
5791,242,7,-20.86,4.83,0.0,False,False,35.86,186.31,20.0
5792,242,8,-21.32,3.43,0.0,False,False,36.32,178.99,20.0
5793,242,9,-17.77,7.75,163.7,False,False,32.77,186.35,20.0
5794,242,10,-21.69,4.78,367.7,False,False,36.69,183.91,20.0
5795,242,11,-18.72,4.99,477.3,False,False,33.72,172.53,20.0
5796,242,12,-14.89,7.14,590.3,False,False,29.89,169.73,20.0
5797,242,13,-19.1,10.54,258.6,False,False,34.1,209.25,20.0
5798,242,14,-21.26,5.42,275.7,False,False,36.26,198.87,20.0
5799,242,15,-19.2,5.58,111.9,False,False,34.2,187.33,20.0
5800,242,16,-21.38,3.79,0.0,False,False,36.38,189.44,20.0
5801,242,17,-23.71,11.97,0.0,False,False,38.71,240.37,20.0
5802,242,18,-20.04,7.82,0.0,False,False,35.04,197.94,20.0
5803,242,19,-19.72,11.59,0.0,False,False,34.72,211.23,20.0
5804,242,20,-23.06,27.53,0.0,False,False,38.06,324.03,20.0
5805,242,21,-23.61,5.38,0.0,False,False,38.61,191.2,20.0
5806,242,22,-25.09,19.21,0.0,False,False,40.09,287.67,20.0
5807,242,23,-23.67,11.16,0.0,False,False,38.67,240.06,20.0
5808,243,0,-24.27,8.23,59.2,False,False,39.27,220.53,20.0
5809,243,1,-25.1,5.65,0.0,False,False,40.1,211.89,20.0
5810,243,2,-19.1,20.18,0.0,False,False,34.1,255.89,20.0
5811,243,3,-21.63,7.71,0.0,False,False,36.63,199.15,20.0
5812,243,4,-21.0,8.67,0.0,False,False,36.0,205.18,20.0
5813,243,5,-19.9,2.05,0.0,False,False,34.9,165.91,20.0
5814,243,6,-19.61,6.09,0.0,False,False,34.61,192.27,20.0
5815,243,7,-21.46,8.48,0.0,False,False,36.46,216.04,20.0
5816,243,8,-19.6,9.51,0.0,False,False,34.6,202.2,20.0
5817,243,9,-20.27,7.11,116.7,False,False,35.27,194.13,20.0
5818,243,10,-18.54,9.37,334.9,False,False,33.54,198.98,20.0
5819,243,11,-18.53,5.18,484.2,False,False,33.53,177.05,20.0
5820,243,12,-19.91,9.25,466.8,False,False,34.91,200.27,20.0
5821,243,13,-21.88,8.62,240.9,False,False,36.88,211.17,20.0
5822,243,14,-19.12,12.43,272.0,False,False,34.12,219.35,20.0
5823,243,15,-20.14,15.51,143.4,False,False,35.14,240.84,20.0
5824,243,16,-23.93,12.59,0.0,False,False,38.93,238.37,20.0
5825,243,17,-19.62,6.66,0.0,False,False,34.62,190.01,20.0
5826,243,18,-19.22,3.91,0.0,False,False,34.22,167.72,20.0
5827,243,19,-16.61,4.82,0.0,False,False,31.61,172.76,20.0
5828,243,20,-22.93,15.3,0.0,False,False,37.93,249.45,20.0
5829,243,21,-23.64,7.92,0.0,False,False,38.64,213.56,20.0
5830,243,22,-25.1,8.79,0.0,False,False,40.1,224.5,20.0
5831,243,23,-22.66,11.59,0.0,False,False,37.66,228.76,20.0
5832,244,0,-22.45,7.67,16.5,False,False,37.45,203.8,20.0
5833,244,1,-24.41,13.54,0.0,False,False,39.41,244.19,20.0
5834,244,2,-22.94,3.65,0.0,False,False,37.94,194.22,20.0
5835,244,3,-26.23,9.74,0.0,False,False,41.23,238.31,20.0
5836,244,4,-20.0,17.67,0.0,False,False,35.0,250.95,20.0
5837,244,5,-22.92,14.08,0.0,False,False,37.92,254.94,20.0
5838,244,6,-20.93,29.49,0.0,False,False,35.93,318.63,20.0
5839,244,7,-23.19,3.44,0.0,False,False,38.19,189.24,20.0
5840,244,8,-21.02,8.54,0.0,False,False,36.02,206.61,20.0
5841,244,9,-20.0,7.19,204.7,False,False,35.0,199.62,20.0
5842,244,10,-19.15,4.8,329.2,False,False,34.15,181.0,20.0
5843,244,11,-17.96,8.61,350.4,False,False,32.96,194.42,20.0
5844,244,12,-15.98,3.93,566.0,False,False,30.98,161.5,20.0
5845,244,13,-17.46,9.35,388.7,False,False,32.46,195.64,20.0
5846,244,14,-17.2,4.6,383.8,False,False,32.2,175.04,20.0
5847,244,15,-16.55,9.12,199.9,False,False,31.55,180.94,20.0
5848,244,16,-18.72,4.93,0.0,False,False,33.72,177.45,20.0
5849,244,17,-20.41,6.46,0.0,False,False,35.41,191.08,20.0
5850,244,18,-18.84,6.14,0.0,False,False,33.84,183.38,20.0
5851,244,19,-19.23,7.11,0.0,False,False,34.23,183.27,20.0
5852,244,20,-20.56,7.49,0.0,False,False,35.56,201.8,20.0
5853,244,21,-25.18,6.16,0.0,False,False,40.18,207.45,20.0
5854,244,22,-24.27,4.34,0.0,False,False,39.27,195.45,20.0
5855,244,23,-23.34,12.85,0.0,False,False,38.34,239.7,20.0
5856,245,0,-21.0,7.65,0.0,False,False,36.0,194.96,20.0
5857,245,1,-22.54,8.71,0.0,False,False,37.54,212.52,20.0
5858,245,2,-20.02,6.16,0.0,False,False,35.02,182.19,20.0
5859,245,3,-19.35,21.77,0.0,False,False,34.35,263.45,20.0
5860,245,4,-19.16,23.0,0.0,False,False,34.16,271.03,20.0
5861,245,5,-18.67,13.18,0.0,False,False,33.67,219.42,20.0
5862,245,6,-22.64,6.51,0.0,False,False,37.64,202.56,20.0
5863,245,7,-19.08,9.93,0.0,False,False,34.08,204.4,20.0
5864,245,8,-20.78,6.96,18.3,False,False,35.78,205.53,20.0
5865,245,9,-22.45,12.13,166.5,False,False,37.45,234.85,20.0
5866,245,10,-19.41,5.82,417.4,False,False,34.41,180.4,20.0
5867,245,11,-15.98,4.05,486.6,False,False,30.98,160.64,20.0
5868,245,12,-17.64,8.7,367.6,False,False,32.64,189.55,20.0
5869,245,13,-14.59,12.54,372.0,False,False,29.59,194.77,20.0
5870,245,14,-18.48,7.07,430.5,False,False,33.48,185.36,20.0
5871,245,15,-14.25,5.73,236.3,False,False,29.25,160.45,20.0
5872,245,16,-19.21,3.65,12.6,False,False,34.21,179.93,20.0
5873,245,17,-20.0,12.62,0.0,False,False,35.0,223.56,20.0
5874,245,18,-23.12,4.71,0.0,False,False,38.12,192.7,20.0
5875,245,19,-18.86,6.11,0.0,False,False,33.86,183.51,20.0
5876,245,20,-22.57,6.04,0.0,False,False,37.57,198.53,20.0
5877,245,21,-23.27,7.37,0.0,False,False,38.27,215.48,20.0
5878,245,22,-19.73,9.89,0.0,False,False,34.73,209.71,20.0
5879,245,23,-20.18,18.58,0.0,False,False,35.18,260.25,20.0
5880,246,0,-20.0,8.89,0.0,False,False,35.0,191.34,20.0
5881,246,1,-22.92,3.66,0.0,False,False,37.92,188.6,20.0
5882,246,2,-22.1,7.17,0.0,False,False,37.1,207.99,20.0
5883,246,3,-21.8,8.96,0.0,False,False,36.8,220.25,20.0
5884,246,4,-19.7,13.65,0.0,False,False,34.7,227.34,20.0
5885,246,5,-17.68,12.87,0.0,False,False,32.68,205.94,20.0
5886,246,6,-19.53,7.03,0.0,False,False,34.53,194.4,20.0
5887,246,7,-15.8,7.88,0.0,False,False,30.8,177.71,20.0
5888,246,8,-17.47,8.46,39.6,False,False,32.47,183.08,20.0
5889,246,9,-19.32,7.9,138.8,False,False,34.32,193.16,20.0
5890,246,10,-16.88,7.17,237.1,False,False,31.88,185.67,20.0
5891,246,11,-14.92,15.72,239.0,False,False,29.92,216.24,20.0
5892,246,12,-14.27,5.21,421.0,False,False,29.27,164.57,20.0
5893,246,13,-15.96,11.76,313.5,False,False,30.96,194.64,20.0
5894,246,14,-18.48,10.69,324.9,False,False,33.48,216.03,20.0
5895,246,15,-19.29,7.03,216.5,False,False,34.29,186.35,20.0
5896,246,16,-18.11,5.03,18.7,False,False,33.11,175.77,20.0
5897,246,17,-16.4,7.64,0.0,False,False,31.4,175.83,20.0
5898,246,18,-19.4,10.1,0.0,False,False,34.4,212.61,20.0
5899,246,19,-19.88,1.26,0.0,False,False,34.88,165.14,20.0
5900,246,20,-21.16,3.92,0.0,False,False,36.16,185.68,20.0
5901,246,21,-22.34,1.75,0.0,False,False,37.34,174.8,20.0
5902,246,22,-22.32,8.76,0.0,False,False,37.32,213.34,20.0
5903,246,23,-21.93,8.56,0.0,False,False,36.93,211.44,20.0
5904,247,0,-18.53,4.17,0.0,False,False,33.53,165.87,20.0
5905,247,1,-22.38,4.82,0.0,False,False,37.38,195.77,20.0
5906,247,2,-21.6,8.32,0.0,False,False,36.6,211.61,20.0
5907,247,3,-23.11,3.0,0.0,False,False,38.11,182.69,20.0
5908,247,4,-19.54,10.41,0.0,False,False,34.54,209.57,20.0
5909,247,5,-17.75,6.62,0.0,False,False,32.75,183.68,20.0
5910,247,6,-16.72,7.38,0.0,False,False,31.72,188.06,20.0
5911,247,7,-19.05,7.7,0.0,False,False,34.05,195.18,20.0
5912,247,8,-17.82,3.7,48.4,False,False,32.82,168.57,20.0
5913,247,9,-18.86,7.72,264.4,False,False,33.86,190.69,20.0
5914,247,10,-17.18,9.8,323.3,False,False,32.18,189.43,20.0
5915,247,11,-17.41,5.08,397.9,False,False,32.41,171.19,20.0
5916,247,12,-17.85,4.78,480.9,False,False,32.85,174.13,20.0
5917,247,13,-17.76,18.0,275.4,False,False,32.76,237.45,20.0
5918,247,14,-17.33,4.51,321.3,False,False,32.33,170.8,20.0
5919,247,15,-19.14,5.95,118.3,False,False,34.14,187.87,20.0
5920,247,16,-19.45,14.33,51.4,False,False,34.45,231.21,20.0
5921,247,17,-16.04,2.88,0.0,False,False,31.04,159.01,20.0
5922,247,18,-14.55,6.93,0.0,False,False,29.55,173.08,20.0
5923,247,19,-22.9,9.69,0.0,False,False,37.9,222.29,20.0
5924,247,20,-23.49,7.16,0.0,False,False,38.49,209.56,20.0
5925,247,21,-23.3,2.62,0.0,False,False,38.3,184.67,20.0
5926,247,22,-21.91,3.92,0.0,False,False,36.91,178.09,20.0
5927,247,23,-20.11,2.38,0.0,False,False,35.11,175.08,20.0
5928,248,0,-20.49,6.69,0.0,False,False,35.49,189.21,20.0
5929,248,1,-21.26,8.97,0.0,False,False,36.26,213.35,20.0
5930,248,2,-20.35,5.06,0.0,False,False,35.35,185.19,20.0
5931,248,3,-22.47,6.17,0.0,False,False,37.47,204.2,20.0
5932,248,4,-21.16,6.16,0.0,False,False,36.16,194.46,20.0
5933,248,5,-20.23,13.17,0.0,False,False,35.23,223.75,20.0
5934,248,6,-22.84,8.25,0.0,False,False,37.84,217.4,20.0
5935,248,7,-21.48,7.71,0.0,False,False,36.48,204.86,20.0
5936,248,8,-20.91,12.13,81.1,False,False,35.91,225.92,20.0
5937,248,9,-16.73,3.3,192.2,False,False,31.73,162.76,20.0
5938,248,10,-17.45,8.2,421.5,False,False,32.45,192.96,20.0
5939,248,11,-16.52,5.52,347.4,False,False,31.52,175.43,20.0
5940,248,12,-21.35,14.07,451.7,False,False,36.35,239.16,20.0
5941,248,13,-20.71,12.18,452.3,False,False,35.71,218.51,20.0
5942,248,14,-16.61,5.52,195.3,False,False,31.61,170.91,20.0
5943,248,15,-23.81,6.37,233.7,False,False,38.81,206.9,20.0
5944,248,16,-16.22,4.36,77.0,False,False,31.22,172.71,20.0
5945,248,17,-22.8,11.22,0.0,False,False,37.8,231.32,20.0
5946,248,18,-17.98,10.02,0.0,False,False,32.98,199.95,20.0
5947,248,19,-21.97,6.56,0.0,False,False,36.97,204.68,20.0
5948,248,20,-18.57,6.52,0.0,False,False,33.57,185.02,20.0
5949,248,21,-14.67,5.76,0.0,False,False,29.67,165.68,20.0
5950,248,22,-25.95,13.64,0.0,False,False,40.95,260.67,20.0
5951,248,23,-20.21,6.86,0.0,False,False,35.21,188.13,20.0
5952,249,0,-24.99,5.88,0.0,False,False,39.99,212.28,20.0
5953,249,1,-20.45,10.67,0.0,False,False,35.45,217.1,20.0
5954,249,2,-21.52,1.66,0.0,False,False,36.52,170.04,20.0
5955,249,3,-20.53,6.31,0.0,False,False,35.53,187.97,20.0
5956,249,4,-22.19,11.41,0.0,False,False,37.19,228.73,20.0
5957,249,5,-18.33,15.18,0.0,False,False,33.33,233.37,20.0
5958,249,6,-22.27,5.18,0.0,False,False,37.27,190.88,20.0
5959,249,7,-16.37,9.44,0.0,False,False,31.37,185.78,20.0
5960,249,8,-19.19,5.16,65.3,False,False,34.19,182.77,20.0
5961,249,9,-20.76,33.77,276.3,False,False,35.76,334.41,20.0
5962,249,10,-14.45,7.95,394.6,False,False,29.45,165.7,20.0
5963,249,11,-17.57,9.98,544.0,False,False,32.57,196.43,20.0
5964,249,12,-13.56,1.89,392.1,False,False,28.56,141.95,20.0
5965,249,13,-15.0,20.73,535.9,False,False,30.0,233.4,20.0
5966,249,14,-19.24,10.7,431.8,False,False,34.24,207.54,20.0
5967,249,15,-18.13,3.28,124.2,False,False,33.13,168.87,20.0
5968,249,16,-18.13,7.94,58.4,False,False,33.13,189.82,20.0
5969,249,17,-15.8,15.52,0.0,False,False,30.8,213.09,20.0
5970,249,18,-18.5,11.0,0.0,False,False,33.5,205.87,20.0
5971,249,19,-19.54,9.61,0.0,False,False,34.54,208.07,20.0
5972,249,20,-20.77,5.91,0.0,False,False,35.77,195.24,20.0
5973,249,21,-20.89,3.8,0.0,False,False,35.89,184.15,20.0
5974,249,22,-18.49,7.13,0.0,False,False,33.49,191.01,20.0
5975,249,23,-21.3,10.19,0.0,False,False,36.3,203.68,20.0
5976,250,0,-21.86,4.36,0.0,False,False,36.86,183.28,20.0
5977,250,1,-22.13,10.95,0.0,False,False,37.13,223.78,20.0
5978,250,2,-21.91,8.16,0.0,False,False,36.91,209.35,20.0
5979,250,3,-23.29,4.79,0.0,False,False,38.29,188.8,20.0
5980,250,4,-21.57,2.81,0.0,False,False,36.57,183.36,20.0
5981,250,5,-16.59,3.25,0.0,False,False,31.59,162.94,20.0
5982,250,6,-19.48,6.99,0.0,False,False,34.48,189.24,20.0
5983,250,7,-17.14,12.74,0.0,False,False,32.14,210.16,20.0
5984,250,8,-23.03,4.83,102.9,False,False,38.03,193.1,20.0
5985,250,9,-16.52,13.58,177.2,False,False,31.52,207.27,20.0
5986,250,10,-17.66,2.61,263.1,False,False,32.66,164.56,20.0
5987,250,11,-18.1,7.6,336.6,False,False,33.1,187.08,20.0
5988,250,12,-16.71,7.21,292.5,False,False,31.71,175.36,20.0
5989,250,13,-18.13,9.01,271.9,False,False,33.13,193.49,20.0
5990,250,14,-21.59,8.1,415.6,False,False,36.59,206.33,20.0
5991,250,15,-15.81,5.87,282.6,False,False,30.81,166.64,20.0
5992,250,16,-17.58,5.89,70.1,False,False,32.58,183.33,20.0
5993,250,17,-19.18,11.57,0.0,False,False,34.18,209.58,20.0
5994,250,18,-21.0,7.81,0.0,False,False,36.0,209.65,20.0
5995,250,19,-22.53,1.83,0.0,False,False,37.53,179.22,20.0
5996,250,20,-19.62,6.18,0.0,False,False,34.62,184.36,20.0
5997,250,21,-17.26,6.47,0.0,False,False,32.26,180.31,20.0
5998,250,22,-20.4,6.45,0.0,False,False,35.4,197.51,20.0
5999,250,23,-23.77,10.74,0.0,False,False,38.77,231.01,20.0
6000,251,0,-20.32,5.41,0.0,False,False,35.32,182.17,20.0
6001,251,1,-20.81,8.44,0.0,False,False,35.81,205.63,20.0
6002,251,2,-18.77,15.66,0.0,False,False,33.77,240.6,20.0
6003,251,3,-18.97,12.78,0.0,False,False,33.97,213.12,20.0
6004,251,4,-25.74,5.15,0.0,False,False,40.74,209.32,20.0
6005,251,5,-18.19,7.93,0.0,False,False,33.19,190.99,20.0
6006,251,6,-20.77,1.25,0.0,False,False,35.77,165.96,20.0
6007,251,7,-21.09,9.9,0.0,False,False,36.09,212.78,20.0
6008,251,8,-18.14,3.64,85.7,False,False,33.14,168.13,20.0
6009,251,9,-16.53,7.37,132.2,False,False,31.53,185.17,20.0
6010,251,10,-20.32,6.86,278.5,False,False,35.32,197.02,20.0
6011,251,11,-15.43,12.45,319.5,False,False,30.43,195.48,20.0
6012,251,12,-15.24,8.48,436.1,False,False,30.24,186.74,20.0
6013,251,13,-16.74,6.83,363.6,False,False,31.74,174.17,20.0
6014,251,14,-18.77,10.24,466.8,False,False,33.77,207.86,20.0
6015,251,15,-19.31,13.46,237.1,False,False,34.31,225.07,20.0
6016,251,16,-15.72,1.52,63.8,False,False,30.72,155.38,20.0
6017,251,17,-21.27,5.31,0.0,False,False,36.27,191.65,20.0
6018,251,18,-16.64,15.89,0.0,False,False,31.64,226.16,20.0
6019,251,19,-19.62,19.71,0.0,False,False,34.62,258.32,20.0
6020,251,20,-19.96,4.77,0.0,False,False,34.96,186.06,20.0
6021,251,21,-23.6,11.47,0.0,False,False,38.6,236.59,20.0
6022,251,22,-20.79,4.76,0.0,False,False,35.79,193.96,20.0
6023,251,23,-19.47,4.04,0.0,False,False,34.47,173.69,20.0
6024,252,0,-23.14,6.98,0.0,False,False,38.14,212.04,20.0
6025,252,1,-19.4,12.15,0.0,False,False,34.4,219.92,20.0
6026,252,2,-20.02,6.52,0.0,False,False,35.02,192.31,20.0
6027,252,3,-21.17,12.07,0.0,False,False,36.17,224.25,20.0
6028,252,4,-17.75,27.63,0.0,False,False,32.75,287.61,20.0
6029,252,5,-23.39,5.75,0.0,False,False,38.39,195.35,20.0
6030,252,6,-17.77,5.66,0.0,False,False,32.77,172.5,20.0
6031,252,7,-14.71,6.61,0.0,False,False,29.71,172.67,20.0
6032,252,8,-14.58,7.51,89.7,False,False,29.58,167.05,20.0
6033,252,9,-16.27,7.05,247.1,False,False,31.27,184.17,20.0
6034,252,10,-17.34,7.87,252.7,False,False,32.34,185.86,20.0
6035,252,11,-17.8,5.98,346.4,False,False,32.8,180.67,20.0
6036,252,12,-17.07,3.83,432.0,False,False,32.07,166.64,20.0
6037,252,13,-15.44,32.73,480.5,False,False,30.44,293.83,20.0
6038,252,14,-18.35,5.31,462.1,False,False,33.35,177.46,20.0
6039,252,15,-15.54,2.76,183.8,False,False,30.54,154.2,20.0
6040,252,16,-13.2,10.64,110.6,False,False,28.2,180.04,20.0
6041,252,17,-18.07,4.24,0.0,False,False,33.07,176.35,20.0
6042,252,18,-21.15,10.11,0.0,False,False,36.15,220.34,20.0
6043,252,19,-21.67,5.18,0.0,False,False,36.67,196.23,20.0
6044,252,20,-17.91,19.44,0.0,False,False,32.91,248.04,20.0
6045,252,21,-20.0,14.52,0.0,False,False,35.0,232.73,20.0
6046,252,22,-18.44,6.77,0.0,False,False,33.44,179.55,20.0
6047,252,23,-21.46,9.62,0.0,False,False,36.46,217.16,20.0
6048,253,0,-18.5,8.66,0.0,False,False,33.5,199.38,20.0
6049,253,1,-20.41,5.08,0.0,False,False,35.41,183.99,20.0
6050,253,2,-21.36,10.45,0.0,False,False,36.36,221.88,20.0
6051,253,3,-20.38,7.84,0.0,False,False,35.38,205.28,20.0
6052,253,4,-21.55,8.41,0.0,False,False,36.55,208.75,20.0
6053,253,5,-14.7,10.02,0.0,False,False,29.7,189.21,20.0
6054,253,6,-18.35,7.15,0.0,False,False,33.35,189.02,20.0
6055,253,7,-16.35,4.73,0.0,False,False,31.35,160.93,20.0
6056,253,8,-18.23,9.62,107.9,False,False,33.23,197.7,20.0
6057,253,9,-18.85,10.91,226.4,False,False,33.85,207.38,20.0
6058,253,10,-16.9,10.94,258.1,False,False,31.9,201.85,20.0
6059,253,11,-14.03,11.06,476.8,False,False,29.03,182.91,20.0
6060,253,12,-17.2,9.01,365.7,False,False,32.2,190.11,20.0
6061,253,13,-17.97,2.85,469.2,False,False,32.97,161.06,20.0
6062,253,14,-16.12,19.88,397.7,False,False,31.12,237.54,20.0
6063,253,15,-15.75,10.87,171.2,False,False,30.75,194.12,20.0
6064,253,16,-13.87,6.16,164.0,False,False,28.87,168.27,20.0
6065,253,17,-16.93,11.68,0.0,False,False,31.93,206.61,20.0
6066,253,18,-16.87,3.98,0.0,False,False,31.87,166.98,20.0
6067,253,19,-17.24,10.14,0.0,False,False,32.24,198.48,20.0
6068,253,20,-21.47,6.5,0.0,False,False,36.47,198.0,20.0
6069,253,21,-21.5,4.1,0.0,False,False,36.5,185.01,20.0
6070,253,22,-22.06,4.06,0.0,False,False,37.06,192.66,20.0
6071,253,23,-22.76,9.36,0.0,False,False,37.76,209.21,20.0
6072,254,0,-18.26,9.92,0.0,False,False,33.26,200.53,20.0
6073,254,1,-19.21,4.56,0.0,False,False,34.21,179.43,20.0
6074,254,2,-19.43,6.55,0.0,False,False,34.43,193.83,20.0
6075,254,3,-24.45,8.89,0.0,False,False,39.45,219.78,20.0
6076,254,4,-14.74,5.69,0.0,False,False,29.74,167.25,20.0
6077,254,5,-20.16,18.21,0.0,False,False,35.16,257.31,20.0
6078,254,6,-13.75,9.42,0.0,False,False,28.75,176.15,20.0
6079,254,7,-20.23,7.16,4.9,False,False,35.23,188.25,20.0
6080,254,8,-18.48,12.56,142.8,False,False,33.48,214.08,20.0
6081,254,9,-20.85,9.81,224.1,False,False,35.85,207.98,20.0
6082,254,10,-15.4,8.93,390.4,False,False,30.4,185.91,20.0
6083,254,11,-18.12,9.51,494.3,False,False,33.12,195.13,20.0
6084,254,12,-18.0,11.01,466.3,False,False,33.0,212.53,20.0
6085,254,13,-18.67,5.41,313.6,False,False,33.67,180.94,20.0
6086,254,14,-14.57,2.43,470.3,False,False,29.57,147.49,20.0
6087,254,15,-15.02,13.09,251.8,False,False,30.02,198.3,20.0
6088,254,16,-13.23,7.86,171.0,False,False,28.23,164.56,20.0
6089,254,17,-18.71,5.96,3.0,False,False,33.71,184.88,20.0
6090,254,18,-17.42,4.72,0.0,False,False,32.42,177.97,20.0
6091,254,19,-20.95,4.39,0.0,False,False,35.95,183.16,20.0
6092,254,20,-19.52,8.29,0.0,False,False,34.52,202.4,20.0
6093,254,21,-20.31,7.48,0.0,False,False,35.31,194.15,20.0
6094,254,22,-18.66,12.64,0.0,False,False,33.66,218.07,20.0
6095,254,23,-17.75,10.04,0.0,False,False,32.75,208.65,20.0
6096,255,0,-17.57,10.91,0.0,False,False,32.57,197.21,20.0
6097,255,1,-21.17,12.32,0.0,False,False,36.17,232.82,20.0
6098,255,2,-17.28,8.51,0.0,False,False,32.28,194.5,20.0
6099,255,3,-19.05,15.48,0.0,False,False,34.05,225.81,20.0
6100,255,4,-19.2,5.26,0.0,False,False,34.2,175.99,20.0
6101,255,5,-19.48,12.19,0.0,False,False,34.48,214.79,20.0
6102,255,6,-18.67,2.41,0.0,False,False,33.67,169.1,20.0
6103,255,7,-13.55,2.49,19.5,False,False,28.55,145.62,20.0
6104,255,8,-15.93,3.91,143.2,False,False,30.93,161.75,20.0
6105,255,9,-15.78,7.17,363.6,False,False,30.78,179.74,20.0
6106,255,10,-16.34,2.25,436.1,False,False,31.34,156.64,20.0
6107,255,11,-10.72,7.05,553.7,False,False,25.72,155.71,20.0
6108,255,12,-12.94,6.14,536.8,False,False,27.94,159.16,20.0
6109,255,13,-17.06,19.01,454.7,False,False,32.06,243.81,20.0
6110,255,14,-16.36,3.35,217.6,False,False,31.36,158.3,20.0
6111,255,15,-16.56,8.1,334.0,False,False,31.56,191.34,20.0
6112,255,16,-16.26,9.93,175.6,False,False,31.26,190.55,20.0
6113,255,17,-18.43,2.53,14.8,False,False,33.43,161.78,20.0
6114,255,18,-16.67,14.96,0.0,False,False,31.67,220.3,20.0
6115,255,19,-15.16,10.79,0.0,False,False,30.16,192.43,20.0
6116,255,20,-21.17,13.16,0.0,False,False,36.17,224.52,20.0
6117,255,21,-21.22,8.68,0.0,False,False,36.22,209.25,20.0
6118,255,22,-20.25,4.96,0.0,False,False,35.25,178.93,20.0
6119,255,23,-20.35,3.14,0.0,False,False,35.35,171.75,20.0
6120,256,0,-15.24,11.28,0.0,False,False,30.24,196.38,20.0
6121,256,1,-17.17,5.98,0.0,False,False,32.17,173.65,20.0
6122,256,2,-17.08,2.04,0.0,False,False,32.08,159.19,20.0
6123,256,3,-19.18,6.3,0.0,False,False,34.18,185.45,20.0
6124,256,4,-18.81,7.45,0.0,False,False,33.81,199.0,20.0
6125,256,5,-20.66,14.13,0.0,False,False,35.66,234.6,20.0
6126,256,6,-15.68,6.59,0.0,False,False,30.68,169.09,20.0
6127,256,7,-15.74,7.48,21.2,False,False,30.74,173.73,20.0
6128,256,8,-13.67,7.54,112.4,False,False,28.67,165.83,20.0
6129,256,9,-16.25,12.05,247.7,False,False,31.25,202.28,20.0
6130,256,10,-15.79,5.04,360.0,False,False,30.79,167.08,20.0
6131,256,11,-14.97,9.26,436.2,False,False,29.97,186.69,20.0
6132,256,12,-13.46,5.7,266.4,False,False,28.46,161.35,20.0
6133,256,13,-18.25,13.97,527.7,False,False,33.25,221.87,20.0
6134,256,14,-14.04,15.58,298.2,False,False,29.04,207.36,20.0
6135,256,15,-15.87,8.12,207.6,False,False,30.87,181.14,20.0
6136,256,16,-18.36,8.93,177.4,False,False,33.36,197.88,20.0
6137,256,17,-20.89,6.67,33.6,False,False,35.89,199.16,20.0
6138,256,18,-17.51,2.48,0.0,False,False,32.51,164.53,20.0
6139,256,19,-14.86,7.58,0.0,False,False,29.86,172.59,20.0
6140,256,20,-14.89,7.22,0.0,False,False,29.89,166.21,20.0
6141,256,21,-17.94,6.22,0.0,False,False,32.94,178.17,20.0
6142,256,22,-15.05,6.61,0.0,False,False,30.05,172.34,20.0
6143,256,23,-19.26,9.33,0.0,False,False,34.26,192.88,20.0
6144,257,0,-17.03,8.94,0.0,False,False,32.03,188.8,20.0
6145,257,1,-19.77,6.7,0.0,False,False,34.77,193.26,20.0
6146,257,2,-19.69,14.6,0.0,False,False,34.69,229.98,20.0
6147,257,3,-19.7,2.24,0.0,False,False,34.7,163.48,20.0
6148,257,4,-22.05,20.18,0.0,False,False,37.05,282.98,20.0
6149,257,5,-14.88,11.27,0.0,False,False,29.88,196.92,20.0
6150,257,6,-18.22,2.73,0.0,False,False,33.22,164.12,20.0
6151,257,7,-18.02,2.22,45.2,False,False,33.02,167.2,20.0
6152,257,8,-18.29,5.14,102.8,False,False,33.29,182.63,20.0
6153,257,9,-15.93,7.27,334.2,False,False,30.93,173.43,20.0
6154,257,10,-11.67,5.81,424.1,False,False,26.67,164.55,20.0
6155,257,11,-10.81,8.28,473.8,False,False,25.81,156.14,20.0
6156,257,12,-18.25,2.34,377.7,False,False,33.25,162.25,20.0
6157,257,13,-15.71,4.86,321.3,False,False,30.71,161.51,20.0
6158,257,14,-17.27,10.39,442.4,False,False,32.27,199.1,20.0
6159,257,15,-13.54,9.29,375.7,False,False,28.54,171.07,20.0
6160,257,16,-15.36,5.38,151.1,False,False,30.36,166.85,20.0
6161,257,17,-17.69,7.99,26.3,False,False,32.69,193.34,20.0
6162,257,18,-16.79,7.19,0.0,False,False,31.79,182.09,20.0
6163,257,19,-18.41,7.3,0.0,False,False,33.41,187.66,20.0
6164,257,20,-14.7,8.62,0.0,False,False,29.7,184.85,20.0
6165,257,21,-17.25,16.05,0.0,False,False,32.25,222.48,20.0
6166,257,22,-17.33,16.23,0.0,False,False,32.33,231.25,20.0
6167,257,23,-24.2,17.77,0.0,False,False,39.2,273.93,20.0
6168,258,0,-18.76,6.5,0.0,False,False,33.76,187.02,20.0
6169,258,1,-14.39,3.8,0.0,False,False,29.39,156.14,20.0
6170,258,2,-15.7,9.0,0.0,False,False,30.7,185.41,20.0
6171,258,3,-21.73,6.7,0.0,False,False,36.73,199.44,20.0
6172,258,4,-18.25,12.29,0.0,False,False,33.25,209.77,20.0
6173,258,5,-19.55,7.46,0.0,False,False,34.55,192.15,20.0
6174,258,6,-13.2,14.92,0.0,False,False,28.2,200.32,20.0
6175,258,7,-15.62,16.55,49.4,False,False,30.62,218.76,20.0
6176,258,8,-17.16,14.64,189.7,False,False,32.16,214.08,20.0
6177,258,9,-15.14,1.85,165.6,False,False,30.14,147.18,20.0
6178,258,10,-20.11,8.57,336.6,False,False,35.11,199.9,20.0
6179,258,11,-16.86,6.19,368.0,False,False,31.86,176.5,20.0
6180,258,12,-14.55,6.7,511.7,False,False,29.55,170.15,20.0
6181,258,13,-13.0,11.27,249.2,False,False,28.0,182.48,20.0
6182,258,14,-18.78,6.42,322.6,False,False,33.78,183.19,20.0
6183,258,15,-15.97,7.7,356.0,False,False,30.97,180.12,20.0
6184,258,16,-13.61,7.93,194.8,False,False,28.61,165.28,20.0
6185,258,17,-19.01,2.24,66.8,False,False,34.01,153.89,20.0
6186,258,18,-16.17,5.91,0.0,False,False,31.17,172.32,20.0
6187,258,19,-17.01,12.72,0.0,False,False,32.01,202.05,20.0
6188,258,20,-14.2,2.02,0.0,False,False,29.2,143.66,20.0
6189,258,21,-18.5,9.85,0.0,False,False,33.5,197.03,20.0
6190,258,22,-18.7,4.58,0.0,False,False,33.7,178.66,20.0
6191,258,23,-16.85,6.12,0.0,False,False,31.85,171.47,20.0
6192,259,0,-20.97,10.83,0.0,False,False,35.97,219.78,20.0
6193,259,1,-18.69,3.98,0.0,False,False,33.69,171.1,20.0
6194,259,2,-18.96,6.4,0.0,False,False,33.96,181.46,20.0
6195,259,3,-18.01,2.77,0.0,False,False,33.01,158.18,20.0
6196,259,4,-15.62,9.18,0.0,False,False,30.62,187.12,20.0
6197,259,5,-15.73,4.88,0.0,False,False,30.73,167.49,20.0
6198,259,6,-17.81,3.23,0.0,False,False,32.81,169.1,20.0
6199,259,7,-15.52,7.46,41.5,False,False,30.52,184.25,20.0
6200,259,8,-12.33,2.7,228.4,False,False,27.33,144.72,20.0
6201,259,9,-16.56,6.02,304.9,False,False,31.56,175.72,20.0
6202,259,10,-14.29,4.64,379.0,False,False,29.29,158.72,20.0
6203,259,11,-14.77,8.31,479.6,False,False,29.77,177.89,20.0
6204,259,12,-14.44,8.41,457.8,False,False,29.44,175.03,20.0
6205,259,13,-17.65,5.1,351.6,False,False,32.65,170.96,20.0
6206,259,14,-11.76,14.74,390.2,False,False,26.76,197.85,20.0
6207,259,15,-16.45,12.41,191.8,False,False,31.45,196.81,20.0
6208,259,16,-13.26,4.27,147.1,False,False,28.26,154.62,20.0
6209,259,17,-17.04,21.02,66.9,False,False,32.04,250.39,20.0
6210,259,18,-17.57,10.57,0.0,False,False,32.57,201.53,20.0
6211,259,19,-14.41,8.78,0.0,False,False,29.41,174.06,20.0
6212,259,20,-15.33,9.08,0.0,False,False,30.33,182.66,20.0
6213,259,21,-17.31,3.63,0.0,False,False,32.31,164.19,20.0
6214,259,22,-16.53,13.42,0.0,False,False,31.53,205.12,20.0
6215,259,23,-18.82,2.26,0.0,False,False,33.82,164.55,20.0
6216,260,0,-18.02,24.06,0.0,False,False,33.02,268.24,20.0
6217,260,1,-19.26,12.49,0.0,False,False,34.26,216.64,20.0
6218,260,2,-15.93,4.47,0.0,False,False,30.93,167.48,20.0
6219,260,3,-18.81,10.95,0.0,False,False,33.81,204.51,20.0
6220,260,4,-14.04,7.84,0.0,False,False,29.04,173.86,20.0
6221,260,5,-17.16,11.3,0.0,False,False,32.16,200.0,20.0
6222,260,6,-15.97,12.2,0.0,False,False,30.97,202.5,20.0
6223,260,7,-13.97,30.41,67.7,False,False,28.97,270.14,20.0
6224,260,8,-14.96,13.72,134.9,False,False,29.96,203.5,20.0
6225,260,9,-15.19,2.46,283.6,False,False,30.19,148.84,20.0
6226,260,10,-14.33,4.33,301.6,False,False,29.33,154.81,20.0
6227,260,11,-12.29,9.54,288.2,False,False,27.29,167.95,20.0
6228,260,12,-15.33,27.29,511.0,False,False,30.33,266.9,20.0
6229,260,13,-14.33,3.99,541.7,False,False,29.33,159.39,20.0
6230,260,14,-14.25,10.46,311.5,False,False,29.25,188.79,20.0
6231,260,15,-12.86,14.22,230.5,False,False,27.86,191.56,20.0
6232,260,16,-15.21,12.05,165.7,False,False,30.21,196.6,20.0
6233,260,17,-11.87,10.38,102.7,False,False,26.87,166.34,20.0
6234,260,18,-16.32,7.19,0.0,False,False,31.32,170.12,20.0
6235,260,19,-17.0,7.01,0.0,False,False,32.0,177.56,20.0
6236,260,20,-17.35,19.29,0.0,False,False,32.35,239.44,20.0
6237,260,21,-20.05,0.65,0.0,False,False,35.05,154.35,20.0
6238,260,22,-19.81,5.63,0.0,False,False,34.81,178.65,20.0
6239,260,23,-19.0,4.33,0.0,False,False,34.0,177.98,20.0
6240,261,0,-15.43,18.21,0.0,False,False,30.43,222.25,20.0
6241,261,1,-17.7,10.06,0.0,False,False,32.7,192.23,20.0
6242,261,2,-18.4,9.36,0.0,False,False,33.4,207.99,20.0
6243,261,3,-14.66,7.54,0.0,False,False,29.66,174.09,20.0
6244,261,4,-13.59,9.36,0.0,False,False,28.59,175.3,20.0
6245,261,5,-13.7,11.3,0.0,False,False,28.7,188.13,20.0
6246,261,6,-17.4,6.65,0.0,False,False,32.4,177.91,20.0
6247,261,7,-16.17,9.7,110.9,False,False,31.17,196.37,20.0
6248,261,8,-11.07,6.33,140.8,False,False,26.07,146.97,20.0
6249,261,9,-13.8,9.87,172.8,False,False,28.8,174.51,20.0
6250,261,10,-14.5,14.27,495.5,False,False,29.5,201.92,20.0
6251,261,11,-12.33,11.87,467.0,False,False,27.33,177.98,20.0
6252,261,12,-11.68,16.78,403.8,False,False,26.68,203.07,20.0
6253,261,13,-14.91,5.65,482.4,False,False,29.91,159.58,20.0
6254,261,14,-13.53,4.96,253.4,False,False,28.53,154.51,20.0
6255,261,15,-12.43,9.25,399.2,False,False,27.43,171.69,20.0
6256,261,16,-17.02,5.74,218.7,False,False,32.02,177.18,20.0
6257,261,17,-15.15,10.08,112.9,False,False,30.15,190.96,20.0
6258,261,18,-17.93,8.31,0.0,False,False,32.93,192.69,20.0
6259,261,19,-18.18,4.37,0.0,False,False,33.18,181.6,20.0
6260,261,20,-17.82,9.47,0.0,False,False,32.82,194.64,20.0
6261,261,21,-16.16,4.54,0.0,False,False,31.16,166.51,20.0
6262,261,22,-18.07,14.78,0.0,False,False,33.07,227.43,20.0
6263,261,23,-18.93,6.73,0.0,False,False,33.93,186.44,20.0
6264,262,0,-17.28,19.93,0.0,False,False,32.28,243.5,20.0
6265,262,1,-19.61,8.44,0.0,False,False,34.61,197.59,20.0
6266,262,2,-16.26,8.92,0.0,False,False,31.26,184.16,20.0
6267,262,3,-14.54,5.54,0.0,False,False,29.54,159.44,20.0
6268,262,4,-16.55,5.4,0.0,False,False,31.55,169.16,20.0
6269,262,5,-16.31,2.68,0.0,False,False,31.31,151.46,20.0
6270,262,6,-14.64,11.55,0.0,False,False,29.64,192.57,20.0
6271,262,7,-18.93,14.57,74.0,False,False,33.93,221.23,20.0
6272,262,8,-13.31,12.46,202.0,False,False,28.31,196.58,20.0
6273,262,9,-7.77,4.84,243.1,False,False,22.77,141.01,20.0
6274,262,10,-13.9,9.34,269.8,False,False,28.9,182.21,20.0
6275,262,11,-13.69,8.51,346.9,False,False,28.69,172.43,20.0
6276,262,12,-11.9,18.13,529.1,False,False,26.9,201.73,20.0
6277,262,13,-10.16,5.52,270.9,False,False,25.16,151.06,20.0
6278,262,14,-11.71,9.0,291.4,False,False,26.71,167.08,20.0
6279,262,15,-18.28,17.02,299.2,False,False,33.28,238.52,20.0
6280,262,16,-13.26,3.97,183.1,False,False,28.26,149.22,20.0
6281,262,17,-9.73,10.87,121.6,False,False,24.73,168.53,20.0
6282,262,18,-14.14,4.75,0.0,False,False,29.14,155.64,20.0
6283,262,19,-18.21,3.15,0.0,False,False,33.21,167.21,20.0
6284,262,20,-15.82,12.13,0.0,False,False,30.82,192.62,20.0
6285,262,21,-19.36,4.75,0.0,False,False,34.36,176.64,20.0
6286,262,22,-14.65,10.91,0.0,False,False,29.65,190.21,20.0
6287,262,23,-19.23,16.58,0.0,False,False,34.23,237.68,20.0
6288,263,0,-16.93,3.89,0.0,False,False,31.93,163.84,20.0
6289,263,1,-18.72,6.86,0.0,False,False,33.72,190.55,20.0
6290,263,2,-17.9,8.55,0.0,False,False,32.9,191.99,20.0
6291,263,3,-13.52,12.02,0.0,False,False,28.52,192.44,20.0
6292,263,4,-15.87,5.51,0.0,False,False,30.87,159.47,20.0
6293,263,5,-16.71,1.32,0.0,False,False,31.71,154.82,20.0
6294,263,6,-17.37,3.89,0.0,False,False,32.37,169.29,20.0
6295,263,7,-18.3,6.12,144.8,False,False,33.3,175.78,20.0
6296,263,8,-16.58,10.9,183.1,False,False,31.58,192.31,20.0
6297,263,9,-13.44,6.9,343.0,False,False,28.44,168.74,20.0
6298,263,10,-11.38,10.54,213.2,False,False,26.38,166.67,20.0
6299,263,11,-14.27,6.0,450.9,False,False,29.27,162.27,20.0
6300,263,12,-9.94,8.14,346.6,False,False,24.94,157.44,20.0
6301,263,13,-14.58,11.32,267.2,False,False,29.58,188.35,20.0
6302,263,14,-13.82,12.85,342.1,False,False,28.82,194.47,20.0
6303,263,15,-15.82,18.45,195.3,False,False,30.82,225.25,20.0
6304,263,16,-12.1,8.72,151.0,False,False,27.1,168.14,20.0
6305,263,17,-10.36,2.32,139.5,False,False,25.36,139.08,20.0
6306,263,18,-18.6,9.51,0.0,False,False,33.6,201.54,20.0
6307,263,19,-16.29,2.22,0.0,False,False,31.29,146.6,20.0
6308,263,20,-13.55,10.09,0.0,False,False,28.55,181.95,20.0
6309,263,21,-19.39,7.99,0.0,False,False,34.39,196.28,20.0
6310,263,22,-15.68,12.5,0.0,False,False,30.68,196.88,20.0
6311,263,23,-14.57,5.98,0.0,False,False,29.57,171.48,20.0
6312,264,0,-16.61,8.19,0.0,False,False,31.61,177.83,20.0
6313,264,1,-15.6,9.59,0.0,False,False,30.6,194.19,20.0
6314,264,2,-12.98,1.54,0.0,False,False,27.98,138.27,20.0
6315,264,3,-12.28,9.36,0.0,False,False,27.28,176.65,20.0
6316,264,4,-15.89,1.63,0.0,False,False,30.89,151.01,20.0
6317,264,5,-16.35,4.93,0.0,False,False,31.35,162.99,20.0
6318,264,6,-16.61,8.87,3.7,False,False,31.61,188.37,20.0
6319,264,7,-12.3,1.95,67.4,False,False,27.3,141.45,20.0
6320,264,8,-16.51,10.34,187.4,False,False,31.51,196.65,20.0
6321,264,9,-13.86,9.9,211.7,False,False,28.86,184.22,20.0
6322,264,10,-12.83,12.23,313.4,False,False,27.83,181.32,20.0
6323,264,11,-13.84,2.68,565.4,False,False,28.84,150.63,20.0
6324,264,12,-12.21,18.19,550.3,False,False,27.21,209.03,20.0
6325,264,13,-7.71,3.48,385.1,False,False,22.71,128.23,20.0
6326,264,14,-13.28,8.16,294.6,False,False,28.28,166.16,20.0
6327,264,15,-14.22,6.19,318.8,False,False,29.22,161.61,20.0
6328,264,16,-11.74,6.99,293.1,False,False,26.74,161.37,20.0
6329,264,17,-13.77,16.84,141.3,False,False,28.77,212.7,20.0
6330,264,18,-11.89,3.8,7.2,False,False,26.89,142.86,20.0
6331,264,19,-14.96,15.52,0.0,False,False,29.96,205.07,20.0
6332,264,20,-16.26,11.1,0.0,False,False,31.26,201.8,20.0
6333,264,21,-19.75,7.42,0.0,False,False,34.75,188.47,20.0
6334,264,22,-19.74,7.37,0.0,False,False,34.74,194.99,20.0
6335,264,23,-20.37,9.92,0.0,False,False,35.37,207.39,20.0
6336,265,0,-15.7,5.94,0.0,False,False,30.7,163.38,20.0
6337,265,1,-19.11,6.59,0.0,False,False,34.11,188.14,20.0
6338,265,2,-13.68,8.13,0.0,False,False,28.68,170.77,20.0
6339,265,3,-15.81,14.63,0.0,False,False,30.81,216.71,20.0
6340,265,4,-15.95,6.94,0.0,False,False,30.95,185.08,20.0
6341,265,5,-16.66,17.47,0.0,False,False,31.66,228.31,20.0
6342,265,6,-13.21,8.31,11.7,False,False,28.21,174.3,20.0
6343,265,7,-15.55,7.16,136.5,False,False,30.55,179.51,20.0
6344,265,8,-15.43,5.19,181.4,False,False,30.43,163.76,20.0
6345,265,9,-10.67,9.0,339.7,False,False,25.67,158.12,20.0
6346,265,10,-12.02,5.29,394.7,False,False,27.02,159.09,20.0
6347,265,11,-13.0,6.85,463.2,False,False,28.0,161.69,20.0
6348,265,12,-11.17,23.15,597.6,False,False,26.17,219.29,20.0
6349,265,13,-12.51,8.58,328.8,False,False,27.51,167.05,20.0
6350,265,14,-11.96,9.38,515.8,False,False,26.96,168.45,20.0
6351,265,15,-14.68,10.06,371.0,False,False,29.68,182.13,20.0
6352,265,16,-9.32,8.06,286.0,False,False,24.32,154.98,20.0
6353,265,17,-15.1,2.85,153.2,False,False,30.1,158.96,20.0
6354,265,18,-11.35,8.74,9.5,False,False,26.35,162.16,20.0
6355,265,19,-15.35,12.06,0.0,False,False,30.35,191.3,20.0
6356,265,20,-13.84,2.43,0.0,False,False,28.84,147.78,20.0
6357,265,21,-14.4,2.87,0.0,False,False,29.4,145.59,20.0
6358,265,22,-13.9,4.81,0.0,False,False,28.9,155.56,20.0
6359,265,23,-18.07,11.68,0.0,False,False,33.07,213.44,20.0
6360,266,0,-14.0,4.65,0.0,False,False,29.0,167.04,20.0
6361,266,1,-12.39,11.76,0.0,False,False,27.39,182.24,20.0
6362,266,2,-16.4,8.47,0.0,False,False,31.4,180.91,20.0
6363,266,3,-15.49,5.43,0.0,False,False,30.49,170.28,20.0
6364,266,4,-16.2,25.95,0.0,False,False,31.2,257.12,20.0
6365,266,5,-15.36,3.52,0.0,False,False,30.36,155.19,20.0
6366,266,6,-10.73,7.59,16.4,False,False,25.73,162.47,20.0
6367,266,7,-15.64,4.33,85.7,False,False,30.64,165.69,20.0
6368,266,8,-15.03,8.95,303.3,False,False,30.03,175.69,20.0
6369,266,9,-9.51,4.45,201.1,False,False,24.51,132.95,20.0
6370,266,10,-11.17,5.86,435.6,False,False,26.17,154.93,20.0
6371,266,11,-7.98,4.94,425.5,False,False,22.98,135.15,20.0
6372,266,12,-13.05,6.49,427.8,False,False,28.05,159.48,20.0
6373,266,13,-11.96,12.0,266.5,False,False,26.96,181.22,20.0
6374,266,14,-13.74,3.21,440.2,False,False,28.74,148.3,20.0
6375,266,15,-12.45,4.7,333.0,False,False,27.45,144.32,20.0
6376,266,16,-16.7,6.0,307.9,False,False,31.7,177.96,20.0
6377,266,17,-12.26,6.63,127.8,False,False,27.26,156.54,20.0
6378,266,18,-13.5,14.14,35.8,False,False,28.5,192.43,20.0
6379,266,19,-14.78,4.83,0.0,False,False,29.78,156.34,20.0
6380,266,20,-15.93,11.73,0.0,False,False,30.93,199.17,20.0
6381,266,21,-17.35,15.06,0.0,False,False,32.35,218.17,20.0
6382,266,22,-14.42,6.86,0.0,False,False,29.42,171.68,20.0
6383,266,23,-18.42,4.16,0.0,False,False,33.42,171.51,20.0
6384,267,0,-14.82,13.23,0.0,False,False,29.82,203.68,20.0
6385,267,1,-11.62,11.22,0.0,False,False,26.62,173.22,20.0
6386,267,2,-12.6,3.92,0.0,False,False,27.6,146.72,20.0
6387,267,3,-18.26,16.25,0.0,False,False,33.26,224.44,20.0
6388,267,4,-15.91,5.08,0.0,False,False,30.91,162.87,20.0
6389,267,5,-13.51,6.8,0.0,False,False,28.51,167.96,20.0
6390,267,6,-13.98,10.28,30.8,False,False,28.98,194.36,20.0
6391,267,7,-16.12,15.25,193.7,False,False,31.12,210.57,20.0
6392,267,8,-12.07,8.69,247.1,False,False,27.07,162.56,20.0
6393,267,9,-12.44,6.43,266.5,False,False,27.44,160.4,20.0
6394,267,10,-8.28,5.93,305.9,False,False,23.28,141.88,20.0
6395,267,11,-12.41,6.42,344.0,False,False,27.41,156.19,20.0
6396,267,12,-9.5,20.82,496.4,False,False,24.5,200.0,20.0
6397,267,13,-14.44,9.32,424.4,False,False,29.44,173.74,20.0
6398,267,14,-14.16,8.08,408.8,False,False,29.16,172.25,20.0
6399,267,15,-10.98,11.28,301.8,False,False,25.98,175.46,20.0
6400,267,16,-10.67,6.67,137.0,False,False,25.67,159.11,20.0
6401,267,17,-15.24,14.85,159.9,False,False,30.24,208.24,20.0
6402,267,18,-13.79,9.72,43.5,False,False,28.79,177.85,20.0
6403,267,19,-17.12,6.34,0.0,False,False,32.12,179.91,20.0
6404,267,20,-15.2,5.65,0.0,False,False,30.2,171.42,20.0
6405,267,21,-13.58,2.64,0.0,False,False,28.58,149.49,20.0
6406,267,22,-16.44,11.99,0.0,False,False,31.44,198.95,20.0
6407,267,23,-16.27,3.19,0.0,False,False,31.27,161.23,20.0
6408,268,0,-17.79,14.42,0.0,False,False,32.79,224.49,20.0
6409,268,1,-16.76,4.63,0.0,False,False,31.76,165.63,20.0
6410,268,2,-11.75,4.96,0.0,False,False,26.75,144.97,20.0
6411,268,3,-14.8,18.2,0.0,False,False,29.8,223.52,20.0
6412,268,4,-16.53,11.52,0.0,False,False,31.53,201.62,20.0
6413,268,5,-14.68,7.97,0.0,False,False,29.68,179.09,20.0
6414,268,6,-16.72,17.32,54.7,False,False,31.72,229.05,20.0
6415,268,7,-15.04,7.2,84.1,False,False,30.04,170.79,20.0
6416,268,8,-9.81,5.81,328.0,False,False,24.81,144.06,20.0
6417,268,9,-12.4,8.36,426.9,False,False,27.4,162.73,20.0
6418,268,10,-8.02,12.41,254.1,False,False,23.02,157.54,20.0
6419,268,11,-11.79,3.63,399.9,False,False,26.79,142.87,20.0
6420,268,12,-11.6,4.9,315.2,False,False,26.6,147.54,20.0
6421,268,13,-10.32,4.22,569.7,False,False,25.32,146.28,20.0
6422,268,14,-17.14,3.82,392.2,False,False,32.14,161.17,20.0
6423,268,15,-11.71,6.8,366.6,False,False,26.71,157.32,20.0
6424,268,16,-12.63,3.78,332.8,False,False,27.63,146.53,20.0
6425,268,17,-10.04,2.42,167.0,False,False,25.04,139.93,20.0
6426,268,18,-11.6,4.87,60.8,False,False,26.6,150.39,20.0
6427,268,19,-16.31,4.7,0.0,False,False,31.31,165.58,20.0
6428,268,20,-12.05,9.43,0.0,False,False,27.05,172.86,20.0
6429,268,21,-15.47,11.86,0.0,False,False,30.47,196.77,20.0
6430,268,22,-17.07,5.3,0.0,False,False,32.07,171.03,20.0
6431,268,23,-15.07,1.38,0.0,False,False,30.07,153.36,20.0
6432,269,0,-15.63,4.93,0.0,False,False,30.63,168.3,20.0
6433,269,1,-12.08,17.68,0.0,False,False,27.08,210.16,20.0
6434,269,2,-14.27,11.64,0.0,False,False,29.27,194.18,20.0
6435,269,3,-14.22,8.9,0.0,False,False,29.22,180.4,20.0
6436,269,4,-12.42,6.23,0.0,False,False,27.42,158.7,20.0
6437,269,5,-11.55,11.51,0.0,False,False,26.55,171.29,20.0
6438,269,6,-11.65,4.01,46.9,False,False,26.65,148.94,20.0
6439,269,7,-9.86,11.77,192.8,False,False,24.86,168.54,20.0
6440,269,8,-11.0,9.67,146.4,False,False,26.0,168.41,20.0
6441,269,9,-11.47,10.62,279.4,False,False,26.47,171.65,20.0
6442,269,10,-9.01,8.02,445.7,False,False,24.01,147.79,20.0
6443,269,11,-11.47,18.35,362.2,False,False,26.47,198.38,20.0
6444,269,12,-11.15,4.08,412.4,False,False,26.15,147.28,20.0
6445,269,13,-7.85,9.94,408.1,False,False,22.85,157.15,20.0
6446,269,14,-8.25,9.42,503.0,False,False,23.25,150.93,20.0
6447,269,15,-11.82,5.61,417.8,False,False,26.82,155.02,20.0
6448,269,16,-13.13,5.55,151.1,False,False,28.13,163.76,20.0
6449,269,17,-9.78,13.38,178.0,False,False,24.78,170.54,20.0
6450,269,18,-11.62,22.48,57.6,False,False,26.62,218.42,20.0
6451,269,19,-13.11,4.73,0.0,False,False,28.11,150.27,20.0
6452,269,20,-14.86,14.47,0.0,False,False,29.86,209.88,20.0
6453,269,21,-13.97,13.8,0.0,False,False,28.97,198.54,20.0
6454,269,22,-15.0,7.47,0.0,False,False,30.0,172.61,20.0
6455,269,23,-16.48,8.29,0.0,False,False,31.48,178.13,20.0
6456,270,0,-14.66,11.66,0.0,False,False,29.66,190.9,20.0
6457,270,1,-14.31,10.3,0.0,False,False,29.31,187.87,20.0
6458,270,2,-15.4,3.28,0.0,False,False,30.4,155.9,20.0
6459,270,3,-12.52,14.71,0.0,False,False,27.52,191.94,20.0
6460,270,4,-11.34,2.9,0.0,False,False,26.34,143.13,20.0
6461,270,5,-11.49,9.37,0.0,False,False,26.49,161.94,20.0
6462,270,6,-13.47,3.71,89.7,False,False,28.47,151.99,20.0
6463,270,7,-10.88,10.29,192.7,False,False,25.88,169.98,20.0
6464,270,8,-11.76,5.03,267.2,False,False,26.76,147.56,20.0
6465,270,9,-13.97,5.22,269.7,False,False,28.97,156.93,20.0
6466,270,10,-9.84,26.32,517.4,False,False,24.84,223.38,20.0
6467,270,11,-10.69,3.71,392.8,False,False,25.69,140.95,20.0
6468,270,12,-5.73,5.6,312.6,False,False,20.73,127.65,20.0
6469,270,13,-8.07,3.79,272.1,False,False,23.07,132.61,20.0
6470,270,14,-9.76,7.97,481.7,False,False,24.76,154.56,20.0
6471,270,15,-11.0,3.75,272.0,False,False,26.0,138.99,20.0
6472,270,16,-11.59,8.97,302.5,False,False,26.59,163.06,20.0
6473,270,17,-14.4,13.71,177.4,False,False,29.4,201.17,20.0
6474,270,18,-16.39,2.06,52.7,False,False,31.39,159.45,20.0
6475,270,19,-15.18,5.04,0.0,False,False,30.18,169.62,20.0
6476,270,20,-14.01,4.0,0.0,False,False,29.01,151.73,20.0
6477,270,21,-18.54,3.31,0.0,False,False,33.54,173.18,20.0
6478,270,22,-15.73,8.84,0.0,False,False,30.73,186.95,20.0
6479,270,23,-15.34,8.31,0.0,False,False,30.34,179.64,20.0
6480,271,0,-15.04,14.67,0.0,False,False,30.04,209.02,20.0
6481,271,1,-15.86,10.71,0.0,False,False,30.86,196.48,20.0
6482,271,2,-15.02,7.69,0.0,False,False,30.02,182.64,20.0
6483,271,3,-10.57,8.64,0.0,False,False,25.57,155.63,20.0
6484,271,4,-12.28,5.6,0.0,False,False,27.28,157.46,20.0
6485,271,5,-14.24,8.79,0.0,False,False,29.24,176.43,20.0
6486,271,6,-12.74,2.92,63.9,False,False,27.74,144.96,20.0
6487,271,7,-12.14,6.93,148.2,False,False,27.14,164.47,20.0
6488,271,8,-13.14,9.52,199.5,False,False,28.14,178.34,20.0
6489,271,9,-12.73,6.73,394.6,False,False,27.73,157.57,20.0
6490,271,10,-8.85,5.15,475.8,False,False,23.85,138.49,20.0
6491,271,11,-11.51,7.87,422.5,False,False,26.51,161.9,20.0
6492,271,12,-12.8,4.72,563.7,False,False,27.8,147.91,20.0
6493,271,13,-10.76,6.52,281.4,False,False,25.76,155.92,20.0
6494,271,14,-10.64,11.24,377.5,False,False,25.64,169.85,20.0
6495,271,15,-15.14,11.6,412.5,False,False,30.14,194.41,20.0
6496,271,16,-11.69,8.41,277.1,False,False,26.69,165.28,20.0
6497,271,17,-10.35,4.21,236.1,False,False,25.35,149.16,20.0
6498,271,18,-11.7,6.18,79.5,False,False,26.7,155.21,20.0
6499,271,19,-8.66,7.94,0.0,False,False,23.66,147.35,20.0
6500,271,20,-11.1,5.01,0.0,False,False,26.1,154.9,20.0
6501,271,21,-11.12,16.67,0.0,False,False,26.12,191.78,20.0
6502,271,22,-8.74,5.07,0.0,False,False,23.74,136.82,20.0
6503,271,23,-13.02,7.67,0.0,False,False,28.02,161.28,20.0
6504,272,0,-13.97,2.5,0.0,False,False,28.97,152.73,20.0
6505,272,1,-12.28,11.98,0.0,False,False,27.28,182.27,20.0
6506,272,2,-15.15,15.33,0.0,False,False,30.15,212.55,20.0
6507,272,3,-13.5,4.16,0.0,False,False,28.5,154.52,20.0
6508,272,4,-14.59,2.98,0.0,False,False,29.59,152.26,20.0
6509,272,5,-12.02,8.35,0.0,False,False,27.02,162.08,20.0
6510,272,6,-13.6,17.68,100.0,False,False,28.6,209.16,20.0
6511,272,7,-13.16,3.27,236.6,False,False,28.16,150.52,20.0
6512,272,8,-10.47,6.3,308.7,False,False,25.47,150.94,20.0
6513,272,9,-11.16,8.73,217.9,False,False,26.16,169.31,20.0
6514,272,10,-14.42,7.85,387.0,False,False,29.42,170.66,20.0
6515,272,11,-13.28,9.44,374.9,False,False,28.28,173.5,20.0
6516,272,12,-12.59,14.22,565.5,False,False,27.59,187.98,20.0
6517,272,13,-12.13,12.1,501.0,False,False,27.13,186.4,20.0
6518,272,14,-9.74,6.23,474.2,False,False,24.74,142.29,20.0
6519,272,15,-10.45,3.23,300.7,False,False,25.45,141.71,20.0
6520,272,16,-9.17,12.56,151.6,False,False,24.17,173.46,20.0
6521,272,17,-10.28,6.29,212.0,False,False,25.28,149.08,20.0
6522,272,18,-10.16,7.79,91.4,False,False,25.16,157.67,20.0
6523,272,19,-11.6,11.47,0.0,False,False,26.6,167.36,20.0
6524,272,20,-12.88,12.36,0.0,False,False,27.88,184.26,20.0
6525,272,21,-11.51,11.14,0.0,False,False,26.51,167.46,20.0
6526,272,22,-12.19,16.21,0.0,False,False,27.19,198.69,20.0
6527,272,23,-13.48,7.35,0.0,False,False,28.48,167.46,20.0
6528,273,0,-11.45,5.25,0.0,False,False,26.45,147.32,20.0
6529,273,1,-18.62,4.43,0.0,False,False,33.62,178.55,20.0
6530,273,2,-14.31,5.41,0.0,False,False,29.31,163.88,20.0
6531,273,3,-14.02,5.53,0.0,False,False,29.02,159.76,20.0
6532,273,4,-10.69,8.42,0.0,False,False,25.69,157.52,20.0
6533,273,5,-9.37,9.93,0.0,False,False,24.37,153.36,20.0
6534,273,6,-14.89,4.08,81.3,False,False,29.89,158.1,20.0
6535,273,7,-8.65,11.49,212.2,False,False,23.65,169.72,20.0
6536,273,8,-13.34,12.05,263.1,False,False,28.34,184.0,20.0
6537,273,9,-12.86,1.52,417.8,False,False,27.86,142.06,20.0
6538,273,10,-10.73,10.05,319.5,False,False,25.73,163.85,20.0
6539,273,11,-10.7,5.84,399.2,False,False,25.7,152.83,20.0
6540,273,12,-13.11,13.97,280.5,False,False,28.11,195.49,20.0
6541,273,13,-8.76,7.28,559.1,False,False,23.76,145.95,20.0
6542,273,14,-8.9,4.89,507.8,False,False,23.9,131.86,20.0
6543,273,15,-8.47,4.06,264.5,False,False,23.47,132.26,20.0
6544,273,16,-11.86,8.07,278.7,False,False,26.86,168.11,20.0
6545,273,17,-11.55,5.9,161.1,False,False,26.55,152.39,20.0
6546,273,18,-12.05,3.45,63.7,False,False,27.05,147.94,20.0
6547,273,19,-9.13,2.88,0.0,False,False,24.13,130.64,20.0
6548,273,20,-18.66,8.7,0.0,False,False,33.66,189.16,20.0
6549,273,21,-15.32,3.15,0.0,False,False,30.32,157.94,20.0
6550,273,22,-13.71,1.67,0.0,False,False,28.71,145.23,20.0
6551,273,23,-16.1,12.14,0.0,False,False,31.1,198.77,20.0
6552,274,0,-14.2,4.35,0.0,False,False,29.2,155.93,20.0
6553,274,1,-13.87,9.41,0.0,False,False,28.87,179.18,20.0
6554,274,2,-14.74,7.98,0.0,False,False,29.74,173.33,20.0
6555,274,3,-12.97,5.18,0.0,False,False,27.97,157.51,20.0
6556,274,4,-11.43,14.75,0.0,False,False,26.43,187.15,20.0
6557,274,5,-12.68,10.17,4.4,False,False,27.68,166.38,20.0
6558,274,6,-12.59,7.05,120.6,False,False,27.59,161.8,20.0
6559,274,7,-11.5,4.58,119.0,False,False,26.5,145.55,20.0
6560,274,8,-10.7,9.76,287.1,False,False,25.7,161.46,20.0
6561,274,9,-13.75,10.53,254.8,False,False,28.75,183.91,20.0
6562,274,10,-9.03,7.61,489.4,False,False,24.03,147.3,20.0
6563,274,11,-10.66,7.14,367.3,False,False,25.66,156.63,20.0
6564,274,12,-7.16,10.15,389.4,False,False,22.16,153.88,20.0
6565,274,13,-8.57,6.96,513.0,False,False,23.57,145.5,20.0
6566,274,14,-7.62,4.85,245.3,False,False,22.62,127.63,20.0
6567,274,15,-12.3,3.29,358.5,False,False,27.3,142.85,20.0
6568,274,16,-11.43,6.99,369.4,False,False,26.43,160.81,20.0
6569,274,17,-13.66,18.23,210.1,False,False,28.66,213.97,20.0
6570,274,18,-13.1,10.6,63.2,False,False,28.1,176.32,20.0
6571,274,19,-9.7,6.99,8.1,False,False,24.7,149.49,20.0
6572,274,20,-9.71,11.41,0.0,False,False,24.71,168.26,20.0
6573,274,21,-15.4,8.29,0.0,False,False,30.4,181.02,20.0
6574,274,22,-14.34,24.43,0.0,False,False,29.34,248.87,20.0
6575,274,23,-13.77,5.09,0.0,False,False,28.77,155.68,20.0
6576,275,0,-12.21,6.75,0.0,False,False,27.21,158.45,20.0
6577,275,1,-16.84,8.24,0.0,False,False,31.84,185.16,20.0
6578,275,2,-16.32,7.76,0.0,False,False,31.32,181.51,20.0
6579,275,3,-11.82,7.59,0.0,False,False,26.82,152.99,20.0
6580,275,4,-16.28,4.03,0.0,False,False,31.28,162.99,20.0
6581,275,5,-12.8,2.46,15.8,False,False,27.8,138.83,20.0
6582,275,6,-11.06,3.87,111.4,False,False,26.06,148.93,20.0
6583,275,7,-10.03,1.39,136.4,False,False,25.03,136.39,20.0
6584,275,8,-10.67,2.68,363.9,False,False,25.67,144.03,20.0
6585,275,9,-10.7,8.54,289.4,False,False,25.7,163.28,20.0
6586,275,10,-7.96,6.3,340.3,False,False,22.96,138.17,20.0
6587,275,11,-8.88,4.69,319.4,False,False,23.88,141.93,20.0
6588,275,12,-10.68,6.24,585.7,False,False,25.68,150.34,20.0
6589,275,13,-9.38,2.14,447.6,False,False,24.38,133.18,20.0
6590,275,14,-8.89,6.9,237.2,False,False,23.89,142.53,20.0
6591,275,15,-6.53,3.43,244.9,False,False,21.53,122.58,20.0
6592,275,16,-8.81,12.98,264.2,False,False,23.81,169.31,20.0
6593,275,17,-8.44,9.64,140.7,False,False,23.44,160.84,20.0
6594,275,18,-12.61,9.23,115.9,False,False,27.61,171.41,20.0
6595,275,19,-12.95,7.69,12.9,False,False,27.95,175.52,20.0
6596,275,20,-12.85,10.06,0.0,False,False,27.85,186.97,20.0
6597,275,21,-13.09,6.92,0.0,False,False,28.09,158.9,20.0
6598,275,22,-15.13,4.62,0.0,False,False,30.13,162.12,20.0
6599,275,23,-10.78,9.31,0.0,False,False,25.78,159.66,20.0
6600,276,0,-11.31,11.73,0.0,False,False,26.31,174.86,20.0
6601,276,1,-13.62,4.16,0.0,False,False,28.62,152.26,20.0
6602,276,2,-11.53,2.9,0.0,False,False,26.53,141.1,20.0
6603,276,3,-12.05,16.95,0.0,False,False,27.05,204.08,20.0
6604,276,4,-10.64,13.79,0.0,False,False,25.64,183.73,20.0
6605,276,5,-14.29,7.31,16.0,False,False,29.29,171.81,20.0
6606,276,6,-11.37,1.84,77.0,False,False,26.37,136.61,20.0
6607,276,7,-10.68,8.26,116.3,False,False,25.68,159.4,20.0
6608,276,8,-8.83,21.41,185.1,False,False,23.83,198.22,20.0
6609,276,9,-10.92,10.02,427.7,False,False,25.92,169.11,20.0
6610,276,10,-14.35,9.6,230.3,False,False,29.35,181.14,20.0
6611,276,11,-11.31,7.03,398.0,False,False,26.31,158.86,20.0
6612,276,12,-9.2,9.17,329.0,False,False,24.2,150.49,20.0
6613,276,13,-9.02,10.0,527.2,False,False,24.02,160.97,20.0
6614,276,14,-5.98,7.91,480.4,False,False,20.98,143.88,20.0
6615,276,15,-8.5,6.51,411.2,False,False,23.5,143.81,20.0
6616,276,16,-9.92,7.98,244.3,False,False,24.92,148.92,20.0
6617,276,17,-10.63,7.79,270.1,False,False,25.63,162.25,20.0
6618,276,18,-8.87,2.06,152.6,False,False,23.87,127.4,20.0
6619,276,19,-12.78,19.34,27.8,False,False,27.78,202.61,20.0
6620,276,20,-12.36,9.61,0.0,False,False,27.36,171.07,20.0
6621,276,21,-14.67,12.72,0.0,False,False,29.67,198.89,20.0
6622,276,22,-9.98,8.41,0.0,False,False,24.98,157.91,20.0
6623,276,23,-12.23,5.49,0.0,False,False,27.23,159.41,20.0
6624,277,0,-14.19,11.39,0.0,False,False,29.19,190.68,20.0
6625,277,1,-12.94,2.8,0.0,False,False,27.94,146.58,20.0
6626,277,2,-11.49,24.81,0.0,False,False,26.49,220.48,20.0
6627,277,3,-12.69,11.32,0.0,False,False,27.69,176.16,20.0
6628,277,4,-12.85,21.96,0.0,False,False,27.85,226.51,20.0
6629,277,5,-12.61,9.33,47.1,False,False,27.61,174.62,20.0
6630,277,6,-10.1,2.09,133.6,False,False,25.1,129.07,20.0
6631,277,7,-10.98,9.54,167.6,False,False,25.98,162.84,20.0
6632,277,8,-10.69,6.04,297.1,False,False,25.69,152.29,20.0
6633,277,9,-12.04,9.36,237.6,False,False,27.04,161.88,20.0
6634,277,10,-8.89,22.12,365.5,False,False,23.89,192.96,20.0
6635,277,11,-9.21,7.08,390.4,False,False,24.21,147.22,20.0
6636,277,12,-9.42,9.5,447.6,False,False,24.42,158.89,20.0
6637,277,13,-8.45,6.2,370.8,False,False,23.45,139.9,20.0
6638,277,14,-7.55,6.94,367.8,False,False,22.55,131.5,20.0
6639,277,15,-7.96,17.32,445.9,False,False,22.96,178.16,20.0
6640,277,16,-8.67,13.14,200.9,False,False,23.67,162.09,20.0
6641,277,17,-10.74,6.5,277.4,False,False,25.74,155.0,20.0
6642,277,18,-11.91,7.19,125.4,False,False,26.91,159.68,20.0
6643,277,19,-13.38,5.28,37.4,False,False,28.38,159.29,20.0
6644,277,20,-12.97,6.06,0.0,False,False,27.97,162.42,20.0
6645,277,21,-12.15,6.21,0.0,False,False,27.15,155.04,20.0
6646,277,22,-14.08,7.71,0.0,False,False,29.08,174.91,20.0
6647,277,23,-12.52,2.26,0.0,False,False,27.52,147.27,20.0
6648,278,0,-14.41,5.97,0.0,False,False,29.41,166.97,20.0
6649,278,1,-15.73,5.46,0.0,False,False,30.73,173.72,20.0
6650,278,2,-10.57,14.01,0.0,False,False,25.57,178.03,20.0
6651,278,3,-12.84,7.15,0.0,False,False,27.84,167.52,20.0
6652,278,4,-13.15,8.25,0.0,False,False,28.15,170.93,20.0
6653,278,5,-13.18,5.88,30.9,False,False,28.18,156.08,20.0
6654,278,6,-9.63,7.18,119.0,False,False,24.63,149.98,20.0
6655,278,7,-7.21,6.06,287.9,False,False,22.21,134.11,20.0
6656,278,8,-10.28,7.77,206.3,False,False,25.28,153.13,20.0
6657,278,9,-9.5,9.32,243.6,False,False,24.5,157.95,20.0
6658,278,10,-6.6,3.52,449.9,False,False,21.6,129.68,20.0
6659,278,11,-12.17,9.98,426.0,False,False,27.17,171.31,20.0
6660,278,12,-4.54,4.39,313.7,False,False,19.54,120.84,20.0
6661,278,13,-3.66,17.63,451.8,False,False,18.66,148.2,20.0
6662,278,14,-14.16,7.69,527.1,False,False,29.16,172.32,20.0
6663,278,15,-9.26,8.19,442.8,False,False,24.26,156.96,20.0
6664,278,16,-10.92,8.35,161.8,False,False,25.92,163.57,20.0
6665,278,17,-10.49,7.44,276.6,False,False,25.49,156.85,20.0
6666,278,18,-11.32,5.02,142.6,False,False,26.32,146.91,20.0
6667,278,19,-9.37,8.2,34.0,False,False,24.37,149.05,20.0
6668,278,20,-11.7,7.97,0.0,False,False,26.7,161.94,20.0
6669,278,21,-13.71,4.71,0.0,False,False,28.71,151.81,20.0
6670,278,22,-12.55,3.54,0.0,False,False,27.55,142.86,20.0
6671,278,23,-11.38,11.35,0.0,False,False,26.38,178.02,20.0
6672,279,0,-14.55,5.96,0.0,False,False,29.55,162.3,20.0
6673,279,1,-15.4,6.7,0.0,False,False,30.4,179.9,20.0
6674,279,2,-7.93,7.99,0.0,False,False,22.93,140.15,20.0
6675,279,3,-12.88,4.95,0.0,False,False,27.88,156.58,20.0
6676,279,4,-11.45,8.55,0.0,False,False,26.45,158.88,20.0
6677,279,5,-11.49,6.87,64.3,False,False,26.49,157.71,20.0
6678,279,6,-9.08,7.2,165.2,False,False,24.08,143.9,20.0
6679,279,7,-6.12,12.44,128.6,False,False,21.12,152.11,20.0
6680,279,8,-8.02,7.84,379.6,False,False,23.02,145.07,20.0
6681,279,9,-11.8,6.54,360.0,False,False,26.8,155.22,20.0
6682,279,10,-11.22,4.19,361.8,False,False,26.22,147.37,20.0
6683,279,11,-9.05,8.33,243.5,False,False,24.05,157.94,20.0
6684,279,12,-8.72,11.12,452.7,False,False,23.72,158.08,20.0
6685,279,13,-11.69,6.6,292.2,False,False,26.69,160.29,20.0
6686,279,14,-6.81,11.08,400.2,False,False,21.81,151.33,20.0
6687,279,15,-10.94,8.39,250.6,False,False,25.94,160.49,20.0
6688,279,16,-6.19,7.54,329.9,False,False,21.19,145.42,20.0
6689,279,17,-6.02,8.89,138.9,False,False,21.02,131.65,20.0
6690,279,18,-10.68,3.62,147.3,False,False,25.68,138.38,20.0
6691,279,19,-9.82,6.01,57.4,False,False,24.82,139.58,20.0
6692,279,20,-13.64,6.13,0.0,False,False,28.64,161.69,20.0
6693,279,21,-10.35,6.74,0.0,False,False,25.35,150.79,20.0
6694,279,22,-12.91,16.21,0.0,False,False,27.91,217.23,20.0
6695,279,23,-14.29,7.66,0.0,False,False,29.29,173.71,20.0
6696,280,0,-12.46,3.31,0.0,False,False,27.46,153.57,20.0
6697,280,1,-12.74,5.29,0.0,False,False,27.74,160.88,20.0
6698,280,2,-12.26,7.2,0.0,False,False,27.26,159.88,20.0
6699,280,3,-9.4,7.82,0.0,False,False,24.4,153.55,20.0
6700,280,4,-12.45,1.35,0.0,False,False,27.45,144.97,20.0
6701,280,5,-6.93,9.28,41.8,False,False,21.93,146.34,20.0
6702,280,6,-12.53,9.47,184.8,False,False,27.53,172.98,20.0
6703,280,7,-6.13,4.09,224.5,False,False,21.13,127.53,20.0
6704,280,8,-10.91,10.97,198.5,False,False,25.91,164.54,20.0
6705,280,9,-8.47,6.57,380.6,False,False,23.47,139.97,20.0
6706,280,10,-9.13,4.51,263.7,False,False,24.13,139.83,20.0
6707,280,11,-8.64,3.93,547.9,False,False,23.64,136.7,20.0
6708,280,12,-6.28,9.18,533.8,False,False,21.28,138.71,20.0
6709,280,13,-4.95,5.47,465.7,False,False,19.95,123.88,20.0
6710,280,14,-5.77,8.23,297.3,False,False,20.77,136.57,20.0
6711,280,15,-9.28,3.86,480.1,False,False,24.28,136.11,20.0
6712,280,16,-8.51,6.17,374.7,False,False,23.51,144.69,20.0
6713,280,17,-10.93,8.89,260.2,False,False,25.93,162.93,20.0
6714,280,18,-11.86,12.26,126.1,False,False,26.86,180.95,20.0
6715,280,19,-12.69,12.9,58.7,False,False,27.69,181.53,20.0
6716,280,20,-11.76,12.13,0.0,False,False,26.76,175.09,20.0
6717,280,21,-10.8,22.05,0.0,False,False,25.8,214.12,20.0
6718,280,22,-15.44,8.3,0.0,False,False,30.44,173.93,20.0
6719,280,23,-11.91,3.8,0.0,False,False,26.91,147.47,20.0
6720,281,0,-8.55,5.35,0.0,False,False,23.55,136.58,20.0
6721,281,1,-9.27,12.73,0.0,False,False,24.27,165.73,20.0
6722,281,2,-12.49,4.99,0.0,False,False,27.49,156.06,20.0
6723,281,3,-13.79,1.12,0.0,False,False,28.79,139.22,20.0
6724,281,4,-9.67,6.28,0.0,False,False,24.67,143.72,20.0
6725,281,5,-14.74,10.86,43.4,False,False,29.74,185.87,20.0
6726,281,6,-7.36,5.3,91.3,False,False,22.36,134.49,20.0
6727,281,7,-9.49,13.04,198.3,False,False,24.49,182.11,20.0
6728,281,8,-4.92,17.0,368.5,False,False,19.92,151.07,20.0
6729,281,9,-11.62,8.2,466.5,False,False,26.62,162.78,20.0
6730,281,10,-6.02,18.49,276.6,False,False,21.02,169.54,20.0
6731,281,11,-7.85,29.88,336.0,False,False,22.85,224.24,20.0
6732,281,12,-8.25,11.03,564.7,False,False,23.25,156.33,20.0
6733,281,13,-10.39,8.75,438.3,False,False,25.39,149.69,20.0
6734,281,14,-6.66,8.36,355.9,False,False,21.66,146.66,20.0
6735,281,15,-6.82,6.98,269.7,False,False,21.82,133.26,20.0
6736,281,16,-5.01,9.64,194.5,False,False,20.01,137.65,20.0
6737,281,17,-7.05,17.2,149.3,False,False,22.05,166.94,20.0
6738,281,18,-10.77,15.21,171.5,False,False,25.77,181.83,20.0
6739,281,19,-12.11,18.66,80.6,False,False,27.11,205.58,20.0
6740,281,20,-13.32,2.1,0.0,False,False,28.32,147.86,20.0
6741,281,21,-8.05,10.69,0.0,False,False,23.05,158.98,20.0
6742,281,22,-12.87,14.6,0.0,False,False,27.87,192.76,20.0
6743,281,23,-8.56,7.8,0.0,False,False,23.56,149.86,20.0
6744,282,0,-10.24,6.8,0.0,False,False,25.24,149.94,20.0
6745,282,1,-10.56,6.03,0.0,False,False,25.56,150.26,20.0
6746,282,2,-11.64,5.44,0.0,False,False,26.64,152.51,20.0
6747,282,3,-9.38,8.55,0.0,False,False,24.38,156.65,20.0
6748,282,4,-10.32,12.99,0.0,False,False,25.32,172.82,20.0
6749,282,5,-10.55,2.35,95.1,False,False,25.55,135.14,20.0
6750,282,6,-7.9,4.28,138.0,False,False,22.9,133.75,20.0
6751,282,7,-9.06,5.23,171.8,False,False,24.06,141.12,20.0
6752,282,8,-9.89,3.05,223.9,False,False,24.89,132.76,20.0
6753,282,9,-6.68,10.11,240.2,False,False,21.68,153.99,20.0
6754,282,10,-7.69,9.44,247.9,False,False,22.69,147.8,20.0
6755,282,11,-6.38,11.36,475.3,False,False,21.38,152.75,20.0
6756,282,12,-8.2,1.86,398.4,False,False,23.2,126.42,20.0
6757,282,13,-9.78,10.68,287.7,False,False,24.78,168.74,20.0
6758,282,14,-4.09,12.95,484.4,False,False,19.09,134.38,20.0
6759,282,15,-4.78,10.21,204.4,False,False,19.78,146.63,20.0
6760,282,16,-6.52,7.47,277.0,False,False,21.52,137.02,20.0
6761,282,17,-9.55,6.94,156.3,False,False,24.55,144.11,20.0
6762,282,18,-9.89,8.99,92.8,False,False,24.89,158.61,20.0
6763,282,19,-7.04,8.46,79.2,False,False,22.04,152.35,20.0
6764,282,20,-11.0,5.32,0.0,False,False,26.0,150.84,20.0
6765,282,21,-11.97,1.96,0.0,False,False,26.97,134.22,20.0
6766,282,22,-7.28,5.73,0.0,False,False,22.28,133.49,20.0
6767,282,23,-11.32,17.57,0.0,False,False,26.32,203.78,20.0
6768,283,0,-7.46,2.16,0.0,False,False,22.46,118.45,20.0
6769,283,1,-13.73,8.38,0.0,False,False,28.73,172.22,20.0
6770,283,2,-9.69,15.48,0.0,False,False,24.69,180.05,20.0
6771,283,3,-6.27,11.5,0.0,False,False,21.27,158.25,20.0
6772,283,4,-9.94,12.4,1.8,False,False,24.94,169.92,20.0
6773,283,5,-10.04,11.7,72.1,False,False,25.04,174.17,20.0
6774,283,6,-11.33,3.07,162.3,False,False,26.33,138.57,20.0
6775,283,7,-6.32,14.09,323.4,False,False,21.32,154.97,20.0
6776,283,8,-9.54,15.09,375.6,False,False,24.54,182.95,20.0
6777,283,9,-7.77,3.64,261.1,False,False,22.77,132.65,20.0
6778,283,10,-9.73,6.0,483.2,False,False,24.73,139.4,20.0
6779,283,11,-3.95,22.86,374.7,False,False,18.95,173.04,20.0
6780,283,12,-4.69,6.04,533.7,False,False,19.69,128.28,20.0
6781,283,13,-7.13,5.06,453.3,False,False,22.13,130.05,20.0
6782,283,14,-9.57,5.13,447.8,False,False,24.57,143.28,20.0
6783,283,15,-4.51,10.66,308.3,False,False,19.51,139.57,20.0
6784,283,16,-8.73,12.21,352.2,False,False,23.73,162.34,20.0
6785,283,17,-10.69,5.14,247.7,False,False,25.69,144.57,20.0
6786,283,18,-12.52,12.17,178.7,False,False,27.52,180.51,20.0
6787,283,19,-10.81,6.03,87.2,False,False,25.81,149.73,20.0
6788,283,20,-12.91,3.78,1.4,False,False,27.91,144.73,20.0
6789,283,21,-11.66,8.87,0.0,False,False,26.66,165.49,20.0
6790,283,22,-9.24,7.67,0.0,False,False,24.24,144.39,20.0
6791,283,23,-11.68,9.05,0.0,False,False,26.68,166.76,20.0
6792,284,0,-9.99,8.97,0.0,False,False,24.99,158.13,20.0
6793,284,1,-12.08,8.5,0.0,False,False,27.08,161.94,20.0
6794,284,2,-10.31,7.22,0.0,False,False,25.31,156.66,20.0
6795,284,3,-6.28,12.04,0.0,False,False,21.28,159.09,20.0
6796,284,4,-10.4,10.26,10.9,False,False,25.4,170.5,20.0
6797,284,5,-8.46,6.14,128.3,False,False,23.46,136.12,20.0
6798,284,6,-11.84,6.06,166.5,False,False,26.84,160.21,20.0
6799,284,7,-5.15,2.91,295.0,False,False,20.15,119.01,20.0
6800,284,8,-8.66,3.18,286.3,False,False,23.66,131.66,20.0
6801,284,9,-5.19,6.95,258.7,False,False,20.19,128.16,20.0
6802,284,10,-7.22,11.27,229.4,False,False,22.22,153.51,20.0
6803,284,11,-5.55,4.68,368.2,False,False,20.55,130.57,20.0
6804,284,12,-5.36,10.49,571.0,False,False,20.36,144.22,20.0
6805,284,13,-7.68,8.34,350.3,False,False,22.68,144.17,20.0
6806,284,14,-4.79,19.84,345.3,False,False,19.79,164.43,20.0
6807,284,15,-8.81,7.82,409.6,False,False,23.81,147.33,20.0
6808,284,16,-6.15,7.66,362.1,False,False,21.15,139.17,20.0
6809,284,17,-8.97,4.96,261.4,False,False,23.97,146.81,20.0
6810,284,18,-8.01,10.15,145.1,False,False,23.01,149.33,20.0
6811,284,19,-10.15,11.82,126.6,False,False,25.15,169.93,20.0
6812,284,20,-9.61,6.43,9.9,False,False,24.61,145.82,20.0
6813,284,21,-12.27,3.99,0.0,False,False,27.27,145.46,20.0
6814,284,22,-9.94,12.1,0.0,False,False,24.94,171.52,20.0
6815,284,23,-10.55,3.07,0.0,False,False,25.55,140.58,20.0
6816,285,0,-11.5,8.71,0.0,False,False,26.5,158.66,20.0
6817,285,1,-10.46,4.68,0.0,False,False,25.46,140.1,20.0
6818,285,2,-9.88,3.8,0.0,False,False,24.88,143.4,20.0
6819,285,3,-11.06,5.66,0.0,False,False,26.06,151.64,20.0
6820,285,4,-9.67,7.66,27.0,False,False,24.67,154.22,20.0
6821,285,5,-10.95,4.26,121.2,False,False,25.95,142.5,20.0
6822,285,6,-3.73,3.45,159.6,False,False,18.73,112.98,20.0
6823,285,7,-5.78,2.53,190.5,False,False,20.78,121.06,20.0
6824,285,8,-6.87,15.49,371.7,False,False,21.87,163.69,20.0
6825,285,9,-4.66,9.07,332.4,False,False,19.66,130.12,20.0
6826,285,10,-10.64,4.86,549.9,False,False,25.64,145.6,20.0
6827,285,11,-11.6,9.3,537.8,False,False,26.6,170.68,20.0
6828,285,12,-7.22,7.62,524.6,False,False,22.22,137.28,20.0
6829,285,13,-9.24,10.68,353.7,False,False,24.24,165.45,20.0
6830,285,14,-7.16,6.7,460.7,False,False,22.16,140.83,20.0
6831,285,15,-6.59,11.63,430.9,False,False,21.59,148.19,20.0
6832,285,16,-5.58,5.25,280.5,False,False,20.58,126.95,20.0
6833,285,17,-10.18,8.31,159.1,False,False,25.18,156.66,20.0
6834,285,18,-7.62,26.27,209.9,False,False,22.62,208.89,20.0
6835,285,19,-8.91,8.52,81.8,False,False,23.91,154.57,20.0
6836,285,20,-8.72,17.86,13.9,False,False,23.72,179.15,20.0
6837,285,21,-10.87,10.58,0.0,False,False,25.87,163.36,20.0
6838,285,22,-7.38,9.22,0.0,False,False,22.38,151.51,20.0
6839,285,23,-10.56,6.2,0.0,False,False,25.56,150.87,20.0
6840,286,0,-6.58,8.4,0.0,False,False,21.58,142.76,20.0
6841,286,1,-11.64,13.28,0.0,False,False,26.64,184.5,20.0
6842,286,2,-8.38,5.79,0.0,False,False,23.38,146.05,20.0
6843,286,3,-9.66,4.59,0.0,False,False,24.66,135.97,20.0
6844,286,4,-9.79,5.81,29.7,False,False,24.79,150.11,20.0
6845,286,5,-7.38,5.65,82.3,False,False,22.38,132.2,20.0
6846,286,6,-8.73,9.85,171.3,False,False,23.73,158.74,20.0
6847,286,7,-12.94,16.81,269.7,False,False,27.94,210.03,20.0
6848,286,8,-13.26,3.15,403.2,False,False,28.26,143.17,20.0
6849,286,9,-4.17,1.8,471.4,False,False,19.17,112.98,20.0
6850,286,10,-3.94,7.73,374.7,False,False,18.94,126.33,20.0
6851,286,11,-2.42,4.27,300.7,False,False,17.42,110.62,20.0
6852,286,12,-6.16,8.9,494.7,False,False,21.16,140.99,20.0
6853,286,13,-8.78,9.43,572.0,False,False,23.78,150.43,20.0
6854,286,14,-7.24,20.66,544.1,False,False,22.24,181.14,20.0
6855,286,15,-6.69,9.99,506.1,False,False,21.69,149.38,20.0
6856,286,16,-9.14,5.16,241.9,False,False,24.14,144.14,20.0
6857,286,17,-4.31,5.16,319.9,False,False,19.31,119.36,20.0
6858,286,18,-3.65,4.74,111.3,False,False,18.65,112.05,20.0
6859,286,19,-7.69,5.84,62.4,False,False,22.69,146.51,20.0
6860,286,20,-9.15,7.34,33.4,False,False,24.15,153.08,20.0
6861,286,21,-12.13,6.93,0.0,False,False,27.13,161.3,20.0
6862,286,22,-6.77,8.09,0.0,False,False,21.77,136.87,20.0
6863,286,23,-9.91,9.74,0.0,False,False,24.91,158.67,20.0
6864,287,0,-10.42,8.14,0.0,False,False,25.42,158.2,20.0
6865,287,1,-8.81,15.34,0.0,False,False,23.81,172.05,20.0
6866,287,2,-10.75,7.62,0.0,False,False,25.75,163.03,20.0
6867,287,3,-8.96,10.86,0.0,False,False,23.96,161.11,20.0
6868,287,4,-11.73,2.91,39.9,False,False,26.73,143.62,20.0
6869,287,5,-6.19,8.09,128.8,False,False,21.19,134.32,20.0
6870,287,6,-8.05,6.89,107.2,False,False,23.05,138.86,20.0
6871,287,7,-5.01,6.57,328.0,False,False,20.01,125.5,20.0
6872,287,8,-7.25,13.15,192.5,False,False,22.25,161.04,20.0
6873,287,9,-6.7,18.21,471.0,False,False,21.7,172.53,20.0
6874,287,10,-8.54,9.79,551.3,False,False,23.54,153.62,20.0
6875,287,11,-4.39,17.51,555.6,False,False,19.39,159.08,20.0
6876,287,12,-7.6,5.5,435.2,False,False,22.6,136.72,20.0
6877,287,13,-6.89,3.21,508.2,False,False,21.89,131.31,20.0
6878,287,14,-6.11,7.98,281.7,False,False,21.11,136.91,20.0
6879,287,15,-6.19,9.16,490.6,False,False,21.19,137.79,20.0
6880,287,16,-10.26,2.76,183.4,False,False,25.26,136.11,20.0
6881,287,17,-7.79,14.3,263.8,False,False,22.79,172.45,20.0
6882,287,18,-6.25,3.77,180.4,False,False,21.25,122.7,20.0
6883,287,19,-9.12,8.95,143.2,False,False,24.12,154.62,20.0
6884,287,20,-9.29,14.15,45.8,False,False,24.29,172.74,20.0
6885,287,21,-8.93,8.06,0.0,False,False,23.93,151.97,20.0
6886,287,22,-9.83,4.99,0.0,False,False,24.83,143.92,20.0
6887,287,23,-11.84,4.83,0.0,False,False,26.84,147.0,20.0
6888,288,0,-9.63,8.17,0.0,False,False,24.63,152.97,20.0
6889,288,1,-7.5,10.87,0.0,False,False,22.5,157.26,20.0
6890,288,2,-11.4,8.79,0.0,False,False,26.4,168.47,20.0
6891,288,3,-9.72,4.77,0.0,False,False,24.72,145.29,20.0
6892,288,4,-11.32,6.8,39.0,False,False,26.32,159.33,20.0
6893,288,5,-6.2,4.41,70.9,False,False,21.2,125.42,20.0
6894,288,6,-7.75,4.39,229.4,False,False,22.75,131.21,20.0
6895,288,7,-8.74,4.26,175.9,False,False,23.74,139.66,20.0
6896,288,8,-6.38,6.03,407.1,False,False,21.38,128.01,20.0
6897,288,9,-8.55,7.18,286.3,False,False,23.55,145.36,20.0
6898,288,10,-7.9,7.62,423.4,False,False,22.9,137.02,20.0
6899,288,11,-8.55,8.55,336.6,False,False,23.55,148.94,20.0
6900,288,12,-7.69,4.92,492.8,False,False,22.69,131.44,20.0
6901,288,13,-2.91,7.26,277.5,False,False,17.91,116.94,20.0
6902,288,14,-7.3,7.72,339.5,False,False,22.3,144.33,20.0
6903,288,15,-5.21,12.57,361.4,False,False,20.21,144.75,20.0
6904,288,16,-8.23,2.81,335.9,False,False,23.23,127.55,20.0
6905,288,17,-5.52,3.29,274.5,False,False,20.52,119.65,20.0
6906,288,18,-9.61,9.54,123.0,False,False,24.61,155.94,20.0
6907,288,19,-8.0,10.04,72.9,False,False,23.0,158.7,20.0
6908,288,20,-8.46,9.56,36.0,False,False,23.46,151.64,20.0
6909,288,21,-4.32,9.51,0.0,False,False,19.32,135.03,20.0
6910,288,22,-8.03,17.98,0.0,False,False,23.03,175.54,20.0
6911,288,23,-10.68,16.82,0.0,False,False,25.68,189.98,20.0
6912,289,0,-7.91,11.87,0.0,False,False,22.91,157.7,20.0
6913,289,1,-4.94,3.01,0.0,False,False,19.94,116.47,20.0
6914,289,2,-12.27,6.34,0.0,False,False,27.27,155.77,20.0
6915,289,3,-10.38,6.16,0.0,False,False,25.38,150.1,20.0
6916,289,4,-8.75,6.91,67.9,False,False,23.75,151.61,20.0
6917,289,5,-8.63,5.75,135.5,False,False,23.63,140.35,20.0
6918,289,6,-7.95,3.93,118.4,False,False,22.95,131.29,20.0
6919,289,7,-9.37,7.79,269.4,False,False,24.37,149.8,20.0
6920,289,8,-3.47,12.98,248.9,False,False,18.47,149.9,20.0
6921,289,9,-8.71,5.66,381.4,False,False,23.71,147.21,20.0
6922,289,10,-5.95,8.52,530.7,False,False,20.95,140.87,20.0
6923,289,11,-3.26,7.02,448.2,False,False,18.26,125.3,20.0
6924,289,12,-5.34,9.51,578.6,False,False,20.34,136.19,20.0
6925,289,13,-7.31,6.7,310.0,False,False,22.31,138.09,20.0
6926,289,14,-8.25,5.23,315.0,False,False,23.25,138.34,20.0
6927,289,15,-6.33,5.83,251.8,False,False,21.33,132.25,20.0
6928,289,16,-7.79,12.73,201.7,False,False,22.79,157.96,20.0
6929,289,17,-6.35,7.47,151.6,False,False,21.35,134.05,20.0
6930,289,18,-10.08,7.35,270.8,False,False,25.08,154.8,20.0
6931,289,19,-6.17,12.54,123.3,False,False,21.17,153.67,20.0
6932,289,20,-8.05,13.68,75.8,False,False,23.05,157.66,20.0
6933,289,21,-8.31,1.84,0.0,False,False,23.31,126.26,20.0
6934,289,22,-6.13,3.34,0.0,False,False,21.13,128.07,20.0
6935,289,23,-10.09,10.75,0.0,False,False,25.09,163.09,20.0
6936,290,0,-10.45,7.65,0.0,False,False,25.45,156.46,20.0
6937,290,1,-10.03,13.7,0.0,False,False,25.03,170.7,20.0
6938,290,2,-9.12,2.82,0.0,False,False,24.12,135.53,20.0
6939,290,3,-8.6,8.21,0.0,False,False,23.6,145.08,20.0
6940,290,4,-9.66,9.75,70.0,False,False,24.66,154.94,20.0
6941,290,5,-11.57,6.21,183.1,False,False,26.57,153.41,20.0
6942,290,6,-8.12,10.45,278.7,False,False,23.12,164.4,20.0
6943,290,7,-5.76,10.86,191.9,False,False,20.76,142.73,20.0
6944,290,8,-5.73,7.06,204.1,False,False,20.73,128.21,20.0
6945,290,9,-3.19,6.81,291.4,False,False,18.19,123.48,20.0
6946,290,10,-1.36,11.38,498.6,False,False,16.36,126.05,20.0
6947,290,11,-3.55,8.13,270.6,False,False,18.55,133.36,20.0
6948,290,12,-2.24,9.42,478.2,False,False,17.24,119.43,20.0
6949,290,13,-3.54,8.11,377.7,False,False,18.54,120.51,20.0
6950,290,14,-1.85,7.9,533.0,False,False,16.85,117.53,20.0
6951,290,15,-1.89,6.8,461.2,False,False,16.89,117.64,20.0
6952,290,16,-4.1,9.73,320.8,False,False,19.1,135.28,20.0
6953,290,17,-5.07,4.69,238.2,False,False,20.07,127.48,20.0
6954,290,18,-7.41,2.9,262.2,False,False,22.41,120.48,20.0
6955,290,19,-7.6,7.34,106.0,False,False,22.6,138.85,20.0
6956,290,20,-8.68,13.8,65.9,False,False,23.68,169.16,20.0
6957,290,21,-7.17,23.13,0.0,False,False,22.17,196.03,20.0
6958,290,22,-10.17,6.49,0.0,False,False,25.17,151.79,20.0
6959,290,23,-9.32,6.06,0.0,False,False,24.32,143.16,20.0
6960,291,0,-13.44,5.85,0.0,False,False,28.44,156.84,20.0
6961,291,1,-5.21,1.29,0.0,False,False,20.21,116.92,20.0
6962,291,2,-8.9,12.87,0.0,False,False,23.9,171.22,20.0
6963,291,3,-7.23,5.54,0.0,False,False,22.23,145.13,20.0
6964,291,4,-4.81,7.41,97.0,False,False,19.81,129.59,20.0
6965,291,5,-6.64,6.29,183.5,False,False,21.64,140.91,20.0
6966,291,6,-3.84,5.06,133.6,False,False,18.84,114.72,20.0
6967,291,7,-8.69,13.19,213.7,False,False,23.69,165.43,20.0
6968,291,8,-0.93,4.03,387.9,False,False,15.93,102.83,20.0
6969,291,9,-3.14,9.9,485.1,False,False,18.14,128.05,20.0
6970,291,10,-4.57,3.16,496.8,False,False,19.57,113.35,20.0
6971,291,11,-1.94,6.83,347.4,False,False,16.94,114.31,20.0
6972,291,12,-7.06,12.29,463.6,False,False,22.06,155.93,20.0
6973,291,13,-5.37,5.72,470.8,False,False,20.37,125.78,20.0
6974,291,14,-2.1,9.47,373.4,False,False,17.1,126.48,20.0
6975,291,15,-9.04,5.59,390.9,False,False,24.04,141.64,20.0
6976,291,16,-4.6,6.2,455.3,False,False,19.6,125.82,20.0
6977,291,17,-5.14,10.55,279.8,False,False,20.14,146.98,20.0
6978,291,18,-2.79,9.57,154.5,False,False,17.79,128.58,20.0
6979,291,19,-10.41,13.88,143.3,False,False,25.41,179.7,20.0
6980,291,20,-4.51,5.71,52.0,False,False,19.51,123.95,20.0
6981,291,21,-9.26,8.7,0.0,False,False,24.26,154.42,20.0
6982,291,22,-9.35,7.62,0.0,False,False,24.35,152.88,20.0
6983,291,23,-11.1,23.82,0.0,False,False,26.1,218.51,20.0
6984,292,0,-10.63,11.83,0.0,False,False,25.63,176.87,20.0
6985,292,1,-7.58,5.19,0.0,False,False,22.58,140.88,20.0
6986,292,2,-10.41,8.52,0.0,False,False,25.41,163.19,20.0
6987,292,3,-6.38,13.12,8.7,False,False,21.38,153.45,20.0
6988,292,4,-8.78,7.63,82.6,False,False,23.78,141.95,20.0
6989,292,5,-9.39,10.51,136.0,False,False,24.39,159.67,20.0
6990,292,6,-7.51,2.36,139.9,False,False,22.51,125.49,20.0
6991,292,7,-5.26,7.8,320.9,False,False,20.26,136.66,20.0
6992,292,8,-6.01,5.89,198.3,False,False,21.01,129.96,20.0
6993,292,9,-4.97,1.61,272.5,False,False,19.97,112.42,20.0
6994,292,10,-3.33,9.5,379.7,False,False,18.33,135.62,20.0
6995,292,11,-2.35,8.55,586.5,False,False,17.35,120.03,20.0
6996,292,12,-5.07,4.72,350.5,False,False,20.07,127.49,20.0
6997,292,13,-6.61,3.37,518.3,False,False,21.61,128.51,20.0
6998,292,14,-4.57,17.12,368.0,False,False,19.57,152.55,20.0
6999,292,15,-4.1,8.89,278.0,False,False,19.1,132.56,20.0
7000,292,16,-8.37,8.78,192.6,False,False,23.37,148.26,20.0
7001,292,17,-7.71,5.11,177.1,False,False,22.71,131.25,20.0
7002,292,18,-7.89,6.3,199.5,False,False,22.89,132.51,20.0
7003,292,19,-7.38,13.19,137.0,False,False,22.38,154.64,20.0
7004,292,20,-8.97,7.71,89.0,False,False,23.97,150.93,20.0
7005,292,21,-6.45,13.41,5.3,False,False,21.45,155.15,20.0
7006,292,22,-11.39,8.91,0.0,False,False,26.39,165.67,20.0
7007,292,23,-11.54,11.99,0.0,False,False,26.54,173.38,20.0
7008,293,0,-8.85,17.25,0.0,False,False,23.85,181.66,20.0
7009,293,1,-8.46,4.96,0.0,False,False,23.46,136.35,20.0
7010,293,2,-10.82,7.63,0.0,False,False,25.82,151.0,20.0
7011,293,3,-8.81,6.57,21.3,False,False,23.81,138.03,20.0
7012,293,4,-7.98,9.53,71.0,False,False,22.98,152.99,20.0
7013,293,5,-7.48,3.37,107.7,False,False,22.48,128.76,20.0
7014,293,6,-5.88,3.41,235.5,False,False,20.88,118.72,20.0
7015,293,7,-6.99,9.35,373.5,False,False,21.99,145.7,20.0
7016,293,8,-2.22,11.74,436.8,False,False,17.22,132.91,20.0
7017,293,9,-3.79,6.28,306.4,False,False,18.79,129.89,20.0
7018,293,10,-6.06,14.08,316.6,False,False,21.06,153.28,20.0
7019,293,11,-4.06,15.68,362.0,False,False,19.06,153.12,20.0
7020,293,12,-3.93,7.25,328.3,False,False,18.93,134.35,20.0
7021,293,13,-1.82,6.17,578.8,False,False,16.82,114.53,20.0
7022,293,14,-5.65,5.45,238.1,False,False,20.65,133.59,20.0
7023,293,15,-3.23,4.94,269.7,False,False,18.23,106.59,20.0
7024,293,16,-5.1,10.25,194.7,False,False,20.1,145.79,20.0
7025,293,17,-2.68,4.62,361.8,False,False,17.68,113.67,20.0
7026,293,18,-3.6,4.18,215.0,False,False,18.6,108.71,20.0
7027,293,19,-6.3,4.83,120.2,False,False,21.3,131.53,20.0
7028,293,20,-7.7,7.29,80.7,False,False,22.7,146.46,20.0
7029,293,21,-6.58,7.55,12.0,False,False,21.58,143.12,20.0
7030,293,22,-8.27,9.98,0.0,False,False,23.27,158.88,20.0
7031,293,23,-4.75,6.95,0.0,False,False,19.75,128.56,20.0
7032,294,0,-7.75,3.25,0.0,False,False,22.75,125.84,20.0
7033,294,1,-8.65,6.02,0.0,False,False,23.65,140.11,20.0
7034,294,2,-8.56,7.38,0.0,False,False,23.56,146.22,20.0
7035,294,3,-9.75,5.28,27.4,False,False,24.75,145.28,20.0
7036,294,4,-5.8,8.54,119.7,False,False,20.8,136.2,20.0
7037,294,5,-8.07,1.69,100.9,False,False,23.07,124.75,20.0
7038,294,6,-3.71,6.92,258.2,False,False,18.71,127.61,20.0
7039,294,7,-7.98,12.88,293.8,False,False,22.98,164.09,20.0
7040,294,8,-4.66,11.58,274.9,False,False,19.66,150.94,20.0
7041,294,9,-2.2,7.83,278.5,False,False,17.2,128.59,20.0
7042,294,10,-8.48,7.51,519.8,False,False,23.48,141.97,20.0
7043,294,11,0.06,9.14,567.3,False,False,14.94,110.95,20.0
7044,294,12,-4.76,4.21,274.5,False,False,19.76,115.46,20.0
7045,294,13,-3.7,11.12,296.9,False,False,18.7,131.35,20.0
7046,294,14,-3.04,13.87,453.6,False,False,18.04,142.29,20.0
7047,294,15,-3.04,6.9,454.7,False,False,18.04,117.39,20.0
7048,294,16,-4.36,7.83,327.1,False,False,19.36,125.46,20.0
7049,294,17,-3.4,10.05,384.6,False,False,18.4,130.44,20.0
7050,294,18,-4.87,5.02,298.0,False,False,19.87,126.57,20.0
7051,294,19,-2.91,14.09,111.3,False,False,17.91,138.65,20.0
7052,294,20,-5.87,16.93,67.3,False,False,20.87,163.26,20.0
7053,294,21,-3.4,9.51,17.8,False,False,18.4,133.62,20.0
7054,294,22,-5.84,14.64,0.0,False,False,20.84,159.19,20.0
7055,294,23,-11.45,3.91,0.0,False,False,26.45,146.83,20.0
7056,295,0,-2.42,8.4,0.0,False,False,17.42,126.3,20.0
7057,295,1,-8.73,2.42,0.0,False,False,23.73,125.46,20.0
7058,295,2,-4.39,6.02,0.0,False,False,19.39,125.29,20.0
7059,295,3,-7.01,21.09,25.4,False,False,22.01,182.45,20.0
7060,295,4,-4.52,20.33,70.1,False,False,19.52,170.91,20.0
7061,295,5,-7.54,3.95,233.7,False,False,22.54,133.57,20.0
7062,295,6,-4.39,9.46,227.8,False,False,19.39,130.34,20.0
7063,295,7,-5.63,4.81,406.4,False,False,20.63,131.04,20.0
7064,295,8,-1.49,9.46,281.8,False,False,16.49,116.46,20.0
7065,295,9,-3.35,7.14,408.3,False,False,18.35,127.85,20.0
7066,295,10,-2.04,8.64,422.2,False,False,17.04,122.3,20.0
7067,295,11,-8.04,5.59,260.9,False,False,23.04,134.5,20.0
7068,295,12,-3.82,7.11,426.8,False,False,18.82,120.78,20.0
7069,295,13,-2.89,18.39,565.0,False,False,17.89,150.28,20.0
7070,295,14,-3.47,8.5,381.7,False,False,18.47,127.44,20.0
7071,295,15,-2.31,14.11,361.1,False,False,17.31,134.12,20.0
7072,295,16,-5.38,13.75,389.4,False,False,20.38,154.35,20.0
7073,295,17,-5.03,21.69,354.3,False,False,20.03,168.64,20.0
7074,295,18,-3.28,18.56,296.2,False,False,18.28,154.24,20.0
7075,295,19,-10.72,13.73,163.6,False,False,25.72,180.16,20.0
7076,295,20,-5.47,7.11,100.4,False,False,20.47,124.86,20.0
7077,295,21,-7.73,6.09,36.5,False,False,22.73,139.6,20.0
7078,295,22,-9.2,4.28,0.0,False,False,24.2,132.89,20.0
7079,295,23,-6.9,3.58,0.0,False,False,21.9,116.89,20.0
7080,296,0,-4.93,9.33,0.0,False,False,19.93,134.13,20.0
7081,296,1,-5.23,3.5,0.0,False,False,20.23,119.34,20.0
7082,296,2,-7.38,9.52,0.0,False,False,22.38,152.02,20.0
7083,296,3,-5.04,1.92,33.9,False,False,20.04,112.87,20.0
7084,296,4,-4.65,4.47,75.5,False,False,19.65,126.74,20.0
7085,296,5,-6.07,6.59,164.6,False,False,21.07,138.8,20.0
7086,296,6,-6.77,7.54,274.3,False,False,21.77,143.47,20.0
7087,296,7,-6.13,4.6,178.5,False,False,21.13,132.29,20.0
7088,296,8,-2.71,3.77,281.1,False,False,17.71,112.95,20.0
7089,296,9,-4.05,6.22,461.8,False,False,19.05,121.42,20.0
7090,296,10,-5.74,5.39,452.5,False,False,20.74,130.57,20.0
7091,296,11,-6.82,5.75,266.9,False,False,21.82,137.34,20.0
7092,296,12,-1.72,9.76,312.7,False,False,16.72,123.8,20.0
7093,296,13,-4.54,12.68,494.5,False,False,19.54,143.61,20.0
7094,296,14,-2.99,6.04,267.3,False,False,17.99,112.57,20.0
7095,296,15,-1.49,9.76,215.3,False,False,16.49,124.45,20.0
7096,296,16,-7.0,5.48,476.2,False,False,22.0,134.75,20.0
7097,296,17,-4.95,5.26,317.8,False,False,19.95,119.33,20.0
7098,296,18,-5.72,6.2,222.3,False,False,20.72,130.85,20.0
7099,296,19,-5.14,11.77,192.4,False,False,20.14,147.73,20.0
7100,296,20,-3.9,3.07,130.5,False,False,18.9,113.63,20.0
7101,296,21,-9.45,2.82,47.0,False,False,24.45,136.55,20.0
7102,296,22,-5.97,15.41,0.0,False,False,20.97,163.43,20.0
7103,296,23,-5.25,4.53,0.0,False,False,20.25,117.62,20.0
7104,297,0,-7.49,6.64,0.0,False,False,22.49,138.06,20.0
7105,297,1,-7.33,5.73,0.0,False,False,22.33,137.44,20.0
7106,297,2,-6.02,13.93,0.0,False,False,21.02,159.68,20.0
7107,297,3,-5.85,11.72,71.7,False,False,20.85,153.82,20.0
7108,297,4,-4.96,3.74,150.8,False,False,19.96,112.38,20.0
7109,297,5,-4.52,7.57,233.8,False,False,19.52,129.25,20.0
7110,297,6,-7.08,8.56,229.2,False,False,22.08,146.71,20.0
7111,297,7,-2.62,9.63,312.5,False,False,17.62,131.55,20.0
7112,297,8,-1.79,2.26,397.0,False,False,16.79,110.96,20.0
7113,297,9,-3.33,2.82,316.0,False,False,18.33,107.6,20.0
7114,297,10,-6.38,9.97,562.1,False,False,21.38,143.8,20.0
7115,297,11,-3.42,3.45,371.5,False,False,18.42,109.19,20.0
7116,297,12,-2.73,8.49,433.3,False,False,17.73,127.42,20.0
7117,297,13,-5.48,3.86,530.8,False,False,20.48,117.05,20.0
7118,297,14,-4.11,2.93,483.3,False,False,19.11,119.1,20.0
7119,297,15,-6.53,4.44,373.4,False,False,21.53,131.81,20.0
7120,297,16,-2.91,7.0,311.0,False,False,17.91,122.92,20.0
7121,297,17,-4.27,8.3,328.0,False,False,19.27,121.96,20.0
7122,297,18,-8.41,8.8,228.8,False,False,23.41,148.02,20.0
7123,297,19,-4.94,10.55,199.2,False,False,19.94,143.2,20.0
7124,297,20,-6.23,4.58,153.9,False,False,21.23,121.8,20.0
7125,297,21,-5.5,10.26,38.6,False,False,20.5,141.08,20.0
7126,297,22,-7.64,7.34,0.0,False,False,22.64,141.84,20.0
7127,297,23,-8.66,7.92,0.0,False,False,23.66,152.21,20.0
7128,298,0,-8.4,19.24,0.0,False,False,23.4,188.41,20.0
7129,298,1,-7.87,9.43,0.0,False,False,22.87,151.5,20.0
7130,298,2,-6.56,21.36,1.8,False,False,21.56,181.21,20.0
7131,298,3,-5.98,5.83,53.9,False,False,20.98,130.38,20.0
7132,298,4,-6.24,7.04,111.1,False,False,21.24,134.74,20.0
7133,298,5,-6.23,3.16,213.0,False,False,21.23,125.75,20.0
7134,298,6,-5.57,8.48,233.1,False,False,20.57,136.16,20.0
7135,298,7,0.67,7.0,294.5,False,False,14.33,109.86,20.0
7136,298,8,-5.4,7.88,485.7,False,False,20.4,127.56,20.0
7137,298,9,-4.57,7.33,253.0,False,False,19.57,133.76,20.0
7138,298,10,3.46,3.35,359.9,False,False,11.54,86.93,20.0
7139,298,11,-2.09,9.58,425.6,False,False,17.09,128.58,20.0
7140,298,12,-5.62,5.19,532.9,False,False,20.62,127.24,20.0
7141,298,13,-1.25,11.14,337.5,False,False,16.25,127.41,20.0
7142,298,14,-4.95,9.98,363.2,False,False,19.95,144.48,20.0
7143,298,15,-1.63,15.0,477.6,False,False,16.63,133.32,20.0
7144,298,16,-4.29,7.03,349.1,False,False,19.29,127.26,20.0
7145,298,17,-5.23,10.55,388.5,False,False,20.23,140.95,20.0
7146,298,18,-1.64,15.82,155.2,False,False,16.64,138.43,20.0
7147,298,19,-4.25,4.95,156.8,False,False,19.25,114.37,20.0
7148,298,20,-3.92,11.8,137.7,False,False,18.92,138.23,20.0
7149,298,21,-5.41,9.34,45.5,False,False,20.41,137.79,20.0
7150,298,22,-7.48,19.12,1.8,False,False,22.48,178.17,20.0
7151,298,23,-5.57,6.6,0.0,False,False,20.57,130.29,20.0
7152,299,0,-4.19,20.72,0.0,False,False,19.19,159.83,20.0
7153,299,1,-6.27,11.49,0.0,False,False,21.27,155.12,20.0
7154,299,2,-2.74,8.91,19.0,False,False,17.74,127.12,20.0
7155,299,3,-4.32,5.03,65.8,False,False,19.32,128.72,20.0
7156,299,4,-5.18,1.96,80.5,False,False,20.18,111.93,20.0
7157,299,5,-4.62,3.47,269.6,False,False,19.62,113.25,20.0
7158,299,6,-4.33,7.17,268.1,False,False,19.33,128.63,20.0
7159,299,7,-6.59,7.17,322.7,False,False,21.59,130.59,20.0
7160,299,8,-3.79,13.01,435.6,False,False,18.79,142.56,20.0
7161,299,9,-2.75,4.4,341.7,False,False,17.75,110.6,20.0
7162,299,10,-3.71,4.2,372.9,False,False,18.71,115.21,20.0
7163,299,11,-2.0,9.41,540.1,False,False,17.0,124.27,20.0
7164,299,12,-2.57,5.89,417.0,False,False,17.57,116.79,20.0
7165,299,13,-1.13,5.85,498.9,False,False,16.13,117.99,20.0
7166,299,14,-1.55,12.38,539.3,False,False,16.55,131.06,20.0
7167,299,15,-2.86,4.06,341.8,False,False,17.86,107.79,20.0
7168,299,16,-6.34,11.48,457.3,False,False,21.34,153.77,20.0
7169,299,17,-0.51,8.85,257.1,False,False,15.51,109.79,20.0
7170,299,18,-4.89,5.58,346.8,False,False,19.89,125.5,20.0
7171,299,19,-5.29,7.06,166.0,False,False,20.29,126.35,20.0
7172,299,20,-6.29,4.65,108.3,False,False,21.29,124.57,20.0
7173,299,21,-7.0,6.47,92.6,False,False,22.0,141.8,20.0
7174,299,22,-3.25,15.39,18.7,False,False,18.25,143.19,20.0
7175,299,23,-3.77,4.93,0.0,False,False,18.77,116.26,20.0
7176,300,0,-5.47,2.62,0.0,False,False,20.47,116.18,20.0
7177,300,1,-6.5,7.17,0.0,False,False,21.5,135.55,20.0
7178,300,2,-4.85,14.08,27.6,False,False,19.85,156.0,20.0
7179,300,3,-5.62,7.99,118.5,False,False,20.62,130.89,20.0
7180,300,4,-5.74,6.27,90.3,False,False,20.74,125.84,20.0
7181,300,5,-4.2,6.12,141.7,False,False,19.2,126.21,20.0
7182,300,6,-5.24,11.64,208.6,False,False,20.24,138.65,20.0
7183,300,7,-3.34,23.5,423.2,False,False,18.34,166.74,20.0
7184,300,8,-2.95,3.86,256.0,False,False,17.95,117.15,20.0
7185,300,9,-1.74,9.4,339.9,False,False,16.74,122.02,20.0
7186,300,10,-3.86,7.66,241.4,False,False,18.86,124.97,20.0
7187,300,11,-1.01,10.7,265.1,False,False,16.01,118.97,20.0
7188,300,12,-4.17,15.39,449.8,False,False,19.17,146.82,20.0
7189,300,13,-3.57,16.31,272.1,False,False,18.57,147.36,20.0
7190,300,14,-3.68,7.11,538.3,False,False,18.68,125.07,20.0
7191,300,15,-5.09,8.42,502.6,False,False,20.09,139.41,20.0
7192,300,16,-1.33,15.07,382.1,False,False,16.33,137.82,20.0
7193,300,17,-5.78,7.65,278.9,False,False,20.78,132.94,20.0
7194,300,18,-5.76,11.57,345.7,False,False,20.76,144.4,20.0
7195,300,19,-2.36,4.48,204.7,False,False,17.36,114.79,20.0
7196,300,20,-6.5,4.84,109.9,False,False,21.5,122.06,20.0
7197,300,21,-6.15,16.88,77.2,False,False,21.15,164.32,20.0
7198,300,22,-8.11,17.17,23.2,False,False,23.11,177.01,20.0
7199,300,23,-4.62,10.26,0.0,False,False,19.62,133.41,20.0
7200,301,0,-4.42,6.64,0.0,False,False,19.42,122.37,20.0
7201,301,1,-4.56,5.41,0.0,False,False,19.56,124.65,20.0
7202,301,2,-4.77,6.13,44.1,False,False,19.77,119.71,20.0
7203,301,3,-5.38,3.55,79.4,False,False,20.38,117.26,20.0
7204,301,4,-6.16,9.84,146.3,False,False,21.16,141.18,20.0
7205,301,5,-6.26,9.35,256.3,False,False,21.26,142.97,20.0
7206,301,6,-1.53,9.25,207.1,False,False,16.53,115.21,20.0
7207,301,7,-2.06,13.43,202.0,False,False,17.06,138.04,20.0
7208,301,8,-4.5,7.44,412.1,False,False,19.5,127.73,20.0
7209,301,9,-2.62,8.86,349.1,False,False,17.62,123.56,20.0
7210,301,10,-2.98,17.69,272.4,False,False,17.98,148.59,20.0
7211,301,11,-4.43,10.31,408.1,False,False,19.43,134.34,20.0
7212,301,12,-1.75,9.47,441.7,False,False,16.75,118.29,20.0
7213,301,13,-3.01,3.81,246.6,False,False,18.01,117.23,20.0
7214,301,14,-4.28,6.66,502.1,False,False,19.28,126.52,20.0
7215,301,15,-5.65,12.52,376.7,False,False,20.65,149.19,20.0
7216,301,16,-6.24,23.72,207.0,False,False,21.24,192.23,20.0
7217,301,17,-4.33,5.19,407.1,False,False,19.33,118.85,20.0
7218,301,18,-4.28,9.48,285.2,False,False,19.28,136.35,20.0
7219,301,19,-6.38,31.37,300.5,False,False,21.38,213.86,20.0
7220,301,20,-3.81,3.2,129.8,False,False,18.81,110.46,20.0
7221,301,21,-5.65,10.13,93.3,False,False,20.65,145.2,20.0
7222,301,22,-4.69,8.55,45.4,False,False,19.69,127.1,20.0
7223,301,23,-6.41,3.61,0.0,False,False,21.41,127.41,20.0
7224,302,0,-7.44,8.75,0.0,False,False,22.44,142.51,20.0
7225,302,1,-5.57,5.46,0.0,False,False,20.57,129.01,20.0
7226,302,2,-8.12,6.3,69.0,False,False,23.12,146.01,20.0
7227,302,3,-4.2,9.51,74.5,False,False,19.2,135.79,20.0
7228,302,4,-6.74,9.32,203.8,False,False,21.74,142.31,20.0
7229,302,5,-2.55,9.23,239.4,False,False,17.55,125.06,20.0
7230,302,6,-4.54,20.68,220.1,False,False,19.54,166.41,20.0
7231,302,7,-1.22,6.81,245.1,False,False,16.22,108.56,20.0
7232,302,8,-5.11,4.05,288.4,False,False,20.11,116.92,20.0
7233,302,9,-3.81,10.19,258.1,False,False,18.81,133.82,20.0
7234,302,10,-1.37,8.52,324.4,False,False,16.37,120.13,20.0
7235,302,11,0.41,5.6,262.9,False,False,14.59,96.69,20.0
7236,302,12,1.47,5.4,482.2,False,False,13.53,98.67,20.0
7237,302,13,-1.85,13.86,420.0,False,False,16.85,135.64,20.0
7238,302,14,1.54,2.14,274.2,False,False,13.46,92.51,20.0
7239,302,15,-3.03,8.43,445.9,False,False,18.03,121.23,20.0
7240,302,16,-0.67,5.29,255.1,False,False,15.67,111.34,20.0
7241,302,17,-5.23,9.02,314.5,False,False,20.23,132.0,20.0
7242,302,18,-3.02,4.86,371.1,False,False,18.02,118.03,20.0
7243,302,19,-9.06,9.13,274.4,False,False,24.06,160.92,20.0
7244,302,20,-7.11,12.16,183.3,False,False,22.11,147.72,20.0
7245,302,21,-4.34,5.68,122.5,False,False,19.34,124.05,20.0
7246,302,22,-8.22,6.13,34.5,False,False,23.22,141.55,20.0
7247,302,23,-4.94,8.96,0.0,False,False,19.94,136.16,20.0
7248,303,0,-3.81,10.62,0.0,False,False,18.81,131.8,20.0
7249,303,1,-6.56,18.74,15.4,False,False,21.56,173.03,20.0
7250,303,2,-7.29,6.2,102.5,False,False,22.29,131.22,20.0
7251,303,3,-5.98,6.13,162.7,False,False,20.98,131.6,20.0
7252,303,4,-6.55,4.21,202.3,False,False,21.55,129.33,20.0
7253,303,5,-4.34,1.77,276.7,False,False,19.34,109.05,20.0
7254,303,6,-3.42,12.21,337.1,False,False,18.42,133.69,20.0
7255,303,7,-3.72,6.97,310.0,False,False,18.72,122.26,20.0
7256,303,8,0.73,4.13,468.3,False,False,14.27,99.11,20.0
7257,303,9,-3.65,11.3,422.4,False,False,18.65,136.17,20.0
7258,303,10,0.89,11.75,486.2,False,False,14.11,114.25,20.0
7259,303,11,-3.77,10.17,241.6,False,False,18.77,133.6,20.0
7260,303,12,-1.48,6.09,433.7,False,False,16.48,107.27,20.0
7261,303,13,0.68,8.6,367.5,False,False,14.32,98.2,20.0
7262,303,14,0.37,4.51,249.9,False,False,14.63,103.77,20.0
7263,303,15,-3.05,10.43,431.9,False,False,18.05,136.21,20.0
7264,303,16,-1.51,5.52,487.4,False,False,16.51,105.56,20.0
7265,303,17,-2.26,12.91,386.3,False,False,17.26,130.67,20.0
7266,303,18,-4.7,9.57,180.1,False,False,19.7,137.12,20.0
7267,303,19,-2.91,3.67,146.0,False,False,17.91,115.54,20.0
7268,303,20,-0.9,12.23,160.3,False,False,15.9,127.21,20.0
7269,303,21,-4.09,11.75,101.4,False,False,19.09,144.37,20.0
7270,303,22,-4.22,10.98,44.0,False,False,19.22,137.57,20.0
7271,303,23,-4.21,11.28,9.5,False,False,19.21,140.22,20.0
7272,304,0,-8.31,7.46,0.0,False,True,23.31,146.91,20.0
7273,304,1,-4.4,8.53,37.6,False,True,19.4,129.82,20.0
7274,304,2,-7.15,6.75,80.3,False,True,22.15,142.64,20.0
7275,304,3,-5.98,2.68,211.6,False,True,20.98,122.63,20.0
7276,304,4,-0.06,24.5,298.9,False,True,15.06,151.99,20.0
7277,304,5,-4.41,3.17,322.4,False,True,19.41,114.42,20.0
7278,304,6,-4.86,4.2,229.0,False,True,19.86,124.72,20.0
7279,304,7,-0.56,5.36,240.6,False,True,15.56,102.78,20.0
7280,304,8,-4.28,7.7,388.2,False,True,19.28,130.12,20.0
7281,304,9,-2.86,16.9,482.5,False,True,17.86,136.79,20.0
7282,304,10,0.85,5.34,460.4,False,True,14.15,97.27,20.0
7283,304,11,-1.37,17.59,524.8,False,True,16.37,143.07,20.0
7284,304,12,-4.51,11.58,415.3,False,True,19.51,139.16,20.0
7285,304,13,-0.36,8.92,590.5,False,True,15.36,114.99,20.0
7286,304,14,-2.44,5.02,505.4,False,True,17.44,107.19,20.0
7287,304,15,1.11,22.76,238.7,False,True,13.89,142.54,20.0
7288,304,16,-3.6,23.08,321.3,False,True,18.6,170.85,20.0
7289,304,17,-0.76,10.37,350.2,False,True,15.76,119.45,20.0
7290,304,18,0.17,5.17,226.8,False,True,14.83,105.19,20.0
7291,304,19,-5.6,11.76,234.5,False,True,20.6,148.15,20.0
7292,304,20,-4.77,7.31,233.3,False,True,19.77,135.09,20.0
7293,304,21,-4.02,9.48,167.9,False,True,19.02,133.35,20.0
7294,304,22,-6.83,7.01,142.4,False,True,21.83,131.65,20.0
7295,304,23,-4.77,13.71,43.7,False,True,19.77,147.52,20.0
7296,305,0,-5.6,4.34,0.0,False,True,20.6,128.96,20.0
7297,305,1,-5.57,8.65,46.5,False,True,20.57,139.34,20.0
7298,305,2,-4.78,3.63,147.9,False,True,19.78,117.02,20.0
7299,305,3,-4.42,9.87,126.0,False,True,19.42,137.88,20.0
7300,305,4,-3.82,19.15,211.4,False,True,18.82,159.34,20.0
7301,305,5,-4.86,6.55,350.4,False,True,19.86,130.05,20.0
7302,305,6,-4.26,6.15,240.3,False,True,19.26,117.79,20.0
7303,305,7,-2.87,19.74,432.8,False,True,17.87,151.18,20.0
7304,305,8,-2.24,5.11,364.1,False,True,17.24,115.59,20.0
7305,305,9,-2.61,11.81,361.4,False,True,17.61,131.28,20.0
7306,305,10,-0.77,1.72,462.6,False,True,15.77,100.51,20.0
7307,305,11,-4.85,7.71,308.8,False,True,19.85,138.74,20.0
7308,305,12,-2.61,14.01,477.2,False,True,17.61,136.74,20.0
7309,305,13,-1.78,2.77,301.0,False,True,16.78,106.21,20.0
7310,305,14,-3.13,11.55,479.0,False,True,18.13,131.85,20.0
7311,305,15,1.52,7.04,424.8,False,True,13.48,99.53,20.0
7312,305,16,-2.11,2.08,251.5,False,True,17.11,104.4,20.0
7313,305,17,-2.28,12.37,219.2,False,True,17.28,126.28,20.0
7314,305,18,-4.12,10.11,324.3,False,True,19.12,126.55,20.0
7315,305,19,-3.7,4.72,172.7,False,True,18.7,123.02,20.0
7316,305,20,-6.58,10.41,232.5,False,True,21.58,146.95,20.0
7317,305,21,-4.9,2.91,229.5,False,True,19.9,121.36,20.0
7318,305,22,-6.75,5.54,73.6,False,True,21.75,132.75,20.0
7319,305,23,-5.64,7.61,53.6,False,True,20.64,134.79,20.0
7320,306,0,-10.04,7.41,0.0,False,True,25.04,155.18,20.0
7321,306,1,-7.11,9.34,75.4,False,True,22.11,149.14,20.0
7322,306,2,-1.72,19.49,64.9,False,True,16.72,142.28,20.0
7323,306,3,-2.67,4.12,203.2,False,True,17.67,116.79,20.0
7324,306,4,-1.28,8.36,162.9,False,True,16.28,113.32,20.0
7325,306,5,-0.66,8.47,309.7,False,True,15.66,115.41,20.0
7326,306,6,-1.57,12.93,260.1,False,True,16.57,139.75,20.0
7327,306,7,-3.31,7.39,254.6,False,True,18.31,123.81,20.0
7328,306,8,-3.99,2.5,354.6,False,True,18.99,119.01,20.0
7329,306,9,0.79,7.94,280.2,False,True,14.21,105.64,20.0
7330,306,10,-1.06,2.3,379.3,False,True,16.06,103.94,20.0
7331,306,11,4.0,12.33,378.9,False,True,11.0,100.35,20.0
7332,306,12,-1.65,7.56,586.6,False,True,16.65,118.4,20.0
7333,306,13,2.96,9.15,431.4,False,True,12.04,96.32,20.0
7334,306,14,-1.5,4.38,474.2,False,True,16.5,104.66,20.0
7335,306,15,1.17,4.51,279.9,False,True,13.83,99.53,20.0
7336,306,16,1.48,10.04,518.8,False,True,13.52,102.12,20.0
7337,306,17,-4.45,6.54,332.5,False,True,19.45,122.63,20.0
7338,306,18,-3.89,20.13,188.9,False,True,18.89,164.6,20.0
7339,306,19,-5.5,14.01,279.6,False,True,20.5,150.88,20.0
7340,306,20,-6.38,8.05,177.3,False,True,21.38,135.37,20.0
7341,306,21,-3.0,5.51,132.3,False,True,18.0,112.75,20.0
7342,306,22,-5.04,23.29,91.7,False,True,20.04,179.32,20.0
7343,306,23,-4.74,6.03,52.5,False,True,19.74,124.21,20.0
7344,307,0,-3.58,9.62,0.0,False,True,18.58,131.46,20.0
7345,307,1,-8.34,4.24,67.9,False,True,23.34,133.4,20.0
7346,307,2,-1.85,12.43,78.8,False,True,16.85,137.17,20.0
7347,307,3,-4.8,6.03,111.4,False,True,19.8,124.17,20.0
7348,307,4,-2.62,3.55,138.8,False,True,17.62,102.73,20.0
7349,307,5,-1.97,3.81,236.0,False,True,16.97,109.06,20.0
7350,307,6,0.05,6.78,198.4,False,True,14.95,107.66,20.0
7351,307,7,-2.38,5.15,197.6,False,True,17.38,114.26,20.0
7352,307,8,-5.94,3.17,299.6,False,True,20.94,115.31,20.0
7353,307,9,-1.16,3.27,547.7,False,True,16.16,108.66,20.0
7354,307,10,-0.56,7.6,235.6,False,True,15.56,112.02,20.0
7355,307,11,-2.83,8.53,260.7,False,True,17.83,124.31,20.0
7356,307,12,-0.39,7.87,449.9,False,True,15.39,105.85,20.0
7357,307,13,-1.48,13.81,415.6,False,True,16.48,133.33,20.0
7358,307,14,-3.64,9.15,268.1,False,True,18.64,129.58,20.0
7359,307,15,0.07,5.47,519.3,False,True,14.93,109.9,20.0
7360,307,16,-2.82,25.7,418.1,False,True,17.82,168.71,20.0
7361,307,17,-2.98,4.62,331.7,False,True,17.98,109.79,20.0
7362,307,18,-3.61,2.95,308.1,False,True,18.61,112.9,20.0
7363,307,19,-0.74,10.31,320.6,False,True,15.74,115.76,20.0
7364,307,20,-3.77,16.95,137.7,False,True,18.77,154.01,20.0
7365,307,21,-3.95,11.37,220.4,False,True,18.95,133.35,20.0
7366,307,22,-5.3,6.58,72.6,False,True,20.3,129.1,20.0
7367,307,23,-3.7,4.89,52.9,False,True,18.7,117.28,20.0
7368,308,0,-1.77,9.95,0.0,False,True,16.77,123.17,20.0
7369,308,1,-3.1,6.77,62.6,False,True,18.1,118.91,20.0
7370,308,2,-2.82,6.39,140.4,False,True,17.82,115.56,20.0
7371,308,3,-2.67,14.36,176.8,False,True,17.67,138.98,20.0
7372,308,4,-6.23,2.55,160.3,False,True,21.23,118.41,20.0
7373,308,5,-4.74,8.92,316.9,False,True,19.74,134.78,20.0
7374,308,6,-2.88,5.08,409.7,False,True,17.88,114.39,20.0
7375,308,7,-3.4,7.44,236.4,False,True,18.4,115.29,20.0
7376,308,8,-3.59,4.54,286.9,False,True,18.59,116.52,20.0
7377,308,9,-4.8,6.77,397.9,False,True,19.8,133.48,20.0
7378,308,10,-3.43,21.35,489.1,False,True,18.43,163.79,20.0
7379,308,11,-1.05,10.84,283.3,False,True,16.05,124.39,20.0
7380,308,12,-0.6,9.95,258.2,False,True,15.6,119.58,20.0
7381,308,13,-2.12,22.54,440.3,False,True,17.12,155.45,20.0
7382,308,14,-0.58,7.2,509.0,False,True,15.58,106.11,20.0
7383,308,15,-1.92,7.8,320.7,False,True,16.92,121.69,20.0
7384,308,16,0.72,9.44,389.6,False,True,14.28,114.62,20.0
7385,308,17,-2.27,10.94,419.9,False,True,17.27,130.41,20.0
7386,308,18,-1.07,17.97,177.0,False,True,16.07,141.0,20.0
7387,308,19,-2.58,6.57,219.8,False,True,17.58,119.72,20.0
7388,308,20,-6.27,14.18,174.6,False,True,21.27,157.81,20.0
7389,308,21,-4.06,18.07,191.5,False,True,19.06,158.33,20.0
7390,308,22,-6.67,11.35,124.2,False,True,21.67,150.89,20.0
7391,308,23,-4.61,7.14,70.2,False,True,19.61,129.63,20.0
7392,309,0,-5.73,11.39,0.0,False,True,20.73,142.7,20.0
7393,309,1,-3.41,3.08,42.0,False,True,18.41,109.59,20.0
7394,309,2,-6.66,16.54,102.5,False,True,21.66,169.86,20.0
7395,309,3,-3.63,11.88,146.4,False,True,18.63,136.11,20.0
7396,309,4,-2.1,6.99,240.2,False,True,17.1,107.91,20.0
7397,309,5,-0.95,21.72,355.2,False,True,15.95,148.1,20.0
7398,309,6,-3.77,3.5,286.2,False,True,18.77,105.7,20.0
7399,309,7,-1.69,12.78,372.9,False,True,16.69,137.4,20.0
7400,309,8,-0.88,6.8,263.2,False,True,15.88,114.41,20.0
7401,309,9,2.26,17.26,412.8,False,True,12.74,120.96,20.0
7402,309,10,-3.48,3.05,485.1,False,True,18.48,109.64,20.0
7403,309,11,-2.14,4.58,510.5,False,True,17.14,106.89,20.0
7404,309,12,5.36,4.3,590.5,False,True,9.64,80.87,20.0
7405,309,13,-0.86,1.63,590.4,False,True,15.86,99.33,20.0
7406,309,14,-4.29,10.33,411.1,False,True,19.29,133.27,20.0
7407,309,15,-2.0,3.91,508.0,False,True,17.0,109.6,20.0
7408,309,16,-6.78,4.6,437.7,False,True,21.78,131.99,20.0
7409,309,17,-1.25,4.05,340.2,False,True,16.25,108.8,20.0
7410,309,18,-0.63,6.09,177.4,False,True,15.63,104.92,20.0
7411,309,19,-4.59,15.55,360.2,False,True,19.59,144.68,20.0
7412,309,20,-4.19,9.44,293.7,False,True,19.19,133.22,20.0
7413,309,21,-1.81,8.22,163.2,False,True,16.81,116.61,20.0
7414,309,22,-7.48,7.45,94.2,False,True,22.48,143.4,20.0
7415,309,23,-6.82,5.58,36.6,False,True,21.82,139.03,20.0
7416,310,0,-4.48,5.62,0.0,False,True,19.48,129.69,20.0
7417,310,1,-5.46,8.02,69.1,False,True,20.46,135.82,20.0
7418,310,2,-4.35,14.7,100.3,False,True,19.35,153.48,20.0
7419,310,3,-5.97,5.37,169.4,False,True,20.97,134.94,20.0
7420,310,4,-2.6,12.07,174.3,False,True,17.6,133.0,20.0
7421,310,5,-2.84,4.15,280.7,False,True,17.84,113.88,20.0
7422,310,6,-0.93,10.29,362.9,False,True,15.93,123.48,20.0
7423,310,7,-1.11,14.41,445.4,False,True,16.11,130.88,20.0
7424,310,8,-0.61,7.15,362.5,False,True,15.61,109.43,20.0
7425,310,9,-3.51,5.6,321.6,False,True,18.51,116.55,20.0
7426,310,10,0.69,10.27,258.5,False,True,14.31,112.51,20.0
7427,310,11,-0.76,16.39,542.8,False,True,15.76,131.45,20.0
7428,310,12,-0.36,11.8,547.3,False,True,15.36,124.05,20.0
7429,310,13,2.0,17.51,364.1,False,True,13.0,119.13,20.0
7430,310,14,-1.73,7.51,303.9,False,True,16.73,122.65,20.0
7431,310,15,2.09,7.27,445.7,False,True,12.91,104.69,20.0
7432,310,16,1.86,3.25,443.7,False,True,13.14,88.38,20.0
7433,310,17,-0.0,5.47,396.6,False,True,15.0,109.11,20.0
7434,310,18,-3.99,7.0,187.9,False,True,18.99,123.84,20.0
7435,310,19,-6.92,7.36,361.8,False,True,21.92,144.26,20.0
7436,310,20,-0.87,10.17,218.0,False,True,15.87,121.63,20.0
7437,310,21,-3.22,5.78,175.7,False,True,18.22,118.61,20.0
7438,310,22,-5.25,5.96,66.3,False,True,20.25,130.15,20.0
7439,310,23,-1.61,19.0,31.9,False,True,16.61,143.05,20.0
7440,311,0,-5.54,1.68,0.0,False,True,20.54,116.85,20.0
7441,311,1,-4.6,2.02,49.7,False,True,19.6,114.82,20.0
7442,311,2,-2.5,4.51,150.1,False,True,17.5,111.97,20.0
7443,311,3,-5.46,1.95,192.1,False,True,20.46,117.63,20.0
7444,311,4,-3.03,2.24,299.9,False,True,18.03,104.64,20.0
7445,311,5,-0.15,6.16,295.1,False,True,15.15,109.31,20.0
7446,311,6,-1.39,8.76,195.1,False,True,16.39,114.07,20.0
7447,311,7,1.2,6.03,388.8,False,True,13.8,103.72,20.0
7448,311,8,1.45,9.03,407.8,False,True,13.55,108.22,20.0
7449,311,9,-0.39,10.97,516.5,False,True,15.39,121.99,20.0
7450,311,10,-4.76,8.26,421.1,False,True,19.76,130.3,20.0
7451,311,11,-2.09,9.02,325.6,False,True,17.09,134.1,20.0
7452,311,12,1.71,6.44,503.8,False,True,13.29,99.22,20.0
7453,311,13,-2.98,5.77,506.9,False,True,17.98,118.4,20.0
7454,311,14,-0.74,1.84,410.6,False,True,15.74,96.57,20.0
7455,311,15,0.28,11.25,253.3,False,True,14.72,122.13,20.0
7456,311,16,2.12,8.07,336.8,False,True,12.88,99.75,20.0
7457,311,17,-2.45,8.68,430.3,False,True,17.45,127.08,20.0
7458,311,18,-3.1,3.15,247.0,False,True,18.1,107.62,20.0
7459,311,19,-2.44,4.67,306.4,False,True,17.44,113.95,20.0
7460,311,20,-2.11,6.26,165.6,False,True,17.11,114.16,20.0
7461,311,21,-3.54,18.9,137.1,False,True,18.54,160.19,20.0
7462,311,22,-1.45,8.2,93.5,False,True,16.45,116.53,20.0
7463,311,23,-5.35,22.91,37.7,False,True,20.35,176.53,20.0
7464,312,0,-3.37,7.66,0.0,False,True,18.37,126.37,20.0
7465,312,1,-2.65,11.17,65.3,False,True,17.65,126.29,20.0
7466,312,2,-4.14,8.29,99.5,False,True,19.14,126.18,20.0
7467,312,3,-1.34,13.83,133.1,False,True,16.34,133.88,20.0
7468,312,4,-2.31,8.44,246.1,False,True,17.31,114.97,20.0
7469,312,5,-0.55,20.18,259.1,False,True,15.55,144.49,20.0
7470,312,6,-1.22,7.29,280.7,False,True,16.22,112.9,20.0
7471,312,7,-0.34,1.36,417.8,False,True,15.34,93.53,20.0
7472,312,8,-1.87,8.73,326.9,False,True,16.87,121.79,20.0
7473,312,9,-1.45,4.74,402.8,False,True,16.45,111.53,20.0
7474,312,10,2.57,7.81,242.9,False,True,12.43,96.92,20.0
7475,312,11,1.6,5.14,359.1,False,True,13.4,97.34,20.0
7476,312,12,-1.65,3.9,325.3,False,True,16.65,110.86,20.0
7477,312,13,0.69,15.95,554.1,False,True,14.31,127.69,20.0
7478,312,14,-4.62,5.09,239.1,False,True,19.62,122.38,20.0
7479,312,15,-1.34,4.6,454.6,False,True,16.34,105.46,20.0
7480,312,16,1.32,10.39,443.6,False,True,13.68,106.33,20.0
7481,312,17,-1.34,6.16,285.4,False,True,16.34,109.95,20.0
7482,312,18,-1.37,4.89,235.2,False,True,16.37,111.79,20.0
7483,312,19,-8.16,10.53,182.2,False,True,23.16,157.71,20.0
7484,312,20,-3.39,7.18,169.9,False,True,18.39,124.63,20.0
7485,312,21,-2.34,11.23,217.8,False,True,17.34,134.8,20.0
7486,312,22,-2.41,14.07,66.2,False,True,17.41,136.16,20.0
7487,312,23,-1.61,6.08,52.8,False,True,16.61,111.7,20.0
7488,313,0,-3.82,10.1,0.0,False,True,18.82,132.12,20.0
7489,313,1,-3.66,14.39,64.0,False,True,18.66,152.06,20.0
7490,313,2,-5.8,16.29,93.2,False,True,20.8,154.46,20.0
7491,313,3,-3.22,5.42,139.5,False,True,18.22,119.07,20.0
7492,313,4,-4.92,12.03,130.5,False,True,19.92,146.23,20.0
7493,313,5,-5.61,2.04,345.6,False,True,20.61,117.35,20.0
7494,313,6,-3.57,8.38,302.5,False,True,18.57,136.45,20.0
7495,313,7,2.13,3.39,210.1,False,True,12.87,97.02,20.0
7496,313,8,-0.94,6.08,442.2,False,True,15.94,113.33,20.0
7497,313,9,0.45,19.83,481.2,False,True,14.55,131.32,20.0
7498,313,10,-0.7,11.34,392.2,False,True,15.7,123.7,20.0
7499,313,11,-3.05,3.44,587.4,False,True,18.05,110.55,20.0
7500,313,12,2.47,4.08,321.4,False,True,12.53,92.81,20.0
7501,313,13,-3.81,12.62,539.3,False,True,18.81,141.44,20.0
7502,313,14,-0.78,12.42,526.2,False,True,15.78,122.97,20.0
7503,313,15,-0.1,12.74,395.1,False,True,15.1,124.46,20.0
7504,313,16,0.06,8.36,376.2,False,True,14.94,117.59,20.0
7505,313,17,-2.34,11.31,222.5,False,True,17.34,133.71,20.0
7506,313,18,-5.08,6.23,203.6,False,True,20.08,128.74,20.0
7507,313,19,-3.52,6.08,238.8,False,True,18.52,113.78,20.0
7508,313,20,-3.9,8.13,285.3,False,True,18.9,132.53,20.0
7509,313,21,-4.36,4.84,121.4,False,True,19.36,124.98,20.0
7510,313,22,-1.19,4.42,106.4,False,True,16.19,106.73,20.0
7511,313,23,-5.76,9.79,34.3,False,True,20.76,140.04,20.0
7512,314,0,-2.6,10.22,0.0,False,True,17.6,130.7,20.0
7513,314,1,-2.82,4.48,48.8,False,True,17.82,110.88,20.0
7514,314,2,-1.01,5.44,151.8,False,True,16.01,112.22,20.0
7515,314,3,-2.88,9.1,118.4,False,True,17.88,122.49,20.0
7516,314,4,-0.62,8.72,138.1,False,True,15.62,111.88,20.0
7517,314,5,-2.06,8.37,157.9,False,True,17.06,121.01,20.0
7518,314,6,-0.33,4.6,302.6,False,True,15.33,99.09,20.0
7519,314,7,-3.69,21.17,338.8,False,True,18.69,164.11,20.0
7520,314,8,-5.48,5.8,268.9,False,True,20.48,130.3,20.0
7521,314,9,0.97,9.29,304.1,False,True,14.03,104.44,20.0
7522,314,10,1.39,3.89,342.7,False,True,13.61,99.92,20.0
7523,314,11,1.68,7.18,241.3,False,True,13.32,99.81,20.0
7524,314,12,-0.25,4.42,534.1,False,True,15.25,105.92,20.0
7525,314,13,3.71,5.68,513.8,False,True,11.29,91.5,20.0
7526,314,14,-0.39,8.44,343.2,False,True,15.39,111.97,20.0
7527,314,15,1.06,13.71,412.7,False,True,13.94,116.26,20.0
7528,314,16,0.99,5.37,310.2,False,True,14.01,94.66,20.0
7529,314,17,2.75,8.24,198.1,False,True,12.25,96.68,20.0
7530,314,18,-1.83,9.23,319.8,False,True,16.83,119.22,20.0
7531,314,19,-3.02,10.45,304.2,False,True,18.02,137.04,20.0
7532,314,20,-5.2,2.43,180.1,False,True,20.2,120.79,20.0
7533,314,21,0.49,11.21,125.1,False,True,14.51,110.65,20.0
7534,314,22,-2.09,9.28,86.7,False,True,17.09,126.45,20.0
7535,314,23,-2.23,8.36,47.7,False,True,17.23,122.54,20.0
7536,315,0,3.23,20.47,0.0,False,True,11.77,117.34,20.0
7537,315,1,-2.29,5.03,66.8,False,True,17.29,115.08,20.0
7538,315,2,-5.34,8.74,80.7,False,True,20.34,139.69,20.0
7539,315,3,-2.81,18.32,189.2,False,True,17.81,148.77,20.0
7540,315,4,-3.95,12.96,293.6,False,True,18.95,141.42,20.0
7541,315,5,-2.31,6.06,185.6,False,True,17.31,116.72,20.0
7542,315,6,-1.81,8.3,298.9,False,True,16.81,116.0,20.0
7543,315,7,-1.66,8.43,293.6,False,True,16.66,120.05,20.0
7544,315,8,-2.79,6.53,395.0,False,True,17.79,119.03,20.0
7545,315,9,3.6,3.51,514.7,False,True,11.4,84.91,20.0
7546,315,10,1.33,6.12,540.0,False,True,13.67,98.12,20.0
7547,315,11,0.48,9.62,396.1,False,True,14.52,113.54,20.0
7548,315,12,2.51,6.04,512.6,False,True,12.49,99.55,20.0
7549,315,13,1.87,7.18,420.4,False,True,13.13,102.38,20.0
7550,315,14,1.28,13.79,500.3,False,True,13.72,114.06,20.0
7551,315,15,1.78,7.2,515.9,False,True,13.22,104.37,20.0
7552,315,16,0.26,7.44,429.8,False,True,14.74,109.24,20.0
7553,315,17,0.85,7.93,207.8,False,True,14.15,109.31,20.0
7554,315,18,0.5,5.76,232.1,False,True,14.5,108.27,20.0
7555,315,19,-1.2,11.38,318.3,False,True,16.2,121.1,20.0
7556,315,20,-2.44,3.9,123.5,False,True,17.44,110.47,20.0
7557,315,21,0.64,5.75,163.2,False,True,14.36,101.09,20.0
7558,315,22,-3.69,8.32,119.0,False,True,18.69,124.85,20.0
7559,315,23,-2.15,6.24,69.9,False,True,17.15,123.42,20.0
7560,316,0,-1.98,15.54,0.0,False,True,16.98,142.42,20.0
7561,316,1,-3.96,22.48,34.8,False,True,18.96,162.98,20.0
7562,316,2,-4.16,7.37,125.4,False,True,19.16,129.08,20.0
7563,316,3,-2.93,4.47,200.7,False,True,17.93,112.31,20.0
7564,316,4,-2.79,6.3,139.0,False,True,17.79,123.03,20.0
7565,316,5,-4.24,11.14,252.5,False,True,19.24,139.02,20.0
7566,316,6,-2.11,5.16,335.0,False,True,17.11,112.33,20.0
7567,316,7,0.24,2.79,288.2,False,True,14.76,98.93,20.0
7568,316,8,2.72,6.86,323.4,False,True,12.28,98.36,20.0
7569,316,9,1.71,7.65,255.9,False,True,13.29,102.88,20.0
7570,316,10,-4.28,5.95,501.1,False,True,19.28,123.07,20.0
7571,316,11,2.4,13.89,322.6,False,True,12.6,111.05,20.0
7572,316,12,0.07,19.81,396.6,False,True,14.93,139.05,20.0
7573,316,13,2.03,8.29,422.3,False,True,12.97,98.41,20.0
7574,316,14,0.89,6.27,262.2,False,True,14.11,103.41,20.0
7575,316,15,0.22,9.63,365.1,False,True,14.78,113.19,20.0
7576,316,16,-0.01,13.94,255.3,False,True,15.01,122.6,20.0
7577,316,17,-0.34,5.37,256.8,False,True,15.34,109.19,20.0
7578,316,18,1.88,10.85,260.4,False,True,13.12,103.51,20.0
7579,316,19,-1.37,6.86,253.4,False,True,16.37,112.86,20.0
7580,316,20,0.36,12.58,198.2,False,True,14.64,116.28,20.0
7581,316,21,-0.34,4.47,101.7,False,True,15.34,106.41,20.0
7582,316,22,-1.21,14.79,94.8,False,True,16.21,131.08,20.0
7583,316,23,-6.32,8.43,33.2,False,True,21.32,140.36,20.0
7584,317,0,-0.39,9.61,0.0,False,True,15.39,117.87,20.0
7585,317,1,-3.47,4.09,35.3,False,True,18.47,109.46,20.0
7586,317,2,-0.92,4.02,77.7,False,True,15.92,107.23,20.0
7587,317,3,-3.98,8.85,161.1,False,True,18.98,128.13,20.0
7588,317,4,-3.99,9.76,286.9,False,True,18.99,132.62,20.0
7589,317,5,2.81,6.56,188.8,False,True,12.19,95.58,20.0
7590,317,6,-2.54,10.26,355.7,False,True,17.54,131.14,20.0
7591,317,7,2.19,4.08,202.9,False,True,12.81,96.59,20.0
7592,317,8,0.61,3.37,312.6,False,True,14.39,104.92,20.0
7593,317,9,-0.05,7.95,355.2,False,True,15.05,111.77,20.0
7594,317,10,1.02,3.99,269.5,False,True,13.98,96.32,20.0
7595,317,11,-1.29,2.83,465.2,False,True,16.29,102.16,20.0
7596,317,12,1.35,4.67,292.4,False,True,13.65,100.68,20.0
7597,317,13,-0.86,9.59,523.7,False,True,15.86,124.55,20.0
7598,317,14,0.32,8.34,437.5,False,True,14.68,111.61,20.0
7599,317,15,2.64,14.03,468.3,False,True,12.36,108.41,20.0
7600,317,16,0.89,8.62,259.0,False,True,14.11,109.42,20.0
7601,317,17,-3.07,4.16,281.0,False,True,18.07,115.05,20.0
7602,317,18,1.08,9.91,349.3,False,True,13.92,110.36,20.0
7603,317,19,-1.15,5.3,245.5,False,True,16.15,106.74,20.0
7604,317,20,-2.71,6.49,233.8,False,True,17.71,109.43,20.0
7605,317,21,-0.54,5.35,148.8,False,True,15.54,105.19,20.0
7606,317,22,-2.69,3.85,124.7,False,True,17.69,115.76,20.0
7607,317,23,-4.89,24.98,61.5,False,True,19.89,183.97,20.0
7608,318,0,1.26,4.87,0.0,False,True,13.74,90.75,20.0
7609,318,1,-2.4,2.61,72.8,False,True,17.4,107.51,20.0
7610,318,2,-2.33,10.49,130.4,False,True,17.33,120.82,20.0
7611,318,3,-2.66,2.21,101.2,False,True,17.66,114.8,20.0
7612,318,4,0.92,6.88,126.8,False,True,14.08,105.3,20.0
7613,318,5,-2.01,11.28,303.0,False,True,17.01,123.72,20.0
7614,318,6,-3.53,3.57,330.6,False,True,18.53,117.2,20.0
7615,318,7,-1.28,7.48,454.4,False,True,16.28,112.44,20.0
7616,318,8,3.22,6.35,418.4,False,True,11.78,96.01,20.0
7617,318,9,2.64,4.82,291.0,False,True,12.36,93.57,20.0
7618,318,10,0.78,14.05,246.4,False,True,14.22,116.07,20.0
7619,318,11,4.24,6.33,428.0,False,True,10.76,92.13,20.0
7620,318,12,3.06,10.38,418.7,False,True,11.94,96.8,20.0
7621,318,13,0.96,11.75,572.5,False,True,14.04,119.68,20.0
7622,318,14,0.96,21.73,478.1,False,True,14.04,135.92,20.0
7623,318,15,1.64,4.21,521.1,False,True,13.36,92.35,20.0
7624,318,16,-1.1,11.89,443.7,False,True,16.1,118.46,20.0
7625,318,17,0.09,6.89,379.1,False,True,14.91,114.16,20.0
7626,318,18,0.18,7.28,313.1,False,True,14.82,114.03,20.0
7627,318,19,-4.33,6.12,273.2,False,True,19.33,119.91,20.0
7628,318,20,-1.82,11.68,211.3,False,True,16.82,134.44,20.0
7629,318,21,-2.46,3.93,207.4,False,True,17.46,111.79,20.0
7630,318,22,-0.11,7.33,84.0,False,True,15.11,109.14,20.0
7631,318,23,-6.06,4.27,74.3,False,True,21.06,125.56,20.0
7632,319,0,-3.02,6.11,0.0,False,True,18.02,118.18,20.0
7633,319,1,-3.15,12.47,51.9,False,True,18.15,142.38,20.0
7634,319,2,-0.07,12.39,81.8,False,True,15.07,121.79,20.0
7635,319,3,-1.76,6.6,129.9,False,True,16.76,108.34,20.0
7636,319,4,2.33,8.62,225.1,False,True,12.67,109.75,20.0
7637,319,5,0.55,8.54,179.4,False,True,14.45,113.04,20.0
7638,319,6,-1.08,4.28,170.5,False,True,16.08,102.71,20.0
7639,319,7,0.74,9.71,264.4,False,True,14.26,110.07,20.0
7640,319,8,0.03,4.53,302.7,False,True,14.97,99.7,20.0
7641,319,9,2.88,20.92,534.8,False,True,12.12,121.99,20.0
7642,319,10,-1.19,2.68,434.1,False,True,16.19,104.79,20.0
7643,319,11,0.03,10.54,382.8,False,True,14.97,117.46,20.0
7644,319,12,2.65,11.71,593.9,False,True,12.35,103.98,20.0
7645,319,13,4.13,8.78,369.1,False,True,10.87,91.11,20.0
7646,319,14,-2.93,7.5,565.0,False,True,17.93,125.71,20.0
7647,319,15,3.91,5.76,534.9,False,True,11.09,89.69,20.0
7648,319,16,0.46,10.68,422.9,False,True,14.54,123.23,20.0
7649,319,17,-3.51,15.7,340.4,False,True,18.51,144.81,20.0
7650,319,18,-6.26,4.87,378.9,False,True,21.26,131.51,20.0
7651,319,19,-3.83,6.68,217.1,False,True,18.83,124.31,20.0
7652,319,20,-1.3,4.14,186.2,False,True,16.3,104.44,20.0
7653,319,21,-1.8,7.53,120.3,False,True,16.8,122.82,20.0
7654,319,22,-0.72,6.07,85.9,False,True,15.72,110.08,20.0
7655,319,23,-3.29,6.93,37.7,False,True,18.29,119.2,20.0
7656,320,0,-4.3,10.75,0.0,False,True,19.3,136.69,20.0
7657,320,1,-2.84,12.25,31.4,False,True,17.84,138.67,20.0
7658,320,2,-1.75,3.79,101.7,False,True,16.75,103.55,20.0
7659,320,3,-1.03,8.49,142.0,False,True,16.03,121.86,20.0
7660,320,4,-2.66,14.07,189.8,False,True,17.66,141.34,20.0
7661,320,5,1.2,9.42,331.0,False,True,13.8,107.62,20.0
7662,320,6,-1.32,4.33,378.7,False,True,16.32,112.89,20.0
7663,320,7,-1.3,11.98,379.9,False,True,16.3,132.99,20.0
7664,320,8,-0.17,9.75,422.7,False,True,15.17,117.97,20.0
7665,320,9,3.48,9.28,489.0,False,True,11.52,98.54,20.0
7666,320,10,1.38,6.58,365.7,False,True,13.62,108.93,20.0
7667,320,11,0.46,24.0,398.8,False,True,14.54,149.46,20.0
7668,320,12,3.77,24.23,328.1,False,True,11.23,118.28,20.0
7669,320,13,6.14,2.41,322.9,False,True,8.86,75.78,20.0
7670,320,14,2.07,5.89,556.8,False,True,12.93,96.99,20.0
7671,320,15,3.8,6.19,474.7,False,True,11.2,89.7,20.0
7672,320,16,2.99,1.53,349.1,False,True,12.01,80.58,20.0
7673,320,17,-0.78,18.62,201.5,False,True,15.78,142.95,20.0
7674,320,18,-0.03,4.14,358.8,False,True,15.03,102.74,20.0
7675,320,19,-3.16,3.99,354.0,False,True,18.16,114.35,20.0
7676,320,20,-1.49,3.06,286.8,False,True,16.49,110.61,20.0
7677,320,21,-2.75,5.85,190.2,False,True,17.75,115.26,20.0
7678,320,22,-2.62,9.26,122.5,False,True,17.62,125.64,20.0
7679,320,23,-3.51,7.24,37.0,False,True,18.51,125.36,20.0
7680,321,0,-2.49,4.47,0.0,False,True,17.49,111.07,20.0
7681,321,1,-0.78,9.01,43.8,False,True,15.78,116.41,20.0
7682,321,2,-1.88,7.28,114.6,False,True,16.88,120.32,20.0
7683,321,3,-5.05,13.26,217.7,False,True,20.05,149.01,20.0
7684,321,4,-2.4,5.19,276.8,False,True,17.4,119.22,20.0
7685,321,5,-3.47,4.93,213.2,False,True,18.47,114.95,20.0
7686,321,6,0.58,11.0,262.9,False,True,14.42,115.69,20.0
7687,321,7,1.61,4.05,279.0,False,True,13.39,90.63,20.0
7688,321,8,1.6,3.0,373.1,False,True,13.4,93.47,20.0
7689,321,9,-0.07,22.16,490.8,False,True,15.07,140.68,20.0
7690,321,10,2.31,9.41,504.1,False,True,12.69,108.64,20.0
7691,321,11,1.08,2.87,554.3,False,True,13.92,98.33,20.0
7692,321,12,-0.19,11.6,427.8,False,True,15.19,121.95,20.0
7693,321,13,3.5,2.7,472.9,False,True,11.5,93.39,20.0
7694,321,14,3.46,5.34,563.5,False,True,11.54,96.6,20.0
7695,321,15,3.4,7.26,446.4,False,True,11.6,97.45,20.0
7696,321,16,-0.13,13.89,259.9,False,True,15.13,122.34,20.0
7697,321,17,2.97,14.31,283.8,False,True,12.03,103.88,20.0
7698,321,18,-0.9,7.97,189.0,False,True,15.9,114.78,20.0
7699,321,19,0.88,5.82,170.3,False,True,14.12,101.17,20.0
7700,321,20,-1.93,6.01,208.5,False,True,16.93,112.0,20.0
7701,321,21,-1.77,17.71,193.6,False,True,16.77,142.12,20.0
7702,321,22,-6.49,12.73,79.7,False,True,21.49,148.58,20.0
7703,321,23,-2.45,8.81,46.4,False,True,17.45,129.51,20.0
7704,322,0,-1.56,8.1,0.0,False,True,16.56,113.82,20.0
7705,322,1,-2.5,7.72,70.8,False,True,17.5,118.73,20.0
7706,322,2,2.04,2.34,79.3,False,True,12.96,93.17,20.0
7707,322,3,-3.48,1.16,96.5,False,True,18.48,101.22,20.0
7708,322,4,-1.87,6.47,232.3,False,True,16.87,118.83,20.0
7709,322,5,-2.07,3.78,261.6,False,True,17.07,112.84,20.0
7710,322,6,-0.87,23.15,170.4,False,True,15.87,149.71,20.0
7711,322,7,2.84,7.84,408.8,False,True,12.16,94.15,20.0
7712,322,8,4.21,2.96,340.0,False,True,10.79,82.53,20.0
7713,322,9,0.27,8.23,403.9,False,True,14.73,103.34,20.0
7714,322,10,0.54,8.47,465.1,False,True,14.46,114.88,20.0
7715,322,11,-0.13,8.35,256.3,False,True,15.13,112.57,20.0
7716,322,12,4.87,5.22,302.1,False,True,10.13,82.57,20.0
7717,322,13,4.43,9.18,403.3,False,True,10.57,89.95,20.0
7718,322,14,1.78,9.49,291.6,False,True,13.22,108.29,20.0
7719,322,15,-1.12,9.14,260.5,False,True,16.12,124.36,20.0
7720,322,16,-1.36,6.31,309.2,False,True,16.36,108.03,20.0
7721,322,17,1.11,14.82,312.3,False,True,13.89,118.15,20.0
7722,322,18,1.35,13.3,386.0,False,True,13.65,109.27,20.0
7723,322,19,-4.39,22.51,276.5,False,True,19.39,175.07,20.0
7724,322,20,-1.39,4.97,287.3,False,True,16.39,110.26,20.0
7725,322,21,2.08,4.66,154.8,False,True,12.92,103.92,20.0
7726,322,22,-1.91,9.59,106.1,False,True,16.91,122.97,20.0
7727,322,23,1.3,18.46,46.0,False,True,13.7,125.13,20.0
7728,323,0,-0.28,9.93,0.0,False,True,15.28,113.97,20.0
7729,323,1,-3.68,3.18,39.4,False,True,18.68,116.91,20.0
7730,323,2,-1.9,6.89,68.4,False,True,16.9,110.38,20.0
7731,323,3,-1.25,9.55,188.8,False,True,16.25,123.12,20.0
7732,323,4,-2.49,4.77,182.8,False,True,17.49,114.42,20.0
7733,323,5,-2.04,11.49,153.0,False,True,17.04,126.98,20.0
7734,323,6,3.43,5.92,361.2,False,True,11.57,88.88,20.0
7735,323,7,-1.02,7.22,263.2,False,True,16.02,117.61,20.0
7736,323,8,3.57,2.07,486.4,False,True,11.43,92.18,20.0
7737,323,9,0.96,3.12,495.5,False,True,14.04,94.81,20.0
7738,323,10,2.1,2.18,337.4,False,True,12.9,92.5,20.0
7739,323,11,3.47,10.44,322.1,False,True,11.53,106.55,20.0
7740,323,12,1.22,5.77,597.5,False,True,13.78,98.67,20.0
7741,323,13,3.49,12.06,530.5,False,True,11.51,101.7,20.0
7742,323,14,-1.94,16.67,554.0,False,True,16.94,136.94,20.0
7743,323,15,2.71,8.98,227.4,False,True,12.29,100.32,20.0
7744,323,16,-3.52,2.06,394.4,False,True,18.52,109.68,20.0
7745,323,17,0.48,4.47,266.6,False,True,14.52,99.61,20.0
7746,323,18,2.13,6.82,265.1,False,True,12.87,96.55,20.0
7747,323,19,1.14,5.68,166.1,False,True,13.86,95.15,20.0
7748,323,20,-3.18,8.36,254.7,False,True,18.18,120.87,20.0
7749,323,21,-3.34,5.2,164.3,False,True,18.34,114.28,20.0
7750,323,22,-2.69,6.43,135.9,False,True,17.69,121.1,20.0
7751,323,23,-1.14,4.02,36.8,False,True,16.14,104.45,20.0
7752,324,0,-5.49,9.81,0.0,False,True,20.49,137.48,20.0
7753,324,1,-1.38,7.67,47.7,False,True,16.38,118.75,20.0
7754,324,2,-0.53,8.92,150.8,False,True,15.53,117.61,20.0
7755,324,3,-1.4,7.1,185.0,False,True,16.4,112.08,20.0
7756,324,4,0.63,10.69,139.6,False,True,14.37,111.64,20.0
7757,324,5,0.51,5.25,317.5,False,True,14.49,105.29,20.0
7758,324,6,-0.51,7.46,312.4,False,True,15.51,113.38,20.0
7759,324,7,-2.78,25.74,244.3,False,True,17.78,167.37,20.0
7760,324,8,1.84,3.64,266.2,False,True,13.16,95.21,20.0
7761,324,9,0.08,12.4,538.7,False,True,14.92,120.38,20.0
7762,324,10,1.15,19.93,579.1,False,True,13.85,134.96,20.0
7763,324,11,3.47,9.37,443.6,False,True,11.53,94.8,20.0
7764,324,12,5.41,1.31,307.4,False,True,9.59,80.93,20.0
7765,324,13,2.43,3.74,359.4,False,True,12.57,93.92,20.0
7766,324,14,3.42,2.23,305.5,False,True,11.58,82.09,20.0
7767,324,15,-0.9,8.41,423.8,False,True,15.9,119.95,20.0
7768,324,16,2.07,7.15,332.6,False,True,12.93,103.71,20.0
7769,324,17,0.97,15.14,298.4,False,True,14.03,116.73,20.0
7770,324,18,3.03,15.38,373.7,False,True,11.97,118.47,20.0
7771,324,19,-1.02,6.87,357.3,False,True,16.02,108.4,20.0
7772,324,20,-0.91,7.14,155.5,False,True,15.91,109.45,20.0
7773,324,21,1.28,5.44,148.9,False,True,13.72,98.87,20.0
7774,324,22,-1.34,9.14,112.1,False,True,16.34,122.63,20.0
7775,324,23,-3.57,4.33,42.9,False,True,18.57,118.71,20.0
7776,325,0,3.83,6.72,0.0,False,True,11.17,91.64,20.0
7777,325,1,-3.36,4.51,33.9,False,True,18.36,121.39,20.0
7778,325,2,-1.13,8.11,66.0,False,True,16.13,117.78,20.0
7779,325,3,0.01,12.01,200.2,False,True,14.99,125.3,20.0
7780,325,4,0.26,3.16,181.0,False,True,14.74,109.93,20.0
7781,325,5,-0.17,6.49,301.1,False,True,15.17,109.05,20.0
7782,325,6,0.36,13.9,190.8,False,True,14.64,112.52,20.0
7783,325,7,0.78,15.98,382.0,False,True,14.22,122.86,20.0
7784,325,8,-0.5,5.46,411.5,False,True,15.5,103.17,20.0
7785,325,9,6.44,4.63,494.9,False,True,8.56,78.69,20.0
7786,325,10,2.02,1.02,303.0,False,True,12.98,88.9,20.0
7787,325,11,3.85,12.67,434.7,False,True,11.15,97.17,20.0
7788,325,12,2.06,12.26,564.4,False,True,12.94,105.78,20.0
7789,325,13,1.95,22.65,316.4,False,True,13.05,130.08,20.0
7790,325,14,1.55,21.05,275.2,False,True,13.45,129.75,20.0
7791,325,15,-0.96,7.15,336.4,False,True,15.96,103.18,20.0
7792,325,16,1.41,12.87,508.8,False,True,13.59,118.46,20.0
7793,325,17,0.43,5.63,235.4,False,True,14.57,104.05,20.0
7794,325,18,3.07,6.35,200.1,False,True,11.93,94.5,20.0
7795,325,19,-2.18,8.39,364.8,False,True,17.18,122.74,20.0
7796,325,20,-1.43,4.54,190.8,False,True,16.43,104.82,20.0
7797,325,21,-2.48,11.12,112.4,False,True,17.48,129.9,20.0
7798,325,22,1.88,7.79,114.2,False,True,13.12,106.32,20.0
7799,325,23,-2.94,2.4,32.0,False,True,17.94,113.02,20.0
7800,326,0,0.0,13.02,0.0,False,True,15.0,124.08,20.0
7801,326,1,0.89,4.33,33.0,False,True,14.11,98.24,20.0
7802,326,2,-1.15,4.57,114.8,False,True,16.15,104.58,20.0
7803,326,3,-3.29,6.32,177.9,False,True,18.29,125.97,20.0
7804,326,4,-2.85,9.27,120.6,False,True,17.85,128.97,20.0
7805,326,5,2.08,8.66,258.5,False,True,12.92,101.49,20.0
7806,326,6,-1.64,15.19,410.3,False,True,16.64,127.75,20.0
7807,326,7,2.18,23.44,304.1,False,True,12.82,127.73,20.0
7808,326,8,2.11,3.0,505.4,False,True,12.89,84.57,20.0
7809,326,9,3.05,4.0,542.2,False,True,11.95,95.25,20.0
7810,326,10,3.55,2.84,315.4,False,True,11.45,87.25,20.0
7811,326,11,0.94,2.81,444.0,False,True,14.06,93.02,20.0
7812,326,12,0.93,5.93,538.9,False,True,14.07,101.46,20.0
7813,326,13,4.24,12.55,491.1,False,True,10.76,109.79,20.0
7814,326,14,1.35,7.77,496.1,False,True,13.65,109.32,20.0
7815,326,15,-3.21,9.45,308.5,False,True,18.21,123.85,20.0
7816,326,16,3.17,11.02,494.1,False,True,11.83,101.9,20.0
7817,326,17,-0.68,13.01,257.7,False,True,15.68,120.98,20.0
7818,326,18,1.81,4.84,333.8,False,True,13.19,90.06,20.0
7819,326,19,3.14,12.12,340.0,False,True,11.86,105.19,20.0
7820,326,20,-0.09,11.3,184.7,False,True,15.09,128.3,20.0
7821,326,21,1.45,5.79,167.9,False,True,13.55,106.23,20.0
7822,326,22,-0.55,4.67,126.5,False,True,15.55,105.82,20.0
7823,326,23,2.12,6.68,75.0,False,True,12.88,97.65,20.0
7824,327,0,-3.1,14.97,0.0,False,True,18.1,144.35,20.0
7825,327,1,-0.93,12.89,59.7,False,True,15.93,130.83,20.0
7826,327,2,0.63,5.77,75.3,False,True,14.37,97.7,20.0
7827,327,3,-0.77,12.3,100.8,False,True,15.77,117.23,20.0
7828,327,4,2.32,10.24,123.9,False,True,12.68,112.43,20.0
7829,327,5,-0.36,9.31,250.5,False,True,15.36,116.7,20.0
7830,327,6,5.16,14.36,308.6,False,True,9.84,103.99,20.0
7831,327,7,5.78,8.6,215.1,False,True,9.22,87.33,20.0
7832,327,8,2.58,7.52,264.3,False,True,12.42,104.56,20.0
7833,327,9,3.54,2.13,310.3,False,True,11.46,82.93,20.0
7834,327,10,5.14,10.97,541.7,False,True,9.86,94.73,20.0
7835,327,11,0.58,4.45,273.4,False,True,14.42,106.88,20.0
7836,327,12,0.4,4.06,416.3,False,True,14.6,104.63,20.0
7837,327,13,5.47,7.65,519.6,False,True,9.53,84.62,20.0
7838,327,14,3.3,4.01,534.4,False,True,11.7,93.0,20.0
7839,327,15,1.98,8.97,452.3,False,True,13.02,101.56,20.0
7840,327,16,2.04,8.19,290.6,False,True,12.96,96.77,20.0
7841,327,17,-3.23,7.82,225.1,False,True,18.23,126.78,20.0
7842,327,18,0.64,6.68,209.9,False,True,14.36,110.86,20.0
7843,327,19,-1.0,10.8,314.9,False,True,16.0,125.47,20.0
7844,327,20,1.86,8.99,173.4,False,True,13.14,99.8,20.0
7845,327,21,1.6,8.91,138.4,False,True,13.4,109.22,20.0
7846,327,22,0.44,4.7,78.5,False,True,14.56,104.54,20.0
7847,327,23,-0.12,7.0,51.8,False,True,15.12,107.44,20.0
7848,328,0,-3.84,19.66,0.0,False,True,18.84,151.01,20.0
7849,328,1,0.41,6.95,48.1,False,True,14.59,110.92,20.0
7850,328,2,0.69,5.05,65.3,False,True,14.31,105.14,20.0
7851,328,3,2.24,6.86,155.6,False,True,12.76,100.93,20.0
7852,328,4,4.4,7.01,140.1,False,True,10.6,83.21,20.0
7853,328,5,-2.74,6.86,263.5,False,True,17.74,114.12,20.0
7854,328,6,0.38,10.92,340.1,False,True,14.62,119.74,20.0
7855,328,7,0.19,9.6,346.4,False,True,14.81,116.9,20.0
7856,328,8,2.5,3.46,253.5,False,True,12.5,93.45,20.0
7857,328,9,2.6,6.48,426.8,False,True,12.4,95.75,20.0
7858,328,10,2.42,7.81,375.4,False,True,12.58,101.56,20.0
7859,328,11,5.15,4.94,366.2,False,True,9.85,81.67,20.0
7860,328,12,0.96,8.19,293.6,False,True,14.04,105.94,20.0
7861,328,13,1.01,5.25,592.8,False,True,13.99,97.34,20.0
7862,328,14,0.84,7.24,368.4,False,True,14.16,106.71,20.0
7863,328,15,1.85,4.39,373.5,False,True,13.15,94.08,20.0
7864,328,16,-0.3,6.84,237.3,False,True,15.3,113.44,20.0
7865,328,17,1.58,9.72,383.3,False,True,13.42,110.37,20.0
7866,328,18,0.83,10.39,241.7,False,True,14.17,109.2,20.0
7867,328,19,-0.93,7.31,308.3,False,True,15.93,120.75,20.0
7868,328,20,1.91,18.13,132.1,False,True,13.09,118.02,20.0
7869,328,21,-0.37,8.6,132.7,False,True,15.37,115.8,20.0
7870,328,22,1.55,10.54,131.6,False,True,13.45,113.62,20.0
7871,328,23,-1.16,13.26,49.9,False,True,16.16,133.96,20.0
7872,329,0,-0.75,4.99,0.0,False,True,15.75,98.4,20.0
7873,329,1,-1.76,9.67,68.4,False,True,16.76,126.93,20.0
7874,329,2,-0.45,8.15,152.1,False,True,15.45,118.19,20.0
7875,329,3,1.3,9.85,143.7,False,True,13.7,114.81,20.0
7876,329,4,-0.53,26.69,231.9,False,True,15.53,148.0,20.0
7877,329,5,1.81,4.54,227.8,False,True,13.19,93.49,20.0
7878,329,6,-0.33,17.75,311.0,False,True,15.33,134.48,20.0
7879,329,7,3.33,7.48,401.3,False,True,11.67,93.66,20.0
7880,329,8,1.13,6.16,405.2,False,True,13.87,107.55,20.0
7881,329,9,4.41,1.74,326.4,False,True,10.59,78.94,20.0
7882,329,10,3.15,12.83,299.7,False,True,11.85,110.63,20.0
7883,329,11,6.27,11.3,432.2,False,True,8.73,89.97,20.0
7884,329,12,0.99,6.6,477.4,False,True,14.01,97.9,20.0
7885,329,13,0.27,2.48,443.0,False,True,14.73,93.66,20.0
7886,329,14,1.79,7.64,276.4,False,True,13.21,100.54,20.0
7887,329,15,-0.06,3.24,339.8,False,True,15.06,100.9,20.0
7888,329,16,-0.47,12.19,440.0,False,True,15.47,126.76,20.0
7889,329,17,3.05,6.49,232.3,False,True,11.95,94.14,20.0
7890,329,18,1.29,4.33,394.6,False,True,13.71,101.41,20.0
7891,329,19,-0.18,8.31,248.3,False,True,15.18,106.21,20.0
7892,329,20,-0.48,8.92,262.4,False,True,15.48,103.06,20.0
7893,329,21,-1.32,9.45,138.8,False,True,16.32,119.01,20.0
7894,329,22,2.86,4.48,95.6,False,True,12.14,93.84,20.0
7895,329,23,-2.11,26.64,76.8,False,True,17.11,166.68,20.0
7896,330,0,-3.22,6.57,0.0,False,True,18.22,117.22,20.0
7897,330,1,1.08,2.06,36.1,False,True,13.92,95.53,20.0
7898,330,2,-0.74,21.97,151.3,False,True,15.74,154.97,20.0
7899,330,3,4.09,6.92,143.5,False,True,10.91,90.82,20.0
7900,330,4,-0.63,6.86,247.8,False,True,15.63,108.2,20.0
7901,330,5,2.6,8.39,174.3,False,True,12.4,96.9,20.0
7902,330,6,3.59,15.86,387.4,False,True,11.41,116.52,20.0
7903,330,7,0.9,7.07,464.3,False,True,14.1,104.91,20.0
7904,330,8,0.94,7.52,327.2,False,True,14.06,108.3,20.0
7905,330,9,4.32,5.47,269.9,False,True,10.68,92.82,20.0
7906,330,10,4.3,7.07,425.7,False,True,10.7,94.9,20.0
7907,330,11,0.53,9.55,295.7,False,True,14.47,108.34,20.0
7908,330,12,1.17,9.66,399.2,False,True,13.83,113.12,20.0
7909,330,13,-1.72,13.77,460.2,False,True,16.72,136.41,20.0
7910,330,14,4.35,2.37,280.3,False,True,10.65,84.82,20.0
7911,330,15,2.31,11.02,537.0,False,True,12.69,110.62,20.0
7912,330,16,2.1,10.22,427.8,False,True,12.9,103.81,20.0
7913,330,17,-1.44,3.0,293.6,False,True,16.44,104.71,20.0
7914,330,18,-0.77,13.62,275.5,False,True,15.77,125.58,20.0
7915,330,19,-0.05,3.37,332.0,False,True,15.05,103.8,20.0
7916,330,20,-0.92,9.68,205.7,False,True,15.92,116.45,20.0
7917,330,21,0.24,2.1,227.8,False,True,14.76,98.45,20.0
7918,330,22,0.86,4.31,67.9,False,True,14.14,95.01,20.0
7919,330,23,4.03,9.82,44.1,False,True,10.97,95.77,20.0
7920,331,0,-0.49,10.03,0.0,False,True,15.49,116.43,20.0
7921,331,1,1.85,6.72,37.7,False,True,13.15,99.88,20.0
7922,331,2,-1.84,14.26,95.3,False,True,16.84,135.44,20.0
7923,331,3,-3.22,9.71,163.5,False,True,18.22,129.11,20.0
7924,331,4,-0.16,11.79,167.0,False,True,15.16,119.44,20.0
7925,331,5,-2.17,6.88,182.2,False,True,17.17,109.38,20.0
7926,331,6,1.58,3.96,238.0,False,True,13.42,100.34,20.0
7927,331,7,0.5,3.94,214.0,False,True,14.5,97.48,20.0
7928,331,8,-1.36,6.1,268.9,False,True,16.36,111.34,20.0
7929,331,9,6.43,4.42,242.0,False,True,8.57,74.8,20.0
7930,331,10,2.2,4.25,563.0,False,True,12.8,98.12,20.0
7931,331,11,0.2,2.69,295.4,False,True,14.8,94.71,20.0
7932,331,12,5.34,21.32,240.5,False,True,9.66,108.82,20.0
7933,331,13,2.02,2.65,579.7,False,True,12.98,96.41,20.0
7934,331,14,5.46,6.25,495.6,False,True,9.54,91.05,20.0
7935,331,15,1.49,2.25,310.5,False,True,13.51,97.54,20.0
7936,331,16,1.47,5.94,481.9,False,True,13.53,102.83,20.0
7937,331,17,2.75,9.54,439.3,False,True,12.25,96.94,20.0
7938,331,18,2.73,4.33,358.3,False,True,12.27,97.4,20.0
7939,331,19,2.57,8.44,275.9,False,True,12.43,105.27,20.0
7940,331,20,0.37,8.16,225.2,False,True,14.63,113.08,20.0
7941,331,21,1.19,5.02,225.3,False,True,13.81,102.81,20.0
7942,331,22,1.31,2.57,105.5,False,True,13.69,94.4,20.0
7943,331,23,0.02,14.52,69.3,False,True,14.98,123.52,20.0
7944,332,0,-0.62,11.05,0.0,False,True,15.62,125.21,20.0
7945,332,1,-3.16,5.0,64.3,False,True,18.16,121.84,20.0
7946,332,2,1.13,15.2,154.3,False,True,13.87,116.88,20.0
7947,332,3,0.34,10.78,93.2,False,True,14.66,119.29,20.0
7948,332,4,-0.16,9.87,166.4,False,True,15.16,116.96,20.0
7949,332,5,3.7,18.34,318.1,False,True,11.3,115.81,20.0
7950,332,6,-1.19,9.9,356.5,False,True,16.19,121.98,20.0
7951,332,7,5.47,12.47,400.1,False,True,9.53,97.79,20.0
7952,332,8,2.62,7.55,514.1,False,True,12.38,102.76,20.0
7953,332,9,3.72,8.51,253.6,False,True,11.28,99.07,20.0
7954,332,10,2.61,9.57,466.6,False,True,12.39,96.98,20.0
7955,332,11,0.26,13.18,466.8,False,True,14.74,124.64,20.0
7956,332,12,3.39,8.91,314.1,False,True,11.61,97.92,20.0
7957,332,13,4.27,9.42,313.9,False,True,10.73,90.06,20.0
7958,332,14,4.75,8.3,457.9,False,True,10.25,93.43,20.0
7959,332,15,2.68,15.43,439.4,False,True,12.32,107.54,20.0
7960,332,16,-1.72,7.66,394.9,False,True,16.72,121.34,20.0
7961,332,17,-0.9,9.39,322.3,False,True,15.9,125.08,20.0
7962,332,18,5.77,13.58,344.6,False,True,9.23,91.4,20.0
7963,332,19,-1.04,5.73,216.6,False,True,16.04,113.84,20.0
7964,332,20,3.52,16.84,162.4,False,True,11.48,112.6,20.0
7965,332,21,-1.62,5.43,173.9,False,True,16.62,114.38,20.0
7966,332,22,-0.43,4.37,119.6,False,True,15.43,99.19,20.0
7967,332,23,0.99,9.53,69.5,False,True,14.01,112.36,20.0
7968,333,0,-1.86,5.28,0.0,False,True,16.86,112.91,20.0
7969,333,1,3.03,15.07,67.2,False,True,11.97,113.38,20.0
7970,333,2,0.2,19.5,147.6,False,True,14.8,135.77,20.0
7971,333,3,1.29,19.46,150.5,False,True,13.71,133.33,20.0
7972,333,4,0.25,4.23,217.7,False,True,14.75,102.74,20.0
7973,333,5,2.58,4.12,345.6,False,True,12.42,95.21,20.0
7974,333,6,4.94,2.06,246.1,False,True,10.06,85.83,20.0
7975,333,7,2.04,5.2,396.8,False,True,12.96,97.4,20.0
7976,333,8,6.24,12.2,387.8,False,True,8.76,93.1,20.0
7977,333,9,1.97,9.77,359.4,False,True,13.03,106.79,20.0
7978,333,10,5.04,6.57,532.3,False,True,9.96,88.86,20.0
7979,333,11,4.69,9.2,293.9,False,True,10.31,90.24,20.0
7980,333,12,1.64,17.59,252.7,False,True,13.36,126.18,20.0
7981,333,13,4.14,3.49,311.9,False,True,10.86,90.4,20.0
7982,333,14,3.53,7.64,536.5,False,True,11.47,94.64,20.0
7983,333,15,1.49,8.37,336.0,False,True,13.51,108.45,20.0
7984,333,16,3.5,8.11,421.1,False,True,11.5,97.6,20.0
7985,333,17,2.59,5.11,256.3,False,True,12.41,89.97,20.0
7986,333,18,1.64,5.0,294.7,False,True,13.36,99.29,20.0
7987,333,19,1.13,10.23,260.7,False,True,13.87,116.0,20.0
7988,333,20,0.6,9.91,164.2,False,True,14.4,110.69,20.0
7989,333,21,-0.37,2.13,145.2,False,True,15.37,92.18,20.0
7990,333,22,0.33,2.11,86.5,False,True,14.67,97.52,20.0
7991,333,23,-1.44,18.75,36.1,False,True,16.44,141.43,20.0
7992,334,0,5.2,8.51,0.0,False,True,9.8,96.49,20.0
7993,334,1,-2.86,8.12,57.8,False,True,17.86,123.87,20.0
7994,334,2,-1.01,4.56,70.5,False,True,16.01,107.29,20.0
7995,334,3,-0.53,6.15,141.1,False,True,15.53,106.67,20.0
7996,334,4,4.97,5.34,203.3,False,True,10.03,86.25,20.0
7997,334,5,-1.27,12.25,350.5,False,True,16.27,124.87,20.0
7998,334,6,2.74,11.96,325.1,False,True,12.26,102.81,20.0
7999,334,7,2.91,8.58,459.5,False,True,12.09,99.14,20.0
8000,334,8,3.56,7.91,371.3,False,True,11.44,92.13,20.0
8001,334,9,5.78,9.34,488.9,False,True,9.22,92.75,20.0
8002,334,10,6.05,7.85,265.3,False,True,8.95,79.73,20.0
8003,334,11,2.92,10.24,439.4,False,True,12.08,102.06,20.0
8004,334,12,4.28,14.21,367.1,False,True,10.72,99.58,20.0
8005,334,13,0.09,7.08,497.9,False,True,14.91,103.26,20.0
8006,334,14,3.82,4.6,537.0,False,True,11.18,95.16,20.0
8007,334,15,1.72,7.95,458.6,False,True,13.28,95.21,20.0
8008,334,16,2.52,5.47,235.4,False,True,12.48,101.03,20.0
8009,334,17,-0.96,3.02,367.8,False,True,15.96,97.9,20.0
8010,334,18,2.7,3.93,359.1,False,True,12.3,92.11,20.0
8011,334,19,-2.02,13.22,152.6,False,True,17.02,142.24,20.0
8012,334,20,1.19,7.73,150.6,False,True,13.81,96.99,20.0
8013,334,21,-1.98,6.12,185.6,False,True,16.98,109.68,20.0
8014,334,22,-1.54,8.34,91.5,False,True,16.54,123.91,20.0
8015,334,23,2.27,5.69,34.2,False,True,12.73,97.42,20.0
8016,335,0,1.17,13.42,0.0,False,True,13.83,115.09,20.0
8017,335,1,2.36,18.64,76.1,False,True,12.64,120.8,20.0
8018,335,2,3.38,5.86,96.9,False,True,11.62,88.75,20.0
8019,335,3,-0.96,6.91,228.6,False,True,15.96,113.24,20.0
8020,335,4,3.99,8.9,274.2,False,True,11.01,100.93,20.0
8021,335,5,-1.45,3.69,267.9,False,True,16.45,105.39,20.0
8022,335,6,3.49,2.31,359.9,False,True,11.51,86.51,20.0
8023,335,7,1.53,12.67,457.8,False,True,13.47,118.56,20.0
8024,335,8,1.13,6.05,434.6,False,True,13.87,109.91,20.0
8025,335,9,4.64,5.77,334.0,False,True,10.36,84.95,20.0
8026,335,10,5.62,9.21,298.9,False,True,9.38,89.29,20.0
8027,335,11,5.76,4.59,392.0,False,True,9.24,78.86,20.0
8028,335,12,4.43,5.71,307.2,False,True,10.57,85.49,20.0
8029,335,13,4.19,3.73,245.6,False,True,10.81,84.21,20.0
8030,335,14,4.78,2.58,390.4,False,True,10.22,79.32,20.0
8031,335,15,4.02,5.66,331.2,False,True,10.98,82.81,20.0
8032,335,16,4.08,4.56,237.6,False,True,10.92,79.75,20.0
8033,335,17,2.92,4.24,439.3,False,True,12.08,88.62,20.0
8034,335,18,3.68,7.5,201.0,False,True,11.32,94.62,20.0
8035,335,19,-1.78,25.8,284.3,False,True,16.78,168.54,20.0
8036,335,20,0.73,10.9,222.5,False,True,14.27,112.06,20.0
8037,335,21,-2.19,10.68,226.7,False,True,17.19,127.03,20.0
8038,335,22,0.82,4.94,85.8,False,True,14.18,103.61,20.0
8039,335,23,3.35,7.12,42.4,False,True,11.65,97.76,20.0
8040,336,0,-0.85,5.53,0.0,False,True,15.85,108.56,20.0
8041,336,1,0.42,4.97,57.6,False,True,14.58,102.46,20.0
8042,336,2,1.88,5.14,137.8,False,True,13.12,104.58,20.0
8043,336,3,-3.45,4.05,115.7,False,True,18.45,114.08,20.0
8044,336,4,0.05,8.39,174.1,False,True,14.95,109.88,20.0
8045,336,5,2.31,12.34,147.2,False,True,12.69,102.87,20.0
8046,336,6,-3.7,5.46,353.4,False,True,18.7,121.99,20.0
8047,336,7,0.66,5.15,283.4,False,True,14.34,101.07,20.0
8048,336,8,5.3,2.27,281.5,False,True,9.7,86.96,20.0
8049,336,9,5.52,9.86,422.9,False,True,9.48,88.19,20.0
8050,336,10,4.58,1.97,319.3,False,True,10.42,84.75,20.0
8051,336,11,5.79,7.68,258.2,False,True,9.21,88.88,20.0
8052,336,12,4.53,4.71,325.1,False,True,10.47,92.5,20.0
8053,336,13,5.14,6.42,541.2,False,True,9.86,81.06,20.0
8054,336,14,3.2,7.9,438.9,False,True,11.8,103.01,20.0
8055,336,15,3.74,7.66,378.4,False,True,11.26,94.16,20.0
8056,336,16,1.83,11.61,361.1,False,True,13.17,109.81,20.0
8057,336,17,5.14,2.03,475.1,False,True,9.86,78.48,20.0
8058,336,18,5.14,10.92,177.7,False,True,9.86,91.3,20.0
8059,336,19,4.34,8.07,181.4,False,True,10.66,90.81,20.0
8060,336,20,0.28,12.2,275.8,False,True,14.72,110.05,20.0
8061,336,21,-1.23,7.41,165.5,False,True,16.23,117.11,20.0
8062,336,22,2.92,3.19,154.8,False,True,12.08,89.82,20.0
8063,336,23,1.25,6.88,63.5,False,True,13.75,99.61,20.0
8064,337,0,0.85,9.71,0.0,False,True,14.15,110.78,20.0
8065,337,1,-1.01,10.57,58.6,False,True,16.01,130.75,20.0
8066,337,2,1.31,7.0,63.7,False,True,13.69,104.81,20.0
8067,337,3,-1.4,6.57,216.9,False,True,16.4,112.27,20.0
8068,337,4,2.46,8.0,214.1,False,True,12.54,107.01,20.0
8069,337,5,4.43,11.43,148.1,False,True,10.57,93.97,20.0
8070,337,6,5.45,5.73,223.1,False,True,9.55,83.31,20.0
8071,337,7,4.12,8.93,290.5,False,True,10.88,92.37,20.0
8072,337,8,0.43,16.11,297.1,False,True,14.57,126.05,20.0
8073,337,9,4.0,21.26,231.0,False,True,11.0,118.28,20.0
8074,337,10,8.2,11.39,329.3,False,True,6.8,80.78,20.0
8075,337,11,2.38,6.46,557.9,False,True,12.62,94.89,20.0
8076,337,12,4.07,3.69,452.0,False,True,10.93,85.66,20.0
8077,337,13,6.95,8.69,354.6,False,True,8.05,81.72,20.0
8078,337,14,5.16,14.35,262.5,False,True,9.84,96.21,20.0
8079,337,15,8.56,7.01,471.6,False,True,6.44,72.37,20.0
8080,337,16,1.72,12.05,431.8,False,True,13.28,108.82,20.0
8081,337,17,0.73,11.58,191.1,False,True,14.27,112.72,20.0
8082,337,18,4.64,7.4,422.6,False,True,10.36,89.96,20.0
8083,337,19,-0.72,11.07,204.3,False,True,15.72,117.51,20.0
8084,337,20,0.8,3.92,167.2,False,True,14.2,100.55,20.0
8085,337,21,0.64,6.64,133.3,False,True,14.36,104.63,20.0
8086,337,22,2.53,9.19,151.7,False,True,12.47,98.63,20.0
8087,337,23,1.49,7.31,70.8,False,True,13.51,100.79,20.0
8088,338,0,1.19,4.15,0.0,False,True,13.81,96.05,20.0
8089,338,1,-0.46,11.08,54.6,False,True,15.46,119.67,20.0
8090,338,2,2.98,9.14,92.6,False,True,12.02,100.51,20.0
8091,338,3,8.92,8.04,138.0,False,True,6.08,71.1,20.0
8092,338,4,2.66,13.29,178.6,False,True,12.34,105.83,20.0
8093,338,5,1.96,11.19,335.1,False,True,13.04,114.32,20.0
8094,338,6,-0.32,1.6,343.1,False,True,15.32,101.35,20.0
8095,338,7,1.52,8.11,306.6,False,True,13.48,105.09,20.0
8096,338,8,2.85,7.99,517.6,False,True,12.15,102.27,20.0
8097,338,9,2.62,6.16,280.8,False,True,12.38,97.45,20.0
8098,338,10,3.98,2.04,258.5,False,True,11.02,82.75,20.0
8099,338,11,7.77,4.83,369.3,False,True,7.23,73.83,20.0
8100,338,12,6.77,1.75,593.5,False,True,8.23,83.98,20.0
8101,338,13,3.89,18.83,246.5,False,True,11.11,115.91,20.0
8102,338,14,1.59,22.32,260.0,False,True,13.41,136.98,20.0
8103,338,15,6.37,9.44,335.3,False,True,8.63,83.42,20.0
8104,338,16,3.18,4.11,515.7,False,True,11.82,92.56,20.0
8105,338,17,-0.66,2.18,288.5,False,True,15.66,109.13,20.0
8106,338,18,3.7,5.93,342.3,False,True,11.3,92.99,20.0
8107,338,19,3.81,5.5,335.5,False,True,11.19,94.33,20.0
8108,338,20,-3.57,8.33,240.7,False,True,18.57,132.63,20.0
8109,338,21,-0.78,6.07,104.2,False,True,15.78,112.48,20.0
8110,338,22,0.33,20.88,76.0,False,True,14.67,144.13,20.0
8111,338,23,1.82,12.31,43.5,False,True,13.18,112.53,20.0
8112,339,0,-0.67,14.95,0.0,False,True,15.67,132.33,20.0
8113,339,1,-1.23,7.35,69.0,False,True,16.23,112.51,20.0
8114,339,2,2.09,8.25,78.0,False,True,12.91,112.65,20.0
8115,339,3,0.01,14.28,144.1,False,True,14.99,126.37,20.0
8116,339,4,2.45,5.83,145.2,False,True,12.55,96.68,20.0
8117,339,5,-0.38,9.2,249.8,False,True,15.38,120.95,20.0
8118,339,6,-0.34,6.07,262.4,False,True,15.34,106.28,20.0
8119,339,7,4.39,9.46,473.8,False,True,10.61,94.1,20.0
8120,339,8,3.87,3.43,329.0,False,True,11.13,83.42,20.0
8121,339,9,5.62,5.36,238.4,False,True,9.38,82.76,20.0
8122,339,10,3.03,8.34,412.8,False,True,11.97,96.89,20.0
8123,339,11,2.7,8.84,561.7,False,True,12.3,102.89,20.0
8124,339,12,7.08,10.55,373.0,False,True,7.92,82.5,20.0
8125,339,13,1.25,3.81,530.1,False,True,13.75,94.65,20.0
8126,339,14,6.6,8.17,376.7,False,True,8.4,81.15,20.0
8127,339,15,6.42,2.87,410.8,False,True,8.58,75.8,20.0
8128,339,16,5.08,6.26,364.5,False,True,9.92,84.19,20.0
8129,339,17,1.51,7.47,440.1,False,True,13.49,107.03,20.0
8130,339,18,0.73,6.9,314.3,False,True,14.27,108.15,20.0
8131,339,19,1.43,15.9,229.2,False,True,13.57,121.46,20.0
8132,339,20,-1.23,7.51,258.1,False,True,16.23,110.72,20.0
8133,339,21,-0.97,9.81,98.8,False,True,15.97,121.72,20.0
8134,339,22,1.92,8.35,87.5,False,True,13.08,98.4,20.0
8135,339,23,1.73,7.26,44.8,False,True,13.27,102.74,20.0
8136,340,0,-1.66,9.46,0.0,False,True,16.66,122.25,20.0
8137,340,1,1.86,7.98,70.5,False,True,13.14,100.6,20.0
8138,340,2,1.62,7.63,113.7,False,True,13.38,100.03,20.0
8139,340,3,4.05,6.56,155.0,False,True,10.95,88.23,20.0
8140,340,4,2.58,5.82,131.8,False,True,12.42,103.64,20.0
8141,340,5,4.04,5.4,358.7,False,True,10.96,88.03,20.0
8142,340,6,3.4,7.64,244.9,False,True,11.6,94.72,20.0
8143,340,7,4.92,7.36,227.4,False,True,10.08,92.2,20.0
8144,340,8,0.87,14.06,467.5,False,True,14.13,121.74,20.0
8145,340,9,3.61,3.21,517.9,False,True,11.39,91.13,20.0
8146,340,10,4.1,16.52,335.7,False,True,10.9,102.26,20.0
8147,340,11,3.89,3.87,433.7,False,True,11.11,82.9,20.0
8148,340,12,5.33,7.22,522.0,False,True,9.67,99.39,20.0
8149,340,13,5.64,8.89,245.7,False,True,9.36,87.38,20.0
8150,340,14,4.96,4.36,575.0,False,True,10.04,82.68,20.0
8151,340,15,3.5,3.82,329.5,False,True,11.5,89.12,20.0
8152,340,16,1.97,6.8,357.4,False,True,13.03,103.92,20.0
8153,340,17,5.15,9.94,204.8,False,True,9.85,86.72,20.0
8154,340,18,3.14,11.26,181.7,False,True,11.86,104.18,20.0
8155,340,19,-0.11,3.51,170.6,False,True,15.11,101.3,20.0
8156,340,20,1.05,6.66,177.8,False,True,13.95,106.28,20.0
8157,340,21,-2.46,2.59,218.8,False,True,17.46,108.43,20.0
8158,340,22,0.78,4.41,110.1,False,True,14.22,97.97,20.0
8159,340,23,0.11,12.81,46.6,False,True,14.89,118.02,20.0
8160,341,0,-0.63,8.64,0.0,False,True,15.63,105.98,20.0
8161,341,1,3.75,4.62,43.8,False,True,11.25,92.68,20.0
8162,341,2,-1.53,12.21,120.3,False,True,16.53,122.61,20.0
8163,341,3,2.51,4.99,161.7,False,True,12.49,92.87,20.0
8164,341,4,5.89,7.13,188.1,False,True,9.11,90.41,20.0
8165,341,5,4.15,2.28,296.5,False,True,10.85,81.92,20.0
8166,341,6,2.45,4.63,269.4,False,True,12.55,96.34,20.0
8167,341,7,0.77,8.24,420.8,False,True,14.23,107.42,20.0
8168,341,8,0.79,8.04,394.4,False,True,14.21,110.41,20.0
8169,341,9,3.11,5.82,289.0,False,True,11.89,93.65,20.0
8170,341,10,2.87,6.77,288.6,False,True,12.13,94.28,20.0
8171,341,11,3.01,10.31,329.3,False,True,11.99,107.22,20.0
8172,341,12,3.86,6.5,570.6,False,True,11.14,90.59,20.0
8173,341,13,4.24,8.9,531.8,False,True,10.76,88.75,20.0
8174,341,14,5.22,5.32,569.9,False,True,9.78,82.94,20.0
8175,341,15,1.45,7.08,469.3,False,True,13.55,104.93,20.0
8176,341,16,2.15,2.17,492.9,False,True,12.85,86.12,20.0
8177,341,17,2.71,5.53,291.9,False,True,12.29,97.65,20.0
8178,341,18,2.13,7.5,327.5,False,True,12.87,103.71,20.0
8179,341,19,5.67,6.87,231.9,False,True,9.33,92.74,20.0
8180,341,20,1.98,5.31,275.7,False,True,13.02,94.67,20.0
8181,341,21,-2.13,4.12,229.2,False,True,17.13,113.05,20.0
8182,341,22,1.62,7.63,131.6,False,True,13.38,96.81,20.0
8183,341,23,1.68,6.76,68.1,False,True,13.32,99.62,20.0
8184,342,0,0.33,8.46,0.0,False,True,14.67,111.07,20.0
8185,342,1,-1.77,4.9,35.8,False,True,16.77,112.66,20.0
8186,342,2,4.37,9.52,107.0,False,True,10.63,94.09,20.0
8187,342,3,-0.97,3.77,192.8,False,True,15.97,104.89,20.0
8188,342,4,2.91,3.02,228.9,False,True,12.09,86.91,20.0
8189,342,5,2.47,12.86,264.5,False,True,12.53,107.66,20.0
8190,342,6,3.79,3.9,267.9,False,True,11.21,88.71,20.0
8191,342,7,6.52,7.66,253.4,False,True,8.48,84.13,20.0
8192,342,8,4.71,6.13,495.4,False,True,10.29,89.95,20.0
8193,342,9,2.88,13.02,465.9,False,True,12.12,111.38,20.0
8194,342,10,6.53,9.71,445.2,False,True,8.47,89.11,20.0
8195,342,11,3.25,3.07,268.4,False,True,11.75,81.19,20.0
8196,342,12,4.91,14.9,280.2,False,True,10.09,97.94,20.0
8197,342,13,1.93,11.38,392.3,False,True,13.07,108.62,20.0
8198,342,14,2.25,5.75,275.5,False,True,12.75,94.43,20.0
8199,342,15,4.1,3.75,271.3,False,True,10.9,90.13,20.0
8200,342,16,4.32,7.93,233.2,False,True,10.68,94.86,20.0
8201,342,17,-0.3,8.15,274.4,False,True,15.3,112.35,20.0
8202,342,18,3.58,2.4,172.5,False,True,11.42,86.22,20.0
8203,342,19,0.43,7.65,306.6,False,True,14.57,113.3,20.0
8204,342,20,4.14,10.92,227.9,False,True,10.86,96.31,20.0
8205,342,21,0.47,7.44,161.8,False,True,14.53,106.61,20.0
8206,342,22,-1.39,6.84,154.1,False,True,16.39,117.85,20.0
8207,342,23,0.8,6.43,54.0,False,True,14.2,106.04,20.0
8208,343,0,-1.18,4.59,0.0,False,True,16.18,113.47,20.0
8209,343,1,3.25,12.01,40.2,False,True,11.75,105.29,20.0
8210,343,2,0.92,5.92,86.8,False,True,14.08,105.53,20.0
8211,343,3,0.93,7.93,137.1,False,True,14.07,104.77,20.0
8212,343,4,2.83,3.35,298.3,False,True,12.17,86.56,20.0
8213,343,5,0.12,6.72,345.0,False,True,14.88,107.68,20.0
8214,343,6,0.07,9.11,283.9,False,True,14.93,103.11,20.0
8215,343,7,3.98,5.84,431.6,False,True,11.02,91.59,20.0
8216,343,8,1.45,5.93,280.6,False,True,13.55,104.24,20.0
8217,343,9,1.86,7.08,418.8,False,True,13.14,101.4,20.0
8218,343,10,6.05,8.93,288.1,False,True,8.95,84.89,20.0
8219,343,11,5.63,7.62,443.2,False,True,9.37,89.97,20.0
8220,343,12,2.14,17.58,320.0,False,True,12.86,120.0,20.0
8221,343,13,3.34,12.87,447.0,False,True,11.66,108.68,20.0
8222,343,14,2.57,5.27,380.9,False,True,12.43,103.11,20.0
8223,343,15,7.62,11.68,407.6,False,True,7.38,84.42,20.0
8224,343,16,5.46,2.37,258.1,False,True,9.54,82.62,20.0
8225,343,17,2.32,6.12,335.1,False,True,12.68,99.21,20.0
8226,343,18,3.8,2.93,250.2,False,True,11.2,86.83,20.0
8227,343,19,-0.58,9.43,177.6,False,True,15.58,118.05,20.0
8228,343,20,0.3,5.85,210.1,False,True,14.7,105.3,20.0
8229,343,21,1.44,3.62,110.9,False,True,13.56,100.01,20.0
8230,343,22,1.82,10.39,101.9,False,True,13.18,101.65,20.0
8231,343,23,0.52,3.91,46.5,False,True,14.48,98.91,20.0
8232,344,0,1.2,9.9,0.0,False,True,13.8,112.27,20.0
8233,344,1,0.93,8.05,54.1,False,True,14.07,103.89,20.0
8234,344,2,0.65,6.41,74.7,False,True,14.35,104.42,20.0
8235,344,3,0.7,11.07,130.3,False,True,14.3,111.95,20.0
8236,344,4,0.85,4.32,220.2,False,True,14.15,101.24,20.0
8237,344,5,2.65,2.6,328.9,False,True,12.35,92.75,20.0
8238,344,6,3.53,3.77,184.8,False,True,11.47,93.86,20.0
8239,344,7,3.62,17.46,216.4,False,True,11.38,113.25,20.0
8240,344,8,1.35,4.62,456.3,False,True,13.65,95.5,20.0
8241,344,9,2.12,5.68,334.8,False,True,12.88,98.26,20.0
8242,344,10,5.24,14.28,321.1,False,True,9.76,99.42,20.0
8243,344,11,7.58,5.68,319.9,False,True,7.42,80.57,20.0
8244,344,12,5.01,9.56,589.5,False,True,9.99,83.2,20.0
8245,344,13,3.82,15.09,420.2,False,True,11.18,107.61,20.0
8246,344,14,4.89,8.8,287.8,False,True,10.11,83.82,20.0
8247,344,15,1.85,6.99,356.8,False,True,13.15,103.71,20.0
8248,344,16,6.32,10.56,289.1,False,True,8.68,88.33,20.0
8249,344,17,3.6,1.9,238.6,False,True,11.4,86.74,20.0
8250,344,18,1.37,5.64,418.8,False,True,13.63,103.64,20.0
8251,344,19,1.86,12.98,243.6,False,True,13.14,114.21,20.0
8252,344,20,0.65,4.65,244.4,False,True,14.35,98.56,20.0
8253,344,21,3.92,1.37,215.6,False,True,11.08,84.18,20.0
8254,344,22,0.57,7.6,81.3,False,True,14.43,112.32,20.0
8255,344,23,1.09,9.62,37.3,False,True,13.91,109.25,20.0
8256,345,0,1.91,6.03,0.0,False,True,13.09,98.94,20.0
8257,345,1,-0.65,9.68,64.8,False,True,15.65,113.28,20.0
8258,345,2,1.42,8.08,97.7,False,True,13.58,109.45,20.0
8259,345,3,1.89,24.29,159.2,False,True,13.11,132.9,20.0
8260,345,4,-1.35,10.66,123.6,False,True,16.35,120.73,20.0
8261,345,5,2.75,8.08,147.0,False,True,12.25,97.44,20.0
8262,345,6,2.67,2.18,273.3,False,True,12.33,85.3,20.0
8263,345,7,3.54,4.86,233.3,False,True,11.46,89.17,20.0
8264,345,8,3.83,3.95,454.5,False,True,11.17,92.34,20.0
8265,345,9,4.69,14.09,538.1,False,True,10.31,102.92,20.0
8266,345,10,7.17,3.68,553.7,False,True,7.83,79.93,20.0
8267,345,11,2.33,5.98,404.1,False,True,12.67,102.69,20.0
8268,345,12,4.08,8.56,343.3,False,True,10.92,90.65,20.0
8269,345,13,6.02,5.34,410.6,False,True,8.98,82.87,20.0
8270,345,14,5.45,5.81,268.0,False,True,9.55,89.71,20.0
8271,345,15,5.09,8.08,535.7,False,True,9.91,97.6,20.0
8272,345,16,9.27,4.65,417.1,False,True,5.73,62.03,20.0
8273,345,17,4.51,7.58,272.2,False,True,10.49,85.16,20.0
8274,345,18,5.02,10.39,363.0,False,True,9.98,94.38,20.0
8275,345,19,1.63,5.04,199.8,False,True,13.37,96.72,20.0
8276,345,20,-0.23,3.87,255.3,False,True,15.23,98.88,20.0
8277,345,21,0.72,15.6,147.2,False,True,14.28,125.67,20.0
8278,345,22,2.45,15.72,142.6,False,True,12.55,111.85,20.0
8279,345,23,1.64,6.83,77.8,False,True,13.36,92.88,20.0
8280,346,0,1.61,7.47,0.0,False,True,13.39,102.86,20.0
8281,346,1,0.45,7.43,57.2,False,True,14.55,108.35,20.0
8282,346,2,0.33,5.61,84.3,False,True,14.67,106.82,20.0
8283,346,3,1.03,6.74,202.1,False,True,13.97,107.52,20.0
8284,346,4,3.26,2.2,208.6,False,True,11.74,87.24,20.0
8285,346,5,3.97,3.21,361.7,False,True,11.03,84.8,20.0
8286,346,6,0.8,5.83,395.5,False,True,14.2,100.41,20.0
8287,346,7,4.85,5.07,268.3,False,True,10.15,79.0,20.0
8288,346,8,2.51,3.49,245.1,False,True,12.49,89.93,20.0
8289,346,9,5.16,6.73,427.9,False,True,9.84,90.32,20.0
8290,346,10,4.16,9.82,342.4,False,True,10.84,98.23,20.0
8291,346,11,7.87,4.66,328.5,False,True,7.13,80.73,20.0
8292,346,12,3.97,1.73,436.2,False,True,11.03,82.67,20.0
8293,346,13,5.1,8.09,430.0,False,True,9.9,81.97,20.0
8294,346,14,5.75,5.91,418.8,False,True,9.25,86.05,20.0
8295,346,15,2.47,10.64,319.6,False,True,12.53,109.14,20.0
8296,346,16,3.66,3.06,256.3,False,True,11.34,82.12,20.0
8297,346,17,2.79,3.77,242.9,False,True,12.21,84.9,20.0
8298,346,18,1.78,5.73,353.0,False,True,13.22,99.34,20.0
8299,346,19,1.41,4.22,248.7,False,True,13.59,99.89,20.0
8300,346,20,4.03,12.27,204.5,False,True,10.97,96.1,20.0
8301,346,21,0.2,3.16,226.4,False,True,14.8,98.16,20.0
8302,346,22,2.21,5.62,147.6,False,True,12.79,93.83,20.0
8303,346,23,1.5,17.34,34.4,False,True,13.5,118.88,20.0
8304,347,0,-1.94,3.02,0.0,False,True,16.94,101.94,20.0
8305,347,1,1.96,7.08,43.0,False,True,13.04,101.19,20.0
8306,347,2,-1.71,5.97,129.4,False,True,16.71,112.09,20.0
8307,347,3,2.69,8.69,115.7,False,True,12.31,97.95,20.0
8308,347,4,0.84,8.25,146.2,False,True,14.16,97.95,20.0
8309,347,5,2.35,7.98,351.9,False,True,12.65,107.37,20.0
8310,347,6,0.26,11.01,311.8,False,True,14.74,112.98,20.0
8311,347,7,3.61,10.87,290.3,False,True,11.39,99.57,20.0
8312,347,8,5.7,5.03,485.7,False,True,9.3,77.5,20.0
8313,347,9,2.65,4.93,318.1,False,True,12.35,95.17,20.0
8314,347,10,3.37,9.6,254.0,False,True,11.63,93.27,20.0
8315,347,11,5.69,7.61,378.9,False,True,9.31,85.85,20.0
8316,347,12,5.81,23.34,494.6,False,True,9.19,105.93,20.0
8317,347,13,-0.09,7.13,474.2,False,True,15.09,113.0,20.0
8318,347,14,8.61,5.42,396.5,False,True,6.39,66.52,20.0
8319,347,15,5.32,9.36,391.4,False,True,9.68,87.15,20.0
8320,347,16,5.24,4.54,372.9,False,True,9.76,82.04,20.0
8321,347,17,3.08,32.53,297.4,False,True,11.92,149.37,20.0
8322,347,18,-0.86,16.68,190.8,False,True,15.86,129.86,20.0
8323,347,19,3.68,19.53,180.7,False,True,11.32,115.55,20.0
8324,347,20,0.72,7.87,250.4,False,True,14.28,105.11,20.0
8325,347,21,2.52,5.8,203.4,False,True,12.48,97.04,20.0
8326,347,22,0.68,13.7,99.0,False,True,14.32,122.8,20.0
8327,347,23,1.39,7.22,46.8,False,True,13.61,103.88,20.0
8328,348,0,-0.66,10.63,0.0,False,True,15.66,121.14,20.0
8329,348,1,2.68,10.6,32.3,False,True,12.32,105.13,20.0
8330,348,2,-1.22,4.61,115.2,False,True,16.22,105.93,20.0
8331,348,3,5.96,9.25,156.5,False,True,9.04,85.69,20.0
8332,348,4,6.36,10.36,199.5,False,True,8.64,79.79,20.0
8333,348,5,5.64,6.77,146.4,False,True,9.36,83.15,20.0
8334,348,6,5.44,3.19,409.7,False,True,9.56,77.27,20.0
8335,348,7,3.24,13.86,239.9,False,True,11.76,106.15,20.0
8336,348,8,6.22,17.34,243.1,False,True,8.78,98.79,20.0
8337,348,9,4.11,7.45,350.1,False,True,10.89,93.52,20.0
8338,348,10,1.51,21.08,502.6,False,True,13.49,132.66,20.0
8339,348,11,7.83,2.86,511.0,False,True,7.17,75.27,20.0
8340,348,12,7.15,7.66,424.3,False,True,7.85,70.07,20.0
8341,348,13,4.76,5.58,434.0,False,True,10.24,88.02,20.0
8342,348,14,2.17,2.86,390.1,False,True,12.83,91.5,20.0
8343,348,15,3.13,11.08,230.1,False,True,11.87,102.37,20.0
8344,348,16,0.25,9.49,294.5,False,True,14.75,108.24,20.0
8345,348,17,5.3,5.19,301.5,False,True,9.7,85.72,20.0
8346,348,18,-0.32,15.66,310.8,False,True,15.32,134.42,20.0
8347,348,19,2.94,6.93,290.5,False,True,12.06,100.08,20.0
8348,348,20,0.2,7.53,297.8,False,True,14.8,108.78,20.0
8349,348,21,-1.38,6.43,161.7,False,True,16.38,115.68,20.0
8350,348,22,1.63,11.85,124.7,False,True,13.37,115.1,20.0
8351,348,23,0.29,9.32,76.5,False,True,14.71,119.62,20.0
8352,349,0,2.6,2.19,0.0,False,True,12.4,93.46,20.0
8353,349,1,-1.55,7.2,52.6,False,True,16.55,116.4,20.0
8354,349,2,-0.33,10.55,129.3,False,True,15.33,118.7,20.0
8355,349,3,-3.27,2.86,169.7,False,True,18.27,111.96,20.0
8356,349,4,-2.45,10.49,280.8,False,True,17.45,129.19,20.0
8357,349,5,6.0,9.43,270.2,False,True,9.0,84.66,20.0
8358,349,6,7.09,4.16,404.5,False,True,7.91,78.22,20.0
8359,349,7,3.62,6.31,232.8,False,True,11.38,89.57,20.0
8360,349,8,2.27,3.45,458.4,False,True,12.73,89.28,20.0
8361,349,9,3.74,5.23,292.7,False,True,11.26,91.24,20.0
8362,349,10,6.4,6.26,248.9,False,True,8.6,78.42,20.0
8363,349,11,3.82,9.86,277.8,False,True,11.18,96.4,20.0
8364,349,12,5.39,10.85,449.1,False,True,9.61,83.48,20.0
8365,349,13,4.83,8.04,341.8,False,True,10.17,92.86,20.0
8366,349,14,3.51,6.12,281.9,False,True,11.49,92.31,20.0
8367,349,15,3.28,10.33,431.0,False,True,11.72,100.19,20.0
8368,349,16,4.51,7.54,360.0,False,True,10.49,92.21,20.0
8369,349,17,1.48,8.49,299.1,False,True,13.52,106.3,20.0
8370,349,18,3.82,11.12,306.1,False,True,11.18,96.77,20.0
8371,349,19,1.46,10.02,334.9,False,True,13.54,116.35,20.0
8372,349,20,2.17,8.46,250.4,False,True,12.83,100.63,20.0
8373,349,21,4.27,9.32,160.1,False,True,10.73,98.07,20.0
8374,349,22,0.85,20.18,138.8,False,True,14.15,140.11,20.0
8375,349,23,2.83,4.81,71.9,False,True,12.17,90.37,20.0
8376,350,0,-2.64,17.22,0.0,False,True,17.64,147.38,20.0
8377,350,1,0.07,4.67,38.4,False,True,14.93,100.12,20.0
8378,350,2,1.27,11.18,72.8,False,True,13.73,115.98,20.0
8379,350,3,5.38,6.07,179.9,False,True,9.62,83.28,20.0
8380,350,4,-1.97,9.82,288.5,False,True,16.97,120.11,20.0
8381,350,5,2.24,2.05,154.6,False,True,12.76,94.79,20.0
8382,350,6,5.86,3.3,296.3,False,True,9.14,82.29,20.0
8383,350,7,1.89,11.5,245.9,False,True,13.11,106.19,20.0
8384,350,8,3.52,2.69,373.6,False,True,11.48,90.9,20.0
8385,350,9,5.02,20.22,506.7,False,True,9.98,107.96,20.0
8386,350,10,5.05,14.01,505.5,False,True,9.95,108.12,20.0
8387,350,11,8.01,10.86,584.6,False,True,6.99,85.31,20.0
8388,350,12,5.84,5.9,414.4,False,True,9.16,80.31,20.0
8389,350,13,7.53,19.68,474.7,False,True,7.47,89.94,20.0
8390,350,14,3.96,15.08,544.3,False,True,11.04,101.96,20.0
8391,350,15,2.88,4.9,453.8,False,True,12.12,93.21,20.0
8392,350,16,3.49,8.31,508.5,False,True,11.51,96.37,20.0
8393,350,17,1.15,13.4,260.5,False,True,13.85,119.98,20.0
8394,350,18,3.91,9.04,204.1,False,True,11.09,95.86,20.0
8395,350,19,1.66,13.42,178.8,False,True,13.34,108.93,20.0
8396,350,20,0.6,5.77,273.4,False,True,14.4,100.45,20.0
8397,350,21,2.53,3.94,99.1,False,True,12.47,97.68,20.0
8398,350,22,-1.07,10.03,137.6,False,True,16.07,125.02,20.0
8399,350,23,2.56,12.67,53.1,False,True,12.44,107.84,20.0
8400,351,0,0.01,9.33,0.0,False,True,14.99,113.43,20.0
8401,351,1,3.35,4.32,66.4,False,True,11.65,89.19,20.0
8402,351,2,0.45,20.94,101.7,False,True,14.55,137.35,20.0
8403,351,3,2.82,18.45,112.0,False,True,12.18,111.28,20.0
8404,351,4,2.33,7.87,231.1,False,True,12.67,103.92,20.0
8405,351,5,3.94,13.37,355.7,False,True,11.06,100.06,20.0
8406,351,6,3.19,7.48,176.2,False,True,11.81,96.61,20.0
8407,351,7,0.16,10.11,255.2,False,True,14.84,105.35,20.0
8408,351,8,5.98,2.56,480.5,False,True,9.02,78.22,20.0
8409,351,9,4.21,9.9,244.9,False,True,10.79,100.66,20.0
8410,351,10,6.28,4.18,235.3,False,True,8.72,69.84,20.0
8411,351,11,6.28,7.93,551.3,False,True,8.72,89.08,20.0
8412,351,12,3.42,3.39,516.5,False,True,11.58,89.75,20.0
8413,351,13,3.07,10.39,328.6,False,True,11.93,98.97,20.0
8414,351,14,6.01,9.25,567.9,False,True,8.99,80.19,20.0
8415,351,15,3.78,7.88,458.7,False,True,11.22,98.61,20.0
8416,351,16,5.84,11.67,245.0,False,True,9.16,91.34,20.0
8417,351,17,3.13,9.73,321.9,False,True,11.87,102.57,20.0
8418,351,18,5.01,3.33,389.9,False,True,9.99,80.92,20.0
8419,351,19,3.3,11.5,292.4,False,True,11.7,99.58,20.0
8420,351,20,2.54,9.81,225.4,False,True,12.46,106.53,20.0
8421,351,21,0.81,4.66,149.3,False,True,14.19,96.68,20.0
8422,351,22,1.7,7.31,85.2,False,True,13.3,105.59,20.0
8423,351,23,3.42,5.65,60.2,False,True,11.58,85.49,20.0
8424,352,0,0.87,18.35,0.0,False,True,14.13,125.57,20.0
8425,352,1,2.11,3.9,69.4,False,True,12.89,88.24,20.0
8426,352,2,1.34,5.79,81.6,False,True,13.66,105.58,20.0
8427,352,3,1.82,7.04,108.5,False,True,13.18,94.4,20.0
8428,352,4,5.43,7.75,133.0,False,True,9.57,82.4,20.0
8429,352,5,4.87,5.9,324.7,False,True,10.13,88.9,20.0
8430,352,6,3.14,7.64,288.8,False,True,11.86,97.42,20.0
8431,352,7,3.93,9.34,304.3,False,True,11.07,104.31,20.0
8432,352,8,2.58,4.92,370.3,False,True,12.42,100.95,20.0
8433,352,9,4.05,5.9,417.1,False,True,10.95,92.09,20.0
8434,352,10,5.33,16.34,538.1,False,True,9.67,102.28,20.0
8435,352,11,6.62,1.06,360.7,False,True,8.38,66.17,20.0
8436,352,12,6.48,11.63,307.4,False,True,8.52,83.76,20.0
8437,352,13,2.7,11.49,548.1,False,True,12.3,104.3,20.0
8438,352,14,6.67,3.23,398.9,False,True,8.33,75.01,20.0
8439,352,15,4.22,17.67,414.5,False,True,10.78,102.81,20.0
8440,352,16,2.01,6.9,257.2,False,True,12.99,96.45,20.0
8441,352,17,6.17,12.14,436.6,False,True,8.83,86.1,20.0
8442,352,18,5.91,7.97,408.6,False,True,9.09,89.02,20.0
8443,352,19,2.99,2.52,244.2,False,True,12.01,89.6,20.0
8444,352,20,3.4,6.06,123.6,False,True,11.6,91.39,20.0
8445,352,21,3.1,11.72,95.6,False,True,11.9,102.94,20.0
8446,352,22,4.04,11.89,90.3,False,True,10.96,100.73,20.0
8447,352,23,2.51,8.14,54.4,False,True,12.49,97.55,20.0
8448,353,0,-1.66,3.82,0.0,False,True,16.66,106.85,20.0
8449,353,1,5.08,12.32,58.1,False,True,9.92,88.49,20.0
8450,353,2,3.39,4.92,86.1,False,True,11.61,93.28,20.0
8451,353,3,0.56,7.94,120.7,False,True,14.44,112.08,20.0
8452,353,4,-0.07,9.63,295.3,False,True,15.07,116.38,20.0
8453,353,5,3.49,10.11,207.6,False,True,11.51,101.11,20.0
8454,353,6,2.44,9.46,410.7,False,True,12.56,104.41,20.0
8455,353,7,4.17,4.51,353.6,False,True,10.83,94.79,20.0
8456,353,8,5.48,5.77,229.7,False,True,9.52,84.48,20.0
8457,353,9,3.28,4.44,419.6,False,True,11.72,85.25,20.0
8458,353,10,2.49,10.51,574.5,False,True,12.51,100.74,20.0
8459,353,11,5.7,9.79,537.6,False,True,9.3,91.14,20.0
8460,353,12,3.93,4.85,349.3,False,True,11.07,92.56,20.0
8461,353,13,5.22,11.3,272.0,False,True,9.78,95.82,20.0
8462,353,14,2.04,11.27,391.9,False,True,12.96,111.59,20.0
8463,353,15,3.9,13.17,254.6,False,True,11.1,103.16,20.0
8464,353,16,5.42,9.61,300.7,False,True,9.58,83.76,20.0
8465,353,17,4.72,9.93,452.6,False,True,10.28,90.49,20.0
8466,353,18,1.42,5.99,336.1,False,True,13.58,93.72,20.0
8467,353,19,0.14,6.77,317.8,False,True,14.86,106.15,20.0
8468,353,20,2.03,12.54,217.3,False,True,12.97,105.67,20.0
8469,353,21,2.7,5.33,115.0,False,True,12.3,94.56,20.0
8470,353,22,2.07,4.62,76.1,False,True,12.93,94.68,20.0
8471,353,23,0.04,9.98,67.3,False,True,14.96,107.79,20.0
8472,354,0,1.59,2.27,0.0,False,True,13.41,95.27,20.0
8473,354,1,4.07,5.16,54.8,False,True,10.93,91.34,20.0
8474,354,2,1.68,13.42,78.8,False,True,13.32,109.09,20.0
8475,354,3,-1.68,14.77,141.7,False,True,16.68,135.87,20.0
8476,354,4,2.41,11.91,143.8,False,True,12.59,110.51,20.0
8477,354,5,6.57,7.75,190.9,False,True,8.43,80.64,20.0
8478,354,6,0.42,4.64,396.0,False,True,14.58,105.07,20.0
8479,354,7,3.58,3.33,395.1,False,True,11.42,87.95,20.0
8480,354,8,3.55,6.23,473.5,False,True,11.45,96.44,20.0
8481,354,9,4.61,3.37,512.5,False,True,10.39,84.19,20.0
8482,354,10,5.12,15.95,436.8,False,True,9.88,99.6,20.0
8483,354,11,7.21,17.31,346.5,False,True,7.79,92.09,20.0
8484,354,12,5.17,6.07,417.3,False,True,9.83,88.39,20.0
8485,354,13,7.49,6.46,244.7,False,True,7.51,77.24,20.0
8486,354,14,4.5,10.94,516.0,False,True,10.5,94.07,20.0
8487,354,15,3.71,3.03,488.7,False,True,11.29,83.19,20.0
8488,354,16,2.66,6.55,366.3,False,True,12.34,95.14,20.0
8489,354,17,-0.12,7.43,298.2,False,True,15.12,108.0,20.0
8490,354,18,3.55,3.42,213.6,False,True,11.45,88.26,20.0
8491,354,19,6.59,4.46,162.7,False,True,8.41,78.15,20.0
8492,354,20,2.92,5.39,178.5,False,True,12.08,93.05,20.0
8493,354,21,2.96,12.13,221.0,False,True,12.04,105.38,20.0
8494,354,22,0.44,14.54,68.5,False,True,14.56,123.96,20.0
8495,354,23,0.58,9.34,75.9,False,True,14.42,117.32,20.0
8496,355,0,2.97,7.14,0.0,False,True,12.03,100.96,20.0
8497,355,1,5.08,13.44,52.0,False,True,9.92,94.47,20.0
8498,355,2,4.24,11.33,73.6,False,True,10.76,99.29,20.0
8499,355,3,3.2,19.92,101.7,False,True,11.8,116.7,20.0
8500,355,4,2.07,2.72,218.0,False,True,12.93,91.22,20.0
8501,355,5,2.9,7.56,277.3,False,True,12.1,96.45,20.0
8502,355,6,1.49,5.55,280.2,False,True,13.51,97.02,20.0
8503,355,7,0.62,3.01,272.5,False,True,14.38,92.21,20.0
8504,355,8,1.75,7.6,212.0,False,True,13.25,92.96,20.0
8505,355,9,4.51,18.9,310.4,False,True,10.49,109.02,20.0
8506,355,10,4.15,4.03,480.4,False,True,10.85,90.77,20.0
8507,355,11,1.99,23.6,454.2,False,True,13.01,129.14,20.0
8508,355,12,4.92,11.47,296.9,False,True,10.08,96.49,20.0
8509,355,13,4.29,13.71,521.1,False,True,10.71,99.74,20.0
8510,355,14,2.39,13.66,283.5,False,True,12.61,112.2,20.0
8511,355,15,3.67,9.37,486.3,False,True,11.33,94.01,20.0
8512,355,16,3.36,6.03,367.7,False,True,11.64,91.82,20.0
8513,355,17,2.28,3.35,395.2,False,True,12.72,91.6,20.0
8514,355,18,4.85,4.06,190.8,False,True,10.15,74.42,20.0
8515,355,19,-1.32,10.0,308.5,False,True,16.32,122.46,20.0
8516,355,20,-1.97,6.16,249.9,False,True,16.97,114.38,20.0
8517,355,21,1.59,4.34,116.0,False,True,13.41,87.0,20.0
8518,355,22,1.46,8.58,74.9,False,True,13.54,108.18,20.0
8519,355,23,1.88,9.09,66.5,False,True,13.12,104.67,20.0
8520,356,0,-0.08,10.96,0.0,False,True,15.08,118.76,20.0
8521,356,1,-0.77,4.85,61.8,False,True,15.77,108.25,20.0
8522,356,2,1.25,7.12,63.0,False,True,13.75,102.0,20.0
8523,356,3,0.7,4.93,117.1,False,True,14.3,97.1,20.0
8524,356,4,5.1,3.68,254.3,False,True,9.9,80.34,20.0
8525,356,5,1.83,12.56,189.7,False,True,13.17,110.22,20.0
8526,356,6,2.89,12.14,190.1,False,True,12.11,114.29,20.0
8527,356,7,8.46,2.78,240.4,False,True,6.54,75.69,20.0
8528,356,8,3.6,7.79,467.4,False,True,11.4,92.83,20.0
8529,356,9,5.52,13.48,337.0,False,True,9.48,92.82,20.0
8530,356,10,6.02,11.16,416.1,False,True,8.98,89.92,20.0
8531,356,11,6.39,4.56,444.1,False,True,8.61,80.53,20.0
8532,356,12,5.57,14.23,374.1,False,True,9.43,92.53,20.0
8533,356,13,5.31,13.49,271.4,False,True,9.69,91.65,20.0
8534,356,14,4.93,8.93,321.1,False,True,10.07,98.1,20.0
8535,356,15,3.26,6.58,274.2,False,True,11.74,98.14,20.0
8536,356,16,4.65,4.53,491.4,False,True,10.35,79.04,20.0
8537,356,17,7.57,7.57,401.8,False,True,7.43,70.28,20.0
8538,356,18,5.42,15.27,379.2,False,True,9.58,94.3,20.0
8539,356,19,3.08,4.62,324.1,False,True,11.92,92.15,20.0
8540,356,20,3.71,15.95,120.4,False,True,11.29,110.16,20.0
8541,356,21,-0.16,10.89,195.0,False,True,15.16,116.85,20.0
8542,356,22,0.74,7.56,107.0,False,True,14.26,100.44,20.0
8543,356,23,2.96,13.55,67.7,False,True,12.04,108.74,20.0
8544,357,0,3.96,7.45,0.0,False,True,11.04,94.89,20.0
8545,357,1,-0.49,6.85,48.1,False,True,15.49,110.37,20.0
8546,357,2,0.28,12.29,118.5,False,True,14.72,117.21,20.0
8547,357,3,5.93,1.1,133.8,False,True,9.07,77.64,20.0
8548,357,4,2.18,7.73,280.9,False,True,12.82,100.56,20.0
8549,357,5,6.11,22.46,201.8,False,True,8.89,98.93,20.0
8550,357,6,3.4,5.47,259.1,False,True,11.6,91.89,20.0
8551,357,7,3.99,6.78,444.0,False,True,11.01,86.29,20.0
8552,357,8,3.37,16.92,239.3,False,True,11.63,115.36,20.0
8553,357,9,6.28,1.64,386.0,False,True,8.72,76.75,20.0
8554,357,10,7.43,4.55,434.0,False,True,7.57,70.4,20.0
8555,357,11,2.85,5.02,444.6,False,True,12.15,93.73,20.0
8556,357,12,4.28,7.15,283.2,False,True,10.72,95.54,20.0
8557,357,13,6.75,6.54,252.0,False,True,8.25,71.04,20.0
8558,357,14,4.46,8.36,376.7,False,True,10.54,91.28,20.0
8559,357,15,3.41,2.15,372.7,False,True,11.59,92.11,20.0
8560,357,16,6.0,8.3,501.7,False,True,9.0,78.85,20.0
8561,357,17,5.71,16.85,406.2,False,True,9.29,97.44,20.0
8562,357,18,2.08,7.73,322.1,False,True,12.92,95.66,20.0
8563,357,19,2.89,6.67,192.2,False,True,12.11,95.48,20.0
8564,357,20,-0.43,7.25,282.3,False,True,15.43,101.68,20.0
8565,357,21,-0.22,6.2,118.5,False,True,15.22,101.42,20.0
8566,357,22,1.5,10.88,150.4,False,True,13.5,108.02,20.0
8567,357,23,1.11,8.99,75.8,False,True,13.89,108.6,20.0
8568,358,0,-0.97,8.67,0.0,False,True,15.97,118.23,20.0
8569,358,1,-0.4,13.55,44.6,False,True,15.4,127.12,20.0
8570,358,2,-0.89,10.94,74.9,False,True,15.89,126.28,20.0
8571,358,3,2.46,1.65,178.5,False,True,12.54,90.84,20.0
8572,358,4,-1.97,6.13,196.1,False,True,16.97,117.67,20.0
8573,358,5,0.43,3.57,231.2,False,True,14.57,95.48,20.0
8574,358,6,-0.76,4.93,311.3,False,True,15.76,106.35,20.0
8575,358,7,4.32,5.53,387.3,False,True,10.68,100.36,20.0
8576,358,8,0.36,4.84,311.4,False,True,14.64,111.22,20.0
8577,358,9,4.45,11.19,333.2,False,True,10.55,99.59,20.0
8578,358,10,7.98,10.28,444.1,False,True,7.02,81.06,20.0
8579,358,11,8.25,6.12,263.4,False,True,6.75,76.54,20.0
8580,358,12,1.36,10.08,492.0,False,True,13.64,107.57,20.0
8581,358,13,5.5,24.43,523.1,False,True,9.5,117.76,20.0
8582,358,14,2.72,8.06,537.7,False,True,12.28,97.55,20.0
8583,358,15,2.0,7.02,472.5,False,True,13.0,99.85,20.0
8584,358,16,3.74,17.73,365.8,False,True,11.26,119.39,20.0
8585,358,17,5.94,11.77,440.0,False,True,9.06,81.71,20.0
8586,358,18,4.17,7.45,294.7,False,True,10.83,93.06,20.0
8587,358,19,1.02,8.54,318.6,False,True,13.98,100.77,20.0
8588,358,20,3.38,8.24,131.5,False,True,11.62,93.86,20.0
8589,358,21,-2.93,5.64,189.5,False,True,17.93,117.07,20.0
8590,358,22,-0.27,5.47,70.0,False,True,15.27,104.89,20.0
8591,358,23,-0.61,6.77,32.6,False,True,15.61,111.37,20.0
8592,359,0,1.1,11.09,0.0,False,True,13.9,109.47,20.0
8593,359,1,0.61,7.14,36.9,False,True,14.39,105.93,20.0
8594,359,2,0.93,2.45,92.4,False,True,14.07,90.41,20.0
8595,359,3,1.18,8.97,198.5,False,True,13.82,106.18,20.0
8596,359,4,1.99,5.78,219.1,False,True,13.01,92.34,20.0
8597,359,5,3.51,4.81,306.8,False,True,11.49,92.52,20.0
8598,359,6,3.24,10.57,369.2,False,True,11.76,96.06,20.0
8599,359,7,2.89,10.53,327.6,False,True,12.11,105.49,20.0
8600,359,8,4.75,8.09,515.1,False,True,10.25,88.49,20.0
8601,359,9,6.01,6.52,288.9,False,True,8.99,81.25,20.0
8602,359,10,3.57,5.9,261.3,False,True,11.43,96.22,20.0
8603,359,11,4.76,3.6,351.6,False,True,10.24,83.6,20.0
8604,359,12,7.27,1.66,514.5,False,True,7.73,64.07,20.0
8605,359,13,2.67,6.13,272.3,False,True,12.33,97.64,20.0
8606,359,14,8.29,6.2,394.1,False,True,6.71,61.15,20.0
8607,359,15,1.68,15.03,411.8,False,True,13.32,118.59,20.0
8608,359,16,3.26,4.63,459.7,False,True,11.74,89.02,20.0
8609,359,17,1.56,13.52,432.0,False,True,13.44,109.62,20.0
8610,359,18,7.32,5.67,230.5,False,True,7.68,76.3,20.0
8611,359,19,1.42,8.04,206.2,False,True,13.58,103.5,20.0
8612,359,20,0.94,8.89,243.1,False,True,14.06,116.54,20.0
8613,359,21,0.79,9.51,210.3,False,True,14.21,108.89,20.0
8614,359,22,1.41,5.29,77.8,False,True,13.59,106.83,20.0
8615,359,23,0.36,21.43,65.3,False,True,14.64,144.26,20.0
8616,360,0,0.65,7.64,0.0,False,True,14.35,104.83,20.0
8617,360,1,-6.07,5.3,39.8,False,True,21.07,125.83,20.0
8618,360,2,1.3,12.88,93.6,False,True,13.7,120.41,20.0
8619,360,3,1.54,20.54,201.3,False,True,13.46,128.88,20.0
8620,360,4,4.0,8.76,253.7,False,True,11.0,95.17,20.0
8621,360,5,5.02,8.72,251.0,False,True,9.98,88.86,20.0
8622,360,6,2.54,12.43,351.5,False,True,12.46,103.19,20.0
8623,360,7,5.07,11.12,306.3,False,True,9.93,91.74,20.0
8624,360,8,1.72,7.47,273.5,False,True,13.28,98.45,20.0
8625,360,9,5.87,16.3,502.1,False,True,9.13,90.35,20.0
8626,360,10,3.51,5.44,250.5,False,True,11.49,89.86,20.0
8627,360,11,2.48,10.62,559.5,False,True,12.52,111.96,20.0
8628,360,12,4.55,6.4,524.0,False,True,10.45,94.76,20.0
8629,360,13,7.65,9.28,496.2,False,True,7.35,78.39,20.0
8630,360,14,5.01,6.07,429.7,False,True,9.99,86.48,20.0
8631,360,15,7.33,16.04,491.1,False,True,7.67,89.91,20.0
8632,360,16,2.42,12.73,216.6,False,True,12.58,114.56,20.0
8633,360,17,5.53,9.04,359.2,False,True,9.47,89.29,20.0
8634,360,18,1.62,11.21,236.2,False,True,13.38,108.3,20.0
8635,360,19,2.85,4.64,286.2,False,True,12.15,90.66,20.0
8636,360,20,2.35,3.25,241.5,False,True,12.65,96.03,20.0
8637,360,21,2.83,5.33,121.4,False,True,12.17,103.9,20.0
8638,360,22,1.69,15.81,76.5,False,True,13.31,116.55,20.0
8639,360,23,-0.49,6.06,58.9,False,True,15.49,100.38,20.0
8640,361,0,2.65,11.57,0.0,False,True,12.35,109.06,20.0
8641,361,1,4.42,6.7,62.5,False,True,10.58,89.07,20.0
8642,361,2,-0.01,6.92,107.2,False,True,15.01,109.05,20.0
8643,361,3,-2.2,6.1,220.7,False,True,17.2,120.58,20.0
8644,361,4,2.89,5.89,267.4,False,True,12.11,94.6,20.0
8645,361,5,1.71,11.16,306.7,False,True,13.29,104.38,20.0
8646,361,6,2.63,5.94,281.0,False,True,12.37,87.68,20.0
8647,361,7,4.52,5.85,330.8,False,True,10.48,87.43,20.0
8648,361,8,2.97,7.52,290.3,False,True,12.03,92.34,20.0
8649,361,9,3.76,6.44,493.4,False,True,11.24,92.86,20.0
8650,361,10,4.42,4.85,330.8,False,True,10.58,81.36,20.0
8651,361,11,7.76,10.55,489.1,False,True,7.24,78.11,20.0
8652,361,12,4.95,8.4,555.0,False,True,10.05,83.85,20.0
8653,361,13,2.35,5.74,435.0,False,True,12.65,94.81,20.0
8654,361,14,2.23,4.86,286.2,False,True,12.77,93.28,20.0
8655,361,15,4.58,12.55,230.0,False,True,10.42,100.21,20.0
8656,361,16,1.63,3.82,417.7,False,True,13.37,100.68,20.0
8657,361,17,0.28,1.73,254.6,False,True,14.72,95.08,20.0
8658,361,18,4.16,9.87,179.7,False,True,10.84,92.19,20.0
8659,361,19,3.74,2.4,221.3,False,True,11.26,92.77,20.0
8660,361,20,1.15,7.9,224.8,False,True,13.85,107.07,20.0
8661,361,21,2.06,8.01,167.8,False,True,12.94,104.28,20.0
8662,361,22,1.53,3.44,77.7,False,True,13.47,97.37,20.0
8663,361,23,2.16,3.6,59.7,False,True,12.84,98.71,20.0
8664,362,0,2.06,8.15,0.0,False,True,12.94,106.14,20.0
8665,362,1,-4.29,3.54,53.8,False,True,19.29,119.56,20.0
8666,362,2,0.64,13.86,143.6,False,True,14.36,123.76,20.0
8667,362,3,2.47,5.78,102.7,False,True,12.53,92.43,20.0
8668,362,4,1.03,15.05,215.0,False,True,13.97,118.71,20.0
8669,362,5,2.4,13.44,184.2,False,True,12.6,110.19,20.0
8670,362,6,4.35,7.06,216.2,False,True,10.65,90.62,20.0
8671,362,7,3.53,8.29,364.8,False,True,11.47,95.94,20.0
8672,362,8,6.87,12.18,416.6,False,True,8.13,87.0,20.0
8673,362,9,6.52,4.18,423.4,False,True,8.48,77.45,20.0
8674,362,10,4.35,6.05,553.0,False,True,10.65,86.93,20.0
8675,362,11,4.39,14.86,521.6,False,True,10.61,96.02,20.0
8676,362,12,-0.85,11.48,311.5,False,True,15.85,126.25,20.0
8677,362,13,4.13,6.62,464.9,False,True,10.87,92.82,20.0
8678,362,14,1.88,8.33,447.5,False,True,13.12,99.77,20.0
8679,362,15,4.71,5.25,436.8,False,True,10.29,87.91,20.0
8680,362,16,4.16,6.32,341.6,False,True,10.84,91.44,20.0
8681,362,17,4.76,9.79,461.1,False,True,10.24,92.99,20.0
8682,362,18,5.64,6.34,287.8,False,True,9.36,76.41,20.0
8683,362,19,2.28,10.57,319.1,False,True,12.72,100.96,20.0
8684,362,20,6.41,3.54,206.6,False,True,8.59,74.55,20.0
8685,362,21,1.9,9.74,200.3,False,True,13.1,112.4,20.0
8686,362,22,-1.5,4.44,99.0,False,True,16.5,105.26,20.0
8687,362,23,-0.21,6.96,31.4,False,True,15.21,108.06,20.0
8688,363,0,0.06,5.08,0.0,False,True,14.94,99.66,20.0
8689,363,1,2.06,24.75,57.1,False,True,12.94,132.38,20.0
8690,363,2,-0.82,3.75,72.9,False,True,15.82,105.79,20.0
8691,363,3,0.8,10.63,183.5,False,True,14.2,104.7,20.0
8692,363,4,1.49,7.48,273.7,False,True,13.51,91.96,20.0
8693,363,5,1.39,6.66,336.4,False,True,13.61,104.69,20.0
8694,363,6,4.43,5.45,265.6,False,True,10.57,87.5,20.0
8695,363,7,4.61,5.99,307.5,False,True,10.39,85.06,20.0
8696,363,8,6.14,13.29,475.5,False,True,8.86,94.78,20.0
8697,363,9,3.56,5.39,553.8,False,True,11.44,94.63,20.0
8698,363,10,6.94,13.34,250.1,False,True,8.06,78.45,20.0
8699,363,11,2.01,15.45,260.0,False,True,12.99,115.9,20.0
8700,363,12,2.03,6.58,259.5,False,True,12.97,103.63,20.0
8701,363,13,2.31,3.24,403.0,False,True,12.69,89.0,20.0
8702,363,14,4.56,11.74,504.6,False,True,10.44,95.44,20.0
8703,363,15,6.63,11.68,252.9,False,True,8.37,90.15,20.0
8704,363,16,2.6,13.44,422.6,False,True,12.4,108.5,20.0
8705,363,17,2.37,7.21,239.3,False,True,12.63,94.19,20.0
8706,363,18,2.38,8.74,178.1,False,True,12.62,99.08,20.0
8707,363,19,3.44,5.96,276.6,False,True,11.56,86.93,20.0
8708,363,20,0.85,5.82,226.9,False,True,14.15,104.74,20.0
8709,363,21,0.33,8.52,130.9,False,True,14.67,103.7,20.0
8710,363,22,-1.62,12.23,92.1,False,True,16.62,132.57,20.0
8711,363,23,-0.27,10.93,48.0,False,True,15.27,112.22,20.0
8712,364,0,3.11,7.64,0.0,False,True,11.89,96.75,20.0
8713,364,1,1.01,12.73,72.0,False,True,13.99,110.52,20.0
8714,364,2,-0.45,3.8,111.3,False,True,15.45,101.88,20.0
8715,364,3,3.82,21.56,224.6,False,True,11.18,120.91,20.0
8716,364,4,0.59,4.02,224.7,False,True,14.41,104.18,20.0
8717,364,5,5.08,7.33,168.4,False,True,9.92,92.76,20.0
8718,364,6,5.57,8.46,293.7,False,True,9.43,86.68,20.0
8719,364,7,3.39,8.62,445.9,False,True,11.61,97.49,20.0
8720,364,8,0.76,12.12,414.4,False,True,14.24,117.28,20.0
8721,364,9,8.75,4.79,538.6,False,True,6.25,71.85,20.0
8722,364,10,5.27,8.9,416.4,False,True,9.73,87.42,20.0
8723,364,11,4.04,10.5,563.4,False,True,10.96,101.63,20.0
8724,364,12,6.67,12.97,516.0,False,True,8.33,89.06,20.0
8725,364,13,6.1,6.54,531.6,False,True,8.9,86.68,20.0
8726,364,14,7.11,8.07,576.6,False,True,7.89,81.6,20.0
8727,364,15,2.85,7.53,322.3,False,True,12.15,100.21,20.0
8728,364,16,4.4,10.25,403.7,False,True,10.6,92.19,20.0
8729,364,17,0.91,10.29,263.6,False,True,14.09,110.07,20.0
8730,364,18,4.09,6.41,387.1,False,True,10.91,85.13,20.0
8731,364,19,2.2,7.46,274.5,False,True,12.8,99.0,20.0
8732,364,20,2.32,7.74,151.7,False,True,12.68,99.49,20.0
8733,364,21,1.05,4.38,149.9,False,True,13.95,102.04,20.0
8734,364,22,0.53,9.14,79.1,False,True,14.47,106.0,20.0
8735,364,23,-0.91,8.97,52.8,False,True,15.91,130.15,20.0
8736,365,0,2.29,4.41,0.0,False,True,12.71,93.49,20.0
8737,365,1,3.75,9.44,76.7,False,True,11.25,101.86,20.0
8738,365,2,-0.14,23.07,117.7,False,True,15.14,149.89,20.0
8739,365,3,2.4,5.08,228.3,False,True,12.6,84.74,20.0
8740,365,4,2.57,4.39,151.3,False,True,12.43,91.81,20.0
8741,365,5,2.21,10.43,230.3,False,True,12.79,111.73,20.0
8742,365,6,-0.35,6.39,406.8,False,True,15.35,99.03,20.0
8743,365,7,0.62,12.14,388.0,False,True,14.38,120.17,20.0
8744,365,8,2.14,7.28,229.7,False,True,12.86,96.43,20.0
8745,365,9,-0.16,5.61,515.5,False,True,15.16,104.3,20.0
8746,365,10,7.25,7.22,297.5,False,True,7.75,78.98,20.0
8747,365,11,5.37,10.28,331.4,False,True,9.63,83.09,20.0
8748,365,12,4.65,10.11,503.4,False,True,10.35,94.49,20.0
8749,365,13,0.26,3.58,491.6,False,True,14.74,97.39,20.0
8750,365,14,0.79,10.27,461.5,False,True,14.21,109.26,20.0
8751,365,15,4.12,7.85,223.5,False,True,10.88,95.32,20.0
8752,365,16,7.65,8.17,285.6,False,True,7.35,91.45,20.0
8753,365,17,1.83,9.15,288.9,False,True,13.17,106.48,20.0
8754,365,18,4.43,4.34,271.6,False,True,10.57,87.81,20.0
8755,365,19,1.23,3.5,162.3,False,True,13.77,95.98,20.0
8756,365,20,1.82,3.64,241.6,False,True,13.18,91.37,20.0
8757,365,21,3.72,11.77,214.6,False,True,11.28,101.93,20.0
8758,365,22,0.28,11.73,154.3,False,True,14.72,123.97,20.0
8759,365,23,-0.61,1.95,68.8,False,True,15.61,100.16,20.0
